scheme,subtype,resolution,forecast_date,target_date,horizon,location,variant,median,truth,abs_error,wis,partition_size,cov_50,width_50,lo_50,hi_50,cov_80,width_80,lo_80,hi_80,cov_95,width_95,lo_95,hi_95
emerging_haplotype,h3n2,region,2025-12-23,2025-12-30,7,China,J.2,0.001,0.0,0.001,0.0003071428571428571,13,1,0.001,0.0,0.001,1,0.002,0.0,0.002,1,0.005,0.0,0.005
emerging_haplotype,h3n2,region,2025-12-23,2025-12-30,7,China,J.2.2,0.015,0.04,0.025,0.016642857142857143,13,0,0.009000000000000001,0.011,0.02,0,0.018,0.008,0.026,0,0.028,0.005,0.033
emerging_haplotype,h3n2,region,2025-12-23,2025-12-30,7,China,J.2.3,0.0,0.0,0.0,7.142857142857149e-06,13,1,0.0,0.0,0.0,1,0.0,0.0,0.0,1,0.001,0.0,0.001
emerging_haplotype,h3n2,region,2025-12-23,2025-12-30,7,China,J.2.4:160K,0.001,0.0,0.001,0.0003928571428571429,13,1,0.001,0.0,0.001,1,0.004,0.0,0.004,1,0.009,0.0,0.009
emerging_haplotype,h3n2,region,2025-12-23,2025-12-30,7,China,J.2.4:62R-158D-160K-328A,0.0,0.0,0.0,7.142857142857149e-06,13,1,0.0,0.0,0.0,1,0.0,0.0,0.0,1,0.001,0.0,0.001
emerging_haplotype,h3n2,region,2025-12-23,2025-12-30,7,China,J.2.4:79V-144N-158D-160K-328A,0.0,0.0,0.0,5.714285714285716e-05,13,1,0.0,0.0,0.0,1,0.001,0.0,0.001,1,0.004,0.0,0.004
emerging_haplotype,h3n2,region,2025-12-23,2025-12-30,7,China,K,0.961,0.88,0.08099999999999996,0.05269285714285714,13,0,0.029000000000000026,0.944,0.973,0,0.05499999999999994,0.924,0.979,0,0.08699999999999997,0.901,0.988
emerging_haplotype,h3n2,region,2025-12-23,2025-12-30,7,China,K:145N,0.0,0.0,0.0,0.0001642857142857143,13,1,0.001,0.0,0.001,1,0.002,0.0,0.002,1,0.005,0.0,0.005
emerging_haplotype,h3n2,region,2025-12-23,2025-12-30,7,China,K:272T,0.016,0.04,0.024,0.00972857142857143,13,0,0.019000000000000003,0.009,0.028,1,0.036000000000000004,0.005,0.041,1,0.06799999999999999,0.003,0.071
emerging_haplotype,h3n2,region,2025-12-23,2025-12-30,7,China,K:80K,0.0,0.0,0.0,0.00017142857142857148,13,1,0.001,0.0,0.001,1,0.002,0.0,0.002,1,0.006,0.0,0.006
emerging_haplotype,h3n2,region,2025-12-23,2025-12-30,7,China,K:88I,0.0,0.0,0.0,6.428571428571431e-05,13,1,0.0,0.0,0.0,1,0.001,0.0,0.001,1,0.005,0.0,0.005
emerging_haplotype,h3n2,region,2025-12-23,2025-12-30,7,China,J.2.4,0.001,0.04,0.039,0.03829285714285714,13,0,0.001,0.0,0.001,0,0.002,0.0,0.002,0,0.003,0.0,0.003
emerging_haplotype,h3n2,region,2025-12-23,2025-12-30,7,Europe,J.2,0.005,0.009,0.003999999999999999,0.0021571428571428566,13,0,0.003,0.003,0.006,0,0.006,0.002,0.008,1,0.008,0.002,0.01
emerging_haplotype,h3n2,region,2025-12-23,2025-12-30,7,Europe,J.2.2,0.002,0.012,0.01,0.007914285714285716,13,0,0.001,0.002,0.003,0,0.003,0.001,0.004,0,0.006,0.001,0.007
emerging_haplotype,h3n2,region,2025-12-23,2025-12-30,7,Europe,J.2.3,0.007,0.023,0.016,0.009764285714285713,13,0,0.006,0.004,0.01,0,0.012,0.003,0.015,0,0.019000000000000003,0.002,0.021
emerging_haplotype,h3n2,region,2025-12-23,2025-12-30,7,Europe,J.2.4:160K,0.0,0.0,0.0,0.00012142857142857146,13,1,0.001,0.0,0.001,1,0.001,0.0,0.001,1,0.003,0.0,0.003
emerging_haplotype,h3n2,region,2025-12-23,2025-12-30,7,Europe,J.2.4:62R-158D-160K-328A,0.0,0.0,0.0,0.0001642857142857143,13,1,0.001,0.0,0.001,1,0.002,0.0,0.002,1,0.005,0.0,0.005
emerging_haplotype,h3n2,region,2025-12-23,2025-12-30,7,Europe,J.2.4:79V-144N-158D-160K-328A,0.036,0.023,0.012999999999999998,0.006014285714285715,13,0,0.023,0.025,0.048,1,0.05,0.02,0.07,1,0.072,0.014,0.086
emerging_haplotype,h3n2,region,2025-12-23,2025-12-30,7,Europe,K,0.848,0.854,0.006000000000000005,0.00935714285714286,13,1,0.062000000000000055,0.814,0.876,1,0.10399999999999998,0.787,0.891,1,0.15400000000000003,0.755,0.909
emerging_haplotype,h3n2,region,2025-12-23,2025-12-30,7,Europe,K:145N,0.013,0.006,0.006999999999999999,0.0034571428571428574,13,0,0.012,0.008,0.02,1,0.026,0.005,0.031,1,0.04,0.002,0.042
emerging_haplotype,h3n2,region,2025-12-23,2025-12-30,7,Europe,K:272T,0.017,0.023,0.005999999999999998,0.0026071428571428565,13,1,0.011,0.012,0.023,1,0.024,0.009,0.033,1,0.039,0.006,0.045
emerging_haplotype,h3n2,region,2025-12-23,2025-12-30,7,Europe,K:80K,0.005,0.0,0.005,0.002664285714285714,13,0,0.006999999999999999,0.002,0.009,0,0.013999999999999999,0.001,0.015,1,0.027,0.0,0.027
emerging_haplotype,h3n2,region,2025-12-23,2025-12-30,7,Europe,K:88I,0.039,0.05,0.011000000000000003,0.007692857142857142,13,1,0.04,0.025,0.065,1,0.086,0.016,0.102,1,0.113,0.009,0.122
emerging_haplotype,h3n2,region,2025-12-23,2025-12-30,7,Europe,J.2.4,0.009,0.0,0.009,0.006507142857142857,13,0,0.003999999999999999,0.007,0.011,0,0.009000000000000001,0.005,0.014,0,0.015,0.004,0.019
emerging_haplotype,h3n2,region,2025-12-23,2025-12-30,7,Japan Korea,J.2,0.0,0.0,0.0,3.571428571428572e-05,13,1,0.0,0.0,0.0,1,0.001,0.0,0.001,1,0.001,0.0,0.001
emerging_haplotype,h3n2,region,2025-12-23,2025-12-30,7,Japan Korea,J.2.2,0.001,0.0,0.001,0.00046428571428571433,13,1,0.002,0.0,0.002,1,0.004,0.0,0.004,1,0.009,0.0,0.009
emerging_haplotype,h3n2,region,2025-12-23,2025-12-30,7,Japan Korea,J.2.3,0.0,0.0,0.0,1.4285714285714297e-05,13,1,0.0,0.0,0.0,1,0.0,0.0,0.0,1,0.002,0.0,0.002
emerging_haplotype,h3n2,region,2025-12-23,2025-12-30,7,Japan Korea,J.2.4:160K,0.0,0.0,0.0,4.285714285714286e-05,13,1,0.0,0.0,0.0,1,0.001,0.0,0.001,1,0.002,0.0,0.002
emerging_haplotype,h3n2,region,2025-12-23,2025-12-30,7,Japan Korea,J.2.4:62R-158D-160K-328A,0.001,0.0,0.001,0.0007785714285714287,13,1,0.003,0.0,0.003,1,0.008,0.0,0.008,1,0.027,0.0,0.027
emerging_haplotype,h3n2,region,2025-12-23,2025-12-30,7,Japan Korea,J.2.4:79V-144N-158D-160K-328A,0.0,0.0,0.0,5.0000000000000016e-05,13,1,0.0,0.0,0.0,1,0.001,0.0,0.001,1,0.003,0.0,0.003
emerging_haplotype,h3n2,region,2025-12-23,2025-12-30,7,Japan Korea,K,0.961,1.0,0.039000000000000035,0.026164285714285734,13,0,0.03300000000000003,0.94,0.973,0,0.06999999999999995,0.913,0.983,0,0.11299999999999999,0.877,0.99
emerging_haplotype,h3n2,region,2025-12-23,2025-12-30,7,Japan Korea,K:145N,0.0,0.0,0.0,0.00020000000000000006,13,1,0.001,0.0,0.001,1,0.002,0.0,0.002,1,0.01,0.0,0.01
emerging_haplotype,h3n2,region,2025-12-23,2025-12-30,7,Japan Korea,K:272T,0.021,0.0,0.021,0.013214285714285715,13,0,0.024,0.013,0.037,0,0.049,0.007,0.056,0,0.074,0.003,0.077
emerging_haplotype,h3n2,region,2025-12-23,2025-12-30,7,Japan Korea,K:80K,0.003,0.0,0.003,0.0023428571428571435,13,0,0.008,0.001,0.009,1,0.023,0.0,0.023,1,0.056,0.0,0.056
emerging_haplotype,h3n2,region,2025-12-23,2025-12-30,7,Japan Korea,K:88I,0.0,0.0,0.0,0.0001785714285714286,13,1,0.001,0.0,0.001,1,0.002,0.0,0.002,1,0.007,0.0,0.007
emerging_haplotype,h3n2,region,2025-12-23,2025-12-30,7,Japan Korea,J.2.4,0.001,0.0,0.001,0.0009214285714285714,13,0,0.001,0.001,0.002,0,0.003,0.001,0.004,1,0.007,0.0,0.007
emerging_haplotype,h3n2,region,2025-12-23,2025-12-30,7,North America,J.2,0.003,0.008,0.005,0.003021428571428571,13,0,0.002,0.002,0.004,0,0.004,0.001,0.005,1,0.007,0.001,0.008
emerging_haplotype,h3n2,region,2025-12-23,2025-12-30,7,North America,J.2.2,0.001,0.013,0.012,0.009628571428571429,13,0,0.001,0.001,0.002,0,0.003,0.001,0.004,0,0.006,0.0,0.006
emerging_haplotype,h3n2,region,2025-12-23,2025-12-30,7,North America,J.2.3,0.018,0.004,0.013999999999999999,0.009414285714285717,13,0,0.011000000000000001,0.014,0.025,0,0.022,0.01,0.032,0,0.04,0.008,0.048
emerging_haplotype,h3n2,region,2025-12-23,2025-12-30,7,North America,J.2.4:160K,0.0,0.0,0.0,4.285714285714286e-05,13,1,0.0,0.0,0.0,1,0.001,0.0,0.001,1,0.002,0.0,0.002
emerging_haplotype,h3n2,region,2025-12-23,2025-12-30,7,North America,J.2.4:62R-158D-160K-328A,0.0,0.0,0.0,7.142857142857149e-06,13,1,0.0,0.0,0.0,1,0.0,0.0,0.0,1,0.001,0.0,0.001
emerging_haplotype,h3n2,region,2025-12-23,2025-12-30,7,North America,J.2.4:79V-144N-158D-160K-328A,0.016,0.029,0.013000000000000001,0.005435714285714287,13,0,0.012,0.011,0.023,1,0.025,0.007,0.032,1,0.040999999999999995,0.004,0.045
emerging_haplotype,h3n2,region,2025-12-23,2025-12-30,7,North America,K,0.898,0.937,0.039000000000000035,0.01935714285714287,13,0,0.03400000000000003,0.881,0.915,0,0.061000000000000054,0.867,0.928,1,0.10599999999999998,0.833,0.939
emerging_haplotype,h3n2,region,2025-12-23,2025-12-30,7,North America,K:145N,0.002,0.0,0.002,0.0012785714285714288,13,0,0.004,0.001,0.005,1,0.009,0.0,0.009,1,0.023,0.0,0.023
emerging_haplotype,h3n2,region,2025-12-23,2025-12-30,7,North America,K:272T,0.026,0.0,0.026,0.017407142857142857,13,0,0.018000000000000002,0.017,0.035,0,0.038000000000000006,0.012,0.05,0,0.065,0.009,0.074
emerging_haplotype,h3n2,region,2025-12-23,2025-12-30,7,North America,K:80K,0.002,0.0,0.002,0.0011214285714285714,13,0,0.003,0.001,0.004,1,0.008,0.0,0.008,1,0.015,0.0,0.015
emerging_haplotype,h3n2,region,2025-12-23,2025-12-30,7,North America,K:88I,0.011,0.008,0.002999999999999999,0.002242857142857143,13,1,0.011,0.007,0.018,1,0.025,0.004,0.029,1,0.044,0.003,0.047
emerging_haplotype,h3n2,region,2025-12-23,2025-12-30,7,North America,J.2.4,0.007,0.0,0.007,0.004999999999999999,13,0,0.003999999999999999,0.005,0.009,0,0.006999999999999999,0.004,0.011,0,0.012,0.003,0.015
emerging_haplotype,h3n2,region,2025-12-23,2025-12-30,7,Oceania,J.2,0.0,0.0,0.0,0.0001142857142857143,13,1,0.001,0.0,0.001,1,0.001,0.0,0.001,1,0.002,0.0,0.002
emerging_haplotype,h3n2,region,2025-12-23,2025-12-30,7,Oceania,J.2.2,0.002,0.0,0.002,0.001292857142857143,13,0,0.001,0.001,0.002,0,0.002,0.001,0.003,0,0.003,0.001,0.004
emerging_haplotype,h3n2,region,2025-12-23,2025-12-30,7,Oceania,J.2.3,0.0,0.0,0.0,5.0000000000000016e-05,13,1,0.0,0.0,0.0,1,0.001,0.0,0.001,1,0.003,0.0,0.003
emerging_haplotype,h3n2,region,2025-12-23,2025-12-30,7,Oceania,J.2.4:160K,0.0,0.0,0.0,0.00015000000000000001,13,1,0.001,0.0,0.001,1,0.002,0.0,0.002,1,0.003,0.0,0.003
emerging_haplotype,h3n2,region,2025-12-23,2025-12-30,7,Oceania,J.2.4:62R-158D-160K-328A,0.01,0.017,0.007000000000000001,0.0027428571428571432,13,0,0.008,0.007,0.015,1,0.015,0.005,0.02,1,0.024,0.004,0.028
emerging_haplotype,h3n2,region,2025-12-23,2025-12-30,7,Oceania,J.2.4:79V-144N-158D-160K-328A,0.002,0.0,0.002,0.0008785714285714285,13,0,0.002,0.001,0.003,1,0.004,0.0,0.004,1,0.007,0.0,0.007
emerging_haplotype,h3n2,region,2025-12-23,2025-12-30,7,Oceania,K,0.769,0.729,0.040000000000000036,0.021721428571428576,13,1,0.11499999999999999,0.699,0.814,1,0.19599999999999995,0.654,0.85,1,0.30700000000000005,0.579,0.886
emerging_haplotype,h3n2,region,2025-12-23,2025-12-30,7,Oceania,K:145N,0.002,0.008,0.006,0.002985714285714286,13,0,0.002,0.001,0.003,0,0.007,0.0,0.007,1,0.01,0.0,0.01
emerging_haplotype,h3n2,region,2025-12-23,2025-12-30,7,Oceania,K:272T,0.003,0.017,0.014000000000000002,0.007342857142857144,13,0,0.005,0.002,0.007,0,0.009999999999999998,0.001,0.011,1,0.018,0.001,0.019
emerging_haplotype,h3n2,region,2025-12-23,2025-12-30,7,Oceania,K:80K,0.176,0.229,0.05300000000000002,0.023878571428571433,13,1,0.11399999999999999,0.135,0.249,1,0.208,0.099,0.307,1,0.311,0.067,0.378
emerging_haplotype,h3n2,region,2025-12-23,2025-12-30,7,Oceania,K:88I,0.018,0.0,0.018,0.012392857142857141,13,0,0.013000000000000001,0.012,0.025,0,0.022,0.01,0.032,0,0.037,0.006,0.043
emerging_haplotype,h3n2,region,2025-12-23,2025-12-30,7,Oceania,J.2.4,0.004,0.0,0.004,0.0028785714285714283,13,0,0.002,0.003,0.005,0,0.004,0.002,0.006,0,0.006999999999999999,0.002,0.009
emerging_haplotype,h3n2,region,2025-12-23,2025-12-30,7,South America,J.2,0.002,0.0,0.002,0.001407142857142857,13,0,0.002,0.001,0.003,0,0.003,0.001,0.004,0,0.005,0.001,0.006
emerging_haplotype,h3n2,region,2025-12-23,2025-12-30,7,South America,J.2.2,0.003,0.0,0.003,0.0014642857142857144,13,0,0.003,0.001,0.004,0,0.006,0.001,0.007,1,0.011,0.0,0.011
emerging_haplotype,h3n2,region,2025-12-23,2025-12-30,7,South America,J.2.3,0.894,0.545,0.349,0.2563428571428571,13,0,0.10400000000000009,0.831,0.935,0,0.19999999999999996,0.765,0.965,0,0.268,0.709,0.977
emerging_haplotype,h3n2,region,2025-12-23,2025-12-30,7,South America,J.2.4:160K,0.0,0.0,0.0,9.285714285714289e-05,13,1,0.0,0.0,0.0,1,0.002,0.0,0.002,1,0.005,0.0,0.005
emerging_haplotype,h3n2,region,2025-12-23,2025-12-30,7,South America,J.2.4:62R-158D-160K-328A,0.0,0.0,0.0,1.4285714285714297e-05,13,1,0.0,0.0,0.0,1,0.0,0.0,0.0,1,0.002,0.0,0.002
emerging_haplotype,h3n2,region,2025-12-23,2025-12-30,7,South America,J.2.4:79V-144N-158D-160K-328A,0.003,0.0,0.003,0.0027642857142857143,13,0,0.009999999999999998,0.001,0.011,1,0.027,0.0,0.027,1,0.079,0.0,0.079
emerging_haplotype,h3n2,region,2025-12-23,2025-12-30,7,South America,K,0.081,0.455,0.374,0.28756428571428577,13,0,0.087,0.04,0.127,0,0.184,0.02,0.204,0,0.253,0.008,0.261
emerging_haplotype,h3n2,region,2025-12-23,2025-12-30,7,South America,K:145N,0.0,0.0,0.0,0.00030714285714285723,13,1,0.001,0.0,0.001,1,0.005,0.0,0.005,1,0.013,0.0,0.013
emerging_haplotype,h3n2,region,2025-12-23,2025-12-30,7,South America,K:272T,0.0,0.0,0.0,0.00015000000000000001,13,1,0.0,0.0,0.0,1,0.003,0.0,0.003,1,0.009,0.0,0.009
emerging_haplotype,h3n2,region,2025-12-23,2025-12-30,7,South America,K:80K,0.0,0.0,0.0,0.0006357142857142858,13,1,0.002,0.0,0.002,1,0.01,0.0,0.01,1,0.029,0.0,0.029
emerging_haplotype,h3n2,region,2025-12-23,2025-12-30,7,South America,K:88I,0.0,0.0,0.0,0.00021428571428571436,13,1,0.001,0.0,0.001,1,0.002,0.0,0.002,1,0.012,0.0,0.012
emerging_haplotype,h3n2,region,2025-12-23,2025-12-30,7,South America,J.2.4,0.0,0.0,0.0,0.0001142857142857143,13,1,0.001,0.0,0.001,1,0.001,0.0,0.001,1,0.002,0.0,0.002
emerging_haplotype,h3n2,region,2025-12-23,2025-12-30,7,Southeast Asia,J.2,0.002,0.0,0.002,0.001414285714285714,13,0,0.002,0.001,0.003,0,0.003,0.001,0.004,0,0.006,0.001,0.007
emerging_haplotype,h3n2,region,2025-12-23,2025-12-30,7,Southeast Asia,J.2.2,0.005,0.037,0.032,0.028099999999999997,13,0,0.005,0.003,0.008,0,0.008,0.002,0.01,0,0.012,0.001,0.013
emerging_haplotype,h3n2,region,2025-12-23,2025-12-30,7,Southeast Asia,J.2.3,0.0,0.0,0.0,7.142857142857149e-06,13,1,0.0,0.0,0.0,1,0.0,0.0,0.0,1,0.001,0.0,0.001
emerging_haplotype,h3n2,region,2025-12-23,2025-12-30,7,Southeast Asia,J.2.4:160K,0.0,0.0,0.0,4.285714285714286e-05,13,1,0.0,0.0,0.0,1,0.001,0.0,0.001,1,0.002,0.0,0.002
emerging_haplotype,h3n2,region,2025-12-23,2025-12-30,7,Southeast Asia,J.2.4:62R-158D-160K-328A,0.0,0.0,0.0,7.142857142857149e-06,13,1,0.0,0.0,0.0,1,0.0,0.0,0.0,1,0.001,0.0,0.001
emerging_haplotype,h3n2,region,2025-12-23,2025-12-30,7,Southeast Asia,J.2.4:79V-144N-158D-160K-328A,0.012,0.0,0.012,0.007371428571428571,13,0,0.016,0.006,0.022,0,0.037,0.003,0.04,0,0.084,0.001,0.085
emerging_haplotype,h3n2,region,2025-12-23,2025-12-30,7,Southeast Asia,K,0.803,0.556,0.247,0.15659285714285706,13,0,0.09399999999999997,0.746,0.84,0,0.17700000000000005,0.693,0.87,0,0.29500000000000004,0.605,0.9
emerging_haplotype,h3n2,region,2025-12-23,2025-12-30,7,Southeast Asia,K:145N,0.004,0.0,0.004,0.0030285714285714286,13,0,0.009999999999999998,0.001,0.011,0,0.024999999999999998,0.001,0.026,1,0.064,0.0,0.064
emerging_haplotype,h3n2,region,2025-12-23,2025-12-30,7,Southeast Asia,K:272T,0.15,0.407,0.257,0.18028571428571424,13,0,0.09199999999999998,0.115,0.207,0,0.154,0.092,0.246,0,0.244,0.066,0.31
emerging_haplotype,h3n2,region,2025-12-23,2025-12-30,7,Southeast Asia,K:80K,0.0,0.0,0.0,0.00020714285714285716,13,1,0.001,0.0,0.001,1,0.003,0.0,0.003,1,0.007,0.0,0.007
emerging_haplotype,h3n2,region,2025-12-23,2025-12-30,7,Southeast Asia,K:88I,0.0,0.0,0.0,5.714285714285716e-05,13,1,0.0,0.0,0.0,1,0.001,0.0,0.001,1,0.004,0.0,0.004
emerging_haplotype,h3n2,region,2025-12-23,2025-12-30,7,Southeast Asia,J.2.4,0.007,0.0,0.007,0.004742857142857143,13,0,0.003999999999999999,0.005,0.009,0,0.008,0.003,0.011,0,0.012,0.003,0.015
emerging_haplotype,h3n2,region,2025-12-23,2025-12-30,7,West Asia,J.2,0.006,0.0,0.006,0.004207142857142858,13,0,0.003,0.005,0.008,0,0.007,0.003,0.01,0,0.011,0.002,0.013
emerging_haplotype,h3n2,region,2025-12-23,2025-12-30,7,West Asia,J.2.2,0.003,0.02,0.017,0.013735714285714285,13,0,0.003,0.002,0.005,0,0.006,0.001,0.007,0,0.009000000000000001,0.001,0.01
emerging_haplotype,h3n2,region,2025-12-23,2025-12-30,7,West Asia,J.2.3,0.0,0.0,0.0,7.142857142857149e-06,13,1,0.0,0.0,0.0,1,0.0,0.0,0.0,1,0.001,0.0,0.001
emerging_haplotype,h3n2,region,2025-12-23,2025-12-30,7,West Asia,J.2.4:160K,0.0,0.0,0.0,1.4285714285714297e-05,13,1,0.0,0.0,0.0,1,0.0,0.0,0.0,1,0.002,0.0,0.002
emerging_haplotype,h3n2,region,2025-12-23,2025-12-30,7,West Asia,J.2.4:62R-158D-160K-328A,0.0,0.0,0.0,7.142857142857149e-06,13,1,0.0,0.0,0.0,1,0.0,0.0,0.0,1,0.001,0.0,0.001
emerging_haplotype,h3n2,region,2025-12-23,2025-12-30,7,West Asia,J.2.4:79V-144N-158D-160K-328A,0.004,0.0,0.004,0.002871428571428571,13,0,0.004,0.003,0.007,0,0.006999999999999999,0.002,0.009,0,0.013999999999999999,0.001,0.015
emerging_haplotype,h3n2,region,2025-12-23,2025-12-30,7,West Asia,K,0.823,0.842,0.019000000000000017,0.013714285714285715,13,1,0.07199999999999995,0.784,0.856,1,0.14800000000000002,0.741,0.889,1,0.2280000000000001,0.69,0.918
emerging_haplotype,h3n2,region,2025-12-23,2025-12-30,7,West Asia,K:145N,0.077,0.069,0.007999999999999993,0.009478571428571428,13,1,0.061000000000000006,0.052,0.113,1,0.101,0.035,0.136,1,0.153,0.022,0.175
emerging_haplotype,h3n2,region,2025-12-23,2025-12-30,7,West Asia,K:272T,0.068,0.059,0.009000000000000008,0.008264285714285715,13,1,0.045,0.047,0.092,1,0.094,0.036,0.13,1,0.151,0.023,0.174
emerging_haplotype,h3n2,region,2025-12-23,2025-12-30,7,West Asia,K:80K,0.0,0.01,0.01,0.008907142857142858,13,0,0.0,0.0,0.0,0,0.001,0.0,0.001,0,0.003,0.0,0.003
emerging_haplotype,h3n2,region,2025-12-23,2025-12-30,7,West Asia,K:88I,0.001,0.0,0.001,0.0005714285714285715,13,1,0.003,0.0,0.003,1,0.005,0.0,0.005,1,0.01,0.0,0.01
emerging_haplotype,h3n2,region,2025-12-23,2025-12-30,7,West Asia,J.2.4,0.004,0.0,0.004,0.003064285714285714,13,0,0.003,0.003,0.006,0,0.006999999999999999,0.002,0.009,0,0.011,0.002,0.013
emerging_haplotype,h3n2,region,2026-01-15,2026-01-22,7,Africa,J.2,0.003,0.25,0.247,0.24289285714285708,14,0,0.003,0.002,0.005,0,0.006,0.002,0.008,0,0.011,0.001,0.012
emerging_haplotype,h3n2,region,2026-01-15,2026-01-22,7,Africa,J.2.2,0.0,0.0,0.0,0.00010714285714285715,14,1,0.001,0.0,0.001,1,0.001,0.0,0.001,1,0.001,0.0,0.001
emerging_haplotype,h3n2,region,2026-01-15,2026-01-22,7,Africa,J.2.3,0.0,0.0,0.0,5.0000000000000016e-05,14,1,0.0,0.0,0.0,1,0.001,0.0,0.001,1,0.003,0.0,0.003
emerging_haplotype,h3n2,region,2026-01-15,2026-01-22,7,Africa,J.2.4:160K,0.109,0.0,0.109,0.08076428571428572,14,0,0.06899999999999999,0.081,0.15,0,0.11699999999999999,0.064,0.181,0,0.16899999999999998,0.05,0.219
emerging_haplotype,h3n2,region,2026-01-15,2026-01-22,7,Africa,J.2.4:79V-144N-158D-160K-328A,0.002,0.0,0.002,0.0015357142857142859,14,0,0.005,0.001,0.006,1,0.014,0.0,0.014,1,0.029,0.0,0.029
emerging_haplotype,h3n2,region,2026-01-15,2026-01-22,7,Africa,K,0.67,0.25,0.42000000000000004,0.34741428571428573,14,0,0.09599999999999997,0.617,0.713,0,0.16500000000000004,0.574,0.739,0,0.258,0.518,0.776
emerging_haplotype,h3n2,region,2026-01-15,2026-01-22,7,Africa,K:145N,0.006,0.0,0.006,0.004671428571428571,14,0,0.015000000000000001,0.002,0.017,0,0.039,0.001,0.04,1,0.108,0.0,0.108
emerging_haplotype,h3n2,region,2026-01-15,2026-01-22,7,Africa,K:223I,0.001,0.0,0.001,0.0011142857142857144,14,1,0.005,0.0,0.005,1,0.012,0.0,0.012,1,0.038,0.0,0.038
emerging_haplotype,h3n2,region,2026-01-15,2026-01-22,7,Africa,K:272T,0.043,0.0,0.043,0.029500000000000002,14,0,0.033,0.029,0.062,0,0.054,0.022,0.076,0,0.084,0.015,0.099
emerging_haplotype,h3n2,region,2026-01-15,2026-01-22,7,Africa,K:328T,0.02,0.0,0.02,0.011771428571428572,14,0,0.025,0.009,0.034,0,0.053000000000000005,0.005,0.058,0,0.106,0.003,0.109
emerging_haplotype,h3n2,region,2026-01-15,2026-01-22,7,Africa,K:80K,0.001,0.0,0.001,0.0011071428571428573,14,1,0.005,0.0,0.005,1,0.013,0.0,0.013,1,0.033,0.0,0.033
emerging_haplotype,h3n2,region,2026-01-15,2026-01-22,7,Africa,K:88I,0.0,0.0,0.0,0.00025000000000000006,14,1,0.001,0.0,0.001,1,0.003,0.0,0.003,1,0.013,0.0,0.013
emerging_haplotype,h3n2,region,2026-01-15,2026-01-22,7,Africa,J.2.4,0.07,0.5,0.43,0.4017571428571429,14,0,0.030999999999999993,0.058,0.089,0,0.061,0.045,0.106,0,0.092,0.038,0.13
emerging_haplotype,h3n2,region,2026-01-15,2026-01-22,7,China,J.2,0.0,0.0,0.0,0.0001142857142857143,14,1,0.001,0.0,0.001,1,0.001,0.0,0.001,1,0.002,0.0,0.002
emerging_haplotype,h3n2,region,2026-01-15,2026-01-22,7,China,J.2.2,0.009,0.0,0.009,0.006571428571428571,14,0,0.005,0.007,0.012,0,0.009000000000000001,0.005,0.014,0,0.013999999999999999,0.004,0.018
emerging_haplotype,h3n2,region,2026-01-15,2026-01-22,7,China,J.2.3,0.0,0.0,0.0,7.142857142857149e-06,14,1,0.0,0.0,0.0,1,0.0,0.0,0.0,1,0.001,0.0,0.001
emerging_haplotype,h3n2,region,2026-01-15,2026-01-22,7,China,J.2.4:160K,0.0,0.0,0.0,0.00018571428571428577,14,1,0.001,0.0,0.001,1,0.002,0.0,0.002,1,0.008,0.0,0.008
emerging_haplotype,h3n2,region,2026-01-15,2026-01-22,7,China,J.2.4:79V-144N-158D-160K-328A,0.0,0.0,0.0,4.285714285714286e-05,14,1,0.0,0.0,0.0,1,0.001,0.0,0.001,1,0.002,0.0,0.002
emerging_haplotype,h3n2,region,2026-01-15,2026-01-22,7,China,K,0.825,1.0,0.17500000000000004,0.13128571428571428,14,0,0.08199999999999996,0.781,0.863,0,0.15900000000000003,0.736,0.895,0,0.2240000000000001,0.688,0.912
emerging_haplotype,h3n2,region,2026-01-15,2026-01-22,7,China,K:145N,0.006,0.0,0.006,0.0038785714285714287,14,0,0.013,0.002,0.015,0,0.031,0.001,0.032,1,0.049,0.0,0.049
emerging_haplotype,h3n2,region,2026-01-15,2026-01-22,7,China,K:223I,0.003,0.0,0.003,0.0018214285714285715,14,0,0.006,0.001,0.007,1,0.015,0.0,0.015,1,0.035,0.0,0.035
emerging_haplotype,h3n2,region,2026-01-15,2026-01-22,7,China,K:272T,0.016,0.0,0.016,0.01025,14,0,0.020000000000000004,0.009,0.029,0,0.035,0.006,0.041,0,0.055,0.003,0.058
emerging_haplotype,h3n2,region,2026-01-15,2026-01-22,7,China,K:328T,0.116,0.0,0.116,0.08414285714285716,14,0,0.077,0.082,0.159,0,0.141,0.067,0.208,0,0.20600000000000002,0.049,0.255
emerging_haplotype,h3n2,region,2026-01-15,2026-01-22,7,China,K:80K,0.0,0.0,0.0,0.00010000000000000003,14,1,0.0,0.0,0.0,1,0.002,0.0,0.002,1,0.006,0.0,0.006
emerging_haplotype,h3n2,region,2026-01-15,2026-01-22,7,China,K:88I,0.0,0.0,0.0,6.428571428571431e-05,14,1,0.0,0.0,0.0,1,0.001,0.0,0.001,1,0.005,0.0,0.005
emerging_haplotype,h3n2,region,2026-01-15,2026-01-22,7,China,J.2.4,0.001,0.0,0.001,0.0006642857142857144,14,0,0.001,0.001,0.002,1,0.004,0.0,0.004,1,0.007,0.0,0.007
emerging_haplotype,h3n2,region,2026-01-15,2026-01-22,7,Europe,J.2,0.002,0.0,0.002,0.001292857142857143,14,0,0.001,0.001,0.002,0,0.002,0.001,0.003,0,0.003,0.001,0.004
emerging_haplotype,h3n2,region,2026-01-15,2026-01-22,7,Europe,J.2.2,0.001,0.007,0.006,0.005828571428571429,14,0,0.001,0.0,0.001,0,0.001,0.0,0.001,0,0.002,0.0,0.002
emerging_haplotype,h3n2,region,2026-01-15,2026-01-22,7,Europe,J.2.3,0.01,0.012,0.002,0.0011642857142857145,14,1,0.006,0.008,0.014,1,0.011000000000000001,0.006,0.017,1,0.019,0.005,0.024
emerging_haplotype,h3n2,region,2026-01-15,2026-01-22,7,Europe,J.2.4:160K,0.004,0.003,0.001,0.0007285714285714286,14,1,0.004,0.002,0.006,1,0.008,0.001,0.009,1,0.009999999999999998,0.001,0.011
emerging_haplotype,h3n2,region,2026-01-15,2026-01-22,7,Europe,J.2.4:79V-144N-158D-160K-328A,0.022,0.034,0.012000000000000004,0.005007142857142858,14,0,0.013000000000000001,0.016,0.029,1,0.023999999999999997,0.012,0.036,1,0.034999999999999996,0.008,0.043
emerging_haplotype,h3n2,region,2026-01-15,2026-01-22,7,Europe,K,0.804,0.847,0.04299999999999993,0.018714285714285704,14,0,0.04999999999999993,0.779,0.829,1,0.09799999999999998,0.753,0.851,1,0.14800000000000002,0.72,0.868
emerging_haplotype,h3n2,region,2026-01-15,2026-01-22,7,Europe,K:145N,0.015,0.023,0.008,0.0030642857142857143,14,1,0.014,0.009,0.023,1,0.024,0.007,0.031,1,0.033,0.005,0.038
emerging_haplotype,h3n2,region,2026-01-15,2026-01-22,7,Europe,K:223I,0.026,0.02,0.005999999999999998,0.0038428571428571422,14,1,0.019999999999999997,0.017,0.037,1,0.039999999999999994,0.012,0.052,1,0.058,0.01,0.068
emerging_haplotype,h3n2,region,2026-01-15,2026-01-22,7,Europe,K:272T,0.02,0.018,0.0020000000000000018,0.0023071428571428574,14,1,0.014000000000000002,0.015,0.029,1,0.026,0.011,0.037,1,0.039,0.008,0.047
emerging_haplotype,h3n2,region,2026-01-15,2026-01-22,7,Europe,K:328T,0.019,0.024,0.005000000000000001,0.0032285714285714283,14,1,0.015,0.012,0.027,1,0.034999999999999996,0.008,0.043,1,0.062000000000000006,0.005,0.067
emerging_haplotype,h3n2,region,2026-01-15,2026-01-22,7,Europe,K:80K,0.001,0.0,0.001,0.0006642857142857144,14,0,0.001,0.001,0.002,1,0.004,0.0,0.004,1,0.007,0.0,0.007
emerging_haplotype,h3n2,region,2026-01-15,2026-01-22,7,Europe,K:88I,0.053,0.009,0.044,0.0283,14,0,0.032999999999999995,0.039,0.072,0,0.07200000000000001,0.027,0.099,0,0.104,0.02,0.124
emerging_haplotype,h3n2,region,2026-01-15,2026-01-22,7,Europe,J.2.4,0.003,0.001,0.002,0.0007571428571428573,14,0,0.001,0.002,0.003,1,0.003,0.001,0.004,1,0.004,0.001,0.005
emerging_haplotype,h3n2,region,2026-01-15,2026-01-22,7,Japan Korea,J.2,0.0,0.0,0.0,5.0000000000000016e-05,14,1,0.0,0.0,0.0,1,0.001,0.0,0.001,1,0.003,0.0,0.003
emerging_haplotype,h3n2,region,2026-01-15,2026-01-22,7,Japan Korea,J.2.2,0.0,0.0,0.0,7.142857142857149e-06,14,1,0.0,0.0,0.0,1,0.0,0.0,0.0,1,0.001,0.0,0.001
emerging_haplotype,h3n2,region,2026-01-15,2026-01-22,7,Japan Korea,J.2.3,0.0,0.0,0.0,7.142857142857149e-06,14,1,0.0,0.0,0.0,1,0.0,0.0,0.0,1,0.001,0.0,0.001
emerging_haplotype,h3n2,region,2026-01-15,2026-01-22,7,Japan Korea,J.2.4:160K,0.001,0.0,0.001,0.0011785714285714286,14,1,0.005,0.0,0.005,1,0.015,0.0,0.015,1,0.035,0.0,0.035
emerging_haplotype,h3n2,region,2026-01-15,2026-01-22,7,Japan Korea,J.2.4:79V-144N-158D-160K-328A,0.0,0.0,0.0,8.571428571428575e-05,14,1,0.0,0.0,0.0,1,0.001,0.0,0.001,1,0.008,0.0,0.008
emerging_haplotype,h3n2,region,2026-01-15,2026-01-22,7,Japan Korea,K,0.924,1.0,0.07599999999999996,0.04954285714285716,14,0,0.07599999999999996,0.879,0.955,0,0.18299999999999994,0.787,0.97,0,0.28400000000000003,0.7,0.984
emerging_haplotype,h3n2,region,2026-01-15,2026-01-22,7,Japan Korea,K:145N,0.0,0.0,0.0,0.0003500000000000001,14,1,0.001,0.0,0.001,1,0.004,0.0,0.004,1,0.023,0.0,0.023
emerging_haplotype,h3n2,region,2026-01-15,2026-01-22,7,Japan Korea,K:223I,0.023,0.0,0.023,0.014892857142857143,14,0,0.052,0.007,0.059,0,0.12,0.002,0.122,1,0.265,0.0,0.265
emerging_haplotype,h3n2,region,2026-01-15,2026-01-22,7,Japan Korea,K:272T,0.011,0.0,0.011,0.007378571428571429,14,0,0.014,0.006,0.02,0,0.040999999999999995,0.003,0.044,0,0.06899999999999999,0.002,0.071
emerging_haplotype,h3n2,region,2026-01-15,2026-01-22,7,Japan Korea,K:328T,0.006,0.0,0.006,0.004135714285714286,14,0,0.014,0.002,0.016,0,0.034,0.001,0.035,1,0.063,0.0,0.063
emerging_haplotype,h3n2,region,2026-01-15,2026-01-22,7,Japan Korea,K:80K,0.001,0.0,0.001,0.0010571428571428574,14,1,0.005,0.0,0.005,1,0.011,0.0,0.011,1,0.034,0.0,0.034
emerging_haplotype,h3n2,region,2026-01-15,2026-01-22,7,Japan Korea,K:88I,0.0,0.0,0.0,0.00011428571428571436,14,1,0.0,0.0,0.0,1,0.001,0.0,0.001,1,0.012,0.0,0.012
emerging_haplotype,h3n2,region,2026-01-15,2026-01-22,7,Japan Korea,J.2.4,0.0,0.0,0.0,0.0001142857142857143,14,1,0.001,0.0,0.001,1,0.001,0.0,0.001,1,0.002,0.0,0.002
emerging_haplotype,h3n2,region,2026-01-15,2026-01-22,7,North America,J.2,0.001,0.022,0.020999999999999998,0.020471428571428568,14,0,0.0,0.001,0.001,0,0.001,0.001,0.002,0,0.002,0.0,0.002
emerging_haplotype,h3n2,region,2026-01-15,2026-01-22,7,North America,J.2.2,0.001,0.001,0.0,0.00015714285714285716,14,1,0.001,0.001,0.002,1,0.002,0.001,0.003,1,0.004,0.0,0.004
emerging_haplotype,h3n2,region,2026-01-15,2026-01-22,7,North America,J.2.3,0.011,0.02,0.009000000000000001,0.004607142857142857,14,0,0.005000000000000001,0.009,0.014,0,0.010000000000000002,0.007,0.017,1,0.015,0.005,0.02
emerging_haplotype,h3n2,region,2026-01-15,2026-01-22,7,North America,J.2.4:160K,0.0,0.002,0.002,0.0007214285714285715,14,0,0.001,0.0,0.001,1,0.002,0.0,0.002,1,0.003,0.0,0.003
emerging_haplotype,h3n2,region,2026-01-15,2026-01-22,7,North America,J.2.4:79V-144N-158D-160K-328A,0.069,0.091,0.021999999999999992,0.009564285714285711,14,0,0.029000000000000005,0.055,0.084,1,0.05700000000000001,0.044,0.101,1,0.101,0.036,0.137
emerging_haplotype,h3n2,region,2026-01-15,2026-01-22,7,North America,K,0.852,0.811,0.040999999999999925,0.01726428571428568,14,0,0.03500000000000003,0.832,0.867,1,0.07299999999999995,0.81,0.883,1,0.11499999999999999,0.782,0.897
emerging_haplotype,h3n2,region,2026-01-15,2026-01-22,7,North America,K:145N,0.005,0.009,0.003999999999999999,0.0016785714285714281,14,0,0.005,0.003,0.008,1,0.011,0.001,0.012,1,0.020999999999999998,0.001,0.022
emerging_haplotype,h3n2,region,2026-01-15,2026-01-22,7,North America,K:223I,0.014,0.009,0.005000000000000001,0.002828571428571429,14,1,0.013,0.009,0.022,1,0.029,0.005,0.034,1,0.05,0.004,0.054
emerging_haplotype,h3n2,region,2026-01-15,2026-01-22,7,North America,K:272T,0.014,0.02,0.006,0.0022642857142857143,14,1,0.01,0.01,0.02,1,0.018,0.008,0.026,1,0.025,0.006,0.031
emerging_haplotype,h3n2,region,2026-01-15,2026-01-22,7,North America,K:328T,0.007,0.005,0.002,0.00125,14,1,0.006,0.004,0.01,1,0.013000000000000001,0.003,0.016,1,0.023,0.002,0.025
emerging_haplotype,h3n2,region,2026-01-15,2026-01-22,7,North America,K:80K,0.002,0.003,0.001,0.00048571428571428577,14,1,0.002,0.001,0.003,1,0.005,0.0,0.005,1,0.008,0.0,0.008
emerging_haplotype,h3n2,region,2026-01-15,2026-01-22,7,North America,K:88I,0.01,0.006,0.004,0.0020714285714285717,14,0,0.008,0.007,0.015,1,0.016,0.005,0.021,1,0.026000000000000002,0.003,0.029
emerging_haplotype,h3n2,region,2026-01-15,2026-01-22,7,North America,J.2.4,0.002,0.0,0.002,0.0015785714285714287,14,0,0.001,0.002,0.003,0,0.002,0.001,0.003,0,0.003,0.001,0.004
emerging_haplotype,h3n2,region,2026-01-15,2026-01-22,7,Oceania,J.2,0.0,0.0,0.0,0.0,14,1,0.0,0.0,0.0,1,0.0,0.0,0.0,1,0.0,0.0,0.0
emerging_haplotype,h3n2,region,2026-01-15,2026-01-22,7,Oceania,J.2.2,0.0,0.0,0.0,3.571428571428572e-05,14,1,0.0,0.0,0.0,1,0.001,0.0,0.001,1,0.001,0.0,0.001
emerging_haplotype,h3n2,region,2026-01-15,2026-01-22,7,Oceania,J.2.3,0.0,0.0,0.0,3.571428571428572e-05,14,1,0.0,0.0,0.0,1,0.001,0.0,0.001,1,0.001,0.0,0.001
emerging_haplotype,h3n2,region,2026-01-15,2026-01-22,7,Oceania,J.2.4:160K,0.002,0.0,0.002,0.0014357142857142856,14,0,0.002,0.001,0.003,0,0.004,0.001,0.005,0,0.005,0.001,0.006
emerging_haplotype,h3n2,region,2026-01-15,2026-01-22,7,Oceania,J.2.4:79V-144N-158D-160K-328A,0.0,0.021,0.021,0.020185714285714286,14,0,0.0,0.0,0.0,0,0.001,0.0,0.001,0,0.002,0.0,0.002
emerging_haplotype,h3n2,region,2026-01-15,2026-01-22,7,Oceania,K,0.449,0.716,0.26699999999999996,0.16157857142857138,14,0,0.137,0.386,0.523,0,0.284,0.322,0.606,0,0.41500000000000004,0.245,0.66
emerging_haplotype,h3n2,region,2026-01-15,2026-01-22,7,Oceania,K:145N,0.004,0.014,0.01,0.004178571428571429,14,0,0.008,0.001,0.009,1,0.016,0.001,0.017,1,0.041,0.0,0.041
emerging_haplotype,h3n2,region,2026-01-15,2026-01-22,7,Oceania,K:223I,0.012,0.007,0.005,0.0024857142857142855,14,1,0.011,0.007,0.018,1,0.024,0.004,0.028,1,0.041999999999999996,0.002,0.044
emerging_haplotype,h3n2,region,2026-01-15,2026-01-22,7,Oceania,K:272T,0.011,0.0,0.011,0.007064285714285715,14,0,0.019,0.005,0.024,0,0.045,0.002,0.047,0,0.079,0.001,0.08
emerging_haplotype,h3n2,region,2026-01-15,2026-01-22,7,Oceania,K:328T,0.005,0.007,0.002,0.0016642857142857143,14,1,0.009,0.002,0.011,1,0.016999999999999998,0.001,0.018,1,0.035,0.0,0.035
emerging_haplotype,h3n2,region,2026-01-15,2026-01-22,7,Oceania,K:80K,0.49,0.227,0.263,0.15234285714285714,14,0,0.15000000000000008,0.408,0.558,0,0.309,0.327,0.636,0,0.45199999999999996,0.268,0.72
emerging_haplotype,h3n2,region,2026-01-15,2026-01-22,7,Oceania,K:88I,0.003,0.0,0.003,0.0018785714285714289,14,0,0.002,0.002,0.004,0,0.004,0.001,0.005,0,0.007,0.001,0.008
emerging_haplotype,h3n2,region,2026-01-15,2026-01-22,7,Oceania,J.2.4,0.001,0.007,0.006,0.0055,14,0,0.0,0.001,0.001,0,0.002,0.0,0.002,0,0.002,0.0,0.002
emerging_haplotype,h3n2,region,2026-01-15,2026-01-22,7,South America,J.2,0.0,0.043,0.043,0.043,14,0,0.0,0.0,0.0,0,0.0,0.0,0.0,0,0.0,0.0,0.0
emerging_haplotype,h3n2,region,2026-01-15,2026-01-22,7,South America,J.2.2,0.0,0.0,0.0,7.142857142857149e-06,14,1,0.0,0.0,0.0,1,0.0,0.0,0.0,1,0.001,0.0,0.001
emerging_haplotype,h3n2,region,2026-01-15,2026-01-22,7,South America,J.2.3,0.038,0.383,0.34500000000000003,0.3133785714285714,14,0,0.027,0.027,0.054,0,0.062,0.017,0.079,0,0.095,0.012,0.107
emerging_haplotype,h3n2,region,2026-01-15,2026-01-22,7,South America,J.2.4:160K,0.0,0.0,0.0,2.142857142857145e-05,14,1,0.0,0.0,0.0,1,0.0,0.0,0.0,1,0.003,0.0,0.003
emerging_haplotype,h3n2,region,2026-01-15,2026-01-22,7,South America,J.2.4:79V-144N-158D-160K-328A,0.003,0.021,0.018000000000000002,0.00762857142857143,14,0,0.006999999999999999,0.002,0.009,0,0.019,0.001,0.02,1,0.042,0.0,0.042
emerging_haplotype,h3n2,region,2026-01-15,2026-01-22,7,South America,K,0.952,0.532,0.41999999999999993,0.37498571428571426,14,0,0.03699999999999992,0.93,0.967,0,0.07799999999999996,0.899,0.977,0,0.136,0.849,0.985
emerging_haplotype,h3n2,region,2026-01-15,2026-01-22,7,South America,K:145N,0.0,0.0,0.0,5.0000000000000016e-05,14,1,0.0,0.0,0.0,1,0.001,0.0,0.001,1,0.003,0.0,0.003
emerging_haplotype,h3n2,region,2026-01-15,2026-01-22,7,South America,K:223I,0.0,0.0,0.0,5.714285714285716e-05,14,1,0.0,0.0,0.0,1,0.001,0.0,0.001,1,0.004,0.0,0.004
emerging_haplotype,h3n2,region,2026-01-15,2026-01-22,7,South America,K:272T,0.0,0.0,0.0,0.00020000000000000004,14,1,0.001,0.0,0.001,1,0.003,0.0,0.003,1,0.006,0.0,0.006
emerging_haplotype,h3n2,region,2026-01-15,2026-01-22,7,South America,K:328T,0.0,0.0,0.0,6.428571428571431e-05,14,1,0.0,0.0,0.0,1,0.001,0.0,0.001,1,0.005,0.0,0.005
emerging_haplotype,h3n2,region,2026-01-15,2026-01-22,7,South America,K:80K,0.0,0.0,0.0,6.428571428571431e-05,14,1,0.0,0.0,0.0,1,0.001,0.0,0.001,1,0.005,0.0,0.005
emerging_haplotype,h3n2,region,2026-01-15,2026-01-22,7,South America,K:88I,0.0,0.0,0.0,1.4285714285714297e-05,14,1,0.0,0.0,0.0,1,0.0,0.0,0.0,1,0.002,0.0,0.002
emerging_haplotype,h3n2,region,2026-01-15,2026-01-22,7,South America,J.2.4,0.0,0.0,0.0,3.571428571428572e-05,14,1,0.0,0.0,0.0,1,0.001,0.0,0.001,1,0.001,0.0,0.001
emerging_haplotype,h3n2,region,2026-01-15,2026-01-22,7,Southeast Asia,J.2,0.0,0.0,0.0,3.571428571428572e-05,14,1,0.0,0.0,0.0,1,0.001,0.0,0.001,1,0.001,0.0,0.001
emerging_haplotype,h3n2,region,2026-01-15,2026-01-22,7,Southeast Asia,J.2.2,0.01,0.0,0.01,0.007057142857142857,14,0,0.005,0.007,0.012,0,0.01,0.006,0.016,0,0.018,0.004,0.022
emerging_haplotype,h3n2,region,2026-01-15,2026-01-22,7,Southeast Asia,J.2.3,0.0,0.0,0.0,1.4285714285714297e-05,14,1,0.0,0.0,0.0,1,0.0,0.0,0.0,1,0.002,0.0,0.002
emerging_haplotype,h3n2,region,2026-01-15,2026-01-22,7,Southeast Asia,J.2.4:160K,0.0,0.0,0.0,0.00013571428571428575,14,1,0.001,0.0,0.001,1,0.001,0.0,0.001,1,0.005,0.0,0.005
emerging_haplotype,h3n2,region,2026-01-15,2026-01-22,7,Southeast Asia,J.2.4:79V-144N-158D-160K-328A,0.015,0.07,0.05500000000000001,0.04168571428571429,14,0,0.012000000000000002,0.009,0.021,0,0.023,0.007,0.03,0,0.044,0.003,0.047
emerging_haplotype,h3n2,region,2026-01-15,2026-01-22,7,Southeast Asia,K,0.749,0.628,0.121,0.06224285714285714,14,0,0.07300000000000006,0.709,0.782,0,0.14500000000000002,0.666,0.811,1,0.22399999999999998,0.619,0.843
emerging_haplotype,h3n2,region,2026-01-15,2026-01-22,7,Southeast Asia,K:145N,0.022,0.0,0.022,0.013864285714285714,14,0,0.024999999999999998,0.012,0.037,0,0.06999999999999999,0.006,0.076,0,0.131,0.003,0.134
emerging_haplotype,h3n2,region,2026-01-15,2026-01-22,7,Southeast Asia,K:223I,0.003,0.0,0.003,0.0022571428571428573,14,0,0.008,0.001,0.009,0,0.016,0.001,0.017,1,0.032,0.0,0.032
emerging_haplotype,h3n2,region,2026-01-15,2026-01-22,7,Southeast Asia,K:272T,0.174,0.279,0.10500000000000004,0.05340714285714288,14,0,0.066,0.141,0.207,0,0.132,0.119,0.251,1,0.18900000000000003,0.09,0.279
emerging_haplotype,h3n2,region,2026-01-15,2026-01-22,7,Southeast Asia,K:328T,0.003,0.023,0.02,0.009442857142857143,14,0,0.009000000000000001,0.001,0.01,0,0.018,0.0,0.018,1,0.04,0.0,0.04
emerging_haplotype,h3n2,region,2026-01-15,2026-01-22,7,Southeast Asia,K:80K,0.0,0.0,0.0,0.00011428571428571432,14,1,0.0,0.0,0.0,1,0.002,0.0,0.002,1,0.008,0.0,0.008
emerging_haplotype,h3n2,region,2026-01-15,2026-01-22,7,Southeast Asia,K:88I,0.0,0.0,0.0,0.0,14,1,0.0,0.0,0.0,1,0.0,0.0,0.0,1,0.0,0.0,0.0
emerging_haplotype,h3n2,region,2026-01-15,2026-01-22,7,Southeast Asia,J.2.4,0.002,0.0,0.002,0.0013714285714285716,14,0,0.002,0.001,0.003,0,0.002,0.001,0.003,0,0.004,0.001,0.005
emerging_haplotype,h3n2,region,2026-01-15,2026-01-22,7,West Asia,J.2,0.0,0.0,0.0,0.00010714285714285715,14,1,0.001,0.0,0.001,1,0.001,0.0,0.001,1,0.001,0.0,0.001
emerging_haplotype,h3n2,region,2026-01-15,2026-01-22,7,West Asia,J.2.2,0.004,0.0,0.004,0.002621428571428572,14,0,0.002,0.003,0.005,0,0.005,0.002,0.007,0,0.007,0.001,0.008
emerging_haplotype,h3n2,region,2026-01-15,2026-01-22,7,West Asia,J.2.3,0.0,0.0,0.0,0.0,14,1,0.0,0.0,0.0,1,0.0,0.0,0.0,1,0.0,0.0,0.0
emerging_haplotype,h3n2,region,2026-01-15,2026-01-22,7,West Asia,J.2.4:160K,0.0,0.0,0.0,0.0,14,1,0.0,0.0,0.0,1,0.0,0.0,0.0,1,0.0,0.0,0.0
emerging_haplotype,h3n2,region,2026-01-15,2026-01-22,7,West Asia,J.2.4:79V-144N-158D-160K-328A,0.0,0.0,0.0,0.00010714285714285715,14,1,0.001,0.0,0.001,1,0.001,0.0,0.001,1,0.001,0.0,0.001
emerging_haplotype,h3n2,region,2026-01-15,2026-01-22,7,West Asia,K,0.481,0.779,0.29800000000000004,0.2100142857142857,14,0,0.14600000000000007,0.409,0.555,0,0.245,0.353,0.598,0,0.402,0.267,0.669
emerging_haplotype,h3n2,region,2026-01-15,2026-01-22,7,West Asia,K:145N,0.125,0.029,0.096,0.058171428571428575,14,0,0.069,0.086,0.155,0,0.126,0.067,0.193,0,0.19,0.055,0.245
emerging_haplotype,h3n2,region,2026-01-15,2026-01-22,7,West Asia,K:223I,0.274,0.125,0.14900000000000002,0.07632857142857143,14,0,0.157,0.205,0.362,0,0.273,0.159,0.432,1,0.484,0.101,0.585
emerging_haplotype,h3n2,region,2026-01-15,2026-01-22,7,West Asia,K:272T,0.077,0.067,0.009999999999999995,0.008557142857142857,14,1,0.04599999999999999,0.058,0.104,1,0.09400000000000001,0.043,0.137,1,0.162,0.03,0.192
emerging_haplotype,h3n2,region,2026-01-15,2026-01-22,7,West Asia,K:328T,0.003,0.0,0.003,0.0016785714285714288,14,0,0.004,0.001,0.005,0,0.009000000000000001,0.001,0.01,1,0.019,0.0,0.019
emerging_haplotype,h3n2,region,2026-01-15,2026-01-22,7,West Asia,K:80K,0.002,0.0,0.002,0.00125,14,0,0.004,0.001,0.005,1,0.01,0.0,0.01,1,0.015,0.0,0.015
emerging_haplotype,h3n2,region,2026-01-15,2026-01-22,7,West Asia,K:88I,0.0,0.0,0.0,5.0000000000000016e-05,14,1,0.0,0.0,0.0,1,0.001,0.0,0.001,1,0.003,0.0,0.003
emerging_haplotype,h3n2,region,2026-01-15,2026-01-22,7,West Asia,J.2.4,0.001,0.0,0.001,0.0011142857142857144,14,0,0.001,0.001,0.002,0,0.001,0.001,0.002,0,0.002,0.001,0.003
emerging_haplotype,h3n2,region,2026-03-26,2026-04-02,7,Africa,J.2,0.0,0.0,0.0,0.00015714285714285716,11,1,0.001,0.0,0.001,1,0.002,0.0,0.002,1,0.004,0.0,0.004
emerging_haplotype,h3n2,region,2026-03-26,2026-04-09,14,Africa,J.2,0.0,0.0,0.0,0.00015714285714285716,11,1,0.001,0.0,0.001,1,0.002,0.0,0.002,1,0.004,0.0,0.004
emerging_haplotype,h3n2,region,2026-03-26,2026-04-16,21,Africa,J.2,0.0,0.0,0.0,0.0001285714285714286,11,1,0.001,0.0,0.001,1,0.001,0.0,0.001,1,0.004,0.0,0.004
emerging_haplotype,h3n2,region,2026-03-26,2026-04-23,28,Africa,J.2,0.0,0.0,0.0,5.714285714285716e-05,11,1,0.0,0.0,0.0,1,0.001,0.0,0.001,1,0.004,0.0,0.004
emerging_haplotype,h3n2,region,2026-03-26,2026-04-30,35,Africa,J.2,0.0,0.0,0.0,5.0000000000000016e-05,11,1,0.0,0.0,0.0,1,0.001,0.0,0.001,1,0.003,0.0,0.003
emerging_haplotype,h3n2,region,2026-03-26,2026-05-07,42,Africa,J.2,0.0,0.0,0.0,5.0000000000000016e-05,11,1,0.0,0.0,0.0,1,0.001,0.0,0.001,1,0.003,0.0,0.003
emerging_haplotype,h3n2,region,2026-03-26,2026-05-14,49,Africa,J.2,0.0,0.0,0.0,5.0000000000000016e-05,11,1,0.0,0.0,0.0,1,0.001,0.0,0.001,1,0.003,0.0,0.003
emerging_haplotype,h3n2,region,2026-03-26,2026-05-21,56,Africa,J.2,0.0,0.0,0.0,4.285714285714286e-05,11,1,0.0,0.0,0.0,1,0.001,0.0,0.001,1,0.002,0.0,0.002
emerging_haplotype,h3n2,region,2026-03-26,2026-04-02,7,Africa,J.2.2,0.0,0.008,0.008,0.005878571428571428,11,0,0.001,0.0,0.001,0,0.002,0.0,0.002,0,0.005,0.0,0.005
emerging_haplotype,h3n2,region,2026-03-26,2026-04-09,14,Africa,J.2.2,0.0,0.008,0.008,0.005878571428571428,11,0,0.001,0.0,0.001,0,0.002,0.0,0.002,0,0.005,0.0,0.005
emerging_haplotype,h3n2,region,2026-03-26,2026-04-16,21,Africa,J.2.2,0.0,0.0,0.0,9.285714285714289e-05,11,1,0.0,0.0,0.0,1,0.002,0.0,0.002,1,0.005,0.0,0.005
emerging_haplotype,h3n2,region,2026-03-26,2026-04-23,28,Africa,J.2.2,0.0,0.0,0.0,5.714285714285716e-05,11,1,0.0,0.0,0.0,1,0.001,0.0,0.001,1,0.004,0.0,0.004
emerging_haplotype,h3n2,region,2026-03-26,2026-04-30,35,Africa,J.2.2,0.0,0.0,0.0,5.714285714285716e-05,11,1,0.0,0.0,0.0,1,0.001,0.0,0.001,1,0.004,0.0,0.004
emerging_haplotype,h3n2,region,2026-03-26,2026-05-07,42,Africa,J.2.2,0.0,0.0,0.0,5.714285714285716e-05,11,1,0.0,0.0,0.0,1,0.001,0.0,0.001,1,0.004,0.0,0.004
emerging_haplotype,h3n2,region,2026-03-26,2026-05-14,49,Africa,J.2.2,0.0,0.0,0.0,5.714285714285716e-05,11,1,0.0,0.0,0.0,1,0.001,0.0,0.001,1,0.004,0.0,0.004
emerging_haplotype,h3n2,region,2026-03-26,2026-05-21,56,Africa,J.2.2,0.0,0.0,0.0,5.714285714285716e-05,11,1,0.0,0.0,0.0,1,0.001,0.0,0.001,1,0.004,0.0,0.004
emerging_haplotype,h3n2,region,2026-03-26,2026-04-02,7,Africa,J.2.3,0.0,0.0,0.0,0.0,11,1,0.0,0.0,0.0,1,0.0,0.0,0.0,1,0.0,0.0,0.0
emerging_haplotype,h3n2,region,2026-03-26,2026-04-09,14,Africa,J.2.3,0.0,0.0,0.0,0.0,11,1,0.0,0.0,0.0,1,0.0,0.0,0.0,1,0.0,0.0,0.0
emerging_haplotype,h3n2,region,2026-03-26,2026-04-16,21,Africa,J.2.3,0.0,0.0,0.0,0.0,11,1,0.0,0.0,0.0,1,0.0,0.0,0.0,1,0.0,0.0,0.0
emerging_haplotype,h3n2,region,2026-03-26,2026-04-23,28,Africa,J.2.3,0.0,0.0,0.0,0.0,11,1,0.0,0.0,0.0,1,0.0,0.0,0.0,1,0.0,0.0,0.0
emerging_haplotype,h3n2,region,2026-03-26,2026-04-30,35,Africa,J.2.3,0.0,0.0,0.0,0.0,11,1,0.0,0.0,0.0,1,0.0,0.0,0.0,1,0.0,0.0,0.0
emerging_haplotype,h3n2,region,2026-03-26,2026-05-07,42,Africa,J.2.3,0.0,0.0,0.0,0.0,11,1,0.0,0.0,0.0,1,0.0,0.0,0.0,1,0.0,0.0,0.0
emerging_haplotype,h3n2,region,2026-03-26,2026-05-14,49,Africa,J.2.3,0.0,0.0,0.0,0.0,11,1,0.0,0.0,0.0,1,0.0,0.0,0.0,1,0.0,0.0,0.0
emerging_haplotype,h3n2,region,2026-03-26,2026-05-21,56,Africa,J.2.3,0.0,0.0,0.0,0.0,11,1,0.0,0.0,0.0,1,0.0,0.0,0.0,1,0.0,0.0,0.0
emerging_haplotype,h3n2,region,2026-03-26,2026-04-02,7,Africa,J.2.4,0.033,0.023,0.010000000000000002,0.005035714285714287,11,0,0.019999999999999997,0.025,0.045,1,0.038000000000000006,0.019,0.057,1,0.07300000000000001,0.011,0.084
emerging_haplotype,h3n2,region,2026-03-26,2026-04-09,14,Africa,J.2.4,0.029,0.023,0.006000000000000002,0.003664285714285715,11,1,0.018000000000000002,0.022,0.04,1,0.036,0.016,0.052,1,0.069,0.009,0.078
emerging_haplotype,h3n2,region,2026-03-26,2026-04-16,21,Africa,J.2.4,0.025,0.008,0.017,0.009657142857142855,11,0,0.016999999999999998,0.019,0.036,0,0.034,0.013,0.047,1,0.06599999999999999,0.007,0.073
emerging_haplotype,h3n2,region,2026-03-26,2026-04-23,28,Africa,J.2.4,0.022,0.0,0.022,0.0151,11,0,0.016,0.016,0.032,0,0.033,0.011,0.044,0,0.062000000000000006,0.006,0.068
emerging_haplotype,h3n2,region,2026-03-26,2026-04-30,35,Africa,J.2.4,0.019,0.0,0.019,0.012735714285714286,11,0,0.014,0.014,0.028,0,0.031,0.009,0.04,0,0.059,0.004,0.063
emerging_haplotype,h3n2,region,2026-03-26,2026-05-07,42,Africa,J.2.4,0.017,0.0,0.017,0.010964285714285716,11,0,0.014000000000000002,0.011,0.025,0,0.03,0.007,0.037,0,0.05499999999999999,0.004,0.059
emerging_haplotype,h3n2,region,2026-03-26,2026-05-14,49,Africa,J.2.4,0.015,0.0,0.015,0.009092857142857142,11,0,0.013,0.009,0.022,0,0.028,0.005,0.033,0,0.051,0.003,0.054
emerging_haplotype,h3n2,region,2026-03-26,2026-05-21,56,Africa,J.2.4,0.013,0.0,0.013,0.007771428571428571,11,0,0.012,0.008,0.02,0,0.025,0.004,0.029,0,0.048,0.002,0.05
emerging_haplotype,h3n2,region,2026-03-26,2026-04-02,7,Africa,J.2.4:79V,0.032,0.0,0.032,0.019021428571428575,11,0,0.059000000000000004,0.01,0.069,0,0.161,0.002,0.163,0,0.269,0.001,0.27
emerging_haplotype,h3n2,region,2026-03-26,2026-04-09,14,Africa,J.2.4:79V,0.034,0.0,0.034,0.020685714285714286,11,0,0.066,0.01,0.076,0,0.181,0.002,0.183,0,0.312,0.001,0.313
emerging_haplotype,h3n2,region,2026-03-26,2026-04-16,21,Africa,J.2.4:79V,0.036,0.0,0.036,0.022664285714285717,11,0,0.07100000000000001,0.011,0.082,0,0.206,0.002,0.208,0,0.359,0.001,0.36
emerging_haplotype,h3n2,region,2026-03-26,2026-04-23,28,Africa,J.2.4:79V,0.039,0.0,0.039,0.024964285714285717,11,0,0.079,0.011,0.09,0,0.239,0.002,0.241,0,0.409,0.001,0.41
emerging_haplotype,h3n2,region,2026-03-26,2026-04-30,35,Africa,J.2.4:79V,0.042,0.0,0.042,0.027321428571428576,11,0,0.08700000000000001,0.011,0.098,0,0.274,0.002,0.276,0,0.459,0.001,0.46
emerging_haplotype,h3n2,region,2026-03-26,2026-05-07,42,Africa,J.2.4:79V,0.046,0.0,0.046,0.029850000000000005,11,0,0.097,0.011,0.108,0,0.305,0.002,0.307,0,0.509,0.001,0.51
emerging_haplotype,h3n2,region,2026-03-26,2026-05-14,49,Africa,J.2.4:79V,0.05,0.0,0.05,0.03232857142857143,11,0,0.109,0.011,0.12,0,0.339,0.002,0.341,1,0.56,0.0,0.56
emerging_haplotype,h3n2,region,2026-03-26,2026-05-21,56,Africa,J.2.4:79V,0.054,0.0,0.054,0.03507857142857143,11,0,0.12400000000000001,0.011,0.135,0,0.376,0.001,0.377,1,0.607,0.0,0.607
emerging_haplotype,h3n2,region,2026-03-26,2026-04-02,7,Africa,K:145N,0.028,0.07,0.04200000000000001,0.01675714285714286,11,0,0.059000000000000004,0.01,0.069,1,0.154,0.004,0.158,1,0.26,0.001,0.261
emerging_haplotype,h3n2,region,2026-03-26,2026-04-09,14,Africa,K:145N,0.029,0.098,0.069,0.02815714285714286,11,0,0.065,0.01,0.075,1,0.173,0.003,0.176,1,0.3,0.001,0.301
emerging_haplotype,h3n2,region,2026-03-26,2026-04-16,21,Africa,K:145N,0.03,0.153,0.123,0.0515,11,0,0.07100000000000001,0.009,0.08,1,0.194,0.003,0.197,1,0.344,0.001,0.345
emerging_haplotype,h3n2,region,2026-03-26,2026-04-23,28,Africa,K:145N,0.031,0.171,0.14,0.05893571428571429,11,0,0.07600000000000001,0.009,0.085,1,0.215,0.003,0.218,1,0.391,0.001,0.392
emerging_haplotype,h3n2,region,2026-03-26,2026-04-30,35,Africa,K:145N,0.032,0.204,0.172,0.07276428571428571,11,0,0.08299999999999999,0.008,0.091,1,0.239,0.003,0.242,1,0.441,0.001,0.442
emerging_haplotype,h3n2,region,2026-03-26,2026-05-07,42,Africa,K:145N,0.032,0.215,0.183,0.07771428571428572,11,0,0.088,0.008,0.096,1,0.272,0.003,0.275,1,0.492,0.0,0.492
emerging_haplotype,h3n2,region,2026-03-26,2026-05-14,49,Africa,K:145N,0.034,0.209,0.175,0.07477142857142857,11,0,0.09499999999999999,0.007,0.102,1,0.299,0.002,0.301,1,0.542,0.0,0.542
emerging_haplotype,h3n2,region,2026-03-26,2026-05-21,56,Africa,K:145N,0.034,0.261,0.227,0.09626428571428572,11,0,0.103,0.007,0.11,1,0.319,0.002,0.321,1,0.591,0.0,0.591
emerging_haplotype,h3n2,region,2026-03-26,2026-04-02,7,Africa,K:223I,0.011,0.008,0.002999999999999999,0.005921428571428571,11,1,0.030000000000000002,0.003,0.033,1,0.084,0.001,0.085,1,0.133,0.0,0.133
emerging_haplotype,h3n2,region,2026-03-26,2026-04-09,14,Africa,K:223I,0.011,0.008,0.002999999999999999,0.006592857142857143,11,1,0.032,0.003,0.035,1,0.098,0.001,0.099,1,0.151,0.0,0.151
emerging_haplotype,h3n2,region,2026-03-26,2026-04-16,21,Africa,K:223I,0.012,0.016,0.004,0.00755,11,1,0.034999999999999996,0.003,0.038,1,0.113,0.001,0.114,1,0.175,0.0,0.175
emerging_haplotype,h3n2,region,2026-03-26,2026-04-23,28,Africa,K:223I,0.013,0.009,0.004,0.008528571428571429,11,1,0.04,0.002,0.042,1,0.128,0.001,0.129,1,0.202,0.0,0.202
emerging_haplotype,h3n2,region,2026-03-26,2026-04-30,35,Africa,K:223I,0.014,0.011,0.003000000000000001,0.009578571428571428,11,1,0.045,0.002,0.047,1,0.15,0.001,0.151,1,0.231,0.0,0.231
emerging_haplotype,h3n2,region,2026-03-26,2026-05-07,42,Africa,K:223I,0.014,0.013,0.0010000000000000009,0.010578571428571429,11,1,0.048999999999999995,0.002,0.051,1,0.175,0.0,0.175,1,0.271,0.0,0.271
emerging_haplotype,h3n2,region,2026-03-26,2026-05-14,49,Africa,K:223I,0.014,0.015,0.0009999999999999992,0.012207142857142859,11,1,0.056999999999999995,0.002,0.059,1,0.199,0.0,0.199,1,0.323,0.0,0.323
emerging_haplotype,h3n2,region,2026-03-26,2026-05-21,56,Africa,K:223I,0.015,0.022,0.006999999999999999,0.01465,11,1,0.065,0.002,0.067,1,0.223,0.0,0.223,1,0.369,0.0,0.369
emerging_haplotype,h3n2,region,2026-03-26,2026-04-02,7,Africa,K:328S,0.0,0.039,0.039,0.025707142857142855,11,0,0.002,0.0,0.002,0,0.009,0.0,0.009,1,0.083,0.0,0.083
emerging_haplotype,h3n2,region,2026-03-26,2026-04-09,14,Africa,K:328S,0.0,0.053,0.053,0.035321428571428566,11,0,0.002,0.0,0.002,0,0.011,0.0,0.011,1,0.101,0.0,0.101
emerging_haplotype,h3n2,region,2026-03-26,2026-04-16,21,Africa,K:328S,0.0,0.089,0.089,0.06098571428571429,11,0,0.002,0.0,0.002,0,0.012,0.0,0.012,1,0.13,0.0,0.13
emerging_haplotype,h3n2,region,2026-03-26,2026-04-23,28,Africa,K:328S,0.0,0.072,0.072,0.04877857142857143,11,0,0.002,0.0,0.002,0,0.013,0.0,0.013,1,0.157,0.0,0.157
emerging_haplotype,h3n2,region,2026-03-26,2026-04-30,35,Africa,K:328S,0.0,0.086,0.086,0.058478571428571435,11,0,0.002,0.0,0.002,0,0.015,0.0,0.015,1,0.187,0.0,0.187
emerging_haplotype,h3n2,region,2026-03-26,2026-05-07,42,Africa,K:328S,0.0,0.089,0.089,0.06014285714285713,11,0,0.003,0.0,0.003,0,0.017,0.0,0.017,1,0.222,0.0,0.222
emerging_haplotype,h3n2,region,2026-03-26,2026-05-14,49,Africa,K:328S,0.0,0.104,0.104,0.07037142857142857,11,0,0.003,0.0,0.003,0,0.02,0.0,0.02,1,0.262,0.0,0.262
emerging_haplotype,h3n2,region,2026-03-26,2026-05-21,56,Africa,K:328S,0.0,0.13,0.13,0.08796428571428572,11,0,0.003,0.0,0.003,0,0.025,0.0,0.025,1,0.305,0.0,0.305
emerging_haplotype,h3n2,region,2026-03-26,2026-04-02,7,Africa,K:80K,0.0,0.0,0.0,0.00011428571428571432,11,1,0.0,0.0,0.0,1,0.002,0.0,0.002,1,0.008,0.0,0.008
emerging_haplotype,h3n2,region,2026-03-26,2026-04-09,14,Africa,K:80K,0.0,0.0,0.0,0.00015000000000000001,11,1,0.0,0.0,0.0,1,0.003,0.0,0.003,1,0.009,0.0,0.009
emerging_haplotype,h3n2,region,2026-03-26,2026-04-16,21,Africa,K:80K,0.0,0.0,0.0,0.0001571428571428572,11,1,0.0,0.0,0.0,1,0.003,0.0,0.003,1,0.01,0.0,0.01
emerging_haplotype,h3n2,region,2026-03-26,2026-04-23,28,Africa,K:80K,0.0,0.0,0.0,0.00016428571428571433,11,1,0.0,0.0,0.0,1,0.003,0.0,0.003,1,0.011,0.0,0.011
emerging_haplotype,h3n2,region,2026-03-26,2026-04-30,35,Africa,K:80K,0.0,0.0,0.0,0.00016428571428571433,11,1,0.0,0.0,0.0,1,0.003,0.0,0.003,1,0.011,0.0,0.011
emerging_haplotype,h3n2,region,2026-03-26,2026-05-07,42,Africa,K:80K,0.0,0.0,0.0,0.00020000000000000006,11,1,0.0,0.0,0.0,1,0.004,0.0,0.004,1,0.012,0.0,0.012
emerging_haplotype,h3n2,region,2026-03-26,2026-05-14,49,Africa,K:80K,0.0,0.0,0.0,0.00021428571428571436,11,1,0.0,0.0,0.0,1,0.004,0.0,0.004,1,0.014,0.0,0.014
emerging_haplotype,h3n2,region,2026-03-26,2026-05-21,56,Africa,K:80K,0.0,0.0,0.0,0.00022857142857142865,11,1,0.0,0.0,0.0,1,0.004,0.0,0.004,1,0.016,0.0,0.016
emerging_haplotype,h3n2,region,2026-03-26,2026-04-02,7,Africa,K,0.835,0.852,0.017000000000000015,0.021657142857142857,11,1,0.11699999999999999,0.761,0.878,1,0.268,0.647,0.915,1,0.45000000000000007,0.484,0.934
emerging_haplotype,h3n2,region,2026-03-26,2026-04-09,14,Africa,K,0.825,0.812,0.0129999999999999,0.02430714285714285,11,1,0.14,0.736,0.876,1,0.31000000000000005,0.606,0.916,1,0.5030000000000001,0.433,0.936
emerging_haplotype,h3n2,region,2026-03-26,2026-04-16,21,Africa,K,0.812,0.734,0.07800000000000007,0.03727142857142859,11,1,0.16900000000000004,0.704,0.873,1,0.3530000000000001,0.563,0.916,1,0.556,0.381,0.937
emerging_haplotype,h3n2,region,2026-03-26,2026-04-23,28,Africa,K,0.793,0.748,0.04500000000000004,0.03615714285714287,11,1,0.19699999999999995,0.673,0.87,1,0.396,0.519,0.915,1,0.6079999999999999,0.332,0.94
emerging_haplotype,h3n2,region,2026-03-26,2026-04-30,35,Africa,K,0.777,0.699,0.07800000000000007,0.04467857142857144,11,1,0.22599999999999998,0.644,0.87,1,0.44400000000000006,0.471,0.915,1,0.659,0.284,0.943
emerging_haplotype,h3n2,region,2026-03-26,2026-05-07,42,Africa,K,0.762,0.684,0.07799999999999996,0.04870714285714285,11,1,0.259,0.605,0.864,1,0.49100000000000005,0.422,0.913,1,0.705,0.241,0.946
emerging_haplotype,h3n2,region,2026-03-26,2026-05-14,49,Africa,K,0.742,0.672,0.06999999999999995,0.0519,11,1,0.29600000000000004,0.566,0.862,1,0.537,0.376,0.913,1,0.758,0.19,0.948
emerging_haplotype,h3n2,region,2026-03-26,2026-05-21,56,Africa,K,0.724,0.587,0.137,0.06591428571428572,11,1,0.33199999999999996,0.526,0.858,1,0.5900000000000001,0.325,0.915,1,0.8079999999999999,0.141,0.949
emerging_haplotype,h3n2,region,2026-03-26,2026-04-02,7,China,J.2,0.0,0.0,0.0,0.00015714285714285716,11,1,0.001,0.0,0.001,1,0.002,0.0,0.002,1,0.004,0.0,0.004
emerging_haplotype,h3n2,region,2026-03-26,2026-04-09,14,China,J.2,0.0,0.0,0.0,0.0001285714285714286,11,1,0.001,0.0,0.001,1,0.001,0.0,0.001,1,0.004,0.0,0.004
emerging_haplotype,h3n2,region,2026-03-26,2026-04-16,21,China,J.2,0.0,0.0,0.0,5.0000000000000016e-05,11,1,0.0,0.0,0.0,1,0.001,0.0,0.001,1,0.003,0.0,0.003
emerging_haplotype,h3n2,region,2026-03-26,2026-04-23,28,China,J.2,0.0,0.0,0.0,5.0000000000000016e-05,11,1,0.0,0.0,0.0,1,0.001,0.0,0.001,1,0.003,0.0,0.003
emerging_haplotype,h3n2,region,2026-03-26,2026-04-30,35,China,J.2,0.0,0.0,0.0,5.0000000000000016e-05,11,1,0.0,0.0,0.0,1,0.001,0.0,0.001,1,0.003,0.0,0.003
emerging_haplotype,h3n2,region,2026-03-26,2026-05-07,42,China,J.2,0.0,0.0,0.0,5.0000000000000016e-05,11,1,0.0,0.0,0.0,1,0.001,0.0,0.001,1,0.003,0.0,0.003
emerging_haplotype,h3n2,region,2026-03-26,2026-05-14,49,China,J.2,0.0,0.0,0.0,4.285714285714286e-05,11,1,0.0,0.0,0.0,1,0.001,0.0,0.001,1,0.002,0.0,0.002
emerging_haplotype,h3n2,region,2026-03-26,2026-05-21,56,China,J.2,0.0,0.0,0.0,4.285714285714286e-05,11,1,0.0,0.0,0.0,1,0.001,0.0,0.001,1,0.002,0.0,0.002
emerging_haplotype,h3n2,region,2026-03-26,2026-04-02,7,China,J.2.2,0.003,0.062,0.059,0.054921428571428565,11,0,0.003,0.002,0.005,0,0.007,0.001,0.008,0,0.011,0.001,0.012
emerging_haplotype,h3n2,region,2026-03-26,2026-04-09,14,China,J.2.2,0.002,0.083,0.081,0.07709285714285714,11,0,0.002,0.002,0.004,0,0.006,0.001,0.007,0,0.009000000000000001,0.001,0.01
emerging_haplotype,h3n2,region,2026-03-26,2026-04-16,21,China,J.2.2,0.002,0.077,0.075,0.07217857142857143,11,0,0.002,0.001,0.003,0,0.004,0.001,0.005,0,0.009,0.0,0.009
emerging_haplotype,h3n2,region,2026-03-26,2026-04-23,28,China,J.2.2,0.001,0.091,0.09,0.08713571428571429,11,0,0.002,0.001,0.003,0,0.003,0.001,0.004,0,0.007,0.0,0.007
emerging_haplotype,h3n2,region,2026-03-26,2026-04-30,35,China,J.2.2,0.001,0.125,0.124,0.12165714285714284,11,0,0.001,0.001,0.002,0,0.004,0.0,0.004,0,0.006,0.0,0.006
emerging_haplotype,h3n2,region,2026-03-26,2026-05-07,42,China,J.2.2,0.001,0.125,0.124,0.12219285714285713,11,0,0.001,0.001,0.002,0,0.003,0.0,0.003,0,0.005,0.0,0.005
emerging_haplotype,h3n2,region,2026-03-26,2026-05-14,49,China,J.2.2,0.001,0.0,0.001,0.00030000000000000003,11,1,0.001,0.0,0.001,1,0.002,0.0,0.002,1,0.004,0.0,0.004
emerging_haplotype,h3n2,region,2026-03-26,2026-05-21,56,China,J.2.2,0.001,0.0,0.001,0.00030000000000000003,11,1,0.001,0.0,0.001,1,0.002,0.0,0.002,1,0.004,0.0,0.004
emerging_haplotype,h3n2,region,2026-03-26,2026-04-02,7,China,J.2.3,0.0,0.0,0.0,0.0,11,1,0.0,0.0,0.0,1,0.0,0.0,0.0,1,0.0,0.0,0.0
emerging_haplotype,h3n2,region,2026-03-26,2026-04-09,14,China,J.2.3,0.0,0.0,0.0,0.0,11,1,0.0,0.0,0.0,1,0.0,0.0,0.0,1,0.0,0.0,0.0
emerging_haplotype,h3n2,region,2026-03-26,2026-04-16,21,China,J.2.3,0.0,0.0,0.0,0.0,11,1,0.0,0.0,0.0,1,0.0,0.0,0.0,1,0.0,0.0,0.0
emerging_haplotype,h3n2,region,2026-03-26,2026-04-23,28,China,J.2.3,0.0,0.0,0.0,0.0,11,1,0.0,0.0,0.0,1,0.0,0.0,0.0,1,0.0,0.0,0.0
emerging_haplotype,h3n2,region,2026-03-26,2026-04-30,35,China,J.2.3,0.0,0.0,0.0,0.0,11,1,0.0,0.0,0.0,1,0.0,0.0,0.0,1,0.0,0.0,0.0
emerging_haplotype,h3n2,region,2026-03-26,2026-05-07,42,China,J.2.3,0.0,0.0,0.0,0.0,11,1,0.0,0.0,0.0,1,0.0,0.0,0.0,1,0.0,0.0,0.0
emerging_haplotype,h3n2,region,2026-03-26,2026-05-14,49,China,J.2.3,0.0,0.0,0.0,0.0,11,1,0.0,0.0,0.0,1,0.0,0.0,0.0,1,0.0,0.0,0.0
emerging_haplotype,h3n2,region,2026-03-26,2026-05-21,56,China,J.2.3,0.0,0.0,0.0,0.0,11,1,0.0,0.0,0.0,1,0.0,0.0,0.0,1,0.0,0.0,0.0
emerging_haplotype,h3n2,region,2026-03-26,2026-04-02,7,China,J.2.4,0.0,0.0,0.0,6.428571428571431e-05,11,1,0.0,0.0,0.0,1,0.001,0.0,0.001,1,0.005,0.0,0.005
emerging_haplotype,h3n2,region,2026-03-26,2026-04-09,14,China,J.2.4,0.0,0.0,0.0,6.428571428571431e-05,11,1,0.0,0.0,0.0,1,0.001,0.0,0.001,1,0.005,0.0,0.005
emerging_haplotype,h3n2,region,2026-03-26,2026-04-16,21,China,J.2.4,0.0,0.0,0.0,5.714285714285716e-05,11,1,0.0,0.0,0.0,1,0.001,0.0,0.001,1,0.004,0.0,0.004
emerging_haplotype,h3n2,region,2026-03-26,2026-04-23,28,China,J.2.4,0.0,0.0,0.0,5.714285714285716e-05,11,1,0.0,0.0,0.0,1,0.001,0.0,0.001,1,0.004,0.0,0.004
emerging_haplotype,h3n2,region,2026-03-26,2026-04-30,35,China,J.2.4,0.0,0.0,0.0,5.714285714285716e-05,11,1,0.0,0.0,0.0,1,0.001,0.0,0.001,1,0.004,0.0,0.004
emerging_haplotype,h3n2,region,2026-03-26,2026-05-07,42,China,J.2.4,0.0,0.0,0.0,5.0000000000000016e-05,11,1,0.0,0.0,0.0,1,0.001,0.0,0.001,1,0.003,0.0,0.003
emerging_haplotype,h3n2,region,2026-03-26,2026-05-14,49,China,J.2.4,0.0,0.0,0.0,2.142857142857145e-05,11,1,0.0,0.0,0.0,1,0.0,0.0,0.0,1,0.003,0.0,0.003
emerging_haplotype,h3n2,region,2026-03-26,2026-05-21,56,China,J.2.4,0.0,0.0,0.0,1.4285714285714297e-05,11,1,0.0,0.0,0.0,1,0.0,0.0,0.0,1,0.002,0.0,0.002
emerging_haplotype,h3n2,region,2026-03-26,2026-04-02,7,China,J.2.4:79V,0.0,0.0,0.0,0.00024285714285714294,11,1,0.0,0.0,0.0,1,0.004,0.0,0.004,1,0.018,0.0,0.018
emerging_haplotype,h3n2,region,2026-03-26,2026-04-09,14,China,J.2.4:79V,0.0,0.0,0.0,0.00029285714285714294,11,1,0.0,0.0,0.0,1,0.005,0.0,0.005,1,0.021,0.0,0.021
emerging_haplotype,h3n2,region,2026-03-26,2026-04-16,21,China,J.2.4:79V,0.0,0.0,0.0,0.0003214285714285716,11,1,0.0,0.0,0.0,1,0.005,0.0,0.005,1,0.025,0.0,0.025
emerging_haplotype,h3n2,region,2026-03-26,2026-04-23,28,China,J.2.4:79V,0.0,0.0,0.0,0.00035714285714285736,11,1,0.0,0.0,0.0,1,0.005,0.0,0.005,1,0.03,0.0,0.03
emerging_haplotype,h3n2,region,2026-03-26,2026-04-30,35,China,J.2.4:79V,0.0,0.0,0.0,0.0004000000000000002,11,1,0.0,0.0,0.0,1,0.005,0.0,0.005,1,0.036,0.0,0.036
emerging_haplotype,h3n2,region,2026-03-26,2026-05-07,42,China,J.2.4:79V,0.0,0.0,0.0,0.0004714285714285717,11,1,0.0,0.0,0.0,1,0.006,0.0,0.006,1,0.042,0.0,0.042
emerging_haplotype,h3n2,region,2026-03-26,2026-05-14,49,China,J.2.4:79V,0.0,0.0,0.0,0.000535714285714286,11,1,0.0,0.0,0.0,1,0.006,0.0,0.006,1,0.051,0.0,0.051
emerging_haplotype,h3n2,region,2026-03-26,2026-05-21,56,China,J.2.4:79V,0.0,0.0,0.0,0.0006071428571428574,11,1,0.0,0.0,0.0,1,0.006,0.0,0.006,1,0.061,0.0,0.061
emerging_haplotype,h3n2,region,2026-03-26,2026-04-02,7,China,K:145N,0.021,0.0,0.021,0.013207142857142858,11,0,0.044,0.007,0.051,0,0.103,0.002,0.105,0,0.177,0.001,0.178
emerging_haplotype,h3n2,region,2026-03-26,2026-04-09,14,China,K:145N,0.022,0.0,0.022,0.01437857142857143,11,0,0.049,0.007,0.056,0,0.119,0.002,0.121,0,0.207,0.001,0.208
emerging_haplotype,h3n2,region,2026-03-26,2026-04-16,21,China,K:145N,0.023,0.0,0.023,0.015428571428571429,11,0,0.055,0.006,0.061,0,0.138,0.002,0.14,0,0.238,0.001,0.239
emerging_haplotype,h3n2,region,2026-03-26,2026-04-23,28,China,K:145N,0.024,0.0,0.024,0.016785714285714286,11,0,0.060000000000000005,0.006,0.066,0,0.161,0.002,0.163,0,0.266,0.001,0.267
emerging_haplotype,h3n2,region,2026-03-26,2026-04-30,35,China,K:145N,0.025,0.0,0.025,0.018014285714285715,11,0,0.06599999999999999,0.006,0.072,0,0.183,0.002,0.185,1,0.31,0.0,0.31
emerging_haplotype,h3n2,region,2026-03-26,2026-05-07,42,China,K:145N,0.026,0.0,0.026,0.01959285714285714,11,0,0.073,0.006,0.079,0,0.206,0.002,0.208,1,0.349,0.0,0.349
emerging_haplotype,h3n2,region,2026-03-26,2026-05-14,49,China,K:145N,0.027,0.0,0.027,0.02098571428571429,11,0,0.079,0.006,0.085,0,0.225,0.002,0.227,1,0.388,0.0,0.388
emerging_haplotype,h3n2,region,2026-03-26,2026-05-21,56,China,K:145N,0.028,0.0,0.028,0.02217857142857143,11,0,0.088,0.006,0.094,0,0.239,0.001,0.24,1,0.429,0.0,0.429
emerging_haplotype,h3n2,region,2026-03-26,2026-04-02,7,China,K:223I,0.004,0.0,0.004,0.003978571428571429,11,0,0.011,0.001,0.012,1,0.047,0.0,0.047,1,0.139,0.0,0.139
emerging_haplotype,h3n2,region,2026-03-26,2026-04-09,14,China,K:223I,0.005,0.0,0.005,0.004542857142857143,11,0,0.012,0.001,0.013,1,0.053,0.0,0.053,1,0.164,0.0,0.164
emerging_haplotype,h3n2,region,2026-03-26,2026-04-16,21,China,K:223I,0.005,0.0,0.005,0.0050214285714285725,11,0,0.013000000000000001,0.001,0.014,1,0.059,0.0,0.059,1,0.197,0.0,0.197
emerging_haplotype,h3n2,region,2026-03-26,2026-04-23,28,China,K:223I,0.005,0.0,0.005,0.005557142857142858,11,0,0.013999999999999999,0.001,0.015,1,0.066,0.0,0.066,1,0.234,0.0,0.234
emerging_haplotype,h3n2,region,2026-03-26,2026-04-30,35,China,K:223I,0.005,0.0,0.005,0.0060357142857142875,11,0,0.013999999999999999,0.001,0.015,1,0.072,0.0,0.072,1,0.277,0.0,0.277
emerging_haplotype,h3n2,region,2026-03-26,2026-05-07,42,China,K:223I,0.005,0.0,0.005,0.006550000000000002,11,0,0.015,0.001,0.016,1,0.076,0.0,0.076,1,0.323,0.0,0.323
emerging_haplotype,h3n2,region,2026-03-26,2026-05-14,49,China,K:223I,0.005,0.0,0.005,0.007307142857142858,11,0,0.016,0.001,0.017,1,0.088,0.0,0.088,1,0.371,0.0,0.371
emerging_haplotype,h3n2,region,2026-03-26,2026-05-21,56,China,K:223I,0.005,0.0,0.005,0.008128571428571431,11,0,0.016999999999999998,0.001,0.018,1,0.102,0.0,0.102,1,0.42,0.0,0.42
emerging_haplotype,h3n2,region,2026-03-26,2026-04-02,7,China,K:328S,0.003,0.0,0.003,0.003164285714285714,11,0,0.011,0.001,0.012,1,0.034,0.0,0.034,1,0.097,0.0,0.097
emerging_haplotype,h3n2,region,2026-03-26,2026-04-09,14,China,K:328S,0.003,0.0,0.003,0.003464285714285715,11,0,0.012,0.001,0.013,1,0.038,0.0,0.038,1,0.113,0.0,0.113
emerging_haplotype,h3n2,region,2026-03-26,2026-04-16,21,China,K:328S,0.003,0.0,0.003,0.003828571428571429,11,0,0.013000000000000001,0.001,0.014,1,0.044,0.0,0.044,1,0.13,0.0,0.13
emerging_haplotype,h3n2,region,2026-03-26,2026-04-23,28,China,K:328S,0.003,0.0,0.003,0.004242857142857144,11,0,0.013999999999999999,0.001,0.015,1,0.051,0.0,0.051,1,0.15,0.0,0.15
emerging_haplotype,h3n2,region,2026-03-26,2026-04-30,35,China,K:328S,0.003,0.0,0.003,0.004642857142857143,11,0,0.015,0.001,0.016,1,0.057,0.0,0.057,1,0.172,0.0,0.172
emerging_haplotype,h3n2,region,2026-03-26,2026-05-07,42,China,K:328S,0.003,0.0,0.003,0.005057142857142858,11,0,0.016,0.001,0.017,1,0.063,0.0,0.063,1,0.196,0.0,0.196
emerging_haplotype,h3n2,region,2026-03-26,2026-05-14,49,China,K:328S,0.003,0.0,0.003,0.005585714285714287,11,0,0.018,0.001,0.019,1,0.07,0.0,0.07,1,0.222,0.0,0.222
emerging_haplotype,h3n2,region,2026-03-26,2026-05-21,56,China,K:328S,0.003,0.0,0.003,0.005914285714285715,11,1,0.02,0.0,0.02,1,0.079,0.0,0.079,1,0.252,0.0,0.252
emerging_haplotype,h3n2,region,2026-03-26,2026-04-02,7,China,K:80K,0.0,0.0,0.0,0.0003071428571428573,11,1,0.001,0.0,0.001,1,0.003,0.0,0.003,1,0.021,0.0,0.021
emerging_haplotype,h3n2,region,2026-03-26,2026-04-09,14,China,K:80K,0.0,0.0,0.0,0.00032857142857142867,11,1,0.001,0.0,0.001,1,0.003,0.0,0.003,1,0.024,0.0,0.024
emerging_haplotype,h3n2,region,2026-03-26,2026-04-16,21,China,K:80K,0.0,0.0,0.0,0.00037142857142857154,11,1,0.001,0.0,0.001,1,0.004,0.0,0.004,1,0.026,0.0,0.026
emerging_haplotype,h3n2,region,2026-03-26,2026-04-23,28,China,K:80K,0.0,0.0,0.0,0.0004142857142857144,11,1,0.001,0.0,0.001,1,0.005,0.0,0.005,1,0.028,0.0,0.028
emerging_haplotype,h3n2,region,2026-03-26,2026-04-30,35,China,K:80K,0.0,0.0,0.0,0.0004500000000000002,11,1,0.001,0.0,0.001,1,0.005,0.0,0.005,1,0.033,0.0,0.033
emerging_haplotype,h3n2,region,2026-03-26,2026-05-07,42,China,K:80K,0.0,0.0,0.0,0.0004785714285714288,11,1,0.001,0.0,0.001,1,0.005,0.0,0.005,1,0.037,0.0,0.037
emerging_haplotype,h3n2,region,2026-03-26,2026-05-14,49,China,K:80K,0.0,0.0,0.0,0.0005428571428571431,11,1,0.001,0.0,0.001,1,0.006,0.0,0.006,1,0.042,0.0,0.042
emerging_haplotype,h3n2,region,2026-03-26,2026-05-21,56,China,K:80K,0.0,0.0,0.0,0.000585714285714286,11,1,0.001,0.0,0.001,1,0.006,0.0,0.006,1,0.048,0.0,0.048
emerging_haplotype,h3n2,region,2026-03-26,2026-04-02,7,China,K,0.939,0.938,0.0010000000000000009,0.011778571428571428,11,1,0.07599999999999996,0.889,0.965,1,0.14100000000000001,0.841,0.982,1,0.30499999999999994,0.682,0.987
emerging_haplotype,h3n2,region,2026-03-26,2026-04-09,14,China,K,0.935,0.917,0.018000000000000016,0.01640714285714286,11,1,0.09099999999999997,0.873,0.964,1,0.16700000000000004,0.816,0.983,1,0.359,0.629,0.988
emerging_haplotype,h3n2,region,2026-03-26,2026-04-16,21,China,K,0.93,0.923,0.007000000000000006,0.017442857142857142,11,1,0.10899999999999999,0.854,0.963,1,0.19899999999999995,0.785,0.984,1,0.41600000000000004,0.573,0.989
emerging_haplotype,h3n2,region,2026-03-26,2026-04-23,28,China,K,0.925,0.909,0.016000000000000014,0.021642857142857148,11,1,0.129,0.834,0.963,1,0.236,0.748,0.984,1,0.476,0.514,0.99
emerging_haplotype,h3n2,region,2026-03-26,2026-04-30,35,China,K,0.917,0.875,0.04200000000000004,0.02782142857142858,11,1,0.14600000000000002,0.814,0.96,1,0.265,0.719,0.984,1,0.5349999999999999,0.455,0.99
emerging_haplotype,h3n2,region,2026-03-26,2026-05-07,42,China,K,0.909,0.875,0.03400000000000003,0.02966428571428571,11,1,0.16599999999999993,0.793,0.959,1,0.30399999999999994,0.68,0.984,1,0.597,0.394,0.991
emerging_haplotype,h3n2,region,2026-03-26,2026-05-14,49,China,K,0.901,1.0,0.09899999999999998,0.06196428571428573,11,0,0.19299999999999995,0.764,0.957,0,0.345,0.639,0.984,0,0.665,0.326,0.991
emerging_haplotype,h3n2,region,2026-03-26,2026-05-21,56,China,K,0.891,1.0,0.10899999999999999,0.0673857142857143,11,0,0.21799999999999997,0.736,0.954,0,0.391,0.593,0.984,0,0.71,0.282,0.992
emerging_haplotype,h3n2,region,2026-03-26,2026-04-02,7,Europe,J.2,0.001,0.0,0.001,0.00025714285714285715,11,1,0.001,0.0,0.001,1,0.001,0.0,0.001,1,0.002,0.0,0.002
emerging_haplotype,h3n2,region,2026-03-26,2026-04-09,14,Europe,J.2,0.0,0.0,0.0,0.00010714285714285715,11,1,0.001,0.0,0.001,1,0.001,0.0,0.001,1,0.001,0.0,0.001
emerging_haplotype,h3n2,region,2026-03-26,2026-04-16,21,Europe,J.2,0.0,0.0,0.0,0.00010714285714285715,11,1,0.001,0.0,0.001,1,0.001,0.0,0.001,1,0.001,0.0,0.001
emerging_haplotype,h3n2,region,2026-03-26,2026-04-23,28,Europe,J.2,0.0,0.0,0.0,0.00010714285714285715,11,1,0.001,0.0,0.001,1,0.001,0.0,0.001,1,0.001,0.0,0.001
emerging_haplotype,h3n2,region,2026-03-26,2026-04-30,35,Europe,J.2,0.0,0.0,0.0,3.571428571428572e-05,11,1,0.0,0.0,0.0,1,0.001,0.0,0.001,1,0.001,0.0,0.001
emerging_haplotype,h3n2,region,2026-03-26,2026-05-07,42,Europe,J.2,0.0,0.0,0.0,7.142857142857149e-06,11,1,0.0,0.0,0.0,1,0.0,0.0,0.0,1,0.001,0.0,0.001
emerging_haplotype,h3n2,region,2026-03-26,2026-05-14,49,Europe,J.2,0.0,0.0,0.0,7.142857142857149e-06,11,1,0.0,0.0,0.0,1,0.0,0.0,0.0,1,0.001,0.0,0.001
emerging_haplotype,h3n2,region,2026-03-26,2026-05-21,56,Europe,J.2,0.0,0.0,0.0,7.142857142857149e-06,11,1,0.0,0.0,0.0,1,0.0,0.0,0.0,1,0.001,0.0,0.001
emerging_haplotype,h3n2,region,2026-03-26,2026-04-02,7,Europe,J.2.2,0.005,0.022,0.016999999999999998,0.013564285714285713,11,0,0.004,0.003,0.007,0,0.006999999999999999,0.002,0.009,0,0.011,0.002,0.013
emerging_haplotype,h3n2,region,2026-03-26,2026-04-09,14,Europe,J.2.2,0.005,0.011,0.005999999999999999,0.0031357142857142855,11,0,0.004,0.003,0.007,0,0.006999999999999999,0.002,0.009,1,0.011,0.001,0.012
emerging_haplotype,h3n2,region,2026-03-26,2026-04-16,21,Europe,J.2.2,0.004,0.016,0.012,0.008464285714285714,11,0,0.003,0.003,0.006,0,0.006,0.002,0.008,0,0.011,0.001,0.012
emerging_haplotype,h3n2,region,2026-03-26,2026-04-23,28,Europe,J.2.2,0.004,0.024,0.02,0.016535714285714286,11,0,0.004,0.002,0.006,0,0.006,0.002,0.008,0,0.011,0.001,0.012
emerging_haplotype,h3n2,region,2026-03-26,2026-04-30,35,Europe,J.2.2,0.004,0.017,0.013000000000000001,0.010314285714285717,11,0,0.003,0.002,0.005,0,0.006,0.001,0.007,0,0.009999999999999998,0.001,0.011
emerging_haplotype,h3n2,region,2026-03-26,2026-05-07,42,Europe,J.2.2,0.003,0.027,0.024,0.020457142857142858,11,0,0.003,0.002,0.005,0,0.006,0.001,0.007,0,0.009999999999999998,0.001,0.011
emerging_haplotype,h3n2,region,2026-03-26,2026-05-14,49,Europe,J.2.2,0.003,0.0,0.003,0.002,11,0,0.003,0.002,0.005,0,0.005,0.001,0.006,0,0.009999999999999998,0.001,0.011
emerging_haplotype,h3n2,region,2026-03-26,2026-05-21,56,Europe,J.2.2,0.003,0.0,0.003,0.0019214285714285715,11,0,0.002,0.002,0.004,0,0.005,0.001,0.006,0,0.009000000000000001,0.001,0.01
emerging_haplotype,h3n2,region,2026-03-26,2026-04-02,7,Europe,J.2.3,0.006,0.025,0.019000000000000003,0.01685,11,0,0.003,0.004,0.007,0,0.004999999999999999,0.004,0.009,0,0.009,0.002,0.011
emerging_haplotype,h3n2,region,2026-03-26,2026-04-09,14,Europe,J.2.3,0.005,0.028,0.023,0.02055714285714286,11,0,0.003,0.004,0.007,0,0.005,0.003,0.008,0,0.008,0.002,0.01
emerging_haplotype,h3n2,region,2026-03-26,2026-04-16,21,Europe,J.2.3,0.004,0.031,0.027,0.024192857142857144,11,0,0.002,0.004,0.006,0,0.005,0.003,0.008,0,0.006999999999999999,0.002,0.009
emerging_haplotype,h3n2,region,2026-03-26,2026-04-23,28,Europe,J.2.3,0.004,0.037,0.033,0.03077142857142857,11,0,0.002,0.003,0.005,0,0.005,0.002,0.007,0,0.008,0.001,0.009
emerging_haplotype,h3n2,region,2026-03-26,2026-04-30,35,Europe,J.2.3,0.004,0.033,0.029,0.027307142857142856,11,0,0.002,0.003,0.005,0,0.004,0.002,0.006,0,0.007,0.001,0.008
emerging_haplotype,h3n2,region,2026-03-26,2026-05-07,42,Europe,J.2.3,0.003,0.054,0.051,0.04901428571428571,11,0,0.002,0.002,0.004,0,0.004,0.002,0.006,0,0.006,0.001,0.007
emerging_haplotype,h3n2,region,2026-03-26,2026-05-14,49,Europe,J.2.3,0.003,0.08,0.077,0.07527142857142856,11,0,0.002,0.002,0.004,0,0.003,0.002,0.005,0,0.006,0.001,0.007
emerging_haplotype,h3n2,region,2026-03-26,2026-05-21,56,Europe,J.2.3,0.002,0.0,0.002,0.0016500000000000002,11,0,0.001,0.002,0.003,0,0.004,0.001,0.005,0,0.005,0.001,0.006
emerging_haplotype,h3n2,region,2026-03-26,2026-04-02,7,Europe,J.2.4,0.0,0.004,0.004,0.0034642857142857145,11,0,0.0,0.0,0.0,0,0.001,0.0,0.001,0,0.001,0.0,0.001
emerging_haplotype,h3n2,region,2026-03-26,2026-04-09,14,Europe,J.2.4,0.0,0.006,0.006,0.005721428571428572,11,0,0.0,0.0,0.0,0,0.0,0.0,0.0,0,0.001,0.0,0.001
emerging_haplotype,h3n2,region,2026-03-26,2026-04-16,21,Europe,J.2.4,0.0,0.008,0.008,0.007721428571428572,11,0,0.0,0.0,0.0,0,0.0,0.0,0.0,0,0.001,0.0,0.001
emerging_haplotype,h3n2,region,2026-03-26,2026-04-23,28,Europe,J.2.4,0.0,0.012,0.012,0.011721428571428572,11,0,0.0,0.0,0.0,0,0.0,0.0,0.0,0,0.001,0.0,0.001
emerging_haplotype,h3n2,region,2026-03-26,2026-04-30,35,Europe,J.2.4,0.0,0.017,0.017,0.017,11,0,0.0,0.0,0.0,0,0.0,0.0,0.0,0,0.0,0.0,0.0
emerging_haplotype,h3n2,region,2026-03-26,2026-05-07,42,Europe,J.2.4,0.0,0.0,0.0,0.0,11,1,0.0,0.0,0.0,1,0.0,0.0,0.0,1,0.0,0.0,0.0
emerging_haplotype,h3n2,region,2026-03-26,2026-05-14,49,Europe,J.2.4,0.0,0.0,0.0,0.0,11,1,0.0,0.0,0.0,1,0.0,0.0,0.0,1,0.0,0.0,0.0
emerging_haplotype,h3n2,region,2026-03-26,2026-05-21,56,Europe,J.2.4,0.0,0.0,0.0,0.0,11,1,0.0,0.0,0.0,1,0.0,0.0,0.0,1,0.0,0.0,0.0
emerging_haplotype,h3n2,region,2026-03-26,2026-04-02,7,Europe,J.2.4:79V,0.043,0.051,0.008,0.0033071428571428566,11,1,0.016,0.036,0.052,1,0.025999999999999995,0.033,0.059,1,0.03900000000000001,0.029,0.068
emerging_haplotype,h3n2,region,2026-03-26,2026-04-09,14,Europe,J.2.4:79V,0.044,0.055,0.011000000000000003,0.004485714285714287,11,0,0.017,0.036,0.053,1,0.028999999999999998,0.032,0.061,1,0.04200000000000001,0.028,0.07
emerging_haplotype,h3n2,region,2026-03-26,2026-04-16,21,Europe,J.2.4:79V,0.044,0.063,0.019000000000000003,0.008057142857142858,11,0,0.018000000000000002,0.036,0.054,0,0.031,0.031,0.062,1,0.044,0.028,0.072
emerging_haplotype,h3n2,region,2026-03-26,2026-04-23,28,Europe,J.2.4:79V,0.043,0.085,0.04200000000000001,0.026921428571428575,11,0,0.018999999999999996,0.035,0.054,0,0.033,0.03,0.063,0,0.047,0.027,0.074
emerging_haplotype,h3n2,region,2026-03-26,2026-04-30,35,Europe,J.2.4:79V,0.043,0.1,0.05700000000000001,0.040978571428571434,11,0,0.020999999999999998,0.034,0.055,0,0.034,0.03,0.064,0,0.051,0.025,0.076
emerging_haplotype,h3n2,region,2026-03-26,2026-05-07,42,Europe,J.2.4:79V,0.042,0.108,0.066,0.04844999999999999,11,0,0.022,0.033,0.055,0,0.037000000000000005,0.028,0.065,0,0.055,0.023,0.078
emerging_haplotype,h3n2,region,2026-03-26,2026-05-14,49,Europe,J.2.4:79V,0.041,0.04,0.0010000000000000009,0.003164285714285714,11,1,0.020999999999999998,0.033,0.054,1,0.03900000000000001,0.027,0.066,1,0.057,0.022,0.079
emerging_haplotype,h3n2,region,2026-03-26,2026-05-21,56,Europe,J.2.4:79V,0.04,0.0,0.04,0.03078571428571428,11,0,0.020999999999999998,0.032,0.053,0,0.04,0.025,0.065,0,0.06,0.02,0.08
emerging_haplotype,h3n2,region,2026-03-26,2026-04-02,7,Europe,K:145N,0.113,0.072,0.04100000000000001,0.02414285714285715,11,0,0.033,0.099,0.132,0,0.064,0.089,0.153,0,0.09400000000000001,0.075,0.169
emerging_haplotype,h3n2,region,2026-03-26,2026-04-09,14,Europe,K:145N,0.126,0.083,0.043,0.023578571428571424,11,0,0.03899999999999999,0.109,0.148,0,0.07499999999999998,0.098,0.173,1,0.111,0.081,0.192
emerging_haplotype,h3n2,region,2026-03-26,2026-04-16,21,Europe,K:145N,0.14,0.079,0.06100000000000001,0.037192857142857146,11,0,0.04600000000000001,0.119,0.165,0,0.08900000000000001,0.107,0.196,0,0.131,0.087,0.218
emerging_haplotype,h3n2,region,2026-03-26,2026-04-23,28,Europe,K:145N,0.154,0.085,0.06899999999999999,0.04159285714285714,11,0,0.05199999999999999,0.13,0.182,0,0.102,0.117,0.219,0,0.155,0.092,0.247
emerging_haplotype,h3n2,region,2026-03-26,2026-04-30,35,Europe,K:145N,0.168,0.083,0.085,0.053907142857142855,11,0,0.059000000000000025,0.141,0.2,0,0.119,0.126,0.245,0,0.18100000000000002,0.097,0.278
emerging_haplotype,h3n2,region,2026-03-26,2026-05-07,42,Europe,K:145N,0.183,0.108,0.075,0.04157142857142858,11,0,0.069,0.152,0.221,0,0.135,0.136,0.271,1,0.21,0.101,0.311
emerging_haplotype,h3n2,region,2026-03-26,2026-05-14,49,Europe,K:145N,0.198,0.04,0.158,0.11747857142857142,11,0,0.07999999999999999,0.161,0.241,0,0.153,0.144,0.297,0,0.23500000000000004,0.106,0.341
emerging_haplotype,h3n2,region,2026-03-26,2026-05-21,56,Europe,K:145N,0.212,0.071,0.14100000000000001,0.09584285714285716,11,0,0.089,0.171,0.26,0,0.171,0.152,0.323,0,0.264,0.109,0.373
emerging_haplotype,h3n2,region,2026-03-26,2026-04-02,7,Europe,K:223I,0.066,0.065,0.0010000000000000009,0.003707142857142857,11,1,0.022,0.057,0.079,1,0.051000000000000004,0.045,0.096,1,0.07500000000000001,0.04,0.115
emerging_haplotype,h3n2,region,2026-03-26,2026-04-09,14,Europe,K:223I,0.072,0.061,0.010999999999999996,0.005642857142857142,11,1,0.024999999999999994,0.061,0.086,1,0.057999999999999996,0.049,0.107,1,0.088,0.042,0.13
emerging_haplotype,h3n2,region,2026-03-26,2026-04-16,21,Europe,K:223I,0.078,0.071,0.007000000000000006,0.005642857142857144,11,1,0.027999999999999997,0.066,0.094,1,0.067,0.052,0.119,1,0.102,0.044,0.146
emerging_haplotype,h3n2,region,2026-03-26,2026-04-23,28,Europe,K:223I,0.083,0.049,0.034,0.017785714285714287,11,0,0.031,0.07,0.101,0,0.07600000000000001,0.055,0.131,1,0.116,0.046,0.162
emerging_haplotype,h3n2,region,2026-03-26,2026-04-30,35,Europe,K:223I,0.09,0.05,0.039999999999999994,0.020992857142857143,11,0,0.035,0.075,0.11,0,0.08399999999999999,0.058,0.142,1,0.133,0.047,0.18
emerging_haplotype,h3n2,region,2026-03-26,2026-05-07,42,Europe,K:223I,0.097,0.054,0.043000000000000003,0.02157857142857143,11,0,0.03899999999999999,0.079,0.118,0,0.095,0.06,0.155,1,0.15100000000000002,0.047,0.198
emerging_haplotype,h3n2,region,2026-03-26,2026-05-14,49,Europe,K:223I,0.103,0.08,0.022999999999999993,0.011435714285714285,11,0,0.043,0.083,0.126,1,0.10600000000000001,0.062,0.168,1,0.16699999999999998,0.049,0.216
emerging_haplotype,h3n2,region,2026-03-26,2026-05-21,56,Europe,K:223I,0.109,0.071,0.038000000000000006,0.018185714285714288,11,0,0.049000000000000016,0.087,0.136,1,0.119,0.064,0.183,1,0.18,0.049,0.229
emerging_haplotype,h3n2,region,2026-03-26,2026-04-02,7,Europe,K:328S,0.05,0.025,0.025,0.013142857142857142,11,0,0.029000000000000005,0.039,0.068,0,0.053000000000000005,0.03,0.083,1,0.07799999999999999,0.024,0.102
emerging_haplotype,h3n2,region,2026-03-26,2026-04-09,14,Europe,K:328S,0.057,0.022,0.035,0.0204,11,0,0.036000000000000004,0.043,0.079,0,0.065,0.033,0.098,0,0.096,0.026,0.122
emerging_haplotype,h3n2,region,2026-03-26,2026-04-16,21,Europe,K:328S,0.066,0.024,0.042,0.023842857142857145,11,0,0.043,0.048,0.091,0,0.07800000000000001,0.037,0.115,0,0.11599999999999999,0.028,0.144
emerging_haplotype,h3n2,region,2026-03-26,2026-04-23,28,Europe,K:328S,0.074,0.012,0.062,0.04158571428571428,11,0,0.051,0.054,0.105,0,0.093,0.041,0.134,0,0.14,0.03,0.17
emerging_haplotype,h3n2,region,2026-03-26,2026-04-30,35,Europe,K:328S,0.084,0.017,0.067,0.04208571428571428,11,0,0.062,0.059,0.121,0,0.111,0.044,0.155,0,0.168,0.031,0.199
emerging_haplotype,h3n2,region,2026-03-26,2026-05-07,42,Europe,K:328S,0.093,0.0,0.093,0.06487142857142857,11,0,0.07400000000000001,0.065,0.139,0,0.131,0.047,0.178,0,0.198,0.032,0.23
emerging_haplotype,h3n2,region,2026-03-26,2026-05-14,49,Europe,K:328S,0.104,0.0,0.104,0.07142857142857142,11,0,0.08700000000000001,0.071,0.158,0,0.15499999999999997,0.05,0.205,0,0.23,0.034,0.264
emerging_haplotype,h3n2,region,2026-03-26,2026-05-21,56,Europe,K:328S,0.114,0.0,0.114,0.07805714285714285,11,0,0.10099999999999999,0.078,0.179,0,0.183,0.053,0.236,0,0.266,0.035,0.301
emerging_haplotype,h3n2,region,2026-03-26,2026-04-02,7,Europe,K:80K,0.0,0.0,0.0,0.0001142857142857143,11,1,0.001,0.0,0.001,1,0.001,0.0,0.001,1,0.002,0.0,0.002
emerging_haplotype,h3n2,region,2026-03-26,2026-04-09,14,Europe,K:80K,0.0,0.0,0.0,0.0001142857142857143,11,1,0.001,0.0,0.001,1,0.001,0.0,0.001,1,0.002,0.0,0.002
emerging_haplotype,h3n2,region,2026-03-26,2026-04-16,21,Europe,K:80K,0.0,0.0,0.0,0.0001142857142857143,11,1,0.001,0.0,0.001,1,0.001,0.0,0.001,1,0.002,0.0,0.002
emerging_haplotype,h3n2,region,2026-03-26,2026-04-23,28,Europe,K:80K,0.0,0.0,0.0,0.0001142857142857143,11,1,0.001,0.0,0.001,1,0.001,0.0,0.001,1,0.002,0.0,0.002
emerging_haplotype,h3n2,region,2026-03-26,2026-04-30,35,Europe,K:80K,0.0,0.0,0.0,0.0001142857142857143,11,1,0.001,0.0,0.001,1,0.001,0.0,0.001,1,0.002,0.0,0.002
emerging_haplotype,h3n2,region,2026-03-26,2026-05-07,42,Europe,K:80K,0.0,0.0,0.0,4.285714285714286e-05,11,1,0.0,0.0,0.0,1,0.001,0.0,0.001,1,0.002,0.0,0.002
emerging_haplotype,h3n2,region,2026-03-26,2026-05-14,49,Europe,K:80K,0.0,0.0,0.0,4.285714285714286e-05,11,1,0.0,0.0,0.0,1,0.001,0.0,0.001,1,0.002,0.0,0.002
emerging_haplotype,h3n2,region,2026-03-26,2026-05-21,56,Europe,K:80K,0.0,0.0,0.0,4.285714285714286e-05,11,1,0.0,0.0,0.0,1,0.001,0.0,0.001,1,0.002,0.0,0.002
emerging_haplotype,h3n2,region,2026-03-26,2026-04-02,7,Europe,K,0.704,0.732,0.028000000000000025,0.013635714285714284,11,0,0.041999999999999926,0.678,0.72,1,0.08399999999999996,0.653,0.737,1,0.11299999999999999,0.637,0.75
emerging_haplotype,h3n2,region,2026-03-26,2026-04-09,14,Europe,K,0.676,0.729,0.052999999999999936,0.028599999999999997,11,0,0.04699999999999993,0.648,0.695,0,0.09499999999999997,0.619,0.714,1,0.134,0.596,0.73
emerging_haplotype,h3n2,region,2026-03-26,2026-04-16,21,Europe,K,0.649,0.701,0.051999999999999935,0.0277285714285714,11,0,0.05400000000000005,0.615,0.669,0,0.10799999999999998,0.582,0.69,1,0.1499999999999999,0.558,0.708
emerging_haplotype,h3n2,region,2026-03-26,2026-04-23,28,Europe,K,0.618,0.695,0.07699999999999996,0.046585714285714216,11,0,0.061000000000000054,0.581,0.642,0,0.121,0.543,0.664,0,0.16800000000000004,0.518,0.686
emerging_haplotype,h3n2,region,2026-03-26,2026-04-30,35,Europe,K,0.586,0.683,0.09700000000000009,0.06322142857142862,11,0,0.06699999999999995,0.545,0.612,0,0.133,0.503,0.636,0,0.18900000000000006,0.474,0.663
emerging_haplotype,h3n2,region,2026-03-26,2026-05-07,42,Europe,K,0.553,0.649,0.09599999999999997,0.059121428571428596,11,0,0.07299999999999995,0.507,0.58,0,0.14499999999999996,0.463,0.608,0,0.20700000000000002,0.431,0.638
emerging_haplotype,h3n2,region,2026-03-26,2026-05-14,49,Europe,K,0.517,0.76,0.243,0.2008714285714286,11,0,0.08200000000000002,0.467,0.549,0,0.15499999999999997,0.424,0.579,0,0.22199999999999998,0.39,0.612
emerging_haplotype,h3n2,region,2026-03-26,2026-05-21,56,Europe,K,0.48,0.857,0.377,0.32970714285714287,11,0,0.08800000000000002,0.428,0.516,0,0.16600000000000004,0.383,0.549,0,0.235,0.35,0.585
emerging_haplotype,h3n2,region,2026-03-26,2026-04-02,7,Japan Korea,J.2,0.0,0.0,0.0,1.4285714285714297e-05,11,1,0.0,0.0,0.0,1,0.0,0.0,0.0,1,0.002,0.0,0.002
emerging_haplotype,h3n2,region,2026-03-26,2026-04-09,14,Japan Korea,J.2,0.0,0.0,0.0,7.142857142857149e-06,11,1,0.0,0.0,0.0,1,0.0,0.0,0.0,1,0.001,0.0,0.001
emerging_haplotype,h3n2,region,2026-03-26,2026-04-16,21,Japan Korea,J.2,0.0,0.0,0.0,7.142857142857149e-06,11,1,0.0,0.0,0.0,1,0.0,0.0,0.0,1,0.001,0.0,0.001
emerging_haplotype,h3n2,region,2026-03-26,2026-04-23,28,Japan Korea,J.2,0.0,0.0,0.0,7.142857142857149e-06,11,1,0.0,0.0,0.0,1,0.0,0.0,0.0,1,0.001,0.0,0.001
emerging_haplotype,h3n2,region,2026-03-26,2026-04-30,35,Japan Korea,J.2,0.0,0.0,0.0,7.142857142857149e-06,11,1,0.0,0.0,0.0,1,0.0,0.0,0.0,1,0.001,0.0,0.001
emerging_haplotype,h3n2,region,2026-03-26,2026-05-07,42,Japan Korea,J.2,0.0,0.0,0.0,7.142857142857149e-06,11,1,0.0,0.0,0.0,1,0.0,0.0,0.0,1,0.001,0.0,0.001
emerging_haplotype,h3n2,region,2026-03-26,2026-05-14,49,Japan Korea,J.2,0.0,0.0,0.0,7.142857142857149e-06,11,1,0.0,0.0,0.0,1,0.0,0.0,0.0,1,0.001,0.0,0.001
emerging_haplotype,h3n2,region,2026-03-26,2026-05-21,56,Japan Korea,J.2,0.0,0.0,0.0,0.0,11,1,0.0,0.0,0.0,1,0.0,0.0,0.0,1,0.0,0.0,0.0
emerging_haplotype,h3n2,region,2026-03-26,2026-04-02,7,Japan Korea,J.2.2,0.0,0.0,0.0,7.142857142857149e-06,11,1,0.0,0.0,0.0,1,0.0,0.0,0.0,1,0.001,0.0,0.001
emerging_haplotype,h3n2,region,2026-03-26,2026-04-09,14,Japan Korea,J.2.2,0.0,0.0,0.0,7.142857142857149e-06,11,1,0.0,0.0,0.0,1,0.0,0.0,0.0,1,0.001,0.0,0.001
emerging_haplotype,h3n2,region,2026-03-26,2026-04-16,21,Japan Korea,J.2.2,0.0,0.0,0.0,7.142857142857149e-06,11,1,0.0,0.0,0.0,1,0.0,0.0,0.0,1,0.001,0.0,0.001
emerging_haplotype,h3n2,region,2026-03-26,2026-04-23,28,Japan Korea,J.2.2,0.0,0.0,0.0,7.142857142857149e-06,11,1,0.0,0.0,0.0,1,0.0,0.0,0.0,1,0.001,0.0,0.001
emerging_haplotype,h3n2,region,2026-03-26,2026-04-30,35,Japan Korea,J.2.2,0.0,0.0,0.0,7.142857142857149e-06,11,1,0.0,0.0,0.0,1,0.0,0.0,0.0,1,0.001,0.0,0.001
emerging_haplotype,h3n2,region,2026-03-26,2026-05-07,42,Japan Korea,J.2.2,0.0,0.0,0.0,7.142857142857149e-06,11,1,0.0,0.0,0.0,1,0.0,0.0,0.0,1,0.001,0.0,0.001
emerging_haplotype,h3n2,region,2026-03-26,2026-05-14,49,Japan Korea,J.2.2,0.0,0.0,0.0,0.0,11,1,0.0,0.0,0.0,1,0.0,0.0,0.0,1,0.0,0.0,0.0
emerging_haplotype,h3n2,region,2026-03-26,2026-05-21,56,Japan Korea,J.2.2,0.0,0.0,0.0,0.0,11,1,0.0,0.0,0.0,1,0.0,0.0,0.0,1,0.0,0.0,0.0
emerging_haplotype,h3n2,region,2026-03-26,2026-04-02,7,Japan Korea,J.2.3,0.0,0.0,0.0,0.0,11,1,0.0,0.0,0.0,1,0.0,0.0,0.0,1,0.0,0.0,0.0
emerging_haplotype,h3n2,region,2026-03-26,2026-04-09,14,Japan Korea,J.2.3,0.0,0.0,0.0,0.0,11,1,0.0,0.0,0.0,1,0.0,0.0,0.0,1,0.0,0.0,0.0
emerging_haplotype,h3n2,region,2026-03-26,2026-04-16,21,Japan Korea,J.2.3,0.0,0.0,0.0,0.0,11,1,0.0,0.0,0.0,1,0.0,0.0,0.0,1,0.0,0.0,0.0
emerging_haplotype,h3n2,region,2026-03-26,2026-04-23,28,Japan Korea,J.2.3,0.0,0.0,0.0,0.0,11,1,0.0,0.0,0.0,1,0.0,0.0,0.0,1,0.0,0.0,0.0
emerging_haplotype,h3n2,region,2026-03-26,2026-04-30,35,Japan Korea,J.2.3,0.0,0.0,0.0,0.0,11,1,0.0,0.0,0.0,1,0.0,0.0,0.0,1,0.0,0.0,0.0
emerging_haplotype,h3n2,region,2026-03-26,2026-05-07,42,Japan Korea,J.2.3,0.0,0.0,0.0,0.0,11,1,0.0,0.0,0.0,1,0.0,0.0,0.0,1,0.0,0.0,0.0
emerging_haplotype,h3n2,region,2026-03-26,2026-05-14,49,Japan Korea,J.2.3,0.0,0.0,0.0,0.0,11,1,0.0,0.0,0.0,1,0.0,0.0,0.0,1,0.0,0.0,0.0
emerging_haplotype,h3n2,region,2026-03-26,2026-05-21,56,Japan Korea,J.2.3,0.0,0.0,0.0,0.0,11,1,0.0,0.0,0.0,1,0.0,0.0,0.0,1,0.0,0.0,0.0
emerging_haplotype,h3n2,region,2026-03-26,2026-04-02,7,Japan Korea,J.2.4,0.0,0.0,0.0,0.0,11,1,0.0,0.0,0.0,1,0.0,0.0,0.0,1,0.0,0.0,0.0
emerging_haplotype,h3n2,region,2026-03-26,2026-04-09,14,Japan Korea,J.2.4,0.0,0.0,0.0,0.0,11,1,0.0,0.0,0.0,1,0.0,0.0,0.0,1,0.0,0.0,0.0
emerging_haplotype,h3n2,region,2026-03-26,2026-04-16,21,Japan Korea,J.2.4,0.0,0.0,0.0,0.0,11,1,0.0,0.0,0.0,1,0.0,0.0,0.0,1,0.0,0.0,0.0
emerging_haplotype,h3n2,region,2026-03-26,2026-04-23,28,Japan Korea,J.2.4,0.0,0.0,0.0,0.0,11,1,0.0,0.0,0.0,1,0.0,0.0,0.0,1,0.0,0.0,0.0
emerging_haplotype,h3n2,region,2026-03-26,2026-04-30,35,Japan Korea,J.2.4,0.0,0.0,0.0,0.0,11,1,0.0,0.0,0.0,1,0.0,0.0,0.0,1,0.0,0.0,0.0
emerging_haplotype,h3n2,region,2026-03-26,2026-05-07,42,Japan Korea,J.2.4,0.0,0.0,0.0,0.0,11,1,0.0,0.0,0.0,1,0.0,0.0,0.0,1,0.0,0.0,0.0
emerging_haplotype,h3n2,region,2026-03-26,2026-05-14,49,Japan Korea,J.2.4,0.0,0.0,0.0,0.0,11,1,0.0,0.0,0.0,1,0.0,0.0,0.0,1,0.0,0.0,0.0
emerging_haplotype,h3n2,region,2026-03-26,2026-05-21,56,Japan Korea,J.2.4,0.0,0.0,0.0,0.0,11,1,0.0,0.0,0.0,1,0.0,0.0,0.0,1,0.0,0.0,0.0
emerging_haplotype,h3n2,region,2026-03-26,2026-04-02,7,Japan Korea,J.2.4:79V,0.103,0.0,0.103,0.060971428571428565,11,0,0.12,0.055,0.175,0,0.222,0.027,0.249,0,0.388,0.018,0.406
emerging_haplotype,h3n2,region,2026-03-26,2026-04-09,14,Japan Korea,J.2.4:79V,0.112,0.0,0.112,0.06655,11,0,0.134,0.06,0.194,0,0.25999999999999995,0.028,0.288,0,0.45699999999999996,0.018,0.475
emerging_haplotype,h3n2,region,2026-03-26,2026-04-16,21,Japan Korea,J.2.4:79V,0.121,0.0,0.121,0.07171428571428572,11,0,0.153,0.063,0.216,0,0.301,0.028,0.329,0,0.526,0.018,0.544
emerging_haplotype,h3n2,region,2026-03-26,2026-04-23,28,Japan Korea,J.2.4:79V,0.133,0.0,0.133,0.07671428571428572,11,0,0.173,0.067,0.24,0,0.33899999999999997,0.027,0.366,0,0.594,0.016,0.61
emerging_haplotype,h3n2,region,2026-03-26,2026-04-30,35,Japan Korea,J.2.4:79V,0.145,0.0,0.145,0.08125714285714285,11,0,0.201,0.067,0.268,0,0.373,0.026,0.399,0,0.654,0.015,0.669
emerging_haplotype,h3n2,region,2026-03-26,2026-05-07,42,Japan Korea,J.2.4:79V,0.156,0.0,0.156,0.08560000000000001,11,0,0.22599999999999998,0.067,0.293,0,0.415,0.025,0.44,0,0.704,0.014,0.718
emerging_haplotype,h3n2,region,2026-03-26,2026-05-14,49,Japan Korea,J.2.4:79V,0.163,0.0,0.163,0.08955714285714286,11,0,0.251,0.068,0.319,0,0.45699999999999996,0.024,0.481,0,0.74,0.013,0.753
emerging_haplotype,h3n2,region,2026-03-26,2026-05-21,56,Japan Korea,J.2.4:79V,0.176,0.0,0.176,0.0942642857142857,11,0,0.27999999999999997,0.069,0.349,0,0.497,0.022,0.519,0,0.769,0.012,0.781
emerging_haplotype,h3n2,region,2026-03-26,2026-04-02,7,Japan Korea,K:145N,0.052,0.036,0.016,0.013935714285714286,11,1,0.07799999999999999,0.024,0.102,1,0.158,0.013,0.171,1,0.219,0.005,0.224
emerging_haplotype,h3n2,region,2026-03-26,2026-04-09,14,Japan Korea,K:145N,0.054,0.045,0.009000000000000001,0.015035714285714288,11,1,0.098,0.024,0.122,1,0.174,0.013,0.187,1,0.249,0.005,0.254
emerging_haplotype,h3n2,region,2026-03-26,2026-04-16,21,Japan Korea,K:145N,0.056,0.071,0.014999999999999993,0.017607142857142856,11,1,0.10800000000000001,0.025,0.133,1,0.20099999999999998,0.013,0.214,1,0.28099999999999997,0.005,0.286
emerging_haplotype,h3n2,region,2026-03-26,2026-04-23,28,Japan Korea,K:145N,0.058,0.083,0.025,0.020835714285714287,11,1,0.121,0.024,0.145,1,0.22299999999999998,0.013,0.236,1,0.315,0.004,0.319
emerging_haplotype,h3n2,region,2026-03-26,2026-04-30,35,Japan Korea,K:145N,0.063,0.111,0.048,0.02611428571428571,11,1,0.136,0.024,0.16,1,0.246,0.012,0.258,1,0.352,0.004,0.356
emerging_haplotype,h3n2,region,2026-03-26,2026-05-07,42,Japan Korea,K:145N,0.066,0.2,0.134,0.04736428571428573,11,0,0.153,0.024,0.177,1,0.27599999999999997,0.011,0.287,1,0.397,0.004,0.401
emerging_haplotype,h3n2,region,2026-03-26,2026-05-14,49,Japan Korea,K:145N,0.07,0.0,0.07,0.04352857142857142,11,0,0.159,0.023,0.182,0,0.305,0.01,0.315,0,0.444,0.003,0.447
emerging_haplotype,h3n2,region,2026-03-26,2026-05-21,56,Japan Korea,K:145N,0.071,0.0,0.071,0.04485,11,0,0.166,0.023,0.189,0,0.327,0.009,0.336,0,0.491,0.003,0.494
emerging_haplotype,h3n2,region,2026-03-26,2026-04-02,7,Japan Korea,K:223I,0.028,0.036,0.007999999999999997,0.010357142857142856,11,1,0.057999999999999996,0.013,0.071,1,0.122,0.005,0.127,1,0.222,0.002,0.224
emerging_haplotype,h3n2,region,2026-03-26,2026-04-09,14,Japan Korea,K:223I,0.03,0.045,0.015,0.012785714285714286,11,1,0.067,0.013,0.08,1,0.141,0.004,0.145,1,0.256,0.001,0.257
emerging_haplotype,h3n2,region,2026-03-26,2026-04-16,21,Japan Korea,K:223I,0.031,0.071,0.039999999999999994,0.01764285714285714,11,1,0.075,0.013,0.088,1,0.157,0.004,0.161,1,0.292,0.001,0.293
emerging_haplotype,h3n2,region,2026-03-26,2026-04-23,28,Japan Korea,K:223I,0.033,0.083,0.05,0.020871428571428572,11,1,0.08600000000000001,0.012,0.098,1,0.183,0.004,0.187,1,0.33,0.001,0.331
emerging_haplotype,h3n2,region,2026-03-26,2026-04-30,35,Japan Korea,K:223I,0.034,0.111,0.077,0.027521428571428575,11,0,0.095,0.012,0.107,1,0.208,0.003,0.211,1,0.371,0.001,0.372
emerging_haplotype,h3n2,region,2026-03-26,2026-05-07,42,Japan Korea,K:223I,0.035,0.0,0.035,0.026650000000000007,11,0,0.10400000000000001,0.012,0.116,0,0.23299999999999998,0.003,0.236,0,0.419,0.001,0.42
emerging_haplotype,h3n2,region,2026-03-26,2026-05-14,49,Japan Korea,K:223I,0.036,0.0,0.036,0.028264285714285714,11,0,0.112,0.011,0.123,0,0.261,0.003,0.264,0,0.473,0.001,0.474
emerging_haplotype,h3n2,region,2026-03-26,2026-05-21,56,Japan Korea,K:223I,0.036,0.0,0.036,0.029685714285714284,11,0,0.12000000000000001,0.011,0.131,0,0.289,0.003,0.292,1,0.52,0.0,0.52
emerging_haplotype,h3n2,region,2026-03-26,2026-04-02,7,Japan Korea,K:328S,0.195,0.0,0.195,0.12397857142857142,11,0,0.14700000000000002,0.127,0.274,0,0.255,0.082,0.337,0,0.367,0.056,0.423
emerging_haplotype,h3n2,region,2026-03-26,2026-04-09,14,Japan Korea,K:328S,0.21,0.0,0.21,0.12820714285714285,11,0,0.15999999999999998,0.131,0.291,0,0.285,0.082,0.367,0,0.40900000000000003,0.052,0.461
emerging_haplotype,h3n2,region,2026-03-26,2026-04-16,21,Japan Korea,K:328S,0.221,0.0,0.221,0.1302357142857143,11,0,0.174,0.132,0.306,0,0.315,0.08,0.395,0,0.453,0.047,0.5
emerging_haplotype,h3n2,region,2026-03-26,2026-04-23,28,Japan Korea,K:328S,0.229,0.0,0.229,0.13165714285714286,11,0,0.186,0.131,0.317,0,0.344,0.079,0.423,0,0.49600000000000005,0.043,0.539
emerging_haplotype,h3n2,region,2026-03-26,2026-04-30,35,Japan Korea,K:328S,0.233,0.0,0.233,0.1328,11,0,0.199,0.131,0.33,0,0.371,0.079,0.45,0,0.5379999999999999,0.038,0.576
emerging_haplotype,h3n2,region,2026-03-26,2026-05-07,42,Japan Korea,K:328S,0.238,0.0,0.238,0.13375714285714285,11,0,0.21899999999999997,0.13,0.349,0,0.39899999999999997,0.077,0.476,0,0.58,0.033,0.613
emerging_haplotype,h3n2,region,2026-03-26,2026-05-14,49,Japan Korea,K:328S,0.236,0.0,0.236,0.1325285714285714,11,0,0.23199999999999998,0.128,0.36,0,0.434,0.072,0.506,0,0.618,0.029,0.647
emerging_haplotype,h3n2,region,2026-03-26,2026-05-21,56,Japan Korea,K:328S,0.235,0.0,0.235,0.1312,11,0,0.25,0.122,0.372,0,0.459,0.07,0.529,0,0.652,0.025,0.677
emerging_haplotype,h3n2,region,2026-03-26,2026-04-02,7,Japan Korea,K:80K,0.0,0.0,0.0,0.00013571428571428575,11,1,0.0,0.0,0.0,1,0.002,0.0,0.002,1,0.011,0.0,0.011
emerging_haplotype,h3n2,region,2026-03-26,2026-04-09,14,Japan Korea,K:80K,0.0,0.0,0.0,0.00014285714285714292,11,1,0.0,0.0,0.0,1,0.002,0.0,0.002,1,0.012,0.0,0.012
emerging_haplotype,h3n2,region,2026-03-26,2026-04-16,21,Japan Korea,K:80K,0.0,0.0,0.0,0.00015000000000000004,11,1,0.0,0.0,0.0,1,0.002,0.0,0.002,1,0.013,0.0,0.013
emerging_haplotype,h3n2,region,2026-03-26,2026-04-23,28,Japan Korea,K:80K,0.0,0.0,0.0,0.00012857142857142866,11,1,0.0,0.0,0.0,1,0.001,0.0,0.001,1,0.014,0.0,0.014
emerging_haplotype,h3n2,region,2026-03-26,2026-04-30,35,Japan Korea,K:80K,0.0,0.0,0.0,0.0001357142857142858,11,1,0.0,0.0,0.0,1,0.001,0.0,0.001,1,0.015,0.0,0.015
emerging_haplotype,h3n2,region,2026-03-26,2026-05-07,42,Japan Korea,K:80K,0.0,0.0,0.0,0.00012857142857142866,11,1,0.0,0.0,0.0,1,0.001,0.0,0.001,1,0.014,0.0,0.014
emerging_haplotype,h3n2,region,2026-03-26,2026-05-14,49,Japan Korea,K:80K,0.0,0.0,0.0,0.00012857142857142866,11,1,0.0,0.0,0.0,1,0.001,0.0,0.001,1,0.014,0.0,0.014
emerging_haplotype,h3n2,region,2026-03-26,2026-05-21,56,Japan Korea,K:80K,0.0,0.0,0.0,0.0001214285714285715,11,1,0.0,0.0,0.0,1,0.001,0.0,0.001,1,0.013,0.0,0.013
emerging_haplotype,h3n2,region,2026-03-26,2026-04-02,7,Japan Korea,K,0.553,0.929,0.376,0.29422857142857145,11,0,0.14999999999999997,0.455,0.605,0,0.28,0.392,0.672,0,0.452,0.293,0.745
emerging_haplotype,h3n2,region,2026-03-26,2026-04-09,14,Japan Korea,K,0.51,0.909,0.399,0.30847142857142856,11,0,0.16399999999999992,0.405,0.569,0,0.29200000000000004,0.344,0.636,0,0.478,0.246,0.724
emerging_haplotype,h3n2,region,2026-03-26,2026-04-16,21,Japan Korea,K,0.468,0.857,0.38899999999999996,0.28941428571428574,11,0,0.17300000000000004,0.358,0.531,0,0.308,0.298,0.606,0,0.496,0.206,0.702
emerging_haplotype,h3n2,region,2026-03-26,2026-04-23,28,Japan Korea,K,0.424,0.833,0.409,0.2992357142857143,11,0,0.181,0.312,0.493,0,0.31899999999999995,0.256,0.575,0,0.507,0.171,0.678
emerging_haplotype,h3n2,region,2026-03-26,2026-04-30,35,Japan Korea,K,0.383,0.778,0.395,0.27840714285714285,11,0,0.182,0.273,0.455,0,0.32600000000000007,0.214,0.54,0,0.513,0.14,0.653
emerging_haplotype,h3n2,region,2026-03-26,2026-05-07,42,Japan Korea,K,0.342,0.8,0.458,0.3331714285714286,11,0,0.186,0.235,0.421,0,0.327,0.182,0.509,0,0.516,0.109,0.625
emerging_haplotype,h3n2,region,2026-03-26,2026-05-14,49,Japan Korea,K,0.301,1.0,0.6990000000000001,0.5707214285714286,11,0,0.181,0.202,0.383,0,0.32299999999999995,0.152,0.475,0,0.49899999999999994,0.085,0.584
emerging_haplotype,h3n2,region,2026-03-26,2026-05-21,56,Japan Korea,K,0.261,1.0,0.739,0.6095071428571428,11,0,0.17399999999999996,0.17,0.344,0,0.314,0.125,0.439,0,0.47500000000000003,0.065,0.54
emerging_haplotype,h3n2,region,2026-03-26,2026-04-02,7,North America,J.2,0.0,0.003,0.003,0.00225,11,0,0.001,0.0,0.001,0,0.001,0.0,0.001,0,0.001,0.0,0.001
emerging_haplotype,h3n2,region,2026-03-26,2026-04-09,14,North America,J.2,0.0,0.002,0.002,0.00125,11,0,0.001,0.0,0.001,0,0.001,0.0,0.001,0,0.001,0.0,0.001
emerging_haplotype,h3n2,region,2026-03-26,2026-04-16,21,North America,J.2,0.0,0.003,0.003,0.0024642857142857144,11,0,0.0,0.0,0.0,0,0.001,0.0,0.001,0,0.001,0.0,0.001
emerging_haplotype,h3n2,region,2026-03-26,2026-04-23,28,North America,J.2,0.0,0.004,0.004,0.0034642857142857145,11,0,0.0,0.0,0.0,0,0.001,0.0,0.001,0,0.001,0.0,0.001
emerging_haplotype,h3n2,region,2026-03-26,2026-04-30,35,North America,J.2,0.0,0.0,0.0,7.142857142857149e-06,11,1,0.0,0.0,0.0,1,0.0,0.0,0.0,1,0.001,0.0,0.001
emerging_haplotype,h3n2,region,2026-03-26,2026-05-07,42,North America,J.2,0.0,0.0,0.0,7.142857142857149e-06,11,1,0.0,0.0,0.0,1,0.0,0.0,0.0,1,0.001,0.0,0.001
emerging_haplotype,h3n2,region,2026-03-26,2026-05-14,49,North America,J.2,0.0,0.0,0.0,0.0,11,1,0.0,0.0,0.0,1,0.0,0.0,0.0,1,0.0,0.0,0.0
emerging_haplotype,h3n2,region,2026-03-26,2026-05-21,56,North America,J.2,0.0,0.0,0.0,0.0,11,1,0.0,0.0,0.0,1,0.0,0.0,0.0,1,0.0,0.0,0.0
emerging_haplotype,h3n2,region,2026-03-26,2026-04-02,7,North America,J.2.2,0.0,0.0,0.0,0.0,11,1,0.0,0.0,0.0,1,0.0,0.0,0.0,1,0.0,0.0,0.0
emerging_haplotype,h3n2,region,2026-03-26,2026-04-09,14,North America,J.2.2,0.0,0.0,0.0,0.0,11,1,0.0,0.0,0.0,1,0.0,0.0,0.0,1,0.0,0.0,0.0
emerging_haplotype,h3n2,region,2026-03-26,2026-04-16,21,North America,J.2.2,0.0,0.0,0.0,0.0,11,1,0.0,0.0,0.0,1,0.0,0.0,0.0,1,0.0,0.0,0.0
emerging_haplotype,h3n2,region,2026-03-26,2026-04-23,28,North America,J.2.2,0.0,0.0,0.0,0.0,11,1,0.0,0.0,0.0,1,0.0,0.0,0.0,1,0.0,0.0,0.0
emerging_haplotype,h3n2,region,2026-03-26,2026-04-30,35,North America,J.2.2,0.0,0.0,0.0,0.0,11,1,0.0,0.0,0.0,1,0.0,0.0,0.0,1,0.0,0.0,0.0
emerging_haplotype,h3n2,region,2026-03-26,2026-05-07,42,North America,J.2.2,0.0,0.0,0.0,0.0,11,1,0.0,0.0,0.0,1,0.0,0.0,0.0,1,0.0,0.0,0.0
emerging_haplotype,h3n2,region,2026-03-26,2026-05-14,49,North America,J.2.2,0.0,0.0,0.0,0.0,11,1,0.0,0.0,0.0,1,0.0,0.0,0.0,1,0.0,0.0,0.0
emerging_haplotype,h3n2,region,2026-03-26,2026-05-21,56,North America,J.2.2,0.0,0.0,0.0,0.0,11,1,0.0,0.0,0.0,1,0.0,0.0,0.0,1,0.0,0.0,0.0
emerging_haplotype,h3n2,region,2026-03-26,2026-04-02,7,North America,J.2.3,0.008,0.021,0.013000000000000001,0.010635714285714288,11,0,0.004,0.006,0.01,0,0.004999999999999999,0.006,0.011,0,0.009,0.004,0.013
emerging_haplotype,h3n2,region,2026-03-26,2026-04-09,14,North America,J.2.3,0.007,0.02,0.013000000000000001,0.010557142857142859,11,0,0.002999999999999999,0.006,0.009,0,0.005,0.005,0.01,0,0.008,0.004,0.012
emerging_haplotype,h3n2,region,2026-03-26,2026-04-16,21,North America,J.2.3,0.007,0.013,0.005999999999999999,0.004157142857142857,11,0,0.003,0.005,0.008,0,0.006,0.004,0.01,0,0.008,0.003,0.011
emerging_haplotype,h3n2,region,2026-03-26,2026-04-23,28,North America,J.2.3,0.006,0.004,0.002,0.0006928571428571428,11,1,0.003,0.004,0.007,1,0.004999999999999999,0.004,0.009,1,0.007,0.003,0.01
emerging_haplotype,h3n2,region,2026-03-26,2026-04-30,35,North America,J.2.3,0.005,0.0,0.005,0.0036214285714285714,11,0,0.002,0.004,0.006,0,0.005,0.003,0.008,0,0.006999999999999999,0.002,0.009
emerging_haplotype,h3n2,region,2026-03-26,2026-05-07,42,North America,J.2.3,0.005,0.0,0.005,0.0033785714285714283,11,0,0.003,0.003,0.006,0,0.004,0.003,0.007,0,0.006999999999999999,0.002,0.009
emerging_haplotype,h3n2,region,2026-03-26,2026-05-14,49,North America,J.2.3,0.004,0.0,0.004,0.002871428571428571,11,0,0.002,0.003,0.005,0,0.004,0.002,0.006,0,0.006,0.002,0.008
emerging_haplotype,h3n2,region,2026-03-26,2026-05-21,56,North America,J.2.3,0.003,0.0,0.003,0.002157142857142857,11,0,0.002,0.002,0.004,0,0.004,0.002,0.006,0,0.006,0.001,0.007
emerging_haplotype,h3n2,region,2026-03-26,2026-04-02,7,North America,J.2.4,0.0,0.001,0.001,0.001,11,0,0.0,0.0,0.0,0,0.0,0.0,0.0,0,0.0,0.0,0.0
emerging_haplotype,h3n2,region,2026-03-26,2026-04-09,14,North America,J.2.4,0.0,0.002,0.002,0.002,11,0,0.0,0.0,0.0,0,0.0,0.0,0.0,0,0.0,0.0,0.0
emerging_haplotype,h3n2,region,2026-03-26,2026-04-16,21,North America,J.2.4,0.0,0.0,0.0,0.0,11,1,0.0,0.0,0.0,1,0.0,0.0,0.0,1,0.0,0.0,0.0
emerging_haplotype,h3n2,region,2026-03-26,2026-04-23,28,North America,J.2.4,0.0,0.0,0.0,0.0,11,1,0.0,0.0,0.0,1,0.0,0.0,0.0,1,0.0,0.0,0.0
emerging_haplotype,h3n2,region,2026-03-26,2026-04-30,35,North America,J.2.4,0.0,0.0,0.0,0.0,11,1,0.0,0.0,0.0,1,0.0,0.0,0.0,1,0.0,0.0,0.0
emerging_haplotype,h3n2,region,2026-03-26,2026-05-07,42,North America,J.2.4,0.0,0.0,0.0,0.0,11,1,0.0,0.0,0.0,1,0.0,0.0,0.0,1,0.0,0.0,0.0
emerging_haplotype,h3n2,region,2026-03-26,2026-05-14,49,North America,J.2.4,0.0,0.0,0.0,0.0,11,1,0.0,0.0,0.0,1,0.0,0.0,0.0,1,0.0,0.0,0.0
emerging_haplotype,h3n2,region,2026-03-26,2026-05-21,56,North America,J.2.4,0.0,0.0,0.0,0.0,11,1,0.0,0.0,0.0,1,0.0,0.0,0.0,1,0.0,0.0,0.0
emerging_haplotype,h3n2,region,2026-03-26,2026-04-02,7,North America,J.2.4:79V,0.11,0.148,0.03799999999999999,0.021049999999999992,11,0,0.01999999999999999,0.1,0.12,0,0.04000000000000001,0.092,0.132,1,0.06699999999999999,0.081,0.148
emerging_haplotype,h3n2,region,2026-03-26,2026-04-09,14,North America,J.2.4:79V,0.111,0.14,0.029000000000000012,0.014107142857142863,11,0,0.022999999999999993,0.1,0.123,0,0.04300000000000001,0.091,0.134,1,0.073,0.08,0.153
emerging_haplotype,h3n2,region,2026-03-26,2026-04-16,21,North America,J.2.4:79V,0.111,0.148,0.03699999999999999,0.01908571428571428,11,0,0.022999999999999993,0.101,0.124,0,0.04600000000000001,0.09,0.136,1,0.078,0.08,0.158
emerging_haplotype,h3n2,region,2026-03-26,2026-04-23,28,North America,J.2.4:79V,0.111,0.164,0.053000000000000005,0.029435714285714287,11,0,0.025999999999999995,0.1,0.126,0,0.049000000000000016,0.09,0.139,1,0.085,0.079,0.164
emerging_haplotype,h3n2,region,2026-03-26,2026-04-30,35,North America,J.2.4:79V,0.111,0.181,0.06999999999999999,0.04462857142857141,11,0,0.026999999999999996,0.1,0.127,0,0.05200000000000002,0.088,0.14,0,0.09000000000000001,0.079,0.169
emerging_haplotype,h3n2,region,2026-03-26,2026-05-07,42,North America,J.2.4:79V,0.11,0.155,0.045,0.022492857142857144,11,0,0.028999999999999998,0.098,0.127,0,0.055999999999999994,0.086,0.142,1,0.09500000000000001,0.076,0.171
emerging_haplotype,h3n2,region,2026-03-26,2026-05-14,49,North America,J.2.4:79V,0.109,0.105,0.0040000000000000036,0.005235714285714286,11,1,0.032,0.095,0.127,1,0.05799999999999998,0.084,0.142,1,0.10099999999999999,0.072,0.173
emerging_haplotype,h3n2,region,2026-03-26,2026-05-21,56,North America,J.2.4:79V,0.107,0.0,0.107,0.08934285714285714,11,0,0.034,0.092,0.126,0,0.060999999999999985,0.081,0.142,0,0.10399999999999998,0.069,0.173
emerging_haplotype,h3n2,region,2026-03-26,2026-04-02,7,North America,K:145N,0.021,0.018,0.0030000000000000027,0.0024928571428571434,11,1,0.013000000000000001,0.015,0.028,1,0.029,0.011,0.04,1,0.043,0.008,0.051
emerging_haplotype,h3n2,region,2026-03-26,2026-04-09,14,North America,K:145N,0.023,0.013,0.01,0.004764285714285714,11,0,0.015,0.016,0.031,1,0.036000000000000004,0.011,0.047,1,0.053,0.008,0.061
emerging_haplotype,h3n2,region,2026-03-26,2026-04-16,21,North America,K:145N,0.025,0.005,0.02,0.01180714285714286,11,0,0.018000000000000002,0.017,0.035,0,0.041999999999999996,0.011,0.053,0,0.065,0.008,0.073
emerging_haplotype,h3n2,region,2026-03-26,2026-04-23,28,North America,K:145N,0.027,0.004,0.023,0.014178571428571428,11,0,0.022000000000000002,0.018,0.04,0,0.047,0.012,0.059,0,0.07700000000000001,0.008,0.085
emerging_haplotype,h3n2,region,2026-03-26,2026-04-30,35,North America,K:145N,0.029,0.006,0.023,0.013042857142857144,11,0,0.026,0.018,0.044,0,0.054000000000000006,0.012,0.066,0,0.09,0.008,0.098
emerging_haplotype,h3n2,region,2026-03-26,2026-05-07,42,North America,K:145N,0.031,0.0,0.031,0.020157142857142853,11,0,0.029,0.019,0.048,0,0.062,0.012,0.074,0,0.10400000000000001,0.008,0.112
emerging_haplotype,h3n2,region,2026-03-26,2026-05-14,49,North America,K:145N,0.033,0.0,0.033,0.021407142857142854,11,0,0.033,0.02,0.053,0,0.07200000000000001,0.012,0.084,0,0.119,0.008,0.127
emerging_haplotype,h3n2,region,2026-03-26,2026-05-21,56,North America,K:145N,0.036,0.0,0.036,0.02256428571428571,11,0,0.038000000000000006,0.02,0.058,0,0.081,0.012,0.093,0,0.13499999999999998,0.008,0.143
emerging_haplotype,h3n2,region,2026-03-26,2026-04-02,7,North America,K:223I,0.068,0.041,0.027000000000000003,0.012542857142857142,11,0,0.026000000000000002,0.054,0.08,0,0.05,0.045,0.095,1,0.07600000000000001,0.036,0.112
emerging_haplotype,h3n2,region,2026-03-26,2026-04-09,14,North America,K:223I,0.077,0.047,0.03,0.013585714285714286,11,0,0.032,0.06,0.092,0,0.062,0.05,0.112,1,0.094,0.038,0.132
emerging_haplotype,h3n2,region,2026-03-26,2026-04-16,21,North America,K:223I,0.087,0.051,0.036,0.016621428571428575,11,0,0.03899999999999999,0.067,0.106,0,0.07600000000000001,0.055,0.131,1,0.11299999999999999,0.041,0.154
emerging_haplotype,h3n2,region,2026-03-26,2026-04-23,28,North America,K:223I,0.098,0.066,0.032,0.013707142857142854,11,0,0.046,0.074,0.12,1,0.091,0.06,0.151,1,0.135,0.044,0.179
emerging_haplotype,h3n2,region,2026-03-26,2026-04-30,35,North America,K:223I,0.109,0.078,0.031,0.013535714285714286,11,0,0.053000000000000005,0.082,0.135,1,0.10600000000000001,0.065,0.171,1,0.16099999999999998,0.047,0.208
emerging_haplotype,h3n2,region,2026-03-26,2026-05-07,42,North America,K:223I,0.121,0.103,0.018000000000000002,0.011971428571428572,11,1,0.062,0.091,0.153,1,0.126,0.07,0.196,1,0.192,0.049,0.241
emerging_haplotype,h3n2,region,2026-03-26,2026-05-14,49,North America,K:223I,0.133,0.053,0.08000000000000002,0.04207142857142857,11,0,0.07299999999999998,0.099,0.172,0,0.14400000000000002,0.076,0.22,1,0.22400000000000003,0.051,0.275
emerging_haplotype,h3n2,region,2026-03-26,2026-05-21,56,North America,K:223I,0.148,0.062,0.086,0.04341428571428572,11,0,0.084,0.108,0.192,0,0.16499999999999998,0.081,0.246,1,0.258,0.053,0.311
emerging_haplotype,h3n2,region,2026-03-26,2026-04-02,7,North America,K:328S,0.08,0.033,0.047,0.029685714285714284,11,0,0.028999999999999998,0.066,0.095,0,0.049999999999999996,0.055,0.105,0,0.08600000000000001,0.044,0.13
emerging_haplotype,h3n2,region,2026-03-26,2026-04-09,14,North America,K:328S,0.089,0.036,0.053,0.0334,11,0,0.035,0.073,0.108,0,0.061,0.06,0.121,0,0.102,0.048,0.15
emerging_haplotype,h3n2,region,2026-03-26,2026-04-16,21,North America,K:328S,0.099,0.038,0.061000000000000006,0.03837142857142858,11,0,0.041999999999999996,0.08,0.122,0,0.07300000000000001,0.065,0.138,0,0.12,0.052,0.172
emerging_haplotype,h3n2,region,2026-03-26,2026-04-23,28,North America,K:328S,0.109,0.016,0.093,0.06710714285714285,11,0,0.049000000000000016,0.088,0.137,0,0.086,0.07,0.156,0,0.14100000000000001,0.054,0.195
emerging_haplotype,h3n2,region,2026-03-26,2026-04-30,35,North America,K:328S,0.12,0.024,0.096,0.06664285714285714,11,0,0.056999999999999995,0.096,0.153,0,0.09899999999999999,0.076,0.175,0,0.164,0.057,0.221
emerging_haplotype,h3n2,region,2026-03-26,2026-05-07,42,North America,K:328S,0.132,0.031,0.101,0.06709285714285715,11,0,0.06400000000000002,0.106,0.17,0,0.116,0.08,0.196,0,0.189,0.059,0.248
emerging_haplotype,h3n2,region,2026-03-26,2026-05-14,49,North America,K:328S,0.144,0.0,0.144,0.10607857142857144,11,0,0.075,0.114,0.189,0,0.132,0.085,0.217,0,0.21300000000000002,0.063,0.276
emerging_haplotype,h3n2,region,2026-03-26,2026-05-21,56,North America,K:328S,0.158,0.0,0.158,0.11446428571428571,11,0,0.08299999999999999,0.123,0.206,0,0.149,0.091,0.24,0,0.239,0.066,0.305
emerging_haplotype,h3n2,region,2026-03-26,2026-04-02,7,North America,K:80K,0.001,0.001,0.0,0.00027142857142857144,11,1,0.002,0.001,0.003,1,0.003,0.001,0.004,1,0.006,0.0,0.006
emerging_haplotype,h3n2,region,2026-03-26,2026-04-09,14,North America,K:80K,0.001,0.002,0.001,0.00045000000000000004,11,1,0.002,0.001,0.003,1,0.004,0.0,0.004,1,0.007,0.0,0.007
emerging_haplotype,h3n2,region,2026-03-26,2026-04-16,21,North America,K:80K,0.001,0.003,0.002,0.0005928571428571429,11,1,0.002,0.001,0.003,1,0.004,0.0,0.004,1,0.007,0.0,0.007
emerging_haplotype,h3n2,region,2026-03-26,2026-04-23,28,North America,K:80K,0.001,0.0,0.001,0.0007642857142857144,11,0,0.002,0.001,0.003,1,0.005,0.0,0.005,1,0.007,0.0,0.007
emerging_haplotype,h3n2,region,2026-03-26,2026-04-30,35,North America,K:80K,0.001,0.0,0.001,0.0007714285714285715,11,0,0.002,0.001,0.003,1,0.005,0.0,0.005,1,0.008,0.0,0.008
emerging_haplotype,h3n2,region,2026-03-26,2026-05-07,42,North America,K:80K,0.001,0.0,0.001,0.0005571428571428571,11,1,0.003,0.0,0.003,1,0.005,0.0,0.005,1,0.008,0.0,0.008
emerging_haplotype,h3n2,region,2026-03-26,2026-05-14,49,North America,K:80K,0.001,0.0,0.001,0.00048571428571428577,11,1,0.002,0.0,0.002,1,0.005,0.0,0.005,1,0.008,0.0,0.008
emerging_haplotype,h3n2,region,2026-03-26,2026-05-21,56,North America,K:80K,0.001,0.0,0.001,0.0004928571428571429,11,1,0.002,0.0,0.002,1,0.005,0.0,0.005,1,0.009,0.0,0.009
emerging_haplotype,h3n2,region,2026-03-26,2026-04-02,7,North America,K,0.704,0.735,0.031000000000000028,0.013164285714285713,11,0,0.040999999999999925,0.684,0.725,1,0.07499999999999996,0.667,0.742,1,0.11299999999999999,0.65,0.763
emerging_haplotype,h3n2,region,2026-03-26,2026-04-09,14,North America,K,0.68,0.74,0.05999999999999994,0.029014285714285715,11,0,0.04699999999999993,0.659,0.706,0,0.08599999999999997,0.64,0.726,1,0.128,0.621,0.749
emerging_haplotype,h3n2,region,2026-03-26,2026-04-16,21,North America,K,0.656,0.74,0.08399999999999996,0.046371428571428557,11,0,0.052000000000000046,0.632,0.684,0,0.09699999999999998,0.61,0.707,0,0.14400000000000002,0.591,0.735
emerging_haplotype,h3n2,region,2026-03-26,2026-04-23,28,North America,K,0.631,0.742,0.11099999999999999,0.06962142857142854,11,0,0.05700000000000005,0.603,0.66,0,0.1090000000000001,0.578,0.687,0,0.16099999999999992,0.559,0.72
emerging_haplotype,h3n2,region,2026-03-26,2026-04-30,35,North America,K,0.602,0.711,0.10899999999999999,0.06203571428571426,11,0,0.06400000000000006,0.572,0.636,0,0.122,0.544,0.666,0,0.17699999999999994,0.524,0.701
emerging_haplotype,h3n2,region,2026-03-26,2026-05-07,42,North America,K,0.573,0.711,0.138,0.08612857142857137,11,0,0.07199999999999995,0.54,0.612,0,0.135,0.509,0.644,0,0.19800000000000006,0.483,0.681
emerging_haplotype,h3n2,region,2026-03-26,2026-05-14,49,North America,K,0.543,0.842,0.29899999999999993,0.24184999999999993,11,0,0.07799999999999996,0.508,0.586,0,0.15000000000000002,0.471,0.621,0,0.21900000000000003,0.443,0.662
emerging_haplotype,h3n2,region,2026-03-26,2026-05-21,56,North America,K,0.51,0.938,0.42799999999999994,0.36457857142857136,11,0,0.08400000000000007,0.475,0.559,0,0.16099999999999998,0.434,0.595,0,0.237,0.404,0.641
emerging_haplotype,h3n2,region,2026-03-26,2026-04-02,7,Oceania,J.2,0.0,0.0,0.0,0.0,11,1,0.0,0.0,0.0,1,0.0,0.0,0.0,1,0.0,0.0,0.0
emerging_haplotype,h3n2,region,2026-03-26,2026-04-09,14,Oceania,J.2,0.0,0.0,0.0,0.0,11,1,0.0,0.0,0.0,1,0.0,0.0,0.0,1,0.0,0.0,0.0
emerging_haplotype,h3n2,region,2026-03-26,2026-04-16,21,Oceania,J.2,0.0,0.0,0.0,0.0,11,1,0.0,0.0,0.0,1,0.0,0.0,0.0,1,0.0,0.0,0.0
emerging_haplotype,h3n2,region,2026-03-26,2026-04-23,28,Oceania,J.2,0.0,0.0,0.0,0.0,11,1,0.0,0.0,0.0,1,0.0,0.0,0.0,1,0.0,0.0,0.0
emerging_haplotype,h3n2,region,2026-03-26,2026-04-30,35,Oceania,J.2,0.0,0.0,0.0,0.0,11,1,0.0,0.0,0.0,1,0.0,0.0,0.0,1,0.0,0.0,0.0
emerging_haplotype,h3n2,region,2026-03-26,2026-05-07,42,Oceania,J.2,0.0,0.0,0.0,0.0,11,1,0.0,0.0,0.0,1,0.0,0.0,0.0,1,0.0,0.0,0.0
emerging_haplotype,h3n2,region,2026-03-26,2026-05-14,49,Oceania,J.2,0.0,0.0,0.0,0.0,11,1,0.0,0.0,0.0,1,0.0,0.0,0.0,1,0.0,0.0,0.0
emerging_haplotype,h3n2,region,2026-03-26,2026-05-21,56,Oceania,J.2,0.0,0.0,0.0,0.0,11,1,0.0,0.0,0.0,1,0.0,0.0,0.0,1,0.0,0.0,0.0
emerging_haplotype,h3n2,region,2026-03-26,2026-04-02,7,Oceania,J.2.2,0.001,0.0,0.001,0.0002928571428571429,11,1,0.001,0.0,0.001,1,0.002,0.0,0.002,1,0.003,0.0,0.003
emerging_haplotype,h3n2,region,2026-03-26,2026-04-09,14,Oceania,J.2.2,0.0,0.0,0.0,0.0001142857142857143,11,1,0.001,0.0,0.001,1,0.001,0.0,0.001,1,0.002,0.0,0.002
emerging_haplotype,h3n2,region,2026-03-26,2026-04-16,21,Oceania,J.2.2,0.0,0.0,0.0,0.0001142857142857143,11,1,0.001,0.0,0.001,1,0.001,0.0,0.001,1,0.002,0.0,0.002
emerging_haplotype,h3n2,region,2026-03-26,2026-04-23,28,Oceania,J.2.2,0.0,0.0,0.0,0.0001142857142857143,11,1,0.001,0.0,0.001,1,0.001,0.0,0.001,1,0.002,0.0,0.002
emerging_haplotype,h3n2,region,2026-03-26,2026-04-30,35,Oceania,J.2.2,0.0,0.0,0.0,3.571428571428572e-05,11,1,0.0,0.0,0.0,1,0.001,0.0,0.001,1,0.001,0.0,0.001
emerging_haplotype,h3n2,region,2026-03-26,2026-05-07,42,Oceania,J.2.2,0.0,0.0,0.0,3.571428571428572e-05,11,1,0.0,0.0,0.0,1,0.001,0.0,0.001,1,0.001,0.0,0.001
emerging_haplotype,h3n2,region,2026-03-26,2026-05-14,49,Oceania,J.2.2,0.0,0.0,0.0,3.571428571428572e-05,11,1,0.0,0.0,0.0,1,0.001,0.0,0.001,1,0.001,0.0,0.001
emerging_haplotype,h3n2,region,2026-03-26,2026-05-21,56,Oceania,J.2.2,0.0,0.0,0.0,7.142857142857149e-06,11,1,0.0,0.0,0.0,1,0.0,0.0,0.0,1,0.001,0.0,0.001
emerging_haplotype,h3n2,region,2026-03-26,2026-04-02,7,Oceania,J.2.3,0.0,0.0,0.0,0.0,11,1,0.0,0.0,0.0,1,0.0,0.0,0.0,1,0.0,0.0,0.0
emerging_haplotype,h3n2,region,2026-03-26,2026-04-09,14,Oceania,J.2.3,0.0,0.0,0.0,0.0,11,1,0.0,0.0,0.0,1,0.0,0.0,0.0,1,0.0,0.0,0.0
emerging_haplotype,h3n2,region,2026-03-26,2026-04-16,21,Oceania,J.2.3,0.0,0.0,0.0,0.0,11,1,0.0,0.0,0.0,1,0.0,0.0,0.0,1,0.0,0.0,0.0
emerging_haplotype,h3n2,region,2026-03-26,2026-04-23,28,Oceania,J.2.3,0.0,0.0,0.0,0.0,11,1,0.0,0.0,0.0,1,0.0,0.0,0.0,1,0.0,0.0,0.0
emerging_haplotype,h3n2,region,2026-03-26,2026-04-30,35,Oceania,J.2.3,0.0,0.0,0.0,0.0,11,1,0.0,0.0,0.0,1,0.0,0.0,0.0,1,0.0,0.0,0.0
emerging_haplotype,h3n2,region,2026-03-26,2026-05-07,42,Oceania,J.2.3,0.0,0.0,0.0,0.0,11,1,0.0,0.0,0.0,1,0.0,0.0,0.0,1,0.0,0.0,0.0
emerging_haplotype,h3n2,region,2026-03-26,2026-05-14,49,Oceania,J.2.3,0.0,0.0,0.0,0.0,11,1,0.0,0.0,0.0,1,0.0,0.0,0.0,1,0.0,0.0,0.0
emerging_haplotype,h3n2,region,2026-03-26,2026-05-21,56,Oceania,J.2.3,0.0,0.0,0.0,0.0,11,1,0.0,0.0,0.0,1,0.0,0.0,0.0,1,0.0,0.0,0.0
emerging_haplotype,h3n2,region,2026-03-26,2026-04-02,7,Oceania,J.2.4,0.0,0.0,0.0,3.571428571428572e-05,11,1,0.0,0.0,0.0,1,0.001,0.0,0.001,1,0.001,0.0,0.001
emerging_haplotype,h3n2,region,2026-03-26,2026-04-09,14,Oceania,J.2.4,0.0,0.0,0.0,7.142857142857149e-06,11,1,0.0,0.0,0.0,1,0.0,0.0,0.0,1,0.001,0.0,0.001
emerging_haplotype,h3n2,region,2026-03-26,2026-04-16,21,Oceania,J.2.4,0.0,0.0,0.0,7.142857142857149e-06,11,1,0.0,0.0,0.0,1,0.0,0.0,0.0,1,0.001,0.0,0.001
emerging_haplotype,h3n2,region,2026-03-26,2026-04-23,28,Oceania,J.2.4,0.0,0.0,0.0,0.0,11,1,0.0,0.0,0.0,1,0.0,0.0,0.0,1,0.0,0.0,0.0
emerging_haplotype,h3n2,region,2026-03-26,2026-04-30,35,Oceania,J.2.4,0.0,0.0,0.0,0.0,11,1,0.0,0.0,0.0,1,0.0,0.0,0.0,1,0.0,0.0,0.0
emerging_haplotype,h3n2,region,2026-03-26,2026-05-07,42,Oceania,J.2.4,0.0,0.0,0.0,0.0,11,1,0.0,0.0,0.0,1,0.0,0.0,0.0,1,0.0,0.0,0.0
emerging_haplotype,h3n2,region,2026-03-26,2026-05-14,49,Oceania,J.2.4,0.0,0.0,0.0,0.0,11,1,0.0,0.0,0.0,1,0.0,0.0,0.0,1,0.0,0.0,0.0
emerging_haplotype,h3n2,region,2026-03-26,2026-05-21,56,Oceania,J.2.4,0.0,0.0,0.0,0.0,11,1,0.0,0.0,0.0,1,0.0,0.0,0.0,1,0.0,0.0,0.0
emerging_haplotype,h3n2,region,2026-03-26,2026-04-02,7,Oceania,J.2.4:79V,0.015,0.0,0.015,0.009614285714285714,11,0,0.016,0.009,0.025,0,0.036000000000000004,0.005,0.041,0,0.062,0.003,0.065
emerging_haplotype,h3n2,region,2026-03-26,2026-04-09,14,Oceania,J.2.4:79V,0.016,0.0,0.016,0.009685714285714285,11,0,0.017,0.009,0.026,0,0.039,0.005,0.044,0,0.06999999999999999,0.002,0.072
emerging_haplotype,h3n2,region,2026-03-26,2026-04-16,21,Oceania,J.2.4:79V,0.016,0.048,0.032,0.013900000000000001,11,0,0.018000000000000002,0.009,0.027,0,0.042,0.005,0.047,1,0.078,0.002,0.08
emerging_haplotype,h3n2,region,2026-03-26,2026-04-23,28,Oceania,J.2.4:79V,0.017,0.056,0.039,0.01827857142857143,11,0,0.019000000000000003,0.009,0.028,0,0.046,0.005,0.051,1,0.08499999999999999,0.002,0.087
emerging_haplotype,h3n2,region,2026-03-26,2026-04-30,35,Oceania,J.2.4:79V,0.017,0.053,0.036,0.015485714285714287,11,0,0.020000000000000004,0.009,0.029,1,0.049,0.005,0.054,1,0.092,0.002,0.094
emerging_haplotype,h3n2,region,2026-03-26,2026-05-07,42,Oceania,J.2.4:79V,0.018,0.062,0.044,0.020578571428571425,11,0,0.020999999999999998,0.009,0.03,0,0.053000000000000005,0.004,0.057,1,0.099,0.002,0.101
emerging_haplotype,h3n2,region,2026-03-26,2026-05-14,49,Oceania,J.2.4:79V,0.018,0.067,0.049,0.023357142857142858,11,0,0.024,0.008,0.032,0,0.05499999999999999,0.004,0.059,1,0.11,0.002,0.112
emerging_haplotype,h3n2,region,2026-03-26,2026-05-21,56,Oceania,J.2.4:79V,0.018,0.083,0.065,0.03363571428571429,11,0,0.025,0.008,0.033,0,0.059,0.004,0.063,1,0.123,0.001,0.124
emerging_haplotype,h3n2,region,2026-03-26,2026-04-02,7,Oceania,K:145N,0.063,0.0,0.063,0.04337142857142857,11,0,0.049999999999999996,0.042,0.092,0,0.092,0.031,0.123,0,0.14400000000000002,0.022,0.166
emerging_haplotype,h3n2,region,2026-03-26,2026-04-09,14,Oceania,K:145N,0.067,0.0,0.067,0.046071428571428576,11,0,0.056999999999999995,0.045,0.102,0,0.10300000000000001,0.032,0.135,0,0.168,0.022,0.19
emerging_haplotype,h3n2,region,2026-03-26,2026-04-16,21,Oceania,K:145N,0.071,0.0,0.071,0.04845,11,0,0.063,0.048,0.111,0,0.11599999999999999,0.032,0.148,0,0.189,0.022,0.211
emerging_haplotype,h3n2,region,2026-03-26,2026-04-23,28,Oceania,K:145N,0.075,0.0,0.075,0.050685714285714285,11,0,0.071,0.049,0.12,0,0.129,0.033,0.162,0,0.21000000000000002,0.022,0.232
emerging_haplotype,h3n2,region,2026-03-26,2026-04-30,35,Oceania,K:145N,0.079,0.0,0.079,0.05290714285714287,11,0,0.07900000000000001,0.051,0.13,0,0.141,0.033,0.174,0,0.233,0.022,0.255
emerging_haplotype,h3n2,region,2026-03-26,2026-05-07,42,Oceania,K:145N,0.084,0.0,0.084,0.05540714285714286,11,0,0.08700000000000002,0.053,0.14,0,0.156,0.033,0.189,0,0.26299999999999996,0.022,0.285
emerging_haplotype,h3n2,region,2026-03-26,2026-05-14,49,Oceania,K:145N,0.089,0.0,0.089,0.05751428571428572,11,0,0.097,0.054,0.151,0,0.172,0.033,0.205,0,0.294,0.021,0.315
emerging_haplotype,h3n2,region,2026-03-26,2026-05-21,56,Oceania,K:145N,0.095,0.0,0.095,0.06032857142857143,11,0,0.10600000000000001,0.056,0.162,0,0.19,0.033,0.223,0,0.32599999999999996,0.021,0.347
emerging_haplotype,h3n2,region,2026-03-26,2026-04-02,7,Oceania,K:223I,0.007,0.0,0.007,0.0049785714285714286,11,0,0.007,0.005,0.012,0,0.016,0.003,0.019,0,0.023,0.002,0.025
emerging_haplotype,h3n2,region,2026-03-26,2026-04-09,14,Oceania,K:223I,0.006,0.0,0.006,0.004521428571428572,11,0,0.006999999999999999,0.004,0.011,0,0.015,0.003,0.018,0,0.023,0.002,0.025
emerging_haplotype,h3n2,region,2026-03-26,2026-04-16,21,Oceania,K:223I,0.006,0.0,0.006,0.0039785714285714285,11,0,0.006999999999999999,0.004,0.011,0,0.016,0.002,0.018,0,0.023,0.001,0.024
emerging_haplotype,h3n2,region,2026-03-26,2026-04-23,28,Oceania,K:223I,0.005,0.0,0.005,0.003521428571428571,11,0,0.007,0.003,0.01,0,0.015000000000000001,0.002,0.017,0,0.023,0.001,0.024
emerging_haplotype,h3n2,region,2026-03-26,2026-04-30,35,Oceania,K:223I,0.005,0.0,0.005,0.0034214285714285714,11,0,0.005999999999999999,0.003,0.009,0,0.014,0.002,0.016,0,0.023,0.001,0.024
emerging_haplotype,h3n2,region,2026-03-26,2026-05-07,42,Oceania,K:223I,0.004,0.0,0.004,0.0029142857142857143,11,0,0.005,0.003,0.008,0,0.013999999999999999,0.001,0.015,0,0.022,0.001,0.023
emerging_haplotype,h3n2,region,2026-03-26,2026-05-14,49,Oceania,K:223I,0.004,0.0,0.004,0.002664285714285714,11,0,0.006,0.002,0.008,0,0.013000000000000001,0.001,0.014,0,0.020999999999999998,0.001,0.022
emerging_haplotype,h3n2,region,2026-03-26,2026-05-21,56,Oceania,K:223I,0.003,0.0,0.003,0.0024214285714285718,11,0,0.005,0.002,0.007,0,0.012,0.001,0.013,0,0.020999999999999998,0.001,0.022
emerging_haplotype,h3n2,region,2026-03-26,2026-04-02,7,Oceania,K:328S,0.023,0.0,0.023,0.014028571428571428,11,0,0.025,0.013,0.038,0,0.043,0.008,0.051,0,0.08199999999999999,0.004,0.086
emerging_haplotype,h3n2,region,2026-03-26,2026-04-09,14,Oceania,K:328S,0.023,0.0,0.023,0.014342857142857142,11,0,0.027000000000000003,0.013,0.04,0,0.047,0.008,0.055,0,0.09,0.004,0.094
emerging_haplotype,h3n2,region,2026-03-26,2026-04-16,21,Oceania,K:328S,0.023,0.0,0.023,0.01442857142857143,11,0,0.029000000000000005,0.013,0.042,0,0.053,0.007,0.06,0,0.09799999999999999,0.004,0.102
emerging_haplotype,h3n2,region,2026-03-26,2026-04-23,28,Oceania,K:328S,0.023,0.0,0.023,0.01417857142857143,11,0,0.030999999999999996,0.012,0.043,0,0.057,0.007,0.064,0,0.107,0.003,0.11
emerging_haplotype,h3n2,region,2026-03-26,2026-04-30,35,Oceania,K:328S,0.024,0.0,0.024,0.014557142857142857,11,0,0.032,0.012,0.044,0,0.061000000000000006,0.007,0.068,0,0.114,0.003,0.117
emerging_haplotype,h3n2,region,2026-03-26,2026-05-07,42,Oceania,K:328S,0.023,0.0,0.023,0.014392857142857143,11,0,0.033,0.012,0.045,0,0.06599999999999999,0.006,0.072,0,0.121,0.003,0.124
emerging_haplotype,h3n2,region,2026-03-26,2026-05-14,49,Oceania,K:328S,0.023,0.0,0.023,0.014414285714285715,11,0,0.035,0.011,0.046,0,0.06999999999999999,0.006,0.076,0,0.128,0.003,0.131
emerging_haplotype,h3n2,region,2026-03-26,2026-05-21,56,Oceania,K:328S,0.022,0.0,0.022,0.013942857142857142,11,0,0.036000000000000004,0.011,0.047,0,0.074,0.005,0.079,0,0.136,0.002,0.138
emerging_haplotype,h3n2,region,2026-03-26,2026-04-02,7,Oceania,K:80K,0.386,0.0,0.386,0.33701428571428566,11,0,0.07600000000000001,0.357,0.433,0,0.16599999999999998,0.309,0.475,0,0.238,0.279,0.517
emerging_haplotype,h3n2,region,2026-03-26,2026-04-09,14,Oceania,K:80K,0.408,0.0,0.408,0.3552214285714285,11,0,0.08400000000000002,0.375,0.459,0,0.179,0.326,0.505,0,0.25500000000000006,0.293,0.548
emerging_haplotype,h3n2,region,2026-03-26,2026-04-16,21,Oceania,K:80K,0.43,0.0,0.43,0.3732857142857143,11,0,0.08899999999999997,0.395,0.484,0,0.195,0.342,0.537,0,0.26999999999999996,0.306,0.576
emerging_haplotype,h3n2,region,2026-03-26,2026-04-23,28,Oceania,K:80K,0.453,0.0,0.453,0.38899999999999996,11,0,0.09400000000000003,0.413,0.507,0,0.21299999999999997,0.352,0.565,0,0.288,0.318,0.606
emerging_haplotype,h3n2,region,2026-03-26,2026-04-30,35,Oceania,K:80K,0.476,0.0,0.476,0.40422142857142856,11,0,0.10200000000000004,0.428,0.53,0,0.22699999999999998,0.364,0.591,0,0.303,0.329,0.632
emerging_haplotype,h3n2,region,2026-03-26,2026-05-07,42,Oceania,K:80K,0.498,0.0,0.498,0.4181142857142857,11,0,0.11300000000000004,0.44,0.553,0,0.241,0.377,0.618,0,0.322,0.337,0.659
emerging_haplotype,h3n2,region,2026-03-26,2026-05-14,49,Oceania,K:80K,0.519,0.0,0.519,0.4282142857142857,11,0,0.12399999999999994,0.451,0.575,0,0.265,0.383,0.648,0,0.3499999999999999,0.339,0.689
emerging_haplotype,h3n2,region,2026-03-26,2026-05-21,56,Oceania,K:80K,0.538,0.0,0.538,0.4403642857142857,11,0,0.12699999999999995,0.468,0.595,0,0.271,0.397,0.668,0,0.37699999999999995,0.339,0.716
emerging_haplotype,h3n2,region,2026-03-26,2026-04-02,7,Oceania,K,0.481,1.0,0.519,0.4654857142857142,11,0,0.08700000000000002,0.439,0.526,0,0.15400000000000003,0.398,0.552,0,0.22199999999999998,0.373,0.595
emerging_haplotype,h3n2,region,2026-03-26,2026-04-09,14,Oceania,K,0.449,1.0,0.5509999999999999,0.4934571428571428,11,0,0.09399999999999997,0.405,0.499,0,0.16300000000000003,0.362,0.525,0,0.23199999999999993,0.338,0.57
emerging_haplotype,h3n2,region,2026-03-26,2026-04-16,21,Oceania,K,0.418,0.952,0.534,0.47222142857142846,11,0,0.09799999999999998,0.373,0.471,0,0.172,0.328,0.5,0,0.24300000000000005,0.304,0.547
emerging_haplotype,h3n2,region,2026-03-26,2026-04-23,28,Oceania,K,0.387,0.944,0.5569999999999999,0.49157142857142855,11,0,0.09999999999999998,0.342,0.442,0,0.177,0.297,0.474,0,0.252,0.271,0.523
emerging_haplotype,h3n2,region,2026-03-26,2026-04-30,35,Oceania,K,0.359,0.947,0.588,0.5220785714285714,11,0,0.09999999999999998,0.312,0.412,0,0.178,0.268,0.446,0,0.259,0.24,0.499
emerging_haplotype,h3n2,region,2026-03-26,2026-05-07,42,Oceania,K,0.33,0.938,0.6079999999999999,0.5398785714285714,11,0,0.10000000000000003,0.283,0.383,0,0.18,0.24,0.42,0,0.263,0.212,0.475
emerging_haplotype,h3n2,region,2026-03-26,2026-05-14,49,Oceania,K,0.303,0.933,0.6300000000000001,0.5612928571428573,11,0,0.09999999999999998,0.255,0.355,0,0.17900000000000002,0.214,0.393,0,0.265,0.186,0.451
emerging_haplotype,h3n2,region,2026-03-26,2026-05-21,56,Oceania,K,0.278,0.917,0.639,0.5702428571428572,11,0,0.099,0.23,0.329,0,0.18,0.188,0.368,0,0.264,0.163,0.427
emerging_haplotype,h3n2,region,2026-03-26,2026-04-02,7,South America,J.2,0.002,0.003,0.001,0.00040714285714285717,11,1,0.002,0.001,0.003,1,0.003,0.001,0.004,1,0.005,0.001,0.006
emerging_haplotype,h3n2,region,2026-03-26,2026-04-09,14,South America,J.2,0.002,0.004,0.002,0.0013000000000000002,11,0,0.001,0.001,0.002,0,0.002,0.001,0.003,1,0.004,0.0,0.004
emerging_haplotype,h3n2,region,2026-03-26,2026-04-16,21,South America,J.2,0.001,0.0,0.001,0.0005785714285714285,11,0,0.001,0.001,0.002,1,0.002,0.0,0.002,1,0.003,0.0,0.003
emerging_haplotype,h3n2,region,2026-03-26,2026-04-23,28,South America,J.2,0.001,0.0,0.001,0.0005071428571428572,11,0,0.0,0.001,0.001,1,0.002,0.0,0.002,1,0.003,0.0,0.003
emerging_haplotype,h3n2,region,2026-03-26,2026-04-30,35,South America,J.2,0.001,0.0,0.001,0.00025714285714285715,11,1,0.001,0.0,0.001,1,0.001,0.0,0.001,1,0.002,0.0,0.002
emerging_haplotype,h3n2,region,2026-03-26,2026-05-07,42,South America,J.2,0.0,0.0,0.0,0.0001142857142857143,11,1,0.001,0.0,0.001,1,0.001,0.0,0.001,1,0.002,0.0,0.002
emerging_haplotype,h3n2,region,2026-03-26,2026-05-14,49,South America,J.2,0.0,0.0,0.0,3.571428571428572e-05,11,1,0.0,0.0,0.0,1,0.001,0.0,0.001,1,0.001,0.0,0.001
emerging_haplotype,h3n2,region,2026-03-26,2026-05-21,56,South America,J.2,0.0,0.0,0.0,3.571428571428572e-05,11,1,0.0,0.0,0.0,1,0.001,0.0,0.001,1,0.001,0.0,0.001
emerging_haplotype,h3n2,region,2026-03-26,2026-04-02,7,South America,J.2.2,0.0,0.0,0.0,0.0001142857142857143,11,1,0.001,0.0,0.001,1,0.001,0.0,0.001,1,0.002,0.0,0.002
emerging_haplotype,h3n2,region,2026-03-26,2026-04-09,14,South America,J.2.2,0.0,0.0,0.0,0.0001142857142857143,11,1,0.001,0.0,0.001,1,0.001,0.0,0.001,1,0.002,0.0,0.002
emerging_haplotype,h3n2,region,2026-03-26,2026-04-16,21,South America,J.2.2,0.0,0.0,0.0,3.571428571428572e-05,11,1,0.0,0.0,0.0,1,0.001,0.0,0.001,1,0.001,0.0,0.001
emerging_haplotype,h3n2,region,2026-03-26,2026-04-23,28,South America,J.2.2,0.0,0.0,0.0,3.571428571428572e-05,11,1,0.0,0.0,0.0,1,0.001,0.0,0.001,1,0.001,0.0,0.001
emerging_haplotype,h3n2,region,2026-03-26,2026-04-30,35,South America,J.2.2,0.0,0.0,0.0,7.142857142857149e-06,11,1,0.0,0.0,0.0,1,0.0,0.0,0.0,1,0.001,0.0,0.001
emerging_haplotype,h3n2,region,2026-03-26,2026-05-07,42,South America,J.2.2,0.0,0.0,0.0,7.142857142857149e-06,11,1,0.0,0.0,0.0,1,0.0,0.0,0.0,1,0.001,0.0,0.001
emerging_haplotype,h3n2,region,2026-03-26,2026-05-14,49,South America,J.2.2,0.0,0.0,0.0,7.142857142857149e-06,11,1,0.0,0.0,0.0,1,0.0,0.0,0.0,1,0.001,0.0,0.001
emerging_haplotype,h3n2,region,2026-03-26,2026-05-21,56,South America,J.2.2,0.0,0.0,0.0,0.0,11,1,0.0,0.0,0.0,1,0.0,0.0,0.0,1,0.0,0.0,0.0
emerging_haplotype,h3n2,region,2026-03-26,2026-04-02,7,South America,J.2.3,0.005,0.01,0.005,0.0027642857142857148,11,0,0.002,0.004,0.006,0,0.005,0.003,0.008,1,0.007,0.003,0.01
emerging_haplotype,h3n2,region,2026-03-26,2026-04-09,14,South America,J.2.3,0.003,0.004,0.001,0.0003714285714285715,11,1,0.001,0.003,0.004,1,0.004,0.002,0.006,1,0.006,0.001,0.007
emerging_haplotype,h3n2,region,2026-03-26,2026-04-16,21,South America,J.2.3,0.002,0.0,0.002,0.0016142857142857144,11,0,0.001,0.002,0.003,0,0.003,0.001,0.004,0,0.004,0.001,0.005
emerging_haplotype,h3n2,region,2026-03-26,2026-04-23,28,South America,J.2.3,0.001,0.0,0.001,0.001142857142857143,11,0,0.001,0.001,0.002,0,0.002,0.001,0.003,0,0.002,0.001,0.003
emerging_haplotype,h3n2,region,2026-03-26,2026-04-30,35,South America,J.2.3,0.001,0.0,0.001,0.0007571428571428572,11,0,0.0,0.001,0.001,0,0.001,0.001,0.002,1,0.002,0.0,0.002
emerging_haplotype,h3n2,region,2026-03-26,2026-05-07,42,South America,J.2.3,0.001,0.0,0.001,0.00025714285714285715,11,1,0.001,0.0,0.001,1,0.001,0.0,0.001,1,0.002,0.0,0.002
emerging_haplotype,h3n2,region,2026-03-26,2026-05-14,49,South America,J.2.3,0.0,0.0,0.0,0.00010714285714285715,11,1,0.001,0.0,0.001,1,0.001,0.0,0.001,1,0.001,0.0,0.001
emerging_haplotype,h3n2,region,2026-03-26,2026-05-21,56,South America,J.2.3,0.0,0.0,0.0,3.571428571428572e-05,11,1,0.0,0.0,0.0,1,0.001,0.0,0.001,1,0.001,0.0,0.001
emerging_haplotype,h3n2,region,2026-03-26,2026-04-02,7,South America,J.2.4,0.0,0.007,0.007,0.007,11,0,0.0,0.0,0.0,0,0.0,0.0,0.0,0,0.0,0.0,0.0
emerging_haplotype,h3n2,region,2026-03-26,2026-04-09,14,South America,J.2.4,0.0,0.007,0.007,0.007,11,0,0.0,0.0,0.0,0,0.0,0.0,0.0,0,0.0,0.0,0.0
emerging_haplotype,h3n2,region,2026-03-26,2026-04-16,21,South America,J.2.4,0.0,0.007,0.007,0.007,11,0,0.0,0.0,0.0,0,0.0,0.0,0.0,0,0.0,0.0,0.0
emerging_haplotype,h3n2,region,2026-03-26,2026-04-23,28,South America,J.2.4,0.0,0.004,0.004,0.004,11,0,0.0,0.0,0.0,0,0.0,0.0,0.0,0,0.0,0.0,0.0
emerging_haplotype,h3n2,region,2026-03-26,2026-04-30,35,South America,J.2.4,0.0,0.0,0.0,0.0,11,1,0.0,0.0,0.0,1,0.0,0.0,0.0,1,0.0,0.0,0.0
emerging_haplotype,h3n2,region,2026-03-26,2026-05-07,42,South America,J.2.4,0.0,0.0,0.0,0.0,11,1,0.0,0.0,0.0,1,0.0,0.0,0.0,1,0.0,0.0,0.0
emerging_haplotype,h3n2,region,2026-03-26,2026-05-14,49,South America,J.2.4,0.0,0.0,0.0,0.0,11,1,0.0,0.0,0.0,1,0.0,0.0,0.0,1,0.0,0.0,0.0
emerging_haplotype,h3n2,region,2026-03-26,2026-05-21,56,South America,J.2.4,0.0,0.0,0.0,0.0,11,1,0.0,0.0,0.0,1,0.0,0.0,0.0,1,0.0,0.0,0.0
emerging_haplotype,h3n2,region,2026-03-26,2026-04-02,7,South America,J.2.4:79V,0.005,0.023,0.018,0.0088,11,0,0.009,0.002,0.011,0,0.016999999999999998,0.001,0.018,1,0.034,0.001,0.035
emerging_haplotype,h3n2,region,2026-03-26,2026-04-09,14,South America,J.2.4:79V,0.005,0.021,0.016,0.007114285714285716,11,0,0.009,0.002,0.011,0,0.018,0.001,0.019,1,0.034,0.001,0.035
emerging_haplotype,h3n2,region,2026-03-26,2026-04-16,21,South America,J.2.4:79V,0.005,0.018,0.012999999999999998,0.005449999999999999,11,0,0.008,0.002,0.01,1,0.016999999999999998,0.001,0.018,1,0.035,0.0,0.035
emerging_haplotype,h3n2,region,2026-03-26,2026-04-23,28,South America,J.2.4:79V,0.004,0.021,0.017,0.007807142857142859,11,0,0.009000000000000001,0.001,0.01,0,0.016999999999999998,0.001,0.018,1,0.035,0.0,0.035
emerging_haplotype,h3n2,region,2026-03-26,2026-04-30,35,South America,J.2.4:79V,0.004,0.015,0.011,0.004621428571428572,11,0,0.008,0.001,0.009,1,0.018,0.0,0.018,1,0.035,0.0,0.035
emerging_haplotype,h3n2,region,2026-03-26,2026-05-07,42,South America,J.2.4:79V,0.003,0.0,0.003,0.002042857142857143,11,0,0.008,0.001,0.009,1,0.018,0.0,0.018,1,0.034,0.0,0.034
emerging_haplotype,h3n2,region,2026-03-26,2026-05-14,49,South America,J.2.4:79V,0.003,0.0,0.003,0.001935714285714286,11,0,0.007,0.001,0.008,1,0.017,0.0,0.017,1,0.033,0.0,0.033
emerging_haplotype,h3n2,region,2026-03-26,2026-05-21,56,South America,J.2.4:79V,0.002,0.0,0.002,0.00165,11,0,0.006,0.001,0.007,1,0.015,0.0,0.015,1,0.031,0.0,0.031
emerging_haplotype,h3n2,region,2026-03-26,2026-04-02,7,South America,K:145N,0.006,0.017,0.011000000000000001,0.005442857142857144,11,0,0.013999999999999999,0.001,0.015,1,0.041,0.0,0.041,1,0.158,0.0,0.158
emerging_haplotype,h3n2,region,2026-03-26,2026-04-09,14,South America,K:145N,0.006,0.018,0.011999999999999999,0.005871428571428571,11,0,0.016,0.001,0.017,1,0.048,0.0,0.048,1,0.19,0.0,0.19
emerging_haplotype,h3n2,region,2026-03-26,2026-04-16,21,South America,K:145N,0.006,0.018,0.011999999999999999,0.0062928571428571434,11,1,0.019,0.001,0.02,1,0.056,0.0,0.056,1,0.227,0.0,0.227
emerging_haplotype,h3n2,region,2026-03-26,2026-04-23,28,South America,K:145N,0.006,0.017,0.011000000000000001,0.00692857142857143,11,1,0.022,0.001,0.023,1,0.066,0.0,0.066,1,0.266,0.0,0.266
emerging_haplotype,h3n2,region,2026-03-26,2026-04-30,35,South America,K:145N,0.006,0.015,0.009,0.007671428571428573,11,1,0.024999999999999998,0.001,0.026,1,0.084,0.0,0.084,1,0.308,0.0,0.308
emerging_haplotype,h3n2,region,2026-03-26,2026-05-07,42,South America,K:145N,0.006,0.02,0.014,0.009221428571428573,11,1,0.028,0.001,0.029,1,0.095,0.0,0.095,1,0.351,0.0,0.351
emerging_haplotype,h3n2,region,2026-03-26,2026-05-14,49,South America,K:145N,0.007,0.009,0.001999999999999999,0.008392857142857145,11,1,0.031,0.001,0.032,1,0.107,0.0,0.107,1,0.397,0.0,0.397
emerging_haplotype,h3n2,region,2026-03-26,2026-05-21,56,South America,K:145N,0.007,0.0,0.007,0.010507142857142859,11,0,0.034,0.001,0.035,1,0.119,0.0,0.119,1,0.475,0.0,0.475
emerging_haplotype,h3n2,region,2026-03-26,2026-04-02,7,South America,K:223I,0.01,0.003,0.007,0.0045,11,0,0.018,0.004,0.022,1,0.045,0.001,0.046,1,0.09,0.0,0.09
emerging_haplotype,h3n2,region,2026-03-26,2026-04-09,14,South America,K:223I,0.01,0.014,0.004,0.004164285714285715,11,1,0.019,0.004,0.023,1,0.052,0.001,0.053,1,0.105,0.0,0.105
emerging_haplotype,h3n2,region,2026-03-26,2026-04-16,21,South America,K:223I,0.011,0.014,0.003000000000000001,0.004585714285714286,11,1,0.022,0.004,0.026,1,0.06,0.001,0.061,1,0.122,0.0,0.122
emerging_haplotype,h3n2,region,2026-03-26,2026-04-23,28,South America,K:223I,0.011,0.017,0.006000000000000002,0.005664285714285715,11,1,0.025,0.003,0.028,1,0.069,0.001,0.07,1,0.147,0.0,0.147
emerging_haplotype,h3n2,region,2026-03-26,2026-04-30,35,South America,K:223I,0.012,0.021,0.009000000000000001,0.006835714285714287,11,1,0.028,0.003,0.031,1,0.079,0.001,0.08,1,0.181,0.0,0.181
emerging_haplotype,h3n2,region,2026-03-26,2026-05-07,42,South America,K:223I,0.012,0.02,0.008,0.007564285714285715,11,1,0.032999999999999995,0.003,0.036,1,0.09,0.001,0.091,1,0.209,0.0,0.209
emerging_haplotype,h3n2,region,2026-03-26,2026-05-14,49,South America,K:223I,0.012,0.028,0.016,0.009500000000000003,11,1,0.034999999999999996,0.003,0.038,1,0.104,0.001,0.105,1,0.244,0.0,0.244
emerging_haplotype,h3n2,region,2026-03-26,2026-05-21,56,South America,K:223I,0.013,0.043,0.03,0.012757142857142856,11,0,0.039,0.003,0.042,1,0.11699999999999999,0.001,0.118,1,0.288,0.0,0.288
emerging_haplotype,h3n2,region,2026-03-26,2026-04-02,7,South America,K:328S,0.03,0.043,0.012999999999999998,0.010107142857142856,11,1,0.046,0.012,0.058,1,0.121,0.005,0.126,1,0.211,0.003,0.214
emerging_haplotype,h3n2,region,2026-03-26,2026-04-09,14,South America,K:328S,0.033,0.046,0.012999999999999998,0.011714285714285715,11,1,0.054000000000000006,0.013,0.067,1,0.145,0.006,0.151,1,0.26,0.003,0.263
emerging_haplotype,h3n2,region,2026-03-26,2026-04-16,21,South America,K:328S,0.037,0.04,0.0030000000000000027,0.012342857142857143,11,1,0.065,0.015,0.08,1,0.175,0.006,0.181,1,0.318,0.003,0.321
emerging_haplotype,h3n2,region,2026-03-26,2026-04-23,28,South America,K:328S,0.042,0.033,0.009000000000000001,0.015585714285714288,11,1,0.076,0.015,0.091,1,0.215,0.006,0.221,1,0.382,0.003,0.385
emerging_haplotype,h3n2,region,2026-03-26,2026-04-30,35,South America,K:328S,0.046,0.041,0.0049999999999999975,0.01740714285714286,11,1,0.085,0.016,0.101,1,0.259,0.006,0.265,1,0.451,0.002,0.453
emerging_haplotype,h3n2,region,2026-03-26,2026-05-07,42,South America,K:328S,0.05,0.046,0.0040000000000000036,0.01970714285714286,11,1,0.093,0.017,0.11,1,0.307,0.006,0.313,1,0.521,0.002,0.523
emerging_haplotype,h3n2,region,2026-03-26,2026-05-14,49,South America,K:328S,0.056,0.038,0.018000000000000002,0.025114285714285717,11,1,0.111,0.018,0.129,1,0.364,0.007,0.371,1,0.59,0.002,0.592
emerging_haplotype,h3n2,region,2026-03-26,2026-05-21,56,South America,K:328S,0.063,0.0,0.063,0.042228571428571435,11,0,0.128,0.018,0.146,0,0.419,0.006,0.425,0,0.656,0.002,0.658
emerging_haplotype,h3n2,region,2026-03-26,2026-04-02,7,South America,K:80K,0.0,0.0,0.0,0.0001928571428571429,11,1,0.001,0.0,0.001,1,0.002,0.0,0.002,1,0.009,0.0,0.009
emerging_haplotype,h3n2,region,2026-03-26,2026-04-09,14,South America,K:80K,0.0,0.0,0.0,0.00020000000000000006,11,1,0.001,0.0,0.001,1,0.002,0.0,0.002,1,0.01,0.0,0.01
emerging_haplotype,h3n2,region,2026-03-26,2026-04-16,21,South America,K:80K,0.0,0.0,0.0,0.00021428571428571436,11,1,0.001,0.0,0.001,1,0.002,0.0,0.002,1,0.012,0.0,0.012
emerging_haplotype,h3n2,region,2026-03-26,2026-04-23,28,South America,K:80K,0.0,0.0,0.0,0.0002214285714285715,11,1,0.001,0.0,0.001,1,0.002,0.0,0.002,1,0.013,0.0,0.013
emerging_haplotype,h3n2,region,2026-03-26,2026-04-30,35,South America,K:80K,0.0,0.0,0.0,0.00022857142857142868,11,1,0.001,0.0,0.001,1,0.002,0.0,0.002,1,0.014,0.0,0.014
emerging_haplotype,h3n2,region,2026-03-26,2026-05-07,42,South America,K:80K,0.0,0.0,0.0,0.00024285714285714294,11,1,0.001,0.0,0.001,1,0.002,0.0,0.002,1,0.016,0.0,0.016
emerging_haplotype,h3n2,region,2026-03-26,2026-05-14,49,South America,K:80K,0.0,0.0,0.0,0.0002857142857142858,11,1,0.001,0.0,0.001,1,0.003,0.0,0.003,1,0.018,0.0,0.018
emerging_haplotype,h3n2,region,2026-03-26,2026-05-21,56,South America,K:80K,0.0,0.0,0.0,0.0002642857142857144,11,1,0.001,0.0,0.001,1,0.002,0.0,0.002,1,0.019,0.0,0.019
emerging_haplotype,h3n2,region,2026-03-26,2026-04-02,7,South America,K,0.914,0.894,0.020000000000000018,0.014657142857142855,11,1,0.06999999999999995,0.874,0.944,1,0.16599999999999993,0.791,0.957,1,0.2879999999999999,0.681,0.969
emerging_haplotype,h3n2,region,2026-03-26,2026-04-09,14,South America,K,0.908,0.887,0.02100000000000002,0.01782142857142857,11,1,0.08999999999999997,0.854,0.944,1,0.20499999999999996,0.753,0.958,1,0.355,0.617,0.972
emerging_haplotype,h3n2,region,2026-03-26,2026-04-16,21,South America,K,0.898,0.902,0.0040000000000000036,0.018378571428571428,11,1,0.10699999999999998,0.836,0.943,1,0.249,0.71,0.959,1,0.42699999999999994,0.546,0.973
emerging_haplotype,h3n2,region,2026-03-26,2026-04-23,28,South America,K,0.889,0.909,0.020000000000000018,0.02392857142857143,11,1,0.126,0.813,0.939,1,0.29699999999999993,0.662,0.959,1,0.502,0.472,0.974
emerging_haplotype,h3n2,region,2026-03-26,2026-04-30,35,South America,K,0.877,0.907,0.030000000000000027,0.028764285714285718,11,1,0.14700000000000002,0.788,0.935,1,0.345,0.612,0.957,1,0.577,0.398,0.975
emerging_haplotype,h3n2,region,2026-03-26,2026-05-07,42,South America,K,0.863,0.914,0.051000000000000045,0.035557142857142864,11,1,0.17300000000000004,0.754,0.927,1,0.3949999999999999,0.559,0.954,1,0.6479999999999999,0.327,0.975
emerging_haplotype,h3n2,region,2026-03-26,2026-05-14,49,South America,K,0.85,0.925,0.07500000000000007,0.0442357142857143,11,0,0.20300000000000007,0.718,0.921,1,0.44799999999999995,0.504,0.952,1,0.711,0.263,0.974
emerging_haplotype,h3n2,region,2026-03-26,2026-05-21,56,South America,K,0.835,0.957,0.122,0.06789285714285713,11,0,0.23299999999999998,0.681,0.914,0,0.502,0.449,0.951,1,0.767,0.207,0.974
emerging_haplotype,h3n2,region,2026-03-26,2026-04-02,7,Southeast Asia,J.2,0.0,0.0,0.0,0.0,11,1,0.0,0.0,0.0,1,0.0,0.0,0.0,1,0.0,0.0,0.0
emerging_haplotype,h3n2,region,2026-03-26,2026-04-09,14,Southeast Asia,J.2,0.0,0.0,0.0,0.0,11,1,0.0,0.0,0.0,1,0.0,0.0,0.0,1,0.0,0.0,0.0
emerging_haplotype,h3n2,region,2026-03-26,2026-04-16,21,Southeast Asia,J.2,0.0,0.0,0.0,0.0,11,1,0.0,0.0,0.0,1,0.0,0.0,0.0,1,0.0,0.0,0.0
emerging_haplotype,h3n2,region,2026-03-26,2026-04-23,28,Southeast Asia,J.2,0.0,0.0,0.0,0.0,11,1,0.0,0.0,0.0,1,0.0,0.0,0.0,1,0.0,0.0,0.0
emerging_haplotype,h3n2,region,2026-03-26,2026-04-30,35,Southeast Asia,J.2,0.0,0.0,0.0,0.0,11,1,0.0,0.0,0.0,1,0.0,0.0,0.0,1,0.0,0.0,0.0
emerging_haplotype,h3n2,region,2026-03-26,2026-05-07,42,Southeast Asia,J.2,0.0,0.0,0.0,0.0,11,1,0.0,0.0,0.0,1,0.0,0.0,0.0,1,0.0,0.0,0.0
emerging_haplotype,h3n2,region,2026-03-26,2026-05-14,49,Southeast Asia,J.2,0.0,0.0,0.0,0.0,11,1,0.0,0.0,0.0,1,0.0,0.0,0.0,1,0.0,0.0,0.0
emerging_haplotype,h3n2,region,2026-03-26,2026-05-21,56,Southeast Asia,J.2,0.0,0.0,0.0,0.0,11,1,0.0,0.0,0.0,1,0.0,0.0,0.0,1,0.0,0.0,0.0
emerging_haplotype,h3n2,region,2026-03-26,2026-04-02,7,Southeast Asia,J.2.2,0.0,0.0,0.0,3.571428571428572e-05,11,1,0.0,0.0,0.0,1,0.001,0.0,0.001,1,0.001,0.0,0.001
emerging_haplotype,h3n2,region,2026-03-26,2026-04-09,14,Southeast Asia,J.2.2,0.0,0.0,0.0,7.142857142857149e-06,11,1,0.0,0.0,0.0,1,0.0,0.0,0.0,1,0.001,0.0,0.001
emerging_haplotype,h3n2,region,2026-03-26,2026-04-16,21,Southeast Asia,J.2.2,0.0,0.0,0.0,7.142857142857149e-06,11,1,0.0,0.0,0.0,1,0.0,0.0,0.0,1,0.001,0.0,0.001
emerging_haplotype,h3n2,region,2026-03-26,2026-04-23,28,Southeast Asia,J.2.2,0.0,0.0,0.0,7.142857142857149e-06,11,1,0.0,0.0,0.0,1,0.0,0.0,0.0,1,0.001,0.0,0.001
emerging_haplotype,h3n2,region,2026-03-26,2026-04-30,35,Southeast Asia,J.2.2,0.0,0.0,0.0,0.0,11,1,0.0,0.0,0.0,1,0.0,0.0,0.0,1,0.0,0.0,0.0
emerging_haplotype,h3n2,region,2026-03-26,2026-05-07,42,Southeast Asia,J.2.2,0.0,0.0,0.0,0.0,11,1,0.0,0.0,0.0,1,0.0,0.0,0.0,1,0.0,0.0,0.0
emerging_haplotype,h3n2,region,2026-03-26,2026-05-14,49,Southeast Asia,J.2.2,0.0,0.0,0.0,0.0,11,1,0.0,0.0,0.0,1,0.0,0.0,0.0,1,0.0,0.0,0.0
emerging_haplotype,h3n2,region,2026-03-26,2026-05-21,56,Southeast Asia,J.2.2,0.0,0.0,0.0,0.0,11,1,0.0,0.0,0.0,1,0.0,0.0,0.0,1,0.0,0.0,0.0
emerging_haplotype,h3n2,region,2026-03-26,2026-04-02,7,Southeast Asia,J.2.3,0.0,0.0,0.0,0.0,11,1,0.0,0.0,0.0,1,0.0,0.0,0.0,1,0.0,0.0,0.0
emerging_haplotype,h3n2,region,2026-03-26,2026-04-09,14,Southeast Asia,J.2.3,0.0,0.0,0.0,0.0,11,1,0.0,0.0,0.0,1,0.0,0.0,0.0,1,0.0,0.0,0.0
emerging_haplotype,h3n2,region,2026-03-26,2026-04-16,21,Southeast Asia,J.2.3,0.0,0.0,0.0,0.0,11,1,0.0,0.0,0.0,1,0.0,0.0,0.0,1,0.0,0.0,0.0
emerging_haplotype,h3n2,region,2026-03-26,2026-04-23,28,Southeast Asia,J.2.3,0.0,0.0,0.0,0.0,11,1,0.0,0.0,0.0,1,0.0,0.0,0.0,1,0.0,0.0,0.0
emerging_haplotype,h3n2,region,2026-03-26,2026-04-30,35,Southeast Asia,J.2.3,0.0,0.0,0.0,0.0,11,1,0.0,0.0,0.0,1,0.0,0.0,0.0,1,0.0,0.0,0.0
emerging_haplotype,h3n2,region,2026-03-26,2026-05-07,42,Southeast Asia,J.2.3,0.0,0.0,0.0,0.0,11,1,0.0,0.0,0.0,1,0.0,0.0,0.0,1,0.0,0.0,0.0
emerging_haplotype,h3n2,region,2026-03-26,2026-05-14,49,Southeast Asia,J.2.3,0.0,0.0,0.0,0.0,11,1,0.0,0.0,0.0,1,0.0,0.0,0.0,1,0.0,0.0,0.0
emerging_haplotype,h3n2,region,2026-03-26,2026-05-21,56,Southeast Asia,J.2.3,0.0,0.0,0.0,0.0,11,1,0.0,0.0,0.0,1,0.0,0.0,0.0,1,0.0,0.0,0.0
emerging_haplotype,h3n2,region,2026-03-26,2026-04-02,7,Southeast Asia,J.2.4,0.0,0.0,0.0,0.0,11,1,0.0,0.0,0.0,1,0.0,0.0,0.0,1,0.0,0.0,0.0
emerging_haplotype,h3n2,region,2026-03-26,2026-04-09,14,Southeast Asia,J.2.4,0.0,0.0,0.0,0.0,11,1,0.0,0.0,0.0,1,0.0,0.0,0.0,1,0.0,0.0,0.0
emerging_haplotype,h3n2,region,2026-03-26,2026-04-16,21,Southeast Asia,J.2.4,0.0,0.0,0.0,0.0,11,1,0.0,0.0,0.0,1,0.0,0.0,0.0,1,0.0,0.0,0.0
emerging_haplotype,h3n2,region,2026-03-26,2026-04-23,28,Southeast Asia,J.2.4,0.0,0.0,0.0,0.0,11,1,0.0,0.0,0.0,1,0.0,0.0,0.0,1,0.0,0.0,0.0
emerging_haplotype,h3n2,region,2026-03-26,2026-04-30,35,Southeast Asia,J.2.4,0.0,0.0,0.0,0.0,11,1,0.0,0.0,0.0,1,0.0,0.0,0.0,1,0.0,0.0,0.0
emerging_haplotype,h3n2,region,2026-03-26,2026-05-07,42,Southeast Asia,J.2.4,0.0,0.0,0.0,0.0,11,1,0.0,0.0,0.0,1,0.0,0.0,0.0,1,0.0,0.0,0.0
emerging_haplotype,h3n2,region,2026-03-26,2026-05-14,49,Southeast Asia,J.2.4,0.0,0.0,0.0,0.0,11,1,0.0,0.0,0.0,1,0.0,0.0,0.0,1,0.0,0.0,0.0
emerging_haplotype,h3n2,region,2026-03-26,2026-05-21,56,Southeast Asia,J.2.4,0.0,0.0,0.0,0.0,11,1,0.0,0.0,0.0,1,0.0,0.0,0.0,1,0.0,0.0,0.0
emerging_haplotype,h3n2,region,2026-03-26,2026-04-02,7,Southeast Asia,J.2.4:79V,0.003,0.0,0.003,0.0017214285714285717,11,0,0.005,0.001,0.006,0,0.008,0.001,0.009,1,0.019,0.0,0.019
emerging_haplotype,h3n2,region,2026-03-26,2026-04-09,14,Southeast Asia,J.2.4:79V,0.003,0.0,0.003,0.0016071428571428571,11,0,0.004,0.001,0.005,0,0.007,0.001,0.008,1,0.017,0.0,0.017
emerging_haplotype,h3n2,region,2026-03-26,2026-04-16,21,Southeast Asia,J.2.4:79V,0.002,0.0,0.002,0.001092857142857143,11,0,0.003,0.001,0.004,1,0.007,0.0,0.007,1,0.015,0.0,0.015
emerging_haplotype,h3n2,region,2026-03-26,2026-04-23,28,Southeast Asia,J.2.4:79V,0.002,0.0,0.002,0.0010857142857142858,11,0,0.003,0.001,0.004,1,0.007,0.0,0.007,1,0.014,0.0,0.014
emerging_haplotype,h3n2,region,2026-03-26,2026-04-30,35,Southeast Asia,J.2.4:79V,0.002,0.0,0.002,0.0009785714285714287,11,0,0.002,0.001,0.003,1,0.006,0.0,0.006,1,0.013,0.0,0.013
emerging_haplotype,h3n2,region,2026-03-26,2026-05-07,42,Southeast Asia,J.2.4:79V,0.001,0.0,0.001,0.0005857142857142858,11,1,0.003,0.0,0.003,1,0.005,0.0,0.005,1,0.012,0.0,0.012
emerging_haplotype,h3n2,region,2026-03-26,2026-05-14,49,Southeast Asia,J.2.4:79V,0.001,0.0,0.001,0.0005857142857142858,11,1,0.003,0.0,0.003,1,0.005,0.0,0.005,1,0.012,0.0,0.012
emerging_haplotype,h3n2,region,2026-03-26,2026-05-21,56,Southeast Asia,J.2.4:79V,0.001,0.0,0.001,0.0004785714285714286,11,1,0.002,0.0,0.002,1,0.004,0.0,0.004,1,0.011,0.0,0.011
emerging_haplotype,h3n2,region,2026-03-26,2026-04-02,7,Southeast Asia,K:145N,0.03,0.0,0.03,0.0188,11,0,0.035,0.018,0.053,0,0.07200000000000001,0.01,0.082,0,0.11399999999999999,0.004,0.118
emerging_haplotype,h3n2,region,2026-03-26,2026-04-09,14,Southeast Asia,K:145N,0.031,0.0,0.031,0.018792857142857142,11,0,0.037000000000000005,0.018,0.055,0,0.079,0.009,0.088,0,0.125,0.003,0.128
emerging_haplotype,h3n2,region,2026-03-26,2026-04-16,21,Southeast Asia,K:145N,0.032,0.0,0.032,0.01923571428571429,11,0,0.041,0.017,0.058,0,0.08600000000000001,0.009,0.095,0,0.13899999999999998,0.003,0.142
emerging_haplotype,h3n2,region,2026-03-26,2026-04-23,28,Southeast Asia,K:145N,0.032,0.0,0.032,0.019664285714285714,11,0,0.044,0.017,0.061,0,0.09000000000000001,0.009,0.099,0,0.153,0.003,0.156
emerging_haplotype,h3n2,region,2026-03-26,2026-04-30,35,Southeast Asia,K:145N,0.033,0.0,0.033,0.02012142857142857,11,0,0.045,0.017,0.062,0,0.095,0.009,0.104,0,0.167,0.003,0.17
emerging_haplotype,h3n2,region,2026-03-26,2026-05-07,42,Southeast Asia,K:145N,0.033,0.0,0.033,0.01975714285714286,11,0,0.047,0.016,0.063,0,0.10300000000000001,0.008,0.111,0,0.184,0.002,0.186
emerging_haplotype,h3n2,region,2026-03-26,2026-05-14,49,Southeast Asia,K:145N,0.033,0.0,0.033,0.01987142857142857,11,0,0.051000000000000004,0.015,0.066,0,0.11299999999999999,0.007,0.12,0,0.2,0.002,0.202
emerging_haplotype,h3n2,region,2026-03-26,2026-05-21,56,Southeast Asia,K:145N,0.033,0.0,0.033,0.020092857142857145,11,0,0.053000000000000005,0.014,0.067,0,0.122,0.007,0.129,0,0.215,0.002,0.217
emerging_haplotype,h3n2,region,2026-03-26,2026-04-02,7,Southeast Asia,K:223I,0.233,0.0,0.233,0.16637857142857143,11,0,0.11599999999999999,0.182,0.298,0,0.22199999999999998,0.133,0.355,0,0.30500000000000005,0.092,0.397
emerging_haplotype,h3n2,region,2026-03-26,2026-04-09,14,Southeast Asia,K:223I,0.262,0.0,0.262,0.18509285714285717,11,0,0.132,0.203,0.335,0,0.252,0.148,0.4,0,0.345,0.099,0.444
emerging_haplotype,h3n2,region,2026-03-26,2026-04-16,21,Southeast Asia,K:223I,0.294,0.0,0.294,0.20485,11,0,0.152,0.223,0.375,0,0.28200000000000003,0.164,0.446,0,0.391,0.107,0.498
emerging_haplotype,h3n2,region,2026-03-26,2026-04-23,28,Southeast Asia,K:223I,0.328,0.0,0.328,0.22505714285714287,11,0,0.17099999999999999,0.245,0.416,0,0.313,0.179,0.492,0,0.42600000000000005,0.115,0.541
emerging_haplotype,h3n2,region,2026-03-26,2026-04-30,35,Southeast Asia,K:223I,0.363,0.0,0.363,0.24707142857142858,11,0,0.185,0.272,0.457,0,0.343,0.196,0.539,0,0.46799999999999997,0.123,0.591
emerging_haplotype,h3n2,region,2026-03-26,2026-05-07,42,Southeast Asia,K:223I,0.399,0.0,0.399,0.26963571428571426,11,0,0.201,0.298,0.499,0,0.372,0.214,0.586,0,0.511,0.132,0.643
emerging_haplotype,h3n2,region,2026-03-26,2026-05-14,49,Southeast Asia,K:223I,0.439,0.0,0.439,0.2920642857142858,11,0,0.21700000000000003,0.322,0.539,0,0.397,0.232,0.629,0,0.5509999999999999,0.141,0.692
emerging_haplotype,h3n2,region,2026-03-26,2026-05-21,56,Southeast Asia,K:223I,0.479,0.0,0.479,0.31683571428571433,11,0,0.22699999999999998,0.352,0.579,0,0.42000000000000004,0.254,0.674,0,0.587,0.15,0.737
emerging_haplotype,h3n2,region,2026-03-26,2026-04-02,7,Southeast Asia,K:328S,0.002,0.0,0.002,0.0014142857142857145,11,0,0.005,0.001,0.006,1,0.011,0.0,0.011,1,0.024,0.0,0.024
emerging_haplotype,h3n2,region,2026-03-26,2026-04-09,14,Southeast Asia,K:328S,0.002,0.0,0.002,0.0014500000000000001,11,0,0.005,0.001,0.006,1,0.012,0.0,0.012,1,0.025,0.0,0.025
emerging_haplotype,h3n2,region,2026-03-26,2026-04-16,21,Southeast Asia,K:328S,0.002,0.0,0.002,0.0014642857142857144,11,0,0.005,0.001,0.006,1,0.012,0.0,0.012,1,0.027,0.0,0.027
emerging_haplotype,h3n2,region,2026-03-26,2026-04-23,28,Southeast Asia,K:328S,0.002,0.0,0.002,0.0014714285714285717,11,0,0.005,0.001,0.006,1,0.012,0.0,0.012,1,0.028,0.0,0.028
emerging_haplotype,h3n2,region,2026-03-26,2026-04-30,35,Southeast Asia,K:328S,0.002,0.0,0.002,0.001292857142857143,11,1,0.006,0.0,0.006,1,0.013,0.0,0.013,1,0.029,0.0,0.029
emerging_haplotype,h3n2,region,2026-03-26,2026-05-07,42,Southeast Asia,K:328S,0.002,0.0,0.002,0.0013071428571428572,11,1,0.006,0.0,0.006,1,0.013,0.0,0.013,1,0.031,0.0,0.031
emerging_haplotype,h3n2,region,2026-03-26,2026-05-14,49,Southeast Asia,K:328S,0.001,0.0,0.001,0.0010857142857142858,11,1,0.005,0.0,0.005,1,0.012,0.0,0.012,1,0.034,0.0,0.034
emerging_haplotype,h3n2,region,2026-03-26,2026-05-21,56,Southeast Asia,K:328S,0.001,0.0,0.001,0.0011285714285714287,11,1,0.005,0.0,0.005,1,0.013,0.0,0.013,1,0.036,0.0,0.036
emerging_haplotype,h3n2,region,2026-03-26,2026-04-02,7,Southeast Asia,K:80K,0.0,0.0,0.0,0.00010000000000000003,11,1,0.0,0.0,0.0,1,0.002,0.0,0.002,1,0.006,0.0,0.006
emerging_haplotype,h3n2,region,2026-03-26,2026-04-09,14,Southeast Asia,K:80K,0.0,0.0,0.0,0.00010714285714285718,11,1,0.0,0.0,0.0,1,0.002,0.0,0.002,1,0.007,0.0,0.007
emerging_haplotype,h3n2,region,2026-03-26,2026-04-16,21,Southeast Asia,K:80K,0.0,0.0,0.0,0.00011428571428571432,11,1,0.0,0.0,0.0,1,0.002,0.0,0.002,1,0.008,0.0,0.008
emerging_haplotype,h3n2,region,2026-03-26,2026-04-23,28,Southeast Asia,K:80K,0.0,0.0,0.0,0.00012142857142857147,11,1,0.0,0.0,0.0,1,0.002,0.0,0.002,1,0.009,0.0,0.009
emerging_haplotype,h3n2,region,2026-03-26,2026-04-30,35,Southeast Asia,K:80K,0.0,0.0,0.0,0.00013571428571428575,11,1,0.0,0.0,0.0,1,0.002,0.0,0.002,1,0.011,0.0,0.011
emerging_haplotype,h3n2,region,2026-03-26,2026-05-07,42,Southeast Asia,K:80K,0.0,0.0,0.0,0.00014285714285714292,11,1,0.0,0.0,0.0,1,0.002,0.0,0.002,1,0.012,0.0,0.012
emerging_haplotype,h3n2,region,2026-03-26,2026-05-14,49,Southeast Asia,K:80K,0.0,0.0,0.0,0.00014285714285714292,11,1,0.0,0.0,0.0,1,0.002,0.0,0.002,1,0.012,0.0,0.012
emerging_haplotype,h3n2,region,2026-03-26,2026-05-21,56,Southeast Asia,K:80K,0.0,0.0,0.0,0.00015714285714285721,11,1,0.0,0.0,0.0,1,0.002,0.0,0.002,1,0.014,0.0,0.014
emerging_haplotype,h3n2,region,2026-03-26,2026-04-02,7,Southeast Asia,K,0.708,1.0,0.29200000000000004,0.22147142857142857,11,0,0.10099999999999998,0.663,0.764,0,0.20000000000000007,0.612,0.812,0,0.276,0.571,0.847
emerging_haplotype,h3n2,region,2026-03-26,2026-04-09,14,Southeast Asia,K,0.674,1.0,0.32599999999999996,0.2434857142857143,11,0,0.11699999999999999,0.623,0.74,0,0.2320000000000001,0.565,0.797,0,0.30999999999999994,0.524,0.834
emerging_haplotype,h3n2,region,2026-03-26,2026-04-16,21,Southeast Asia,K,0.64,1.0,0.36,0.2666071428571429,11,0,0.131,0.584,0.715,0,0.257,0.522,0.779,0,0.347,0.473,0.82
emerging_haplotype,h3n2,region,2026-03-26,2026-04-23,28,Southeast Asia,K,0.606,1.0,0.394,0.29129999999999995,11,0,0.14,0.547,0.687,0,0.28,0.479,0.759,0,0.38200000000000006,0.422,0.804
emerging_haplotype,h3n2,region,2026-03-26,2026-04-30,35,Southeast Asia,K,0.569,1.0,0.43100000000000005,0.31757142857142856,11,0,0.15000000000000002,0.506,0.656,0,0.301,0.437,0.738,0,0.41600000000000004,0.372,0.788
emerging_haplotype,h3n2,region,2026-03-26,2026-05-07,42,Southeast Asia,K,0.533,1.0,0.46699999999999997,0.3447857142857143,11,0,0.16399999999999998,0.462,0.626,0,0.32099999999999995,0.393,0.714,0,0.446,0.325,0.771
emerging_haplotype,h3n2,region,2026-03-26,2026-05-14,49,Southeast Asia,K,0.497,1.0,0.503,0.3730142857142858,11,0,0.173,0.42,0.593,0,0.33999999999999997,0.35,0.69,0,0.472,0.28,0.752
emerging_haplotype,h3n2,region,2026-03-26,2026-05-21,56,Southeast Asia,K,0.46,1.0,0.54,0.40194285714285716,11,0,0.18400000000000005,0.377,0.561,0,0.35500000000000004,0.309,0.664,0,0.492,0.24,0.732
emerging_haplotype,h3n2,region,2026-03-26,2026-04-02,7,West Asia,J.2,0.0,0.0,0.0,0.0,11,1,0.0,0.0,0.0,1,0.0,0.0,0.0,1,0.0,0.0,0.0
emerging_haplotype,h3n2,region,2026-03-26,2026-04-09,14,West Asia,J.2,0.0,0.0,0.0,0.0,11,1,0.0,0.0,0.0,1,0.0,0.0,0.0,1,0.0,0.0,0.0
emerging_haplotype,h3n2,region,2026-03-26,2026-04-16,21,West Asia,J.2,0.0,0.0,0.0,0.0,11,1,0.0,0.0,0.0,1,0.0,0.0,0.0,1,0.0,0.0,0.0
emerging_haplotype,h3n2,region,2026-03-26,2026-04-23,28,West Asia,J.2,0.0,0.0,0.0,0.0,11,1,0.0,0.0,0.0,1,0.0,0.0,0.0,1,0.0,0.0,0.0
emerging_haplotype,h3n2,region,2026-03-26,2026-04-30,35,West Asia,J.2,0.0,0.0,0.0,0.0,11,1,0.0,0.0,0.0,1,0.0,0.0,0.0,1,0.0,0.0,0.0
emerging_haplotype,h3n2,region,2026-03-26,2026-05-07,42,West Asia,J.2,0.0,0.0,0.0,0.0,11,1,0.0,0.0,0.0,1,0.0,0.0,0.0,1,0.0,0.0,0.0
emerging_haplotype,h3n2,region,2026-03-26,2026-05-14,49,West Asia,J.2,0.0,0.0,0.0,0.0,11,1,0.0,0.0,0.0,1,0.0,0.0,0.0,1,0.0,0.0,0.0
emerging_haplotype,h3n2,region,2026-03-26,2026-05-21,56,West Asia,J.2,0.0,0.0,0.0,0.0,11,1,0.0,0.0,0.0,1,0.0,0.0,0.0,1,0.0,0.0,0.0
emerging_haplotype,h3n2,region,2026-03-26,2026-04-02,7,West Asia,J.2.2,0.0,0.0,0.0,0.0001142857142857143,11,1,0.001,0.0,0.001,1,0.001,0.0,0.001,1,0.002,0.0,0.002
emerging_haplotype,h3n2,region,2026-03-26,2026-04-09,14,West Asia,J.2.2,0.0,0.0,0.0,0.0001142857142857143,11,1,0.001,0.0,0.001,1,0.001,0.0,0.001,1,0.002,0.0,0.002
emerging_haplotype,h3n2,region,2026-03-26,2026-04-16,21,West Asia,J.2.2,0.0,0.0,0.0,3.571428571428572e-05,11,1,0.0,0.0,0.0,1,0.001,0.0,0.001,1,0.001,0.0,0.001
emerging_haplotype,h3n2,region,2026-03-26,2026-04-23,28,West Asia,J.2.2,0.0,0.0,0.0,3.571428571428572e-05,11,1,0.0,0.0,0.0,1,0.001,0.0,0.001,1,0.001,0.0,0.001
emerging_haplotype,h3n2,region,2026-03-26,2026-04-30,35,West Asia,J.2.2,0.0,0.0,0.0,7.142857142857149e-06,11,1,0.0,0.0,0.0,1,0.0,0.0,0.0,1,0.001,0.0,0.001
emerging_haplotype,h3n2,region,2026-03-26,2026-05-07,42,West Asia,J.2.2,0.0,0.0,0.0,7.142857142857149e-06,11,1,0.0,0.0,0.0,1,0.0,0.0,0.0,1,0.001,0.0,0.001
emerging_haplotype,h3n2,region,2026-03-26,2026-05-14,49,West Asia,J.2.2,0.0,0.0,0.0,0.0,11,1,0.0,0.0,0.0,1,0.0,0.0,0.0,1,0.0,0.0,0.0
emerging_haplotype,h3n2,region,2026-03-26,2026-05-21,56,West Asia,J.2.2,0.0,0.0,0.0,0.0,11,1,0.0,0.0,0.0,1,0.0,0.0,0.0,1,0.0,0.0,0.0
emerging_haplotype,h3n2,region,2026-03-26,2026-04-02,7,West Asia,J.2.3,0.0,0.0,0.0,0.0,11,1,0.0,0.0,0.0,1,0.0,0.0,0.0,1,0.0,0.0,0.0
emerging_haplotype,h3n2,region,2026-03-26,2026-04-09,14,West Asia,J.2.3,0.0,0.0,0.0,0.0,11,1,0.0,0.0,0.0,1,0.0,0.0,0.0,1,0.0,0.0,0.0
emerging_haplotype,h3n2,region,2026-03-26,2026-04-16,21,West Asia,J.2.3,0.0,0.0,0.0,0.0,11,1,0.0,0.0,0.0,1,0.0,0.0,0.0,1,0.0,0.0,0.0
emerging_haplotype,h3n2,region,2026-03-26,2026-04-23,28,West Asia,J.2.3,0.0,0.0,0.0,0.0,11,1,0.0,0.0,0.0,1,0.0,0.0,0.0,1,0.0,0.0,0.0
emerging_haplotype,h3n2,region,2026-03-26,2026-04-30,35,West Asia,J.2.3,0.0,0.0,0.0,0.0,11,1,0.0,0.0,0.0,1,0.0,0.0,0.0,1,0.0,0.0,0.0
emerging_haplotype,h3n2,region,2026-03-26,2026-05-07,42,West Asia,J.2.3,0.0,0.0,0.0,0.0,11,1,0.0,0.0,0.0,1,0.0,0.0,0.0,1,0.0,0.0,0.0
emerging_haplotype,h3n2,region,2026-03-26,2026-05-14,49,West Asia,J.2.3,0.0,0.0,0.0,0.0,11,1,0.0,0.0,0.0,1,0.0,0.0,0.0,1,0.0,0.0,0.0
emerging_haplotype,h3n2,region,2026-03-26,2026-05-21,56,West Asia,J.2.3,0.0,0.0,0.0,0.0,11,1,0.0,0.0,0.0,1,0.0,0.0,0.0,1,0.0,0.0,0.0
emerging_haplotype,h3n2,region,2026-03-26,2026-04-02,7,West Asia,J.2.4,0.0,0.0,0.0,0.0,11,1,0.0,0.0,0.0,1,0.0,0.0,0.0,1,0.0,0.0,0.0
emerging_haplotype,h3n2,region,2026-03-26,2026-04-09,14,West Asia,J.2.4,0.0,0.0,0.0,0.0,11,1,0.0,0.0,0.0,1,0.0,0.0,0.0,1,0.0,0.0,0.0
emerging_haplotype,h3n2,region,2026-03-26,2026-04-16,21,West Asia,J.2.4,0.0,0.0,0.0,0.0,11,1,0.0,0.0,0.0,1,0.0,0.0,0.0,1,0.0,0.0,0.0
emerging_haplotype,h3n2,region,2026-03-26,2026-04-23,28,West Asia,J.2.4,0.0,0.0,0.0,0.0,11,1,0.0,0.0,0.0,1,0.0,0.0,0.0,1,0.0,0.0,0.0
emerging_haplotype,h3n2,region,2026-03-26,2026-04-30,35,West Asia,J.2.4,0.0,0.0,0.0,0.0,11,1,0.0,0.0,0.0,1,0.0,0.0,0.0,1,0.0,0.0,0.0
emerging_haplotype,h3n2,region,2026-03-26,2026-05-07,42,West Asia,J.2.4,0.0,0.0,0.0,0.0,11,1,0.0,0.0,0.0,1,0.0,0.0,0.0,1,0.0,0.0,0.0
emerging_haplotype,h3n2,region,2026-03-26,2026-05-14,49,West Asia,J.2.4,0.0,0.0,0.0,0.0,11,1,0.0,0.0,0.0,1,0.0,0.0,0.0,1,0.0,0.0,0.0
emerging_haplotype,h3n2,region,2026-03-26,2026-05-21,56,West Asia,J.2.4,0.0,0.0,0.0,0.0,11,1,0.0,0.0,0.0,1,0.0,0.0,0.0,1,0.0,0.0,0.0
emerging_haplotype,h3n2,region,2026-03-26,2026-04-02,7,West Asia,J.2.4:79V,0.0,0.0,0.0,0.0,11,1,0.0,0.0,0.0,1,0.0,0.0,0.0,1,0.0,0.0,0.0
emerging_haplotype,h3n2,region,2026-03-26,2026-04-09,14,West Asia,J.2.4:79V,0.0,0.0,0.0,0.0,11,1,0.0,0.0,0.0,1,0.0,0.0,0.0,1,0.0,0.0,0.0
emerging_haplotype,h3n2,region,2026-03-26,2026-04-16,21,West Asia,J.2.4:79V,0.0,0.0,0.0,0.0,11,1,0.0,0.0,0.0,1,0.0,0.0,0.0,1,0.0,0.0,0.0
emerging_haplotype,h3n2,region,2026-03-26,2026-04-23,28,West Asia,J.2.4:79V,0.0,0.0,0.0,0.0,11,1,0.0,0.0,0.0,1,0.0,0.0,0.0,1,0.0,0.0,0.0
emerging_haplotype,h3n2,region,2026-03-26,2026-04-30,35,West Asia,J.2.4:79V,0.0,0.0,0.0,0.0,11,1,0.0,0.0,0.0,1,0.0,0.0,0.0,1,0.0,0.0,0.0
emerging_haplotype,h3n2,region,2026-03-26,2026-05-07,42,West Asia,J.2.4:79V,0.0,0.0,0.0,0.0,11,1,0.0,0.0,0.0,1,0.0,0.0,0.0,1,0.0,0.0,0.0
emerging_haplotype,h3n2,region,2026-03-26,2026-05-14,49,West Asia,J.2.4:79V,0.0,0.0,0.0,0.0,11,1,0.0,0.0,0.0,1,0.0,0.0,0.0,1,0.0,0.0,0.0
emerging_haplotype,h3n2,region,2026-03-26,2026-05-21,56,West Asia,J.2.4:79V,0.0,0.0,0.0,0.0,11,1,0.0,0.0,0.0,1,0.0,0.0,0.0,1,0.0,0.0,0.0
emerging_haplotype,h3n2,region,2026-03-26,2026-04-02,7,West Asia,K:145N,0.042,0.0,0.042,0.026664285714285717,11,0,0.043000000000000003,0.024,0.067,0,0.079,0.017,0.096,0,0.147,0.009,0.156
emerging_haplotype,h3n2,region,2026-03-26,2026-04-09,14,West Asia,K:145N,0.038,0.0,0.038,0.024321428571428574,11,0,0.041999999999999996,0.021,0.063,0,0.079,0.015,0.094,0,0.149,0.008,0.157
emerging_haplotype,h3n2,region,2026-03-26,2026-04-16,21,West Asia,K:145N,0.035,0.0,0.035,0.02157857142857143,11,0,0.040999999999999995,0.018,0.059,0,0.08,0.012,0.092,0,0.151,0.006,0.157
emerging_haplotype,h3n2,region,2026-03-26,2026-04-23,28,West Asia,K:145N,0.03,0.0,0.03,0.019064285714285718,11,0,0.04,0.015,0.055,0,0.079,0.01,0.089,0,0.153,0.005,0.158
emerging_haplotype,h3n2,region,2026-03-26,2026-04-30,35,West Asia,K:145N,0.026,0.0,0.026,0.016807142857142857,11,0,0.037000000000000005,0.013,0.05,0,0.07700000000000001,0.008,0.085,0,0.155,0.004,0.159
emerging_haplotype,h3n2,region,2026-03-26,2026-05-07,42,West Asia,K:145N,0.023,0.0,0.023,0.014985714285714286,11,0,0.035,0.011,0.046,0,0.073,0.007,0.08,0,0.156,0.003,0.159
emerging_haplotype,h3n2,region,2026-03-26,2026-05-14,49,West Asia,K:145N,0.02,0.0,0.02,0.01317857142857143,11,0,0.033,0.009,0.042,0,0.06999999999999999,0.006,0.076,0,0.155,0.002,0.157
emerging_haplotype,h3n2,region,2026-03-26,2026-05-21,56,West Asia,K:145N,0.017,0.0,0.017,0.011550000000000001,11,0,0.03,0.007,0.037,0,0.06599999999999999,0.005,0.071,0,0.153,0.002,0.155
emerging_haplotype,h3n2,region,2026-03-26,2026-04-02,7,West Asia,K:223I,0.677,0.111,0.5660000000000001,0.4497357142857143,11,0,0.15500000000000003,0.607,0.762,0,0.29800000000000004,0.514,0.812,0,0.421,0.424,0.845
emerging_haplotype,h3n2,region,2026-03-26,2026-04-09,14,West Asia,K:223I,0.722,0.0,0.722,0.6003285714285714,11,0,0.15200000000000002,0.651,0.803,0,0.29699999999999993,0.551,0.848,0,0.418,0.46,0.878
emerging_haplotype,h3n2,region,2026-03-26,2026-04-16,21,West Asia,K:223I,0.763,0.0,0.763,0.6367071428571427,11,0,0.14100000000000001,0.694,0.835,0,0.29500000000000004,0.582,0.877,0,0.40900000000000003,0.496,0.905
emerging_haplotype,h3n2,region,2026-03-26,2026-04-23,28,West Asia,K:223I,0.799,0.0,0.799,0.6706214285714286,11,0,0.13,0.735,0.865,0,0.29300000000000004,0.61,0.903,0,0.395,0.531,0.926
emerging_haplotype,h3n2,region,2026-03-26,2026-04-30,35,West Asia,K:223I,0.832,0.0,0.832,0.7017285714285713,11,0,0.12,0.77,0.89,0,0.28600000000000003,0.637,0.923,0,0.378,0.565,0.943
emerging_haplotype,h3n2,region,2026-03-26,2026-05-07,42,West Asia,K:223I,0.858,0.0,0.858,0.7305285714285714,11,0,0.10999999999999999,0.801,0.911,0,0.2739999999999999,0.665,0.939,0,0.358,0.598,0.956
emerging_haplotype,h3n2,region,2026-03-26,2026-05-14,49,West Asia,K:223I,0.881,0.0,0.881,0.75655,11,0,0.09800000000000009,0.83,0.928,0,0.253,0.698,0.951,0,0.345,0.621,0.966
emerging_haplotype,h3n2,region,2026-03-26,2026-05-21,56,West Asia,K:223I,0.901,0.0,0.901,0.7774928571428571,11,0,0.08799999999999997,0.855,0.943,0,0.23199999999999998,0.729,0.961,0,0.34099999999999997,0.633,0.974
emerging_haplotype,h3n2,region,2026-03-26,2026-04-02,7,West Asia,K:328S,0.0,0.0,0.0,8.571428571428575e-05,11,1,0.0,0.0,0.0,1,0.001,0.0,0.001,1,0.008,0.0,0.008
emerging_haplotype,h3n2,region,2026-03-26,2026-04-09,14,West Asia,K:328S,0.0,0.0,0.0,9.28571428571429e-05,11,1,0.0,0.0,0.0,1,0.001,0.0,0.001,1,0.009,0.0,0.009
emerging_haplotype,h3n2,region,2026-03-26,2026-04-16,21,West Asia,K:328S,0.0,0.0,0.0,0.00010000000000000006,11,1,0.0,0.0,0.0,1,0.001,0.0,0.001,1,0.01,0.0,0.01
emerging_haplotype,h3n2,region,2026-03-26,2026-04-23,28,West Asia,K:328S,0.0,0.0,0.0,0.0001071428571428572,11,1,0.0,0.0,0.0,1,0.001,0.0,0.001,1,0.011,0.0,0.011
emerging_haplotype,h3n2,region,2026-03-26,2026-04-30,35,West Asia,K:328S,0.0,0.0,0.0,0.00011428571428571436,11,1,0.0,0.0,0.0,1,0.001,0.0,0.001,1,0.012,0.0,0.012
emerging_haplotype,h3n2,region,2026-03-26,2026-05-07,42,West Asia,K:328S,0.0,0.0,0.0,0.0001214285714285715,11,1,0.0,0.0,0.0,1,0.001,0.0,0.001,1,0.013,0.0,0.013
emerging_haplotype,h3n2,region,2026-03-26,2026-05-14,49,West Asia,K:328S,0.0,0.0,0.0,0.00012857142857142866,11,1,0.0,0.0,0.0,1,0.001,0.0,0.001,1,0.014,0.0,0.014
emerging_haplotype,h3n2,region,2026-03-26,2026-05-21,56,West Asia,K:328S,0.0,0.0,0.0,0.00012857142857142866,11,1,0.0,0.0,0.0,1,0.001,0.0,0.001,1,0.014,0.0,0.014
emerging_haplotype,h3n2,region,2026-03-26,2026-04-02,7,West Asia,K:80K,0.005,0.0,0.005,0.0033142857142857145,11,0,0.009,0.002,0.011,0,0.026,0.001,0.027,1,0.05,0.0,0.05
emerging_haplotype,h3n2,region,2026-03-26,2026-04-09,14,West Asia,K:80K,0.004,0.0,0.004,0.002678571428571429,11,0,0.009999999999999998,0.001,0.011,1,0.026,0.0,0.026,1,0.051,0.0,0.051
emerging_haplotype,h3n2,region,2026-03-26,2026-04-16,21,West Asia,K:80K,0.004,0.0,0.004,0.0027142857142857142,11,0,0.009999999999999998,0.001,0.011,1,0.027,0.0,0.027,1,0.052,0.0,0.052
emerging_haplotype,h3n2,region,2026-03-26,2026-04-23,28,West Asia,K:80K,0.003,0.0,0.003,0.0025714285714285717,11,0,0.009000000000000001,0.001,0.01,1,0.029,0.0,0.029,1,0.054,0.0,0.054
emerging_haplotype,h3n2,region,2026-03-26,2026-04-30,35,West Asia,K:80K,0.003,0.0,0.003,0.002535714285714286,11,0,0.008,0.001,0.009,1,0.03,0.0,0.03,1,0.055,0.0,0.055
emerging_haplotype,h3n2,region,2026-03-26,2026-05-07,42,West Asia,K:80K,0.003,0.0,0.003,0.002514285714285715,11,0,0.008,0.001,0.009,1,0.029,0.0,0.029,1,0.056,0.0,0.056
emerging_haplotype,h3n2,region,2026-03-26,2026-05-14,49,West Asia,K:80K,0.002,0.0,0.002,0.0023357142857142856,11,0,0.007,0.001,0.008,1,0.03,0.0,0.03,1,0.057,0.0,0.057
emerging_haplotype,h3n2,region,2026-03-26,2026-05-21,56,West Asia,K:80K,0.002,0.0,0.002,0.00205,11,1,0.007,0.0,0.007,1,0.03,0.0,0.03,1,0.057,0.0,0.057
emerging_haplotype,h3n2,region,2026-03-26,2026-04-02,7,West Asia,K,0.257,0.889,0.632,0.5382,11,0,0.118,0.199,0.317,0,0.23,0.157,0.387,0,0.328,0.128,0.456
emerging_haplotype,h3n2,region,2026-03-26,2026-04-09,14,West Asia,K,0.217,1.0,0.783,0.6896214285714286,11,0,0.11300000000000002,0.162,0.275,0,0.21999999999999997,0.124,0.344,0,0.31699999999999995,0.1,0.417
emerging_haplotype,h3n2,region,2026-03-26,2026-04-16,21,West Asia,K,0.182,1.0,0.8180000000000001,0.7259428571428572,11,0,0.10499999999999998,0.131,0.236,0,0.21,0.098,0.308,0,0.302,0.077,0.379
emerging_haplotype,h3n2,region,2026-03-26,2026-04-23,28,West Asia,K,0.151,1.0,0.849,0.7591357142857144,11,0,0.09500000000000001,0.106,0.201,0,0.196,0.077,0.273,0,0.285,0.059,0.344
emerging_haplotype,h3n2,region,2026-03-26,2026-04-30,35,West Asia,K,0.125,1.0,0.875,0.7890142857142858,11,0,0.08600000000000001,0.085,0.171,0,0.179,0.061,0.24,0,0.266,0.045,0.311
emerging_haplotype,h3n2,region,2026-03-26,2026-05-07,42,West Asia,K,0.103,1.0,0.897,0.8172928571428572,11,0,0.07599999999999998,0.068,0.144,0,0.15899999999999997,0.047,0.206,0,0.24500000000000002,0.034,0.279
emerging_haplotype,h3n2,region,2026-03-26,2026-05-14,49,West Asia,K,0.084,1.0,0.916,0.8428571428571429,11,0,0.066,0.054,0.12,0,0.13899999999999998,0.036,0.175,0,0.224,0.025,0.249
emerging_haplotype,h3n2,region,2026-03-26,2026-05-21,56,West Asia,K,0.069,1.0,0.931,0.8649428571428571,11,0,0.059000000000000004,0.042,0.101,0,0.12,0.028,0.148,0,0.202,0.019,0.221
emerging_haplotype,h3n2,region,2026-04-09,2026-04-16,7,Africa,J.2,0.0,0.0,0.0,0.00021428571428571433,11,1,0.001,0.0,0.001,1,0.003,0.0,0.003,1,0.008,0.0,0.008
emerging_haplotype,h3n2,region,2026-04-09,2026-04-23,14,Africa,J.2,0.0,0.0,0.0,0.00021428571428571433,11,1,0.001,0.0,0.001,1,0.003,0.0,0.003,1,0.008,0.0,0.008
emerging_haplotype,h3n2,region,2026-04-09,2026-04-30,21,Africa,J.2,0.0,0.0,0.0,0.0001785714285714286,11,1,0.001,0.0,0.001,1,0.002,0.0,0.002,1,0.007,0.0,0.007
emerging_haplotype,h3n2,region,2026-04-09,2026-05-07,28,Africa,J.2,0.0,0.0,0.0,0.0001785714285714286,11,1,0.001,0.0,0.001,1,0.002,0.0,0.002,1,0.007,0.0,0.007
emerging_haplotype,h3n2,region,2026-04-09,2026-05-14,35,Africa,J.2,0.0,0.0,0.0,0.00010714285714285718,11,1,0.0,0.0,0.0,1,0.002,0.0,0.002,1,0.007,0.0,0.007
emerging_haplotype,h3n2,region,2026-04-09,2026-05-21,42,Africa,J.2,0.0,0.0,0.0,0.00010000000000000003,11,1,0.0,0.0,0.0,1,0.002,0.0,0.002,1,0.006,0.0,0.006
emerging_haplotype,h3n2,region,2026-04-09,2026-04-16,7,Africa,J.2.2,0.0,0.0,0.0,0.0001785714285714286,11,1,0.001,0.0,0.001,1,0.002,0.0,0.002,1,0.007,0.0,0.007
emerging_haplotype,h3n2,region,2026-04-09,2026-04-23,14,Africa,J.2.2,0.0,0.0,0.0,0.0001785714285714286,11,1,0.001,0.0,0.001,1,0.002,0.0,0.002,1,0.007,0.0,0.007
emerging_haplotype,h3n2,region,2026-04-09,2026-04-30,21,Africa,J.2.2,0.0,0.0,0.0,0.00017142857142857148,11,1,0.001,0.0,0.001,1,0.002,0.0,0.002,1,0.006,0.0,0.006
emerging_haplotype,h3n2,region,2026-04-09,2026-05-07,28,Africa,J.2.2,0.0,0.0,0.0,0.00017142857142857148,11,1,0.001,0.0,0.001,1,0.002,0.0,0.002,1,0.006,0.0,0.006
emerging_haplotype,h3n2,region,2026-04-09,2026-05-14,35,Africa,J.2.2,0.0,0.0,0.0,0.0001642857142857143,11,1,0.001,0.0,0.001,1,0.002,0.0,0.002,1,0.005,0.0,0.005
emerging_haplotype,h3n2,region,2026-04-09,2026-05-21,42,Africa,J.2.2,0.0,0.0,0.0,6.428571428571431e-05,11,1,0.0,0.0,0.0,1,0.001,0.0,0.001,1,0.005,0.0,0.005
emerging_haplotype,h3n2,region,2026-04-09,2026-04-16,7,Africa,J.2.3,0.0,0.0,0.0,0.0,11,1,0.0,0.0,0.0,1,0.0,0.0,0.0,1,0.0,0.0,0.0
emerging_haplotype,h3n2,region,2026-04-09,2026-04-23,14,Africa,J.2.3,0.0,0.0,0.0,0.0,11,1,0.0,0.0,0.0,1,0.0,0.0,0.0,1,0.0,0.0,0.0
emerging_haplotype,h3n2,region,2026-04-09,2026-04-30,21,Africa,J.2.3,0.0,0.0,0.0,0.0,11,1,0.0,0.0,0.0,1,0.0,0.0,0.0,1,0.0,0.0,0.0
emerging_haplotype,h3n2,region,2026-04-09,2026-05-07,28,Africa,J.2.3,0.0,0.0,0.0,0.0,11,1,0.0,0.0,0.0,1,0.0,0.0,0.0,1,0.0,0.0,0.0
emerging_haplotype,h3n2,region,2026-04-09,2026-05-14,35,Africa,J.2.3,0.0,0.0,0.0,0.0,11,1,0.0,0.0,0.0,1,0.0,0.0,0.0,1,0.0,0.0,0.0
emerging_haplotype,h3n2,region,2026-04-09,2026-05-21,42,Africa,J.2.3,0.0,0.0,0.0,0.0,11,1,0.0,0.0,0.0,1,0.0,0.0,0.0,1,0.0,0.0,0.0
emerging_haplotype,h3n2,region,2026-04-09,2026-04-16,7,Africa,J.2.4,0.008,0.008,0.0,0.0010928571428571428,11,1,0.007,0.005,0.012,1,0.015,0.003,0.018,1,0.023,0.002,0.025
emerging_haplotype,h3n2,region,2026-04-09,2026-04-23,14,Africa,J.2.4,0.007,0.0,0.007,0.004514285714285715,11,0,0.006,0.004,0.01,0,0.013000000000000001,0.003,0.016,0,0.019999999999999997,0.002,0.022
emerging_haplotype,h3n2,region,2026-04-09,2026-04-30,21,Africa,J.2.4,0.006,0.0,0.006,0.0034428571428571425,11,0,0.005999999999999999,0.003,0.009,0,0.011,0.002,0.013,0,0.018,0.001,0.019
emerging_haplotype,h3n2,region,2026-04-09,2026-05-07,28,Africa,J.2.4,0.005,0.0,0.005,0.003085714285714286,11,0,0.004,0.003,0.007,0,0.009,0.002,0.011,0,0.016,0.001,0.017
emerging_haplotype,h3n2,region,2026-04-09,2026-05-14,35,Africa,J.2.4,0.004,0.0,0.004,0.002357142857142857,11,0,0.004,0.002,0.006,0,0.009000000000000001,0.001,0.01,0,0.013999999999999999,0.001,0.015
emerging_haplotype,h3n2,region,2026-04-09,2026-05-21,42,Africa,J.2.4,0.003,0.0,0.003,0.0021,11,0,0.003,0.002,0.005,0,0.008,0.001,0.009,0,0.012,0.001,0.013
emerging_haplotype,h3n2,region,2026-04-09,2026-04-16,7,Africa,J.2.4:79V,0.031,0.0,0.031,0.01925,11,0,0.05,0.012,0.062,0,0.125,0.005,0.13,0,0.315,0.002,0.317
emerging_haplotype,h3n2,region,2026-04-09,2026-04-23,14,Africa,J.2.4:79V,0.034,0.0,0.034,0.021128571428571434,11,0,0.05800000000000001,0.012,0.07,0,0.145,0.005,0.15,0,0.358,0.002,0.36
emerging_haplotype,h3n2,region,2026-04-09,2026-04-30,21,Africa,J.2.4:79V,0.036,0.0,0.036,0.023021428571428575,11,0,0.066,0.012,0.078,0,0.16999999999999998,0.005,0.175,0,0.403,0.002,0.405
emerging_haplotype,h3n2,region,2026-04-09,2026-05-07,28,Africa,J.2.4:79V,0.037,0.0,0.037,0.024542857142857144,11,0,0.07300000000000001,0.012,0.085,0,0.189,0.005,0.194,0,0.45,0.002,0.452
emerging_haplotype,h3n2,region,2026-04-09,2026-05-14,35,Africa,J.2.4:79V,0.04,0.0,0.04,0.026171428571428575,11,0,0.083,0.012,0.095,0,0.204,0.004,0.208,0,0.498,0.002,0.5
emerging_haplotype,h3n2,region,2026-04-09,2026-05-21,42,Africa,J.2.4:79V,0.042,0.0,0.042,0.028207142857142865,11,0,0.094,0.012,0.106,0,0.226,0.004,0.23,0,0.545,0.002,0.547
emerging_haplotype,h3n2,region,2026-04-09,2026-04-16,7,Africa,K:145N,0.012,0.153,0.141,0.0808,11,0,0.028,0.004,0.032,0,0.081,0.001,0.082,1,0.208,0.0,0.208
emerging_haplotype,h3n2,region,2026-04-09,2026-04-23,14,Africa,K:145N,0.012,0.171,0.159,0.0921,11,0,0.029,0.004,0.033,0,0.087,0.001,0.088,1,0.236,0.0,0.236
emerging_haplotype,h3n2,region,2026-04-09,2026-04-30,21,Africa,K:145N,0.012,0.204,0.19199999999999998,0.11307857142857143,11,0,0.031000000000000003,0.004,0.035,0,0.096,0.001,0.097,1,0.257,0.0,0.257
emerging_haplotype,h3n2,region,2026-04-09,2026-05-07,28,Africa,K:145N,0.012,0.215,0.20299999999999999,0.11807857142857144,11,0,0.033,0.004,0.037,0,0.106,0.001,0.107,1,0.277,0.0,0.277
emerging_haplotype,h3n2,region,2026-04-09,2026-05-14,35,Africa,K:145N,0.012,0.209,0.19699999999999998,0.11121428571428571,11,0,0.034999999999999996,0.003,0.038,0,0.116,0.001,0.117,1,0.296,0.0,0.296
emerging_haplotype,h3n2,region,2026-04-09,2026-05-21,42,Africa,K:145N,0.012,0.261,0.249,0.14625714285714286,11,0,0.037,0.003,0.04,0,0.123,0.001,0.124,1,0.314,0.0,0.314
emerging_haplotype,h3n2,region,2026-04-09,2026-04-16,7,Africa,K:223I,0.005,0.016,0.011,0.004957142857142857,11,1,0.018,0.001,0.019,1,0.046,0.0,0.046,1,0.11,0.0,0.11
emerging_haplotype,h3n2,region,2026-04-09,2026-04-23,14,Africa,K:223I,0.005,0.009,0.003999999999999999,0.004285714285714286,11,1,0.019,0.001,0.02,1,0.052,0.0,0.052,1,0.122,0.0,0.122
emerging_haplotype,h3n2,region,2026-04-09,2026-04-30,21,Africa,K:223I,0.005,0.011,0.005999999999999999,0.005042857142857142,11,1,0.020999999999999998,0.001,0.022,1,0.058,0.0,0.058,1,0.144,0.0,0.144
emerging_haplotype,h3n2,region,2026-04-09,2026-05-07,28,Africa,K:223I,0.005,0.013,0.008,0.005771428571428572,11,1,0.022,0.001,0.023,1,0.064,0.0,0.064,1,0.172,0.0,0.172
emerging_haplotype,h3n2,region,2026-04-09,2026-05-14,35,Africa,K:223I,0.005,0.015,0.009999999999999998,0.006514285714285715,11,1,0.023,0.001,0.024,1,0.071,0.0,0.071,1,0.198,0.0,0.198
emerging_haplotype,h3n2,region,2026-04-09,2026-05-21,42,Africa,K:223I,0.005,0.022,0.016999999999999998,0.008107142857142858,11,1,0.026,0.001,0.027,1,0.078,0.0,0.078,1,0.223,0.0,0.223
emerging_haplotype,h3n2,region,2026-04-09,2026-04-16,7,Africa,K:328S,0.0,0.089,0.089,0.06277142857142856,11,0,0.003,0.0,0.003,0,0.015,0.0,0.015,0,0.078,0.0,0.078
emerging_haplotype,h3n2,region,2026-04-09,2026-04-23,14,Africa,K:328S,0.0,0.072,0.072,0.04706428571428571,11,0,0.003,0.0,0.003,0,0.017,0.0,0.017,1,0.091,0.0,0.091
emerging_haplotype,h3n2,region,2026-04-09,2026-04-30,21,Africa,K:328S,0.0,0.086,0.086,0.05664999999999999,11,0,0.003,0.0,0.003,0,0.019,0.0,0.019,1,0.105,0.0,0.105
emerging_haplotype,h3n2,region,2026-04-09,2026-05-07,28,Africa,K:328S,0.0,0.089,0.089,0.05740000000000001,11,0,0.004,0.0,0.004,0,0.024,0.0,0.024,1,0.12,0.0,0.12
emerging_haplotype,h3n2,region,2026-04-09,2026-05-14,35,Africa,K:328S,0.0,0.104,0.104,0.06674999999999999,11,0,0.004,0.0,0.004,0,0.03,0.0,0.03,1,0.145,0.0,0.145
emerging_haplotype,h3n2,region,2026-04-09,2026-05-21,42,Africa,K:328S,0.0,0.13,0.13,0.08428571428571428,11,0,0.004,0.0,0.004,0,0.035,0.0,0.035,1,0.18,0.0,0.18
emerging_haplotype,h3n2,region,2026-04-09,2026-04-16,7,Africa,K:80K,0.0,0.0,0.0,0.00014285714285714292,11,1,0.0,0.0,0.0,1,0.002,0.0,0.002,1,0.012,0.0,0.012
emerging_haplotype,h3n2,region,2026-04-09,2026-04-23,14,Africa,K:80K,0.0,0.0,0.0,0.0001785714285714286,11,1,0.0,0.0,0.0,1,0.003,0.0,0.003,1,0.013,0.0,0.013
emerging_haplotype,h3n2,region,2026-04-09,2026-04-30,21,Africa,K:80K,0.0,0.0,0.0,0.00018571428571428577,11,1,0.0,0.0,0.0,1,0.003,0.0,0.003,1,0.014,0.0,0.014
emerging_haplotype,h3n2,region,2026-04-09,2026-05-07,28,Africa,K:80K,0.0,0.0,0.0,0.00019285714285714292,11,1,0.0,0.0,0.0,1,0.003,0.0,0.003,1,0.015,0.0,0.015
emerging_haplotype,h3n2,region,2026-04-09,2026-05-14,35,Africa,K:80K,0.0,0.0,0.0,0.00021428571428571436,11,1,0.0,0.0,0.0,1,0.003,0.0,0.003,1,0.018,0.0,0.018
emerging_haplotype,h3n2,region,2026-04-09,2026-05-21,42,Africa,K:80K,0.0,0.0,0.0,0.00022857142857142868,11,1,0.0,0.0,0.0,1,0.003,0.0,0.003,1,0.02,0.0,0.02
emerging_haplotype,h3n2,region,2026-04-09,2026-04-16,7,Africa,K,0.903,0.734,0.16900000000000004,0.07044285714285714,11,0,0.10099999999999998,0.838,0.939,1,0.237,0.723,0.96,1,0.364,0.606,0.97
emerging_haplotype,h3n2,region,2026-04-09,2026-04-23,14,Africa,K,0.897,0.748,0.14900000000000002,0.06189999999999999,11,0,0.11399999999999999,0.824,0.938,1,0.273,0.688,0.961,1,0.4139999999999999,0.557,0.971
emerging_haplotype,h3n2,region,2026-04-09,2026-04-30,21,Africa,K,0.89,0.699,0.19100000000000006,0.08044285714285718,11,0,0.128,0.809,0.937,1,0.32399999999999995,0.637,0.961,1,0.46599999999999997,0.506,0.972
emerging_haplotype,h3n2,region,2026-04-09,2026-05-07,28,Africa,K,0.883,0.684,0.19899999999999995,0.08307857142857143,11,0,0.14600000000000002,0.79,0.936,1,0.36,0.602,0.962,1,0.5109999999999999,0.463,0.974
emerging_haplotype,h3n2,region,2026-04-09,2026-05-14,35,Africa,K,0.876,0.672,0.20399999999999996,0.08259999999999999,11,0,0.17100000000000004,0.763,0.934,1,0.394,0.567,0.961,1,0.558,0.416,0.974
emerging_haplotype,h3n2,region,2026-04-09,2026-05-21,42,Africa,K,0.866,0.587,0.279,0.11322857142857144,11,0,0.19700000000000006,0.736,0.933,1,0.43099999999999994,0.53,0.961,1,0.618,0.357,0.975
emerging_haplotype,h3n2,region,2026-04-09,2026-04-16,7,China,J.2,0.0,0.0,0.0,5.0000000000000016e-05,11,1,0.0,0.0,0.0,1,0.001,0.0,0.001,1,0.003,0.0,0.003
emerging_haplotype,h3n2,region,2026-04-09,2026-04-23,14,China,J.2,0.0,0.0,0.0,5.0000000000000016e-05,11,1,0.0,0.0,0.0,1,0.001,0.0,0.001,1,0.003,0.0,0.003
emerging_haplotype,h3n2,region,2026-04-09,2026-04-30,21,China,J.2,0.0,0.0,0.0,4.285714285714286e-05,11,1,0.0,0.0,0.0,1,0.001,0.0,0.001,1,0.002,0.0,0.002
emerging_haplotype,h3n2,region,2026-04-09,2026-05-07,28,China,J.2,0.0,0.0,0.0,4.285714285714286e-05,11,1,0.0,0.0,0.0,1,0.001,0.0,0.001,1,0.002,0.0,0.002
emerging_haplotype,h3n2,region,2026-04-09,2026-05-14,35,China,J.2,0.0,0.0,0.0,4.285714285714286e-05,11,1,0.0,0.0,0.0,1,0.001,0.0,0.001,1,0.002,0.0,0.002
emerging_haplotype,h3n2,region,2026-04-09,2026-05-21,42,China,J.2,0.0,0.0,0.0,1.4285714285714297e-05,11,1,0.0,0.0,0.0,1,0.0,0.0,0.0,1,0.002,0.0,0.002
emerging_haplotype,h3n2,region,2026-04-09,2026-04-16,7,China,J.2.2,0.002,0.077,0.075,0.07217857142857143,11,0,0.002,0.001,0.003,0,0.004,0.001,0.005,0,0.009,0.0,0.009
emerging_haplotype,h3n2,region,2026-04-09,2026-04-23,14,China,J.2.2,0.002,0.091,0.089,0.08699285714285714,11,0,0.002,0.001,0.003,0,0.003,0.001,0.004,0,0.007,0.0,0.007
emerging_haplotype,h3n2,region,2026-04-09,2026-04-30,21,China,J.2.2,0.001,0.125,0.124,0.12191428571428571,11,0,0.001,0.001,0.002,0,0.003,0.0,0.003,0,0.006,0.0,0.006
emerging_haplotype,h3n2,region,2026-04-09,2026-05-07,28,China,J.2.2,0.001,0.125,0.124,0.1222642857142857,11,0,0.002,0.0,0.002,0,0.003,0.0,0.003,0,0.005,0.0,0.005
emerging_haplotype,h3n2,region,2026-04-09,2026-05-14,35,China,J.2.2,0.001,0.0,0.001,0.00030000000000000003,11,1,0.001,0.0,0.001,1,0.002,0.0,0.002,1,0.004,0.0,0.004
emerging_haplotype,h3n2,region,2026-04-09,2026-05-21,42,China,J.2.2,0.001,0.0,0.001,0.0002928571428571429,11,1,0.001,0.0,0.001,1,0.002,0.0,0.002,1,0.003,0.0,0.003
emerging_haplotype,h3n2,region,2026-04-09,2026-04-16,7,China,J.2.3,0.0,0.0,0.0,0.0,11,1,0.0,0.0,0.0,1,0.0,0.0,0.0,1,0.0,0.0,0.0
emerging_haplotype,h3n2,region,2026-04-09,2026-04-23,14,China,J.2.3,0.0,0.0,0.0,0.0,11,1,0.0,0.0,0.0,1,0.0,0.0,0.0,1,0.0,0.0,0.0
emerging_haplotype,h3n2,region,2026-04-09,2026-04-30,21,China,J.2.3,0.0,0.0,0.0,0.0,11,1,0.0,0.0,0.0,1,0.0,0.0,0.0,1,0.0,0.0,0.0
emerging_haplotype,h3n2,region,2026-04-09,2026-05-07,28,China,J.2.3,0.0,0.0,0.0,0.0,11,1,0.0,0.0,0.0,1,0.0,0.0,0.0,1,0.0,0.0,0.0
emerging_haplotype,h3n2,region,2026-04-09,2026-05-14,35,China,J.2.3,0.0,0.0,0.0,0.0,11,1,0.0,0.0,0.0,1,0.0,0.0,0.0,1,0.0,0.0,0.0
emerging_haplotype,h3n2,region,2026-04-09,2026-05-21,42,China,J.2.3,0.0,0.0,0.0,0.0,11,1,0.0,0.0,0.0,1,0.0,0.0,0.0,1,0.0,0.0,0.0
emerging_haplotype,h3n2,region,2026-04-09,2026-04-16,7,China,J.2.4,0.0,0.0,0.0,1.4285714285714297e-05,11,1,0.0,0.0,0.0,1,0.0,0.0,0.0,1,0.002,0.0,0.002
emerging_haplotype,h3n2,region,2026-04-09,2026-04-23,14,China,J.2.4,0.0,0.0,0.0,1.4285714285714297e-05,11,1,0.0,0.0,0.0,1,0.0,0.0,0.0,1,0.002,0.0,0.002
emerging_haplotype,h3n2,region,2026-04-09,2026-04-30,21,China,J.2.4,0.0,0.0,0.0,7.142857142857149e-06,11,1,0.0,0.0,0.0,1,0.0,0.0,0.0,1,0.001,0.0,0.001
emerging_haplotype,h3n2,region,2026-04-09,2026-05-07,28,China,J.2.4,0.0,0.0,0.0,7.142857142857149e-06,11,1,0.0,0.0,0.0,1,0.0,0.0,0.0,1,0.001,0.0,0.001
emerging_haplotype,h3n2,region,2026-04-09,2026-05-14,35,China,J.2.4,0.0,0.0,0.0,7.142857142857149e-06,11,1,0.0,0.0,0.0,1,0.0,0.0,0.0,1,0.001,0.0,0.001
emerging_haplotype,h3n2,region,2026-04-09,2026-05-21,42,China,J.2.4,0.0,0.0,0.0,7.142857142857149e-06,11,1,0.0,0.0,0.0,1,0.0,0.0,0.0,1,0.001,0.0,0.001
emerging_haplotype,h3n2,region,2026-04-09,2026-04-16,7,China,J.2.4:79V,0.0,0.0,0.0,0.0004714285714285717,11,1,0.001,0.0,0.001,1,0.004,0.0,0.004,1,0.04,0.0,0.04
emerging_haplotype,h3n2,region,2026-04-09,2026-04-23,14,China,J.2.4:79V,0.0,0.0,0.0,0.0005428571428571432,11,1,0.001,0.0,0.001,1,0.005,0.0,0.005,1,0.046,0.0,0.046
emerging_haplotype,h3n2,region,2026-04-09,2026-04-30,21,China,J.2.4:79V,0.0,0.0,0.0,0.0005928571428571431,11,1,0.001,0.0,0.001,1,0.005,0.0,0.005,1,0.053,0.0,0.053
emerging_haplotype,h3n2,region,2026-04-09,2026-05-07,28,China,J.2.4:79V,0.0,0.0,0.0,0.0006500000000000004,11,1,0.001,0.0,0.001,1,0.005,0.0,0.005,1,0.061,0.0,0.061
emerging_haplotype,h3n2,region,2026-04-09,2026-05-14,35,China,J.2.4:79V,0.0,0.0,0.0,0.0007500000000000004,11,1,0.001,0.0,0.001,1,0.006,0.0,0.006,1,0.071,0.0,0.071
emerging_haplotype,h3n2,region,2026-04-09,2026-05-21,42,China,J.2.4:79V,0.0,0.0,0.0,0.0009214285714285718,11,1,0.001,0.0,0.001,1,0.008,0.0,0.008,1,0.087,0.0,0.087
emerging_haplotype,h3n2,region,2026-04-09,2026-04-16,7,China,K:145N,0.01,0.0,0.01,0.0075428571428571446,11,0,0.021,0.004,0.025,0,0.071,0.001,0.072,1,0.162,0.0,0.162
emerging_haplotype,h3n2,region,2026-04-09,2026-04-23,14,China,K:145N,0.01,0.0,0.01,0.008007142857142857,11,0,0.023,0.004,0.027,0,0.078,0.001,0.079,1,0.179,0.0,0.179
emerging_haplotype,h3n2,region,2026-04-09,2026-04-30,21,China,K:145N,0.009,0.0,0.009,0.008150000000000001,11,0,0.026000000000000002,0.003,0.029,0,0.086,0.001,0.087,1,0.197,0.0,0.197
emerging_haplotype,h3n2,region,2026-04-09,2026-05-07,28,China,K:145N,0.009,0.0,0.009,0.008692857142857145,11,0,0.028,0.003,0.031,0,0.094,0.001,0.095,1,0.221,0.0,0.221
emerging_haplotype,h3n2,region,2026-04-09,2026-05-14,35,China,K:145N,0.009,0.0,0.009,0.00932857142857143,11,0,0.030000000000000002,0.003,0.033,0,0.103,0.001,0.104,1,0.254,0.0,0.254
emerging_haplotype,h3n2,region,2026-04-09,2026-05-21,42,China,K:145N,0.009,0.0,0.009,0.010014285714285715,11,0,0.032,0.003,0.035,0,0.113,0.001,0.114,1,0.29,0.0,0.29
emerging_haplotype,h3n2,region,2026-04-09,2026-04-16,7,China,K:223I,0.004,0.0,0.004,0.0043214285714285715,11,0,0.016999999999999998,0.001,0.018,1,0.05,0.0,0.05,1,0.115,0.0,0.115
emerging_haplotype,h3n2,region,2026-04-09,2026-04-23,14,China,K:223I,0.005,0.0,0.005,0.0048714285714285726,11,0,0.019,0.001,0.02,1,0.055,0.0,0.055,1,0.132,0.0,0.132
emerging_haplotype,h3n2,region,2026-04-09,2026-04-30,21,China,K:223I,0.005,0.0,0.005,0.0053357142857142865,11,0,0.02,0.001,0.021,1,0.064,0.0,0.064,1,0.151,0.0,0.151
emerging_haplotype,h3n2,region,2026-04-09,2026-05-07,28,China,K:223I,0.005,0.0,0.005,0.005914285714285714,11,0,0.020999999999999998,0.001,0.022,1,0.076,0.0,0.076,1,0.174,0.0,0.174
emerging_haplotype,h3n2,region,2026-04-09,2026-05-14,35,China,K:223I,0.005,0.0,0.005,0.0066785714285714295,11,0,0.024,0.001,0.025,1,0.089,0.0,0.089,1,0.199,0.0,0.199
emerging_haplotype,h3n2,region,2026-04-09,2026-05-21,42,China,K:223I,0.005,0.0,0.005,0.00755,11,0,0.028,0.001,0.029,1,0.102,0.0,0.102,1,0.229,0.0,0.229
emerging_haplotype,h3n2,region,2026-04-09,2026-04-16,7,China,K:328S,0.002,0.0,0.002,0.002985714285714286,11,0,0.009999999999999998,0.001,0.011,1,0.036,0.0,0.036,1,0.094,0.0,0.094
emerging_haplotype,h3n2,region,2026-04-09,2026-04-23,14,China,K:328S,0.002,0.0,0.002,0.003300000000000001,11,0,0.011,0.001,0.012,1,0.041,0.0,0.041,1,0.108,0.0,0.108
emerging_haplotype,h3n2,region,2026-04-09,2026-04-30,21,China,K:328S,0.002,0.0,0.002,0.0033357142857142865,11,1,0.012,0.0,0.012,1,0.046,0.0,0.046,1,0.123,0.0,0.123
emerging_haplotype,h3n2,region,2026-04-09,2026-05-07,28,China,K:328S,0.002,0.0,0.002,0.003671428571428572,11,1,0.013,0.0,0.013,1,0.051,0.0,0.051,1,0.14,0.0,0.14
emerging_haplotype,h3n2,region,2026-04-09,2026-05-14,35,China,K:328S,0.002,0.0,0.002,0.004064285714285716,11,1,0.014,0.0,0.014,1,0.058,0.0,0.058,1,0.157,0.0,0.157
emerging_haplotype,h3n2,region,2026-04-09,2026-05-21,42,China,K:328S,0.002,0.0,0.002,0.004535714285714286,11,1,0.015,0.0,0.015,1,0.067,0.0,0.067,1,0.177,0.0,0.177
emerging_haplotype,h3n2,region,2026-04-09,2026-04-16,7,China,K:80K,0.0,0.0,0.0,0.0007214285714285718,11,1,0.002,0.0,0.002,1,0.008,0.0,0.008,1,0.049,0.0,0.049
emerging_haplotype,h3n2,region,2026-04-09,2026-04-23,14,China,K:80K,0.0,0.0,0.0,0.0007857142857142862,11,1,0.002,0.0,0.002,1,0.008,0.0,0.008,1,0.058,0.0,0.058
emerging_haplotype,h3n2,region,2026-04-09,2026-04-30,21,China,K:80K,0.0,0.0,0.0,0.000885714285714286,11,1,0.002,0.0,0.002,1,0.009,0.0,0.009,1,0.068,0.0,0.068
emerging_haplotype,h3n2,region,2026-04-09,2026-05-07,28,China,K:80K,0.0,0.0,0.0,0.0009928571428571432,11,1,0.002,0.0,0.002,1,0.01,0.0,0.01,1,0.079,0.0,0.079
emerging_haplotype,h3n2,region,2026-04-09,2026-05-14,35,China,K:80K,0.0,0.0,0.0,0.0010857142857142864,11,1,0.002,0.0,0.002,1,0.01,0.0,0.01,1,0.092,0.0,0.092
emerging_haplotype,h3n2,region,2026-04-09,2026-05-21,42,China,K:80K,0.0,0.0,0.0,0.0012214285714285719,11,1,0.002,0.0,0.002,1,0.011,0.0,0.011,1,0.107,0.0,0.107
emerging_haplotype,h3n2,region,2026-04-09,2026-04-16,7,China,K,0.954,0.923,0.030999999999999917,0.015299999999999985,11,1,0.06699999999999995,0.909,0.976,1,0.14700000000000002,0.839,0.986,1,0.264,0.728,0.992
emerging_haplotype,h3n2,region,2026-04-09,2026-04-23,14,China,K,0.953,0.909,0.04399999999999993,0.0186142857142857,11,1,0.07399999999999995,0.901,0.975,1,0.16900000000000004,0.818,0.987,1,0.30999999999999994,0.683,0.993
emerging_haplotype,h3n2,region,2026-04-09,2026-04-30,21,China,K,0.95,0.875,0.07499999999999996,0.029271428571428566,11,0,0.08299999999999996,0.891,0.974,1,0.19199999999999995,0.795,0.987,1,0.36,0.633,0.993
emerging_haplotype,h3n2,region,2026-04-09,2026-05-07,28,China,K,0.943,0.875,0.06799999999999995,0.026757142857142847,11,0,0.09399999999999997,0.879,0.973,1,0.21799999999999997,0.769,0.987,1,0.41400000000000003,0.58,0.994
emerging_haplotype,h3n2,region,2026-04-09,2026-05-14,35,China,K,0.937,1.0,0.06299999999999994,0.040407142857142864,11,0,0.10599999999999998,0.866,0.972,0,0.247,0.74,0.987,0,0.469,0.525,0.994
emerging_haplotype,h3n2,region,2026-04-09,2026-05-21,42,China,K,0.933,1.0,0.06699999999999995,0.04362857142857144,11,0,0.123,0.847,0.97,0,0.28300000000000003,0.705,0.988,0,0.526,0.469,0.995
emerging_haplotype,h3n2,region,2026-04-09,2026-04-16,7,Europe,J.2,0.001,0.0,0.001,0.00025714285714285715,11,1,0.001,0.0,0.001,1,0.001,0.0,0.001,1,0.002,0.0,0.002
emerging_haplotype,h3n2,region,2026-04-09,2026-04-23,14,Europe,J.2,0.0,0.0,0.0,0.0001142857142857143,11,1,0.001,0.0,0.001,1,0.001,0.0,0.001,1,0.002,0.0,0.002
emerging_haplotype,h3n2,region,2026-04-09,2026-04-30,21,Europe,J.2,0.0,0.0,0.0,0.0001142857142857143,11,1,0.001,0.0,0.001,1,0.001,0.0,0.001,1,0.002,0.0,0.002
emerging_haplotype,h3n2,region,2026-04-09,2026-05-07,28,Europe,J.2,0.0,0.0,0.0,0.00010714285714285715,11,1,0.001,0.0,0.001,1,0.001,0.0,0.001,1,0.001,0.0,0.001
emerging_haplotype,h3n2,region,2026-04-09,2026-05-14,35,Europe,J.2,0.0,0.0,0.0,3.571428571428572e-05,11,1,0.0,0.0,0.0,1,0.001,0.0,0.001,1,0.001,0.0,0.001
emerging_haplotype,h3n2,region,2026-04-09,2026-05-21,42,Europe,J.2,0.0,0.0,0.0,3.571428571428572e-05,11,1,0.0,0.0,0.0,1,0.001,0.0,0.001,1,0.001,0.0,0.001
emerging_haplotype,h3n2,region,2026-04-09,2026-04-16,7,Europe,J.2.2,0.007,0.016,0.009000000000000001,0.0048142857142857145,11,0,0.003999999999999999,0.005,0.009,0,0.009999999999999998,0.003,0.013,1,0.014,0.002,0.016
emerging_haplotype,h3n2,region,2026-04-09,2026-04-23,14,Europe,J.2.2,0.006,0.024,0.018000000000000002,0.013285714285714288,11,0,0.004999999999999999,0.004,0.009,0,0.009000000000000001,0.003,0.012,0,0.014,0.002,0.016
emerging_haplotype,h3n2,region,2026-04-09,2026-04-30,21,Europe,J.2.2,0.006,0.017,0.011000000000000001,0.006500000000000001,11,0,0.004,0.004,0.008,0,0.009000000000000001,0.003,0.012,0,0.014,0.002,0.016
emerging_haplotype,h3n2,region,2026-04-09,2026-05-07,28,Europe,J.2.2,0.006,0.027,0.020999999999999998,0.016499999999999997,11,0,0.004,0.004,0.008,0,0.009000000000000001,0.003,0.012,0,0.014,0.002,0.016
emerging_haplotype,h3n2,region,2026-04-09,2026-05-14,35,Europe,J.2.2,0.005,0.0,0.005,0.0030714285714285717,11,0,0.004,0.003,0.007,0,0.009,0.002,0.011,0,0.013999999999999999,0.001,0.015
emerging_haplotype,h3n2,region,2026-04-09,2026-05-21,42,Europe,J.2.2,0.005,0.0,0.005,0.0030714285714285717,11,0,0.004,0.003,0.007,0,0.009,0.002,0.011,0,0.013999999999999999,0.001,0.015
emerging_haplotype,h3n2,region,2026-04-09,2026-04-16,7,Europe,J.2.3,0.006,0.031,0.025,0.022121428571428573,11,0,0.004,0.004,0.008,0,0.007,0.003,0.01,0,0.009000000000000001,0.003,0.012
emerging_haplotype,h3n2,region,2026-04-09,2026-04-23,14,Europe,J.2.3,0.005,0.037,0.032,0.02902142857142857,11,0,0.003,0.004,0.007,0,0.005999999999999999,0.003,0.009,0,0.009,0.002,0.011
emerging_haplotype,h3n2,region,2026-04-09,2026-04-30,21,Europe,J.2.3,0.005,0.033,0.028,0.025492857142857143,11,0,0.002,0.004,0.006,0,0.005,0.003,0.008,0,0.009,0.002,0.011
emerging_haplotype,h3n2,region,2026-04-09,2026-05-07,28,Europe,J.2.3,0.004,0.054,0.05,0.04701428571428572,11,0,0.003,0.003,0.006,0,0.006,0.002,0.008,0,0.008,0.002,0.01
emerging_haplotype,h3n2,region,2026-04-09,2026-05-14,35,Europe,J.2.3,0.004,0.08,0.076,0.07349285714285714,11,0,0.002,0.003,0.005,0,0.005,0.002,0.007,0,0.009000000000000001,0.001,0.01
emerging_haplotype,h3n2,region,2026-04-09,2026-05-21,42,Europe,J.2.3,0.003,0.0,0.003,0.002242857142857143,11,0,0.003,0.002,0.005,0,0.004,0.002,0.006,0,0.008,0.001,0.009
emerging_haplotype,h3n2,region,2026-04-09,2026-04-16,7,Europe,J.2.4,0.0,0.008,0.008,0.008,11,0,0.0,0.0,0.0,0,0.0,0.0,0.0,0,0.0,0.0,0.0
emerging_haplotype,h3n2,region,2026-04-09,2026-04-23,14,Europe,J.2.4,0.0,0.012,0.012,0.012,11,0,0.0,0.0,0.0,0,0.0,0.0,0.0,0,0.0,0.0,0.0
emerging_haplotype,h3n2,region,2026-04-09,2026-04-30,21,Europe,J.2.4,0.0,0.017,0.017,0.017,11,0,0.0,0.0,0.0,0,0.0,0.0,0.0,0,0.0,0.0,0.0
emerging_haplotype,h3n2,region,2026-04-09,2026-05-07,28,Europe,J.2.4,0.0,0.0,0.0,0.0,11,1,0.0,0.0,0.0,1,0.0,0.0,0.0,1,0.0,0.0,0.0
emerging_haplotype,h3n2,region,2026-04-09,2026-05-14,35,Europe,J.2.4,0.0,0.0,0.0,0.0,11,1,0.0,0.0,0.0,1,0.0,0.0,0.0,1,0.0,0.0,0.0
emerging_haplotype,h3n2,region,2026-04-09,2026-05-21,42,Europe,J.2.4,0.0,0.0,0.0,0.0,11,1,0.0,0.0,0.0,1,0.0,0.0,0.0,1,0.0,0.0,0.0
emerging_haplotype,h3n2,region,2026-04-09,2026-04-16,7,Europe,J.2.4:79V,0.047,0.063,0.016,0.007492857142857144,11,0,0.012999999999999998,0.04,0.053,0,0.028999999999999998,0.033,0.062,1,0.04300000000000001,0.026,0.069
emerging_haplotype,h3n2,region,2026-04-09,2026-04-23,14,Europe,J.2.4:79V,0.047,0.085,0.038000000000000006,0.026242857142857148,11,0,0.013999999999999999,0.04,0.054,0,0.032,0.033,0.065,0,0.04599999999999999,0.025,0.071
emerging_haplotype,h3n2,region,2026-04-09,2026-04-30,21,Europe,J.2.4:79V,0.047,0.1,0.053000000000000005,0.03996428571428572,11,0,0.015,0.04,0.055,0,0.034,0.032,0.066,0,0.048999999999999995,0.025,0.074
emerging_haplotype,h3n2,region,2026-04-09,2026-05-07,28,Europe,J.2.4:79V,0.047,0.108,0.061,0.046478571428571425,11,0,0.017,0.039,0.056,0,0.036000000000000004,0.032,0.068,0,0.053,0.024,0.077
emerging_haplotype,h3n2,region,2026-04-09,2026-05-14,35,Europe,J.2.4:79V,0.047,0.04,0.006999999999999999,0.0037428571428571437,11,1,0.018000000000000002,0.038,0.056,1,0.037000000000000005,0.031,0.068,1,0.056,0.024,0.08
emerging_haplotype,h3n2,region,2026-04-09,2026-05-21,42,Europe,J.2.4:79V,0.047,0.0,0.047,0.03502142857142857,11,0,0.019000000000000003,0.037,0.056,0,0.03900000000000001,0.029,0.068,0,0.057,0.023,0.08
emerging_haplotype,h3n2,region,2026-04-09,2026-04-16,7,Europe,K:145N,0.121,0.079,0.041999999999999996,0.020442857142857145,11,0,0.03999999999999998,0.101,0.141,0,0.07800000000000001,0.087,0.165,1,0.11,0.072,0.182
emerging_haplotype,h3n2,region,2026-04-09,2026-04-23,14,Europe,K:145N,0.132,0.085,0.047,0.02304285714285714,11,0,0.044,0.111,0.155,0,0.09,0.093,0.183,1,0.126,0.077,0.203
emerging_haplotype,h3n2,region,2026-04-09,2026-04-30,21,Europe,K:145N,0.145,0.083,0.061999999999999986,0.0319,11,0,0.05099999999999999,0.121,0.172,0,0.10300000000000001,0.099,0.202,1,0.14400000000000002,0.081,0.225
emerging_haplotype,h3n2,region,2026-04-09,2026-05-07,28,Europe,K:145N,0.158,0.108,0.05,0.022314285714285714,11,0,0.057999999999999996,0.131,0.189,1,0.115,0.106,0.221,1,0.16399999999999998,0.085,0.249
emerging_haplotype,h3n2,region,2026-04-09,2026-05-14,35,Europe,K:145N,0.169,0.04,0.129,0.09255714285714285,11,0,0.065,0.142,0.207,0,0.126,0.114,0.24,0,0.18400000000000002,0.09,0.274
emerging_haplotype,h3n2,region,2026-04-09,2026-05-21,42,Europe,K:145N,0.182,0.071,0.111,0.07039285714285715,11,0,0.07500000000000001,0.15,0.225,0,0.14,0.121,0.261,0,0.205,0.095,0.3
emerging_haplotype,h3n2,region,2026-04-09,2026-04-16,7,Europe,K:223I,0.066,0.071,0.0049999999999999906,0.004664285714285714,11,1,0.027000000000000003,0.056,0.083,1,0.047,0.047,0.094,1,0.095,0.035,0.13
emerging_haplotype,h3n2,region,2026-04-09,2026-04-23,14,Europe,K:223I,0.072,0.049,0.022999999999999993,0.010914285714285711,11,0,0.03,0.06,0.09,1,0.05499999999999999,0.049,0.104,1,0.10799999999999998,0.036,0.144
emerging_haplotype,h3n2,region,2026-04-09,2026-04-30,21,Europe,K:223I,0.077,0.05,0.026999999999999996,0.013442857142857142,11,0,0.033,0.064,0.097,0,0.063,0.052,0.115,1,0.12,0.037,0.157
emerging_haplotype,h3n2,region,2026-04-09,2026-05-07,28,Europe,K:223I,0.083,0.054,0.029000000000000005,0.01367857142857143,11,0,0.03899999999999999,0.067,0.106,1,0.07300000000000001,0.054,0.127,1,0.133,0.038,0.171
emerging_haplotype,h3n2,region,2026-04-09,2026-05-14,35,Europe,K:223I,0.088,0.08,0.007999999999999993,0.00765,11,1,0.04300000000000001,0.071,0.114,1,0.08400000000000002,0.056,0.14,1,0.145,0.038,0.183
emerging_haplotype,h3n2,region,2026-04-09,2026-05-21,42,Europe,K:223I,0.093,0.071,0.022000000000000006,0.011142857142857145,11,0,0.05,0.073,0.123,1,0.096,0.058,0.154,1,0.156,0.038,0.194
emerging_haplotype,h3n2,region,2026-04-09,2026-04-16,7,Europe,K:328S,0.065,0.024,0.041,0.025328571428571426,11,0,0.03200000000000001,0.052,0.084,0,0.057,0.04,0.097,0,0.098,0.032,0.13
emerging_haplotype,h3n2,region,2026-04-09,2026-04-23,14,Europe,K:328S,0.073,0.012,0.061,0.04309285714285714,11,0,0.038,0.058,0.096,0,0.069,0.044,0.113,0,0.11699999999999999,0.035,0.152
emerging_haplotype,h3n2,region,2026-04-09,2026-04-30,21,Europe,K:328S,0.082,0.017,0.065,0.04417142857142857,11,0,0.046,0.064,0.11,0,0.081,0.049,0.13,0,0.13999999999999999,0.037,0.177
emerging_haplotype,h3n2,region,2026-04-09,2026-05-07,28,Europe,K:328S,0.091,0.0,0.091,0.06768571428571428,11,0,0.05499999999999999,0.07,0.125,0,0.095,0.054,0.149,0,0.16599999999999998,0.04,0.206
emerging_haplotype,h3n2,region,2026-04-09,2026-05-14,35,Europe,K:328S,0.101,0.0,0.101,0.07428571428571429,11,0,0.06300000000000001,0.077,0.14,0,0.10900000000000001,0.059,0.168,0,0.19399999999999998,0.042,0.236
emerging_haplotype,h3n2,region,2026-04-09,2026-05-21,42,Europe,K:328S,0.112,0.0,0.112,0.08120714285714285,11,0,0.072,0.084,0.156,0,0.126,0.063,0.189,0,0.22500000000000003,0.045,0.27
emerging_haplotype,h3n2,region,2026-04-09,2026-04-16,7,Europe,K:80K,0.0,0.0,0.0,0.00015000000000000001,11,1,0.001,0.0,0.001,1,0.002,0.0,0.002,1,0.003,0.0,0.003
emerging_haplotype,h3n2,region,2026-04-09,2026-04-23,14,Europe,K:80K,0.0,0.0,0.0,0.00015000000000000001,11,1,0.001,0.0,0.001,1,0.002,0.0,0.002,1,0.003,0.0,0.003
emerging_haplotype,h3n2,region,2026-04-09,2026-04-30,21,Europe,K:80K,0.0,0.0,0.0,0.00015714285714285716,11,1,0.001,0.0,0.001,1,0.002,0.0,0.002,1,0.004,0.0,0.004
emerging_haplotype,h3n2,region,2026-04-09,2026-05-07,28,Europe,K:80K,0.0,0.0,0.0,0.00015714285714285716,11,1,0.001,0.0,0.001,1,0.002,0.0,0.002,1,0.004,0.0,0.004
emerging_haplotype,h3n2,region,2026-04-09,2026-05-14,35,Europe,K:80K,0.0,0.0,0.0,0.00015714285714285716,11,1,0.001,0.0,0.001,1,0.002,0.0,0.002,1,0.004,0.0,0.004
emerging_haplotype,h3n2,region,2026-04-09,2026-05-21,42,Europe,K:80K,0.0,0.0,0.0,0.00015714285714285716,11,1,0.001,0.0,0.001,1,0.002,0.0,0.002,1,0.004,0.0,0.004
emerging_haplotype,h3n2,region,2026-04-09,2026-04-16,7,Europe,K,0.676,0.701,0.02499999999999991,0.01152857142857141,11,0,0.04399999999999993,0.653,0.697,1,0.09399999999999997,0.627,0.721,1,0.138,0.6,0.738
emerging_haplotype,h3n2,region,2026-04-09,2026-04-23,14,Europe,K,0.649,0.695,0.04599999999999993,0.020678571428571397,11,0,0.051000000000000045,0.622,0.673,1,0.10699999999999998,0.593,0.7,1,0.15700000000000003,0.563,0.72
emerging_haplotype,h3n2,region,2026-04-09,2026-04-30,21,Europe,K,0.621,0.683,0.062000000000000055,0.029121428571428593,11,0,0.05800000000000005,0.591,0.649,0,0.12,0.557,0.677,1,0.17699999999999994,0.524,0.701
emerging_haplotype,h3n2,region,2026-04-09,2026-05-07,28,Europe,K,0.592,0.649,0.05700000000000005,0.02572857142857144,11,0,0.06399999999999995,0.558,0.622,1,0.136,0.518,0.654,1,0.19800000000000006,0.483,0.681
emerging_haplotype,h3n2,region,2026-04-09,2026-05-14,35,Europe,K,0.561,0.76,0.19899999999999995,0.15273571428571428,11,0,0.07099999999999995,0.523,0.594,0,0.14900000000000002,0.48,0.629,0,0.21700000000000003,0.443,0.66
emerging_haplotype,h3n2,region,2026-04-09,2026-05-21,42,Europe,K,0.529,0.857,0.32799999999999996,0.27708571428571427,11,0,0.07899999999999996,0.487,0.566,0,0.16199999999999998,0.441,0.603,0,0.23399999999999999,0.404,0.638
emerging_haplotype,h3n2,region,2026-04-09,2026-04-16,7,Japan Korea,J.2,0.0,0.0,0.0,7.142857142857149e-06,11,1,0.0,0.0,0.0,1,0.0,0.0,0.0,1,0.001,0.0,0.001
emerging_haplotype,h3n2,region,2026-04-09,2026-04-23,14,Japan Korea,J.2,0.0,0.0,0.0,7.142857142857149e-06,11,1,0.0,0.0,0.0,1,0.0,0.0,0.0,1,0.001,0.0,0.001
emerging_haplotype,h3n2,region,2026-04-09,2026-04-30,21,Japan Korea,J.2,0.0,0.0,0.0,7.142857142857149e-06,11,1,0.0,0.0,0.0,1,0.0,0.0,0.0,1,0.001,0.0,0.001
emerging_haplotype,h3n2,region,2026-04-09,2026-05-07,28,Japan Korea,J.2,0.0,0.0,0.0,7.142857142857149e-06,11,1,0.0,0.0,0.0,1,0.0,0.0,0.0,1,0.001,0.0,0.001
emerging_haplotype,h3n2,region,2026-04-09,2026-05-14,35,Japan Korea,J.2,0.0,0.0,0.0,7.142857142857149e-06,11,1,0.0,0.0,0.0,1,0.0,0.0,0.0,1,0.001,0.0,0.001
emerging_haplotype,h3n2,region,2026-04-09,2026-05-21,42,Japan Korea,J.2,0.0,0.0,0.0,7.142857142857149e-06,11,1,0.0,0.0,0.0,1,0.0,0.0,0.0,1,0.001,0.0,0.001
emerging_haplotype,h3n2,region,2026-04-09,2026-04-16,7,Japan Korea,J.2.2,0.0,0.0,0.0,7.142857142857149e-06,11,1,0.0,0.0,0.0,1,0.0,0.0,0.0,1,0.001,0.0,0.001
emerging_haplotype,h3n2,region,2026-04-09,2026-04-23,14,Japan Korea,J.2.2,0.0,0.0,0.0,0.0,11,1,0.0,0.0,0.0,1,0.0,0.0,0.0,1,0.0,0.0,0.0
emerging_haplotype,h3n2,region,2026-04-09,2026-04-30,21,Japan Korea,J.2.2,0.0,0.0,0.0,0.0,11,1,0.0,0.0,0.0,1,0.0,0.0,0.0,1,0.0,0.0,0.0
emerging_haplotype,h3n2,region,2026-04-09,2026-05-07,28,Japan Korea,J.2.2,0.0,0.0,0.0,0.0,11,1,0.0,0.0,0.0,1,0.0,0.0,0.0,1,0.0,0.0,0.0
emerging_haplotype,h3n2,region,2026-04-09,2026-05-14,35,Japan Korea,J.2.2,0.0,0.0,0.0,0.0,11,1,0.0,0.0,0.0,1,0.0,0.0,0.0,1,0.0,0.0,0.0
emerging_haplotype,h3n2,region,2026-04-09,2026-05-21,42,Japan Korea,J.2.2,0.0,0.0,0.0,0.0,11,1,0.0,0.0,0.0,1,0.0,0.0,0.0,1,0.0,0.0,0.0
emerging_haplotype,h3n2,region,2026-04-09,2026-04-16,7,Japan Korea,J.2.3,0.0,0.0,0.0,7.142857142857149e-06,11,1,0.0,0.0,0.0,1,0.0,0.0,0.0,1,0.001,0.0,0.001
emerging_haplotype,h3n2,region,2026-04-09,2026-04-23,14,Japan Korea,J.2.3,0.0,0.0,0.0,7.142857142857149e-06,11,1,0.0,0.0,0.0,1,0.0,0.0,0.0,1,0.001,0.0,0.001
emerging_haplotype,h3n2,region,2026-04-09,2026-04-30,21,Japan Korea,J.2.3,0.0,0.0,0.0,7.142857142857149e-06,11,1,0.0,0.0,0.0,1,0.0,0.0,0.0,1,0.001,0.0,0.001
emerging_haplotype,h3n2,region,2026-04-09,2026-05-07,28,Japan Korea,J.2.3,0.0,0.0,0.0,7.142857142857149e-06,11,1,0.0,0.0,0.0,1,0.0,0.0,0.0,1,0.001,0.0,0.001
emerging_haplotype,h3n2,region,2026-04-09,2026-05-14,35,Japan Korea,J.2.3,0.0,0.0,0.0,7.142857142857149e-06,11,1,0.0,0.0,0.0,1,0.0,0.0,0.0,1,0.001,0.0,0.001
emerging_haplotype,h3n2,region,2026-04-09,2026-05-21,42,Japan Korea,J.2.3,0.0,0.0,0.0,7.142857142857149e-06,11,1,0.0,0.0,0.0,1,0.0,0.0,0.0,1,0.001,0.0,0.001
emerging_haplotype,h3n2,region,2026-04-09,2026-04-16,7,Japan Korea,J.2.4,0.0,0.0,0.0,0.0,11,1,0.0,0.0,0.0,1,0.0,0.0,0.0,1,0.0,0.0,0.0
emerging_haplotype,h3n2,region,2026-04-09,2026-04-23,14,Japan Korea,J.2.4,0.0,0.0,0.0,0.0,11,1,0.0,0.0,0.0,1,0.0,0.0,0.0,1,0.0,0.0,0.0
emerging_haplotype,h3n2,region,2026-04-09,2026-04-30,21,Japan Korea,J.2.4,0.0,0.0,0.0,0.0,11,1,0.0,0.0,0.0,1,0.0,0.0,0.0,1,0.0,0.0,0.0
emerging_haplotype,h3n2,region,2026-04-09,2026-05-07,28,Japan Korea,J.2.4,0.0,0.0,0.0,0.0,11,1,0.0,0.0,0.0,1,0.0,0.0,0.0,1,0.0,0.0,0.0
emerging_haplotype,h3n2,region,2026-04-09,2026-05-14,35,Japan Korea,J.2.4,0.0,0.0,0.0,0.0,11,1,0.0,0.0,0.0,1,0.0,0.0,0.0,1,0.0,0.0,0.0
emerging_haplotype,h3n2,region,2026-04-09,2026-05-21,42,Japan Korea,J.2.4,0.0,0.0,0.0,0.0,11,1,0.0,0.0,0.0,1,0.0,0.0,0.0,1,0.0,0.0,0.0
emerging_haplotype,h3n2,region,2026-04-09,2026-04-16,7,Japan Korea,J.2.4:79V,0.141,0.0,0.141,0.08112857142857142,11,0,0.179,0.08,0.259,0,0.33999999999999997,0.031,0.371,0,0.46799999999999997,0.012,0.48
emerging_haplotype,h3n2,region,2026-04-09,2026-04-23,14,Japan Korea,J.2.4:79V,0.155,0.0,0.155,0.08811428571428571,11,0,0.205,0.086,0.291,0,0.376,0.032,0.408,0,0.522,0.011,0.533
emerging_haplotype,h3n2,region,2026-04-09,2026-04-30,21,Japan Korea,J.2.4:79V,0.165,0.0,0.165,0.09445,11,0,0.231,0.09,0.321,0,0.43000000000000005,0.032,0.462,0,0.573,0.011,0.584
emerging_haplotype,h3n2,region,2026-04-09,2026-05-07,28,Japan Korea,J.2.4:79V,0.18,0.0,0.18,0.10105,11,0,0.24899999999999997,0.095,0.344,0,0.469,0.033,0.502,0,0.621,0.011,0.632
emerging_haplotype,h3n2,region,2026-04-09,2026-05-14,35,Japan Korea,J.2.4:79V,0.197,0.0,0.197,0.10790000000000001,11,0,0.269,0.1,0.369,0,0.512,0.033,0.545,0,0.668,0.011,0.679
emerging_haplotype,h3n2,region,2026-04-09,2026-05-21,42,Japan Korea,J.2.4:79V,0.21,0.0,0.21,0.11410714285714285,11,0,0.29900000000000004,0.105,0.404,0,0.5479999999999999,0.031,0.579,0,0.713,0.011,0.724
emerging_haplotype,h3n2,region,2026-04-09,2026-04-16,7,Japan Korea,K:145N,0.047,0.071,0.023999999999999994,0.014835714285714285,11,1,0.072,0.019,0.091,1,0.159,0.009,0.168,1,0.241,0.004,0.245
emerging_haplotype,h3n2,region,2026-04-09,2026-04-23,14,Japan Korea,K:145N,0.048,0.083,0.035,0.017514285714285715,11,1,0.078,0.02,0.098,1,0.176,0.009,0.185,1,0.268,0.004,0.272
emerging_haplotype,h3n2,region,2026-04-09,2026-04-30,21,Japan Korea,K:145N,0.049,0.111,0.062,0.024528571428571427,11,0,0.08499999999999999,0.019,0.104,1,0.192,0.008,0.2,1,0.296,0.003,0.299
emerging_haplotype,h3n2,region,2026-04-09,2026-05-07,28,Japan Korea,K:145N,0.05,0.2,0.15000000000000002,0.06135714285714287,11,0,0.094,0.019,0.113,1,0.21,0.008,0.218,1,0.33,0.003,0.333
emerging_haplotype,h3n2,region,2026-04-09,2026-05-14,35,Japan Korea,K:145N,0.051,0.0,0.051,0.031985714285714284,11,0,0.105,0.018,0.123,0,0.22999999999999998,0.008,0.238,0,0.368,0.002,0.37
emerging_haplotype,h3n2,region,2026-04-09,2026-05-21,42,Japan Korea,K:145N,0.052,0.0,0.052,0.03332142857142857,11,0,0.114,0.018,0.132,0,0.25,0.007,0.257,0,0.40499999999999997,0.002,0.407
emerging_haplotype,h3n2,region,2026-04-09,2026-04-16,7,Japan Korea,K:223I,0.036,0.071,0.034999999999999996,0.016485714285714288,11,1,0.071,0.015,0.086,1,0.157,0.006,0.163,1,0.27,0.002,0.272
emerging_haplotype,h3n2,region,2026-04-09,2026-04-23,14,Japan Korea,K:223I,0.037,0.083,0.046000000000000006,0.01965,11,1,0.08,0.015,0.095,1,0.181,0.006,0.187,1,0.307,0.002,0.309
emerging_haplotype,h3n2,region,2026-04-09,2026-04-30,21,Japan Korea,K:223I,0.039,0.111,0.07200000000000001,0.026792857142857143,11,0,0.089,0.015,0.104,1,0.20099999999999998,0.005,0.206,1,0.337,0.002,0.339
emerging_haplotype,h3n2,region,2026-04-09,2026-05-07,28,Japan Korea,K:223I,0.041,0.0,0.041,0.028185714285714286,11,0,0.1,0.015,0.115,0,0.219,0.005,0.224,0,0.37,0.002,0.372
emerging_haplotype,h3n2,region,2026-04-09,2026-05-14,35,Japan Korea,K:223I,0.042,0.0,0.042,0.02982857142857143,11,0,0.11,0.015,0.125,0,0.244,0.004,0.248,0,0.42,0.002,0.422
emerging_haplotype,h3n2,region,2026-04-09,2026-05-21,42,Japan Korea,K:223I,0.042,0.0,0.042,0.030900000000000004,11,0,0.117,0.014,0.131,0,0.271,0.004,0.275,0,0.472,0.001,0.473
emerging_haplotype,h3n2,region,2026-04-09,2026-04-16,7,Japan Korea,K:328S,0.168,0.0,0.168,0.11371428571428573,11,0,0.15600000000000003,0.11,0.266,0,0.296,0.072,0.368,0,0.376,0.054,0.43
emerging_haplotype,h3n2,region,2026-04-09,2026-04-23,14,Japan Korea,K:328S,0.176,0.0,0.176,0.1157,11,0,0.17099999999999999,0.113,0.284,0,0.331,0.067,0.398,0,0.404,0.051,0.455
emerging_haplotype,h3n2,region,2026-04-09,2026-04-30,21,Japan Korea,K:328S,0.185,0.0,0.185,0.11705714285714286,11,0,0.189,0.109,0.298,0,0.36,0.065,0.425,0,0.438,0.049,0.487
emerging_haplotype,h3n2,region,2026-04-09,2026-05-07,28,Japan Korea,K:328S,0.186,0.0,0.186,0.11686428571428571,11,0,0.202,0.107,0.309,0,0.387,0.063,0.45,0,0.47300000000000003,0.045,0.518
emerging_haplotype,h3n2,region,2026-04-09,2026-05-14,35,Japan Korea,K:328S,0.18,0.0,0.18,0.11386428571428571,11,0,0.221,0.101,0.322,0,0.414,0.059,0.473,0,0.515,0.039,0.554
emerging_haplotype,h3n2,region,2026-04-09,2026-05-21,42,Japan Korea,K:328S,0.177,0.0,0.177,0.11125,11,0,0.23700000000000002,0.096,0.333,0,0.44,0.055,0.495,0,0.5449999999999999,0.033,0.578
emerging_haplotype,h3n2,region,2026-04-09,2026-04-16,7,Japan Korea,K:80K,0.0,0.0,0.0,0.000342857142857143,11,1,0.001,0.0,0.001,1,0.004,0.0,0.004,1,0.022,0.0,0.022
emerging_haplotype,h3n2,region,2026-04-09,2026-04-23,14,Japan Korea,K:80K,0.0,0.0,0.0,0.000342857142857143,11,1,0.001,0.0,0.001,1,0.004,0.0,0.004,1,0.022,0.0,0.022
emerging_haplotype,h3n2,region,2026-04-09,2026-04-30,21,Japan Korea,K:80K,0.0,0.0,0.0,0.000342857142857143,11,1,0.001,0.0,0.001,1,0.004,0.0,0.004,1,0.022,0.0,0.022
emerging_haplotype,h3n2,region,2026-04-09,2026-05-07,28,Japan Korea,K:80K,0.0,0.0,0.0,0.0003142857142857144,11,1,0.001,0.0,0.001,1,0.003,0.0,0.003,1,0.022,0.0,0.022
emerging_haplotype,h3n2,region,2026-04-09,2026-05-14,35,Japan Korea,K:80K,0.0,0.0,0.0,0.0003071428571428573,11,1,0.001,0.0,0.001,1,0.003,0.0,0.003,1,0.021,0.0,0.021
emerging_haplotype,h3n2,region,2026-04-09,2026-05-21,42,Japan Korea,K:80K,0.0,0.0,0.0,0.0003071428571428573,11,1,0.001,0.0,0.001,1,0.003,0.0,0.003,1,0.021,0.0,0.021
emerging_haplotype,h3n2,region,2026-04-09,2026-04-16,7,Japan Korea,K,0.483,0.857,0.374,0.2613,11,0,0.16699999999999993,0.399,0.566,0,0.323,0.325,0.648,0,0.45999999999999996,0.255,0.715
emerging_haplotype,h3n2,region,2026-04-09,2026-04-23,14,Japan Korea,K,0.443,0.833,0.38999999999999996,0.2670642857142857,11,0,0.17700000000000005,0.354,0.531,0,0.34299999999999997,0.28,0.623,0,0.487,0.209,0.696
emerging_haplotype,h3n2,region,2026-04-09,2026-04-30,21,Japan Korea,K,0.401,0.778,0.377,0.2422857142857143,11,0,0.183,0.314,0.497,0,0.361,0.236,0.597,0,0.506,0.169,0.675
emerging_haplotype,h3n2,region,2026-04-09,2026-05-07,28,Japan Korea,K,0.36,0.8,0.44000000000000006,0.2954785714285714,11,0,0.184,0.275,0.459,0,0.37199999999999994,0.197,0.569,0,0.519,0.135,0.654
emerging_haplotype,h3n2,region,2026-04-09,2026-05-14,35,Japan Korea,K,0.323,1.0,0.677,0.5290571428571428,11,0,0.183,0.238,0.421,0,0.375,0.162,0.537,0,0.518,0.107,0.625
emerging_haplotype,h3n2,region,2026-04-09,2026-05-21,42,Japan Korea,K,0.286,1.0,0.714,0.5595928571428571,11,0,0.18200000000000002,0.205,0.387,0,0.371,0.133,0.504,0,0.519,0.084,0.603
emerging_haplotype,h3n2,region,2026-04-09,2026-04-16,7,North America,J.2,0.0,0.003,0.003,0.00225,11,0,0.001,0.0,0.001,0,0.001,0.0,0.001,0,0.001,0.0,0.001
emerging_haplotype,h3n2,region,2026-04-09,2026-04-23,14,North America,J.2,0.0,0.004,0.004,0.0034642857142857145,11,0,0.0,0.0,0.0,0,0.001,0.0,0.001,0,0.001,0.0,0.001
emerging_haplotype,h3n2,region,2026-04-09,2026-04-30,21,North America,J.2,0.0,0.0,0.0,3.571428571428572e-05,11,1,0.0,0.0,0.0,1,0.001,0.0,0.001,1,0.001,0.0,0.001
emerging_haplotype,h3n2,region,2026-04-09,2026-05-07,28,North America,J.2,0.0,0.0,0.0,7.142857142857149e-06,11,1,0.0,0.0,0.0,1,0.0,0.0,0.0,1,0.001,0.0,0.001
emerging_haplotype,h3n2,region,2026-04-09,2026-05-14,35,North America,J.2,0.0,0.0,0.0,7.142857142857149e-06,11,1,0.0,0.0,0.0,1,0.0,0.0,0.0,1,0.001,0.0,0.001
emerging_haplotype,h3n2,region,2026-04-09,2026-05-21,42,North America,J.2,0.0,0.0,0.0,7.142857142857149e-06,11,1,0.0,0.0,0.0,1,0.0,0.0,0.0,1,0.001,0.0,0.001
emerging_haplotype,h3n2,region,2026-04-09,2026-04-16,7,North America,J.2.2,0.0,0.0,0.0,0.0,11,1,0.0,0.0,0.0,1,0.0,0.0,0.0,1,0.0,0.0,0.0
emerging_haplotype,h3n2,region,2026-04-09,2026-04-23,14,North America,J.2.2,0.0,0.0,0.0,0.0,11,1,0.0,0.0,0.0,1,0.0,0.0,0.0,1,0.0,0.0,0.0
emerging_haplotype,h3n2,region,2026-04-09,2026-04-30,21,North America,J.2.2,0.0,0.0,0.0,0.0,11,1,0.0,0.0,0.0,1,0.0,0.0,0.0,1,0.0,0.0,0.0
emerging_haplotype,h3n2,region,2026-04-09,2026-05-07,28,North America,J.2.2,0.0,0.0,0.0,0.0,11,1,0.0,0.0,0.0,1,0.0,0.0,0.0,1,0.0,0.0,0.0
emerging_haplotype,h3n2,region,2026-04-09,2026-05-14,35,North America,J.2.2,0.0,0.0,0.0,0.0,11,1,0.0,0.0,0.0,1,0.0,0.0,0.0,1,0.0,0.0,0.0
emerging_haplotype,h3n2,region,2026-04-09,2026-05-21,42,North America,J.2.2,0.0,0.0,0.0,0.0,11,1,0.0,0.0,0.0,1,0.0,0.0,0.0,1,0.0,0.0,0.0
emerging_haplotype,h3n2,region,2026-04-09,2026-04-16,7,North America,J.2.3,0.007,0.013,0.005999999999999999,0.0035714285714285704,11,0,0.003,0.005,0.008,0,0.005,0.005,0.01,1,0.009999999999999998,0.003,0.013
emerging_haplotype,h3n2,region,2026-04-09,2026-04-23,14,North America,J.2.3,0.006,0.004,0.002,0.0009928571428571428,11,0,0.003,0.005,0.008,1,0.004999999999999999,0.004,0.009,1,0.009000000000000001,0.003,0.012
emerging_haplotype,h3n2,region,2026-04-09,2026-04-30,21,North America,J.2.3,0.005,0.0,0.005,0.004242857142857143,11,0,0.003,0.004,0.007,0,0.004,0.004,0.008,0,0.008,0.003,0.011
emerging_haplotype,h3n2,region,2026-04-09,2026-05-07,28,North America,J.2.3,0.005,0.0,0.005,0.003628571428571429,11,0,0.002,0.004,0.006,0,0.005,0.003,0.008,0,0.008,0.002,0.01
emerging_haplotype,h3n2,region,2026-04-09,2026-05-14,35,North America,J.2.3,0.004,0.0,0.004,0.0031642857142857137,11,0,0.002,0.003,0.005,0,0.004,0.003,0.007,0,0.006999999999999999,0.002,0.009
emerging_haplotype,h3n2,region,2026-04-09,2026-05-21,42,North America,J.2.3,0.004,0.0,0.004,0.002871428571428571,11,0,0.002,0.003,0.005,0,0.004,0.002,0.006,0,0.006,0.002,0.008
emerging_haplotype,h3n2,region,2026-04-09,2026-04-16,7,North America,J.2.4,0.0,0.0,0.0,0.0,11,1,0.0,0.0,0.0,1,0.0,0.0,0.0,1,0.0,0.0,0.0
emerging_haplotype,h3n2,region,2026-04-09,2026-04-23,14,North America,J.2.4,0.0,0.0,0.0,0.0,11,1,0.0,0.0,0.0,1,0.0,0.0,0.0,1,0.0,0.0,0.0
emerging_haplotype,h3n2,region,2026-04-09,2026-04-30,21,North America,J.2.4,0.0,0.0,0.0,0.0,11,1,0.0,0.0,0.0,1,0.0,0.0,0.0,1,0.0,0.0,0.0
emerging_haplotype,h3n2,region,2026-04-09,2026-05-07,28,North America,J.2.4,0.0,0.0,0.0,0.0,11,1,0.0,0.0,0.0,1,0.0,0.0,0.0,1,0.0,0.0,0.0
emerging_haplotype,h3n2,region,2026-04-09,2026-05-14,35,North America,J.2.4,0.0,0.0,0.0,0.0,11,1,0.0,0.0,0.0,1,0.0,0.0,0.0,1,0.0,0.0,0.0
emerging_haplotype,h3n2,region,2026-04-09,2026-05-21,42,North America,J.2.4,0.0,0.0,0.0,0.0,11,1,0.0,0.0,0.0,1,0.0,0.0,0.0,1,0.0,0.0,0.0
emerging_haplotype,h3n2,region,2026-04-09,2026-04-16,7,North America,J.2.4:79V,0.096,0.148,0.05199999999999999,0.03569999999999999,11,0,0.02099999999999999,0.084,0.105,0,0.040999999999999995,0.077,0.118,0,0.064,0.069,0.133
emerging_haplotype,h3n2,region,2026-04-09,2026-04-23,14,North America,J.2.4:79V,0.096,0.164,0.068,0.05043571428571429,11,0,0.021999999999999992,0.084,0.106,0,0.043,0.076,0.119,0,0.069,0.067,0.136
emerging_haplotype,h3n2,region,2026-04-09,2026-04-30,21,North America,J.2.4:79V,0.095,0.181,0.086,0.06722857142857143,11,0,0.023999999999999994,0.082,0.106,0,0.045,0.075,0.12,0,0.07200000000000001,0.065,0.137
emerging_haplotype,h3n2,region,2026-04-09,2026-05-07,28,North America,J.2.4:79V,0.094,0.155,0.061,0.0407,11,0,0.024999999999999994,0.081,0.106,0,0.048,0.073,0.121,0,0.07600000000000001,0.063,0.139
emerging_haplotype,h3n2,region,2026-04-09,2026-05-14,35,North America,J.2.4:79V,0.093,0.105,0.011999999999999997,0.00565,11,1,0.026999999999999996,0.079,0.106,1,0.05,0.071,0.121,1,0.08099999999999999,0.061,0.142
emerging_haplotype,h3n2,region,2026-04-09,2026-05-21,42,North America,J.2.4:79V,0.092,0.0,0.092,0.07525714285714284,11,0,0.027999999999999997,0.077,0.105,0,0.05299999999999999,0.068,0.121,0,0.08399999999999999,0.058,0.142
emerging_haplotype,h3n2,region,2026-04-09,2026-04-16,7,North America,K:145N,0.037,0.005,0.032,0.022692857142857143,11,0,0.026,0.026,0.052,0,0.04999999999999999,0.021,0.071,0,0.077,0.018,0.095
emerging_haplotype,h3n2,region,2026-04-09,2026-04-23,14,North America,K:145N,0.041,0.004,0.037000000000000005,0.02673571428571429,11,0,0.030999999999999996,0.029,0.06,0,0.060000000000000005,0.023,0.083,0,0.093,0.019,0.112
emerging_haplotype,h3n2,region,2026-04-09,2026-04-30,21,North America,K:145N,0.046,0.006,0.04,0.027478571428571432,11,0,0.037000000000000005,0.031,0.068,0,0.07100000000000001,0.024,0.095,0,0.113,0.02,0.133
emerging_haplotype,h3n2,region,2026-04-09,2026-05-07,28,North America,K:145N,0.051,0.0,0.051,0.03676428571428571,11,0,0.041999999999999996,0.034,0.076,0,0.083,0.026,0.109,0,0.135,0.021,0.156
emerging_haplotype,h3n2,region,2026-04-09,2026-05-14,35,North America,K:145N,0.056,0.0,0.056,0.03965,11,0,0.04800000000000001,0.036,0.084,0,0.097,0.027,0.124,0,0.163,0.022,0.185
emerging_haplotype,h3n2,region,2026-04-09,2026-05-21,42,North America,K:145N,0.062,0.0,0.062,0.043128571428571426,11,0,0.055,0.039,0.094,0,0.11299999999999999,0.029,0.142,0,0.196,0.022,0.218
emerging_haplotype,h3n2,region,2026-04-09,2026-04-16,7,North America,K:223I,0.066,0.051,0.015000000000000006,0.007021428571428574,11,0,0.026000000000000002,0.054,0.08,1,0.053000000000000005,0.045,0.098,1,0.091,0.034,0.125
emerging_haplotype,h3n2,region,2026-04-09,2026-04-23,14,North America,K:223I,0.073,0.066,0.006999999999999992,0.0057714285714285714,11,1,0.031,0.059,0.09,1,0.063,0.049,0.112,1,0.10599999999999998,0.036,0.142
emerging_haplotype,h3n2,region,2026-04-09,2026-04-30,21,North America,K:223I,0.081,0.078,0.0030000000000000027,0.00597857142857143,11,1,0.036000000000000004,0.064,0.1,1,0.07400000000000001,0.052,0.126,1,0.121,0.039,0.16
emerging_haplotype,h3n2,region,2026-04-09,2026-05-07,28,North America,K:223I,0.09,0.103,0.012999999999999998,0.008335714285714285,11,1,0.041999999999999996,0.07,0.112,1,0.087,0.056,0.143,1,0.13899999999999998,0.041,0.18
emerging_haplotype,h3n2,region,2026-04-09,2026-05-14,35,North America,K:223I,0.099,0.053,0.046000000000000006,0.022578571428571427,11,0,0.048,0.076,0.124,0,0.101,0.06,0.161,1,0.15700000000000003,0.044,0.201
emerging_haplotype,h3n2,region,2026-04-09,2026-05-21,42,North America,K:223I,0.108,0.062,0.046,0.02167857142857143,11,0,0.05500000000000001,0.083,0.138,0,0.11699999999999999,0.064,0.181,1,0.177,0.046,0.223
emerging_haplotype,h3n2,region,2026-04-09,2026-04-16,7,North America,K:328S,0.08,0.038,0.042,0.02632857142857143,11,0,0.035,0.066,0.101,0,0.06199999999999999,0.056,0.118,0,0.08800000000000001,0.046,0.134
emerging_haplotype,h3n2,region,2026-04-09,2026-04-23,14,North America,K:328S,0.088,0.016,0.072,0.053207142857142856,11,0,0.04100000000000001,0.071,0.112,0,0.07400000000000001,0.059,0.133,0,0.103,0.048,0.151
emerging_haplotype,h3n2,region,2026-04-09,2026-04-30,21,North America,K:328S,0.096,0.024,0.07200000000000001,0.05100714285714286,11,0,0.048,0.076,0.124,0,0.086,0.064,0.15,0,0.11700000000000002,0.051,0.168
emerging_haplotype,h3n2,region,2026-04-09,2026-05-07,28,North America,K:328S,0.105,0.031,0.074,0.049364285714285715,11,0,0.054000000000000006,0.082,0.136,0,0.099,0.067,0.166,0,0.135,0.053,0.188
emerging_haplotype,h3n2,region,2026-04-09,2026-05-14,35,North America,K:328S,0.115,0.0,0.115,0.08624285714285715,11,0,0.061,0.088,0.149,0,0.112,0.071,0.183,0,0.156,0.055,0.211
emerging_haplotype,h3n2,region,2026-04-09,2026-05-21,42,North America,K:328S,0.126,0.0,0.126,0.09202857142857143,11,0,0.069,0.093,0.162,0,0.12400000000000001,0.075,0.199,0,0.178,0.057,0.235
emerging_haplotype,h3n2,region,2026-04-09,2026-04-16,7,North America,K:80K,0.001,0.003,0.002,0.0006285714285714286,11,1,0.002,0.001,0.003,1,0.005,0.0,0.005,1,0.008,0.0,0.008
emerging_haplotype,h3n2,region,2026-04-09,2026-04-23,14,North America,K:80K,0.001,0.0,0.001,0.0007785714285714287,11,0,0.002,0.001,0.003,1,0.005,0.0,0.005,1,0.009,0.0,0.009
emerging_haplotype,h3n2,region,2026-04-09,2026-04-30,21,North America,K:80K,0.001,0.0,0.001,0.0007785714285714287,11,0,0.002,0.001,0.003,1,0.005,0.0,0.005,1,0.009,0.0,0.009
emerging_haplotype,h3n2,region,2026-04-09,2026-05-07,28,North America,K:80K,0.001,0.0,0.001,0.0007857142857142857,11,0,0.002,0.001,0.003,1,0.005,0.0,0.005,1,0.01,0.0,0.01
emerging_haplotype,h3n2,region,2026-04-09,2026-05-14,35,North America,K:80K,0.001,0.0,0.001,0.0007857142857142857,11,0,0.002,0.001,0.003,1,0.005,0.0,0.005,1,0.01,0.0,0.01
emerging_haplotype,h3n2,region,2026-04-09,2026-05-21,42,North America,K:80K,0.001,0.0,0.001,0.0007214285714285714,11,0,0.001,0.001,0.002,1,0.005,0.0,0.005,1,0.011,0.0,0.011
emerging_haplotype,h3n2,region,2026-04-09,2026-04-16,7,North America,K,0.699,0.74,0.041000000000000036,0.017328571428571433,11,0,0.04799999999999993,0.676,0.724,1,0.08999999999999997,0.653,0.743,1,0.126,0.634,0.76
emerging_haplotype,h3n2,region,2026-04-09,2026-04-23,14,North America,K,0.679,0.742,0.06299999999999994,0.03181428571428571,11,0,0.05599999999999994,0.65,0.706,0,0.10199999999999998,0.624,0.726,1,0.14600000000000002,0.602,0.748
emerging_haplotype,h3n2,region,2026-04-09,2026-04-30,21,North America,K,0.655,0.711,0.05599999999999994,0.025185714285714256,11,0,0.062000000000000055,0.624,0.686,0,0.11499999999999999,0.592,0.707,1,0.16600000000000004,0.568,0.734
emerging_haplotype,h3n2,region,2026-04-09,2026-05-07,28,North America,K,0.632,0.711,0.07899999999999996,0.04044285714285712,11,0,0.06600000000000006,0.599,0.665,0,0.1289999999999999,0.56,0.689,1,0.18599999999999994,0.532,0.718
emerging_haplotype,h3n2,region,2026-04-09,2026-05-14,35,North America,K,0.605,0.842,0.237,0.19102142857142854,11,0,0.07500000000000007,0.568,0.643,0,0.14200000000000002,0.528,0.67,0,0.20499999999999996,0.496,0.701
emerging_haplotype,h3n2,region,2026-04-09,2026-05-21,42,North America,K,0.577,0.938,0.361,0.31027857142857135,11,0,0.08199999999999996,0.536,0.618,0,0.15400000000000003,0.496,0.65,0,0.22300000000000003,0.459,0.682
emerging_haplotype,h3n2,region,2026-04-09,2026-04-16,7,Oceania,J.2,0.0,0.0,0.0,7.142857142857149e-06,11,1,0.0,0.0,0.0,1,0.0,0.0,0.0,1,0.001,0.0,0.001
emerging_haplotype,h3n2,region,2026-04-09,2026-04-23,14,Oceania,J.2,0.0,0.0,0.0,7.142857142857149e-06,11,1,0.0,0.0,0.0,1,0.0,0.0,0.0,1,0.001,0.0,0.001
emerging_haplotype,h3n2,region,2026-04-09,2026-04-30,21,Oceania,J.2,0.0,0.0,0.0,7.142857142857149e-06,11,1,0.0,0.0,0.0,1,0.0,0.0,0.0,1,0.001,0.0,0.001
emerging_haplotype,h3n2,region,2026-04-09,2026-05-07,28,Oceania,J.2,0.0,0.0,0.0,0.0,11,1,0.0,0.0,0.0,1,0.0,0.0,0.0,1,0.0,0.0,0.0
emerging_haplotype,h3n2,region,2026-04-09,2026-05-14,35,Oceania,J.2,0.0,0.0,0.0,0.0,11,1,0.0,0.0,0.0,1,0.0,0.0,0.0,1,0.0,0.0,0.0
emerging_haplotype,h3n2,region,2026-04-09,2026-05-21,42,Oceania,J.2,0.0,0.0,0.0,0.0,11,1,0.0,0.0,0.0,1,0.0,0.0,0.0,1,0.0,0.0,0.0
emerging_haplotype,h3n2,region,2026-04-09,2026-04-16,7,Oceania,J.2.2,0.0,0.0,0.0,4.285714285714286e-05,11,1,0.0,0.0,0.0,1,0.001,0.0,0.001,1,0.002,0.0,0.002
emerging_haplotype,h3n2,region,2026-04-09,2026-04-23,14,Oceania,J.2.2,0.0,0.0,0.0,4.285714285714286e-05,11,1,0.0,0.0,0.0,1,0.001,0.0,0.001,1,0.002,0.0,0.002
emerging_haplotype,h3n2,region,2026-04-09,2026-04-30,21,Oceania,J.2.2,0.0,0.0,0.0,4.285714285714286e-05,11,1,0.0,0.0,0.0,1,0.001,0.0,0.001,1,0.002,0.0,0.002
emerging_haplotype,h3n2,region,2026-04-09,2026-05-07,28,Oceania,J.2.2,0.0,0.0,0.0,4.285714285714286e-05,11,1,0.0,0.0,0.0,1,0.001,0.0,0.001,1,0.002,0.0,0.002
emerging_haplotype,h3n2,region,2026-04-09,2026-05-14,35,Oceania,J.2.2,0.0,0.0,0.0,3.571428571428572e-05,11,1,0.0,0.0,0.0,1,0.001,0.0,0.001,1,0.001,0.0,0.001
emerging_haplotype,h3n2,region,2026-04-09,2026-05-21,42,Oceania,J.2.2,0.0,0.0,0.0,7.142857142857149e-06,11,1,0.0,0.0,0.0,1,0.0,0.0,0.0,1,0.001,0.0,0.001
emerging_haplotype,h3n2,region,2026-04-09,2026-04-16,7,Oceania,J.2.3,0.0,0.0,0.0,0.0,11,1,0.0,0.0,0.0,1,0.0,0.0,0.0,1,0.0,0.0,0.0
emerging_haplotype,h3n2,region,2026-04-09,2026-04-23,14,Oceania,J.2.3,0.0,0.0,0.0,0.0,11,1,0.0,0.0,0.0,1,0.0,0.0,0.0,1,0.0,0.0,0.0
emerging_haplotype,h3n2,region,2026-04-09,2026-04-30,21,Oceania,J.2.3,0.0,0.0,0.0,0.0,11,1,0.0,0.0,0.0,1,0.0,0.0,0.0,1,0.0,0.0,0.0
emerging_haplotype,h3n2,region,2026-04-09,2026-05-07,28,Oceania,J.2.3,0.0,0.0,0.0,0.0,11,1,0.0,0.0,0.0,1,0.0,0.0,0.0,1,0.0,0.0,0.0
emerging_haplotype,h3n2,region,2026-04-09,2026-05-14,35,Oceania,J.2.3,0.0,0.0,0.0,0.0,11,1,0.0,0.0,0.0,1,0.0,0.0,0.0,1,0.0,0.0,0.0
emerging_haplotype,h3n2,region,2026-04-09,2026-05-21,42,Oceania,J.2.3,0.0,0.0,0.0,0.0,11,1,0.0,0.0,0.0,1,0.0,0.0,0.0,1,0.0,0.0,0.0
emerging_haplotype,h3n2,region,2026-04-09,2026-04-16,7,Oceania,J.2.4,0.0,0.0,0.0,4.285714285714286e-05,11,1,0.0,0.0,0.0,1,0.001,0.0,0.001,1,0.002,0.0,0.002
emerging_haplotype,h3n2,region,2026-04-09,2026-04-23,14,Oceania,J.2.4,0.0,0.0,0.0,3.571428571428572e-05,11,1,0.0,0.0,0.0,1,0.001,0.0,0.001,1,0.001,0.0,0.001
emerging_haplotype,h3n2,region,2026-04-09,2026-04-30,21,Oceania,J.2.4,0.0,0.0,0.0,3.571428571428572e-05,11,1,0.0,0.0,0.0,1,0.001,0.0,0.001,1,0.001,0.0,0.001
emerging_haplotype,h3n2,region,2026-04-09,2026-05-07,28,Oceania,J.2.4,0.0,0.0,0.0,7.142857142857149e-06,11,1,0.0,0.0,0.0,1,0.0,0.0,0.0,1,0.001,0.0,0.001
emerging_haplotype,h3n2,region,2026-04-09,2026-05-14,35,Oceania,J.2.4,0.0,0.0,0.0,7.142857142857149e-06,11,1,0.0,0.0,0.0,1,0.0,0.0,0.0,1,0.001,0.0,0.001
emerging_haplotype,h3n2,region,2026-04-09,2026-05-21,42,Oceania,J.2.4,0.0,0.0,0.0,7.142857142857149e-06,11,1,0.0,0.0,0.0,1,0.0,0.0,0.0,1,0.001,0.0,0.001
emerging_haplotype,h3n2,region,2026-04-09,2026-04-16,7,Oceania,J.2.4:79V,0.012,0.048,0.036000000000000004,0.01492857142857143,11,0,0.02,0.007,0.027,0,0.043,0.003,0.046,1,0.078,0.001,0.079
emerging_haplotype,h3n2,region,2026-04-09,2026-04-23,14,Oceania,J.2.4:79V,0.012,0.056,0.044,0.019514285714285713,11,0,0.022000000000000002,0.007,0.029,0,0.046,0.003,0.049,1,0.088,0.001,0.089
emerging_haplotype,h3n2,region,2026-04-09,2026-04-30,21,Oceania,J.2.4:79V,0.012,0.053,0.040999999999999995,0.016235714285714287,11,0,0.023,0.007,0.03,1,0.051,0.003,0.054,1,0.099,0.001,0.1
emerging_haplotype,h3n2,region,2026-04-09,2026-05-07,28,Oceania,J.2.4:79V,0.012,0.062,0.05,0.020749999999999998,11,0,0.025,0.007,0.032,0,0.055999999999999994,0.003,0.059,1,0.111,0.001,0.112
emerging_haplotype,h3n2,region,2026-04-09,2026-05-14,35,Oceania,J.2.4:79V,0.012,0.067,0.05500000000000001,0.022914285714285717,11,0,0.026000000000000002,0.007,0.033,0,0.061,0.003,0.064,1,0.124,0.001,0.125
emerging_haplotype,h3n2,region,2026-04-09,2026-05-21,42,Oceania,J.2.4:79V,0.013,0.083,0.07,0.03269285714285714,11,0,0.029000000000000005,0.006,0.035,0,0.067,0.002,0.069,1,0.139,0.0,0.139
emerging_haplotype,h3n2,region,2026-04-09,2026-04-16,7,Oceania,K:145N,0.053,0.0,0.053,0.03246428571428571,11,0,0.037,0.036,0.073,0,0.07700000000000001,0.022,0.099,0,0.127,0.009,0.136
emerging_haplotype,h3n2,region,2026-04-09,2026-04-23,14,Oceania,K:145N,0.055,0.0,0.055,0.03319999999999999,11,0,0.042,0.036,0.078,0,0.087,0.021,0.108,0,0.13999999999999999,0.009,0.149
emerging_haplotype,h3n2,region,2026-04-09,2026-04-30,21,Oceania,K:145N,0.057,0.0,0.057,0.03433571428571429,11,0,0.045000000000000005,0.037,0.082,0,0.096,0.021,0.117,0,0.153,0.009,0.162
emerging_haplotype,h3n2,region,2026-04-09,2026-05-07,28,Oceania,K:145N,0.059,0.0,0.059,0.03506428571428571,11,0,0.048999999999999995,0.038,0.087,0,0.108,0.02,0.128,0,0.16699999999999998,0.008,0.175
emerging_haplotype,h3n2,region,2026-04-09,2026-05-14,35,Oceania,K:145N,0.061,0.0,0.061,0.03622142857142857,11,0,0.055,0.039,0.094,0,0.12000000000000001,0.019,0.139,0,0.181,0.008,0.189
emerging_haplotype,h3n2,region,2026-04-09,2026-05-21,42,Oceania,K:145N,0.063,0.0,0.063,0.03756428571428572,11,0,0.060000000000000005,0.04,0.1,0,0.13,0.019,0.149,0,0.19899999999999998,0.008,0.207
emerging_haplotype,h3n2,region,2026-04-09,2026-04-16,7,Oceania,K:223I,0.014,0.0,0.014,0.009892857142857144,11,0,0.016,0.009,0.025,0,0.033,0.006,0.039,0,0.053000000000000005,0.004,0.057
emerging_haplotype,h3n2,region,2026-04-09,2026-04-23,14,Oceania,K:223I,0.014,0.0,0.014,0.009721428571428572,11,0,0.017,0.008,0.025,0,0.034,0.006,0.04,0,0.05499999999999999,0.004,0.059
emerging_haplotype,h3n2,region,2026-04-09,2026-04-30,21,Oceania,K:223I,0.014,0.0,0.014,0.009264285714285714,11,0,0.017,0.008,0.025,0,0.037000000000000005,0.005,0.042,0,0.059,0.003,0.062
emerging_haplotype,h3n2,region,2026-04-09,2026-05-07,28,Oceania,K:223I,0.013,0.0,0.013,0.008928571428571428,11,0,0.018000000000000002,0.007,0.025,0,0.037000000000000005,0.005,0.042,0,0.062,0.003,0.065
emerging_haplotype,h3n2,region,2026-04-09,2026-05-14,35,Oceania,K:223I,0.013,0.0,0.013,0.00895,11,0,0.018000000000000002,0.007,0.025,0,0.037000000000000005,0.005,0.042,0,0.065,0.003,0.068
emerging_haplotype,h3n2,region,2026-04-09,2026-05-21,42,Oceania,K:223I,0.013,0.0,0.013,0.008271428571428572,11,0,0.019000000000000003,0.006,0.025,0,0.039999999999999994,0.004,0.044,0,0.068,0.002,0.07
emerging_haplotype,h3n2,region,2026-04-09,2026-04-16,7,Oceania,K:328S,0.031,0.0,0.031,0.020192857142857144,11,0,0.029,0.021,0.05,0,0.066,0.011,0.077,0,0.133,0.006,0.139
emerging_haplotype,h3n2,region,2026-04-09,2026-04-23,14,Oceania,K:328S,0.032,0.0,0.032,0.02037142857142857,11,0,0.033,0.021,0.054,0,0.07300000000000001,0.01,0.083,0,0.15,0.005,0.155
emerging_haplotype,h3n2,region,2026-04-09,2026-04-30,21,Oceania,K:328S,0.033,0.0,0.033,0.021042857142857144,11,0,0.036000000000000004,0.021,0.057,0,0.08,0.01,0.09,0,0.166,0.005,0.171
emerging_haplotype,h3n2,region,2026-04-09,2026-05-07,28,Oceania,K:328S,0.034,0.0,0.034,0.02148571428571428,11,0,0.039999999999999994,0.021,0.061,0,0.08600000000000001,0.009,0.095,0,0.184,0.005,0.189
emerging_haplotype,h3n2,region,2026-04-09,2026-05-14,35,Oceania,K:328S,0.035,0.0,0.035,0.021871428571428573,11,0,0.043,0.021,0.064,0,0.09200000000000001,0.009,0.101,0,0.204,0.004,0.208
emerging_haplotype,h3n2,region,2026-04-09,2026-05-21,42,Oceania,K:328S,0.036,0.0,0.036,0.022164285714285716,11,0,0.048,0.02,0.068,0,0.1,0.008,0.108,0,0.223,0.004,0.227
emerging_haplotype,h3n2,region,2026-04-09,2026-04-16,7,Oceania,K:80K,0.33,0.0,0.33,0.2821857142857143,11,0,0.08100000000000002,0.299,0.38,0,0.16099999999999998,0.258,0.419,0,0.252,0.223,0.475
emerging_haplotype,h3n2,region,2026-04-09,2026-04-23,14,Oceania,K:80K,0.347,0.0,0.347,0.2943928571428572,11,0,0.08900000000000002,0.312,0.401,0,0.179,0.266,0.445,0,0.269,0.232,0.501
emerging_haplotype,h3n2,region,2026-04-09,2026-04-30,21,Oceania,K:80K,0.364,0.0,0.364,0.30629999999999996,11,0,0.09399999999999997,0.327,0.421,0,0.193,0.275,0.468,0,0.29000000000000004,0.238,0.528
emerging_haplotype,h3n2,region,2026-04-09,2026-05-07,28,Oceania,K:80K,0.38,0.0,0.38,0.31547142857142857,11,0,0.10499999999999998,0.337,0.442,0,0.21099999999999997,0.28,0.491,0,0.31200000000000006,0.242,0.554
emerging_haplotype,h3n2,region,2026-04-09,2026-05-14,35,Oceania,K:80K,0.396,0.0,0.396,0.32635,11,0,0.11400000000000005,0.348,0.462,0,0.22400000000000003,0.291,0.515,0,0.33299999999999996,0.246,0.579
emerging_haplotype,h3n2,region,2026-04-09,2026-05-21,42,Oceania,K:80K,0.414,0.0,0.414,0.33721428571428574,11,0,0.123,0.359,0.482,0,0.23600000000000004,0.303,0.539,0,0.356,0.248,0.604
emerging_haplotype,h3n2,region,2026-04-09,2026-04-16,7,Oceania,K,0.521,0.952,0.43099999999999994,0.36913571428571423,11,0,0.07599999999999996,0.489,0.565,0,0.172,0.433,0.605,0,0.251,0.401,0.652
emerging_haplotype,h3n2,region,2026-04-09,2026-04-23,14,Oceania,K,0.495,0.944,0.44899999999999995,0.3818642857142857,11,0,0.08000000000000002,0.463,0.543,0,0.18299999999999994,0.402,0.585,0,0.269,0.368,0.637
emerging_haplotype,h3n2,region,2026-04-09,2026-04-30,21,Oceania,K,0.47,0.947,0.477,0.4053142857142857,11,0,0.08300000000000002,0.437,0.52,0,0.19199999999999995,0.374,0.566,0,0.286,0.336,0.622
emerging_haplotype,h3n2,region,2026-04-09,2026-05-07,28,Oceania,K,0.445,0.938,0.49299999999999994,0.4172642857142857,11,0,0.08600000000000002,0.412,0.498,0,0.19900000000000007,0.346,0.545,0,0.301,0.305,0.606
emerging_haplotype,h3n2,region,2026-04-09,2026-05-14,35,Oceania,K,0.419,0.933,0.514,0.43330714285714295,11,0,0.09299999999999997,0.384,0.477,0,0.20500000000000002,0.32,0.525,0,0.31299999999999994,0.276,0.589
emerging_haplotype,h3n2,region,2026-04-09,2026-05-21,42,Oceania,K,0.394,0.917,0.523,0.4388214285714286,11,0,0.09700000000000003,0.358,0.455,0,0.21100000000000002,0.294,0.505,0,0.32099999999999995,0.249,0.57
emerging_haplotype,h3n2,region,2026-04-09,2026-04-16,7,South America,J.2,0.003,0.0,0.003,0.0021714285714285715,11,0,0.002,0.002,0.004,0,0.004,0.002,0.006,0,0.008,0.001,0.009
emerging_haplotype,h3n2,region,2026-04-09,2026-04-23,14,South America,J.2,0.002,0.0,0.002,0.0016571428571428572,11,0,0.001,0.002,0.003,0,0.004,0.001,0.005,0,0.006,0.001,0.007
emerging_haplotype,h3n2,region,2026-04-09,2026-04-30,21,South America,J.2,0.002,0.0,0.002,0.001407142857142857,11,0,0.002,0.001,0.003,0,0.003,0.001,0.004,0,0.005,0.001,0.006
emerging_haplotype,h3n2,region,2026-04-09,2026-05-07,28,South America,J.2,0.001,0.0,0.001,0.001157142857142857,11,0,0.001,0.001,0.002,0,0.002,0.001,0.003,0,0.004,0.001,0.005
emerging_haplotype,h3n2,region,2026-04-09,2026-05-14,35,South America,J.2,0.001,0.0,0.001,0.0008428571428571429,11,0,0.001,0.001,0.002,0,0.001,0.001,0.002,1,0.004,0.0,0.004
emerging_haplotype,h3n2,region,2026-04-09,2026-05-21,42,South America,J.2,0.001,0.0,0.001,0.0005071428571428572,11,0,0.0,0.001,0.001,1,0.002,0.0,0.002,1,0.003,0.0,0.003
emerging_haplotype,h3n2,region,2026-04-09,2026-04-16,7,South America,J.2.2,0.0,0.0,0.0,7.142857142857149e-06,11,1,0.0,0.0,0.0,1,0.0,0.0,0.0,1,0.001,0.0,0.001
emerging_haplotype,h3n2,region,2026-04-09,2026-04-23,14,South America,J.2.2,0.0,0.0,0.0,7.142857142857149e-06,11,1,0.0,0.0,0.0,1,0.0,0.0,0.0,1,0.001,0.0,0.001
emerging_haplotype,h3n2,region,2026-04-09,2026-04-30,21,South America,J.2.2,0.0,0.0,0.0,0.0,11,1,0.0,0.0,0.0,1,0.0,0.0,0.0,1,0.0,0.0,0.0
emerging_haplotype,h3n2,region,2026-04-09,2026-05-07,28,South America,J.2.2,0.0,0.0,0.0,0.0,11,1,0.0,0.0,0.0,1,0.0,0.0,0.0,1,0.0,0.0,0.0
emerging_haplotype,h3n2,region,2026-04-09,2026-05-14,35,South America,J.2.2,0.0,0.0,0.0,0.0,11,1,0.0,0.0,0.0,1,0.0,0.0,0.0,1,0.0,0.0,0.0
emerging_haplotype,h3n2,region,2026-04-09,2026-05-21,42,South America,J.2.2,0.0,0.0,0.0,0.0,11,1,0.0,0.0,0.0,1,0.0,0.0,0.0,1,0.0,0.0,0.0
emerging_haplotype,h3n2,region,2026-04-09,2026-04-16,7,South America,J.2.3,0.002,0.0,0.002,0.0015785714285714287,11,0,0.001,0.002,0.003,0,0.002,0.001,0.003,0,0.003,0.001,0.004
emerging_haplotype,h3n2,region,2026-04-09,2026-04-23,14,South America,J.2.3,0.001,0.0,0.001,0.0011142857142857144,11,0,0.001,0.001,0.002,0,0.001,0.001,0.002,0,0.002,0.001,0.003
emerging_haplotype,h3n2,region,2026-04-09,2026-04-30,21,South America,J.2.3,0.001,0.0,0.001,0.0007285714285714286,11,0,0.0,0.001,0.001,0,0.0,0.001,0.001,1,0.002,0.0,0.002
emerging_haplotype,h3n2,region,2026-04-09,2026-05-07,28,South America,J.2.3,0.001,0.0,0.001,0.00025,11,1,0.001,0.0,0.001,1,0.001,0.0,0.001,1,0.001,0.0,0.001
emerging_haplotype,h3n2,region,2026-04-09,2026-05-14,35,South America,J.2.3,0.0,0.0,0.0,0.00010714285714285715,11,1,0.001,0.0,0.001,1,0.001,0.0,0.001,1,0.001,0.0,0.001
emerging_haplotype,h3n2,region,2026-04-09,2026-05-21,42,South America,J.2.3,0.0,0.0,0.0,7.142857142857149e-06,11,1,0.0,0.0,0.0,1,0.0,0.0,0.0,1,0.001,0.0,0.001
emerging_haplotype,h3n2,region,2026-04-09,2026-04-16,7,South America,J.2.4,0.0,0.007,0.007,0.007,11,0,0.0,0.0,0.0,0,0.0,0.0,0.0,0,0.0,0.0,0.0
emerging_haplotype,h3n2,region,2026-04-09,2026-04-23,14,South America,J.2.4,0.0,0.004,0.004,0.004,11,0,0.0,0.0,0.0,0,0.0,0.0,0.0,0,0.0,0.0,0.0
emerging_haplotype,h3n2,region,2026-04-09,2026-04-30,21,South America,J.2.4,0.0,0.0,0.0,0.0,11,1,0.0,0.0,0.0,1,0.0,0.0,0.0,1,0.0,0.0,0.0
emerging_haplotype,h3n2,region,2026-04-09,2026-05-07,28,South America,J.2.4,0.0,0.0,0.0,0.0,11,1,0.0,0.0,0.0,1,0.0,0.0,0.0,1,0.0,0.0,0.0
emerging_haplotype,h3n2,region,2026-04-09,2026-05-14,35,South America,J.2.4,0.0,0.0,0.0,0.0,11,1,0.0,0.0,0.0,1,0.0,0.0,0.0,1,0.0,0.0,0.0
emerging_haplotype,h3n2,region,2026-04-09,2026-05-21,42,South America,J.2.4,0.0,0.0,0.0,0.0,11,1,0.0,0.0,0.0,1,0.0,0.0,0.0,1,0.0,0.0,0.0
emerging_haplotype,h3n2,region,2026-04-09,2026-04-16,7,South America,J.2.4:79V,0.018,0.018,0.0,0.002935714285714286,11,1,0.019,0.011,0.03,1,0.04,0.007,0.047,1,0.061,0.004,0.065
emerging_haplotype,h3n2,region,2026-04-09,2026-04-23,14,South America,J.2.4:79V,0.017,0.021,0.004,0.0037571428571428573,11,1,0.020999999999999998,0.01,0.031,1,0.042,0.006,0.048,1,0.06799999999999999,0.003,0.071
emerging_haplotype,h3n2,region,2026-04-09,2026-04-30,21,South America,J.2.4:79V,0.017,0.015,0.0020000000000000018,0.0036642857142857145,11,1,0.022,0.009,0.031,1,0.045,0.006,0.051,1,0.073,0.003,0.076
emerging_haplotype,h3n2,region,2026-04-09,2026-05-07,28,South America,J.2.4:79V,0.016,0.0,0.016,0.010707142857142856,11,0,0.023,0.009,0.032,0,0.048,0.005,0.053,0,0.077,0.003,0.08
emerging_haplotype,h3n2,region,2026-04-09,2026-05-14,35,South America,J.2.4:79V,0.016,0.0,0.016,0.010335714285714285,11,0,0.024,0.008,0.032,0,0.051000000000000004,0.005,0.056,0,0.083,0.002,0.085
emerging_haplotype,h3n2,region,2026-04-09,2026-05-21,42,South America,J.2.4:79V,0.016,0.0,0.016,0.010242857142857142,11,0,0.025,0.007,0.032,0,0.054,0.005,0.059,0,0.088,0.002,0.09
emerging_haplotype,h3n2,region,2026-04-09,2026-04-16,7,South America,K:145N,0.004,0.018,0.013999999999999999,0.0059499999999999996,11,0,0.008,0.001,0.009,1,0.016999999999999998,0.001,0.018,1,0.045,0.0,0.045
emerging_haplotype,h3n2,region,2026-04-09,2026-04-23,14,South America,K:145N,0.004,0.017,0.013000000000000001,0.005414285714285714,11,0,0.009000000000000001,0.001,0.01,1,0.018,0.001,0.019,1,0.056,0.0,0.056
emerging_haplotype,h3n2,region,2026-04-09,2026-04-30,21,South America,K:145N,0.004,0.015,0.011,0.004514285714285715,11,0,0.009999999999999998,0.001,0.011,1,0.020999999999999998,0.001,0.022,1,0.068,0.0,0.068
emerging_haplotype,h3n2,region,2026-04-09,2026-05-07,28,South America,K:145N,0.004,0.02,0.016,0.006878571428571428,11,0,0.009999999999999998,0.001,0.011,1,0.025,0.0,0.025,1,0.083,0.0,0.083
emerging_haplotype,h3n2,region,2026-04-09,2026-05-14,35,South America,K:145N,0.004,0.009,0.004999999999999999,0.0029571428571428574,11,1,0.009999999999999998,0.001,0.011,1,0.028,0.0,0.028,1,0.102,0.0,0.102
emerging_haplotype,h3n2,region,2026-04-09,2026-05-21,42,South America,K:145N,0.004,0.0,0.004,0.003407142857142858,11,0,0.011,0.001,0.012,1,0.031,0.0,0.031,1,0.123,0.0,0.123
emerging_haplotype,h3n2,region,2026-04-09,2026-04-16,7,South America,K:223I,0.01,0.014,0.004,0.0029214285714285718,11,1,0.013999999999999999,0.005,0.019,1,0.032,0.002,0.034,1,0.061,0.001,0.062
emerging_haplotype,h3n2,region,2026-04-09,2026-04-23,14,South America,K:223I,0.011,0.017,0.006000000000000002,0.0035500000000000006,11,1,0.016,0.005,0.021,1,0.036,0.002,0.038,1,0.073,0.001,0.074
emerging_haplotype,h3n2,region,2026-04-09,2026-04-30,21,South America,K:223I,0.011,0.021,0.010000000000000002,0.004421428571428572,11,1,0.018,0.005,0.023,1,0.038,0.002,0.04,1,0.087,0.001,0.088
emerging_haplotype,h3n2,region,2026-04-09,2026-05-07,28,South America,K:223I,0.012,0.02,0.008,0.00455,11,1,0.02,0.005,0.025,1,0.043,0.002,0.045,1,0.105,0.001,0.106
emerging_haplotype,h3n2,region,2026-04-09,2026-05-14,35,South America,K:223I,0.012,0.028,0.016,0.006642857142857143,11,0,0.020999999999999998,0.005,0.026,1,0.048,0.002,0.05,1,0.128,0.001,0.129
emerging_haplotype,h3n2,region,2026-04-09,2026-05-21,42,South America,K:223I,0.012,0.043,0.030999999999999996,0.012778571428571427,11,0,0.024,0.005,0.029,1,0.054,0.002,0.056,1,0.153,0.001,0.154
emerging_haplotype,h3n2,region,2026-04-09,2026-04-16,7,South America,K:328S,0.022,0.04,0.018000000000000002,0.006921428571428571,11,1,0.03,0.01,0.04,1,0.055,0.006,0.061,1,0.089,0.003,0.092
emerging_haplotype,h3n2,region,2026-04-09,2026-04-23,14,South America,K:328S,0.024,0.033,0.009000000000000001,0.006392857142857144,11,1,0.035,0.011,0.046,1,0.064,0.006,0.07,1,0.109,0.002,0.111
emerging_haplotype,h3n2,region,2026-04-09,2026-04-30,21,South America,K:328S,0.026,0.041,0.015000000000000003,0.00817857142857143,11,1,0.040999999999999995,0.011,0.052,1,0.076,0.005,0.081,1,0.131,0.002,0.133
emerging_haplotype,h3n2,region,2026-04-09,2026-05-07,28,South America,K:328S,0.029,0.046,0.016999999999999998,0.009514285714285713,11,1,0.047,0.011,0.058,1,0.091,0.005,0.096,1,0.158,0.002,0.16
emerging_haplotype,h3n2,region,2026-04-09,2026-05-14,35,South America,K:328S,0.031,0.038,0.006999999999999999,0.009250000000000003,11,1,0.053000000000000005,0.012,0.065,1,0.109,0.005,0.114,1,0.189,0.002,0.191
emerging_haplotype,h3n2,region,2026-04-09,2026-05-21,42,South America,K:328S,0.034,0.0,0.034,0.019864285714285716,11,0,0.06,0.012,0.072,0,0.128,0.005,0.133,0,0.229,0.002,0.231
emerging_haplotype,h3n2,region,2026-04-09,2026-04-16,7,South America,K:80K,0.0,0.0,0.0,0.00012142857142857147,11,1,0.0,0.0,0.0,1,0.002,0.0,0.002,1,0.009,0.0,0.009
emerging_haplotype,h3n2,region,2026-04-09,2026-04-23,14,South America,K:80K,0.0,0.0,0.0,0.00016428571428571433,11,1,0.0,0.0,0.0,1,0.003,0.0,0.003,1,0.011,0.0,0.011
emerging_haplotype,h3n2,region,2026-04-09,2026-04-30,21,South America,K:80K,0.0,0.0,0.0,0.00024285714285714294,11,1,0.001,0.0,0.001,1,0.003,0.0,0.003,1,0.012,0.0,0.012
emerging_haplotype,h3n2,region,2026-04-09,2026-05-07,28,South America,K:80K,0.0,0.0,0.0,0.00025000000000000006,11,1,0.001,0.0,0.001,1,0.003,0.0,0.003,1,0.013,0.0,0.013
emerging_haplotype,h3n2,region,2026-04-09,2026-05-14,35,South America,K:80K,0.0,0.0,0.0,0.00026428571428571435,11,1,0.001,0.0,0.001,1,0.003,0.0,0.003,1,0.015,0.0,0.015
emerging_haplotype,h3n2,region,2026-04-09,2026-05-21,42,South America,K:80K,0.0,0.0,0.0,0.0002785714285714287,11,1,0.001,0.0,0.001,1,0.003,0.0,0.003,1,0.017,0.0,0.017
emerging_haplotype,h3n2,region,2026-04-09,2026-04-16,7,South America,K,0.92,0.902,0.018000000000000016,0.010078571428571425,11,1,0.05399999999999994,0.894,0.948,1,0.08999999999999997,0.873,0.963,1,0.15100000000000002,0.823,0.974
emerging_haplotype,h3n2,region,2026-04-09,2026-04-23,14,South America,K,0.916,0.909,0.007000000000000006,0.009685714285714282,11,1,0.061999999999999944,0.886,0.948,1,0.10499999999999998,0.86,0.965,1,0.17599999999999993,0.801,0.977
emerging_haplotype,h3n2,region,2026-04-09,2026-04-30,21,South America,K,0.909,0.907,0.0020000000000000018,0.010399999999999998,11,1,0.07099999999999995,0.876,0.947,1,0.126,0.841,0.967,1,0.20199999999999996,0.777,0.979
emerging_haplotype,h3n2,region,2026-04-09,2026-05-07,28,South America,K,0.902,0.914,0.01200000000000001,0.01345,11,1,0.08399999999999996,0.863,0.947,1,0.14300000000000002,0.824,0.967,1,0.23099999999999998,0.749,0.98
emerging_haplotype,h3n2,region,2026-04-09,2026-05-14,35,South America,K,0.894,0.925,0.031000000000000028,0.01825,11,1,0.09999999999999998,0.847,0.947,1,0.16799999999999993,0.8,0.968,1,0.263,0.719,0.982
emerging_haplotype,h3n2,region,2026-04-09,2026-05-21,42,South America,K,0.885,0.957,0.07199999999999995,0.029685714285714284,11,0,0.11499999999999999,0.83,0.945,1,0.19699999999999995,0.771,0.968,1,0.29799999999999993,0.685,0.983
emerging_haplotype,h3n2,region,2026-04-09,2026-04-16,7,Southeast Asia,J.2,0.0,0.0,0.0,7.142857142857149e-06,11,1,0.0,0.0,0.0,1,0.0,0.0,0.0,1,0.001,0.0,0.001
emerging_haplotype,h3n2,region,2026-04-09,2026-04-23,14,Southeast Asia,J.2,0.0,0.0,0.0,7.142857142857149e-06,11,1,0.0,0.0,0.0,1,0.0,0.0,0.0,1,0.001,0.0,0.001
emerging_haplotype,h3n2,region,2026-04-09,2026-04-30,21,Southeast Asia,J.2,0.0,0.0,0.0,7.142857142857149e-06,11,1,0.0,0.0,0.0,1,0.0,0.0,0.0,1,0.001,0.0,0.001
emerging_haplotype,h3n2,region,2026-04-09,2026-05-07,28,Southeast Asia,J.2,0.0,0.0,0.0,7.142857142857149e-06,11,1,0.0,0.0,0.0,1,0.0,0.0,0.0,1,0.001,0.0,0.001
emerging_haplotype,h3n2,region,2026-04-09,2026-05-14,35,Southeast Asia,J.2,0.0,0.0,0.0,7.142857142857149e-06,11,1,0.0,0.0,0.0,1,0.0,0.0,0.0,1,0.001,0.0,0.001
emerging_haplotype,h3n2,region,2026-04-09,2026-05-21,42,Southeast Asia,J.2,0.0,0.0,0.0,0.0,11,1,0.0,0.0,0.0,1,0.0,0.0,0.0,1,0.0,0.0,0.0
emerging_haplotype,h3n2,region,2026-04-09,2026-04-16,7,Southeast Asia,J.2.2,0.0,0.0,0.0,7.142857142857149e-06,11,1,0.0,0.0,0.0,1,0.0,0.0,0.0,1,0.001,0.0,0.001
emerging_haplotype,h3n2,region,2026-04-09,2026-04-23,14,Southeast Asia,J.2.2,0.0,0.0,0.0,0.0,11,1,0.0,0.0,0.0,1,0.0,0.0,0.0,1,0.0,0.0,0.0
emerging_haplotype,h3n2,region,2026-04-09,2026-04-30,21,Southeast Asia,J.2.2,0.0,0.0,0.0,0.0,11,1,0.0,0.0,0.0,1,0.0,0.0,0.0,1,0.0,0.0,0.0
emerging_haplotype,h3n2,region,2026-04-09,2026-05-07,28,Southeast Asia,J.2.2,0.0,0.0,0.0,0.0,11,1,0.0,0.0,0.0,1,0.0,0.0,0.0,1,0.0,0.0,0.0
emerging_haplotype,h3n2,region,2026-04-09,2026-05-14,35,Southeast Asia,J.2.2,0.0,0.0,0.0,0.0,11,1,0.0,0.0,0.0,1,0.0,0.0,0.0,1,0.0,0.0,0.0
emerging_haplotype,h3n2,region,2026-04-09,2026-05-21,42,Southeast Asia,J.2.2,0.0,0.0,0.0,0.0,11,1,0.0,0.0,0.0,1,0.0,0.0,0.0,1,0.0,0.0,0.0
emerging_haplotype,h3n2,region,2026-04-09,2026-04-16,7,Southeast Asia,J.2.3,0.0,0.0,0.0,0.0,11,1,0.0,0.0,0.0,1,0.0,0.0,0.0,1,0.0,0.0,0.0
emerging_haplotype,h3n2,region,2026-04-09,2026-04-23,14,Southeast Asia,J.2.3,0.0,0.0,0.0,0.0,11,1,0.0,0.0,0.0,1,0.0,0.0,0.0,1,0.0,0.0,0.0
emerging_haplotype,h3n2,region,2026-04-09,2026-04-30,21,Southeast Asia,J.2.3,0.0,0.0,0.0,0.0,11,1,0.0,0.0,0.0,1,0.0,0.0,0.0,1,0.0,0.0,0.0
emerging_haplotype,h3n2,region,2026-04-09,2026-05-07,28,Southeast Asia,J.2.3,0.0,0.0,0.0,0.0,11,1,0.0,0.0,0.0,1,0.0,0.0,0.0,1,0.0,0.0,0.0
emerging_haplotype,h3n2,region,2026-04-09,2026-05-14,35,Southeast Asia,J.2.3,0.0,0.0,0.0,0.0,11,1,0.0,0.0,0.0,1,0.0,0.0,0.0,1,0.0,0.0,0.0
emerging_haplotype,h3n2,region,2026-04-09,2026-05-21,42,Southeast Asia,J.2.3,0.0,0.0,0.0,0.0,11,1,0.0,0.0,0.0,1,0.0,0.0,0.0,1,0.0,0.0,0.0
emerging_haplotype,h3n2,region,2026-04-09,2026-04-16,7,Southeast Asia,J.2.4,0.0,0.0,0.0,0.0,11,1,0.0,0.0,0.0,1,0.0,0.0,0.0,1,0.0,0.0,0.0
emerging_haplotype,h3n2,region,2026-04-09,2026-04-23,14,Southeast Asia,J.2.4,0.0,0.0,0.0,0.0,11,1,0.0,0.0,0.0,1,0.0,0.0,0.0,1,0.0,0.0,0.0
emerging_haplotype,h3n2,region,2026-04-09,2026-04-30,21,Southeast Asia,J.2.4,0.0,0.0,0.0,0.0,11,1,0.0,0.0,0.0,1,0.0,0.0,0.0,1,0.0,0.0,0.0
emerging_haplotype,h3n2,region,2026-04-09,2026-05-07,28,Southeast Asia,J.2.4,0.0,0.0,0.0,0.0,11,1,0.0,0.0,0.0,1,0.0,0.0,0.0,1,0.0,0.0,0.0
emerging_haplotype,h3n2,region,2026-04-09,2026-05-14,35,Southeast Asia,J.2.4,0.0,0.0,0.0,0.0,11,1,0.0,0.0,0.0,1,0.0,0.0,0.0,1,0.0,0.0,0.0
emerging_haplotype,h3n2,region,2026-04-09,2026-05-21,42,Southeast Asia,J.2.4,0.0,0.0,0.0,0.0,11,1,0.0,0.0,0.0,1,0.0,0.0,0.0,1,0.0,0.0,0.0
emerging_haplotype,h3n2,region,2026-04-09,2026-04-16,7,Southeast Asia,J.2.4:79V,0.006,0.0,0.006,0.00355,11,0,0.009000000000000001,0.003,0.012,0,0.02,0.001,0.021,1,0.047,0.0,0.047
emerging_haplotype,h3n2,region,2026-04-09,2026-04-23,14,Southeast Asia,J.2.4:79V,0.005,0.0,0.005,0.0033000000000000004,11,0,0.008,0.003,0.011,0,0.019,0.001,0.02,1,0.046,0.0,0.046
emerging_haplotype,h3n2,region,2026-04-09,2026-04-30,21,Southeast Asia,J.2.4:79V,0.005,0.0,0.005,0.002942857142857143,11,0,0.008,0.002,0.01,0,0.016999999999999998,0.001,0.018,1,0.044,0.0,0.044
emerging_haplotype,h3n2,region,2026-04-09,2026-05-07,28,Southeast Asia,J.2.4:79V,0.004,0.0,0.004,0.0027571428571428573,11,0,0.008,0.002,0.01,0,0.016,0.001,0.017,1,0.042,0.0,0.042
emerging_haplotype,h3n2,region,2026-04-09,2026-05-14,35,Southeast Asia,J.2.4:79V,0.004,0.0,0.004,0.0026428571428571434,11,0,0.006999999999999999,0.002,0.009,0,0.015,0.001,0.016,1,0.04,0.0,0.04
emerging_haplotype,h3n2,region,2026-04-09,2026-05-21,42,Southeast Asia,J.2.4:79V,0.003,0.0,0.003,0.0019142857142857145,11,0,0.007,0.001,0.008,1,0.015,0.0,0.015,1,0.038,0.0,0.038
emerging_haplotype,h3n2,region,2026-04-09,2026-04-16,7,Southeast Asia,K:145N,0.015,0.0,0.015,0.009771428571428572,11,0,0.026000000000000002,0.007,0.033,0,0.046,0.004,0.05,0,0.104,0.002,0.106
emerging_haplotype,h3n2,region,2026-04-09,2026-04-23,14,Southeast Asia,K:145N,0.015,0.0,0.015,0.00987857142857143,11,0,0.026000000000000002,0.007,0.033,0,0.048,0.004,0.052,0,0.111,0.002,0.113
emerging_haplotype,h3n2,region,2026-04-09,2026-04-30,21,Southeast Asia,K:145N,0.015,0.0,0.015,0.009514285714285715,11,0,0.027000000000000003,0.006,0.033,0,0.051,0.003,0.054,0,0.118,0.002,0.12
emerging_haplotype,h3n2,region,2026-04-09,2026-05-07,28,Southeast Asia,K:145N,0.014,0.0,0.014,0.00927857142857143,11,0,0.026000000000000002,0.006,0.032,0,0.048999999999999995,0.003,0.052,0,0.123,0.002,0.125
emerging_haplotype,h3n2,region,2026-04-09,2026-05-14,35,Southeast Asia,K:145N,0.014,0.0,0.014,0.008678571428571428,11,0,0.026,0.005,0.031,0,0.047,0.003,0.05,0,0.127,0.001,0.128
emerging_haplotype,h3n2,region,2026-04-09,2026-05-21,42,Southeast Asia,K:145N,0.012,0.0,0.012,0.00812857142857143,11,0,0.024999999999999998,0.005,0.03,0,0.048999999999999995,0.002,0.051,0,0.132,0.001,0.133
emerging_haplotype,h3n2,region,2026-04-09,2026-04-16,7,Southeast Asia,K:223I,0.306,0.0,0.306,0.2267714285714286,11,0,0.18099999999999997,0.233,0.414,0,0.317,0.175,0.492,0,0.42999999999999994,0.145,0.575
emerging_haplotype,h3n2,region,2026-04-09,2026-04-23,14,Southeast Asia,K:223I,0.343,0.0,0.343,0.2520428571428571,11,0,0.2,0.26,0.46,0,0.35900000000000004,0.193,0.552,0,0.47,0.16,0.63
emerging_haplotype,h3n2,region,2026-04-09,2026-04-30,21,Southeast Asia,K:223I,0.382,0.0,0.382,0.2787714285714285,11,0,0.21900000000000003,0.288,0.507,0,0.392,0.214,0.606,0,0.51,0.176,0.686
emerging_haplotype,h3n2,region,2026-04-09,2026-05-07,28,Southeast Asia,K:223I,0.422,0.0,0.422,0.3064857142857143,11,0,0.23500000000000004,0.317,0.552,0,0.42400000000000004,0.237,0.661,0,0.542,0.193,0.735
emerging_haplotype,h3n2,region,2026-04-09,2026-05-14,35,Southeast Asia,K:223I,0.463,0.0,0.463,0.3350714285714286,11,0,0.252,0.349,0.601,0,0.45099999999999996,0.261,0.712,0,0.5660000000000001,0.209,0.775
emerging_haplotype,h3n2,region,2026-04-09,2026-05-21,42,Southeast Asia,K:223I,0.506,0.0,0.506,0.36397857142857143,11,0,0.266,0.383,0.649,0,0.468,0.285,0.753,0,0.5850000000000001,0.225,0.81
emerging_haplotype,h3n2,region,2026-04-09,2026-04-16,7,Southeast Asia,K:328S,0.002,0.0,0.002,0.0017714285714285714,11,0,0.006,0.001,0.007,1,0.018,0.0,0.018,1,0.036,0.0,0.036
emerging_haplotype,h3n2,region,2026-04-09,2026-04-23,14,Southeast Asia,K:328S,0.002,0.0,0.002,0.0018,11,0,0.006,0.001,0.007,1,0.018,0.0,0.018,1,0.04,0.0,0.04
emerging_haplotype,h3n2,region,2026-04-09,2026-04-30,21,Southeast Asia,K:328S,0.002,0.0,0.002,0.0018571428571428573,11,0,0.006,0.001,0.007,1,0.019,0.0,0.019,1,0.044,0.0,0.044
emerging_haplotype,h3n2,region,2026-04-09,2026-05-07,28,Southeast Asia,K:328S,0.002,0.0,0.002,0.0016714285714285718,11,1,0.007,0.0,0.007,1,0.019,0.0,0.019,1,0.048,0.0,0.048
emerging_haplotype,h3n2,region,2026-04-09,2026-05-14,35,Southeast Asia,K:328S,0.002,0.0,0.002,0.001635714285714286,11,1,0.006,0.0,0.006,1,0.019,0.0,0.019,1,0.053,0.0,0.053
emerging_haplotype,h3n2,region,2026-04-09,2026-05-21,42,Southeast Asia,K:328S,0.001,0.0,0.001,0.001485714285714286,11,1,0.006,0.0,0.006,1,0.018,0.0,0.018,1,0.056,0.0,0.056
emerging_haplotype,h3n2,region,2026-04-09,2026-04-16,7,Southeast Asia,K:80K,0.0,0.0,0.0,0.00012142857142857147,11,1,0.0,0.0,0.0,1,0.002,0.0,0.002,1,0.009,0.0,0.009
emerging_haplotype,h3n2,region,2026-04-09,2026-04-23,14,Southeast Asia,K:80K,0.0,0.0,0.0,0.00012142857142857147,11,1,0.0,0.0,0.0,1,0.002,0.0,0.002,1,0.009,0.0,0.009
emerging_haplotype,h3n2,region,2026-04-09,2026-04-30,21,Southeast Asia,K:80K,0.0,0.0,0.0,0.00012142857142857147,11,1,0.0,0.0,0.0,1,0.002,0.0,0.002,1,0.009,0.0,0.009
emerging_haplotype,h3n2,region,2026-04-09,2026-05-07,28,Southeast Asia,K:80K,0.0,0.0,0.0,0.00012857142857142863,11,1,0.0,0.0,0.0,1,0.002,0.0,0.002,1,0.01,0.0,0.01
emerging_haplotype,h3n2,region,2026-04-09,2026-05-14,35,Southeast Asia,K:80K,0.0,0.0,0.0,0.00012857142857142863,11,1,0.0,0.0,0.0,1,0.002,0.0,0.002,1,0.01,0.0,0.01
emerging_haplotype,h3n2,region,2026-04-09,2026-05-21,42,Southeast Asia,K:80K,0.0,0.0,0.0,0.00012857142857142863,11,1,0.0,0.0,0.0,1,0.002,0.0,0.002,1,0.01,0.0,0.01
emerging_haplotype,h3n2,region,2026-04-09,2026-04-16,7,Southeast Asia,K,0.652,1.0,0.348,0.2727857142857143,11,0,0.17799999999999994,0.549,0.727,0,0.307,0.463,0.77,0,0.42200000000000004,0.386,0.808
emerging_haplotype,h3n2,region,2026-04-09,2026-04-23,14,Southeast Asia,K,0.618,1.0,0.382,0.2986071428571429,11,0,0.19799999999999995,0.501,0.699,0,0.343,0.409,0.752,0,0.453,0.337,0.79
emerging_haplotype,h3n2,region,2026-04-09,2026-04-30,21,Southeast Asia,K,0.578,1.0,0.42200000000000004,0.32635714285714285,11,0,0.21600000000000003,0.453,0.669,0,0.373,0.36,0.733,0,0.47800000000000004,0.292,0.77
emerging_haplotype,h3n2,region,2026-04-09,2026-05-07,28,Southeast Asia,K,0.542,1.0,0.45799999999999996,0.3539785714285714,11,0,0.23100000000000004,0.408,0.639,0,0.39699999999999996,0.315,0.712,0,0.499,0.25,0.749
emerging_haplotype,h3n2,region,2026-04-09,2026-05-14,35,Southeast Asia,K,0.503,1.0,0.497,0.3831785714285715,11,0,0.241,0.366,0.607,0,0.4149999999999999,0.273,0.688,0,0.515,0.212,0.727
emerging_haplotype,h3n2,region,2026-04-09,2026-05-21,42,Southeast Asia,K,0.461,1.0,0.5389999999999999,0.41505,11,0,0.24799999999999994,0.325,0.573,0,0.43000000000000005,0.229,0.659,0,0.5269999999999999,0.176,0.703
emerging_haplotype,h3n2,region,2026-04-09,2026-04-16,7,West Asia,J.2,0.0,0.0,0.0,0.0,11,1,0.0,0.0,0.0,1,0.0,0.0,0.0,1,0.0,0.0,0.0
emerging_haplotype,h3n2,region,2026-04-09,2026-04-23,14,West Asia,J.2,0.0,0.0,0.0,0.0,11,1,0.0,0.0,0.0,1,0.0,0.0,0.0,1,0.0,0.0,0.0
emerging_haplotype,h3n2,region,2026-04-09,2026-04-30,21,West Asia,J.2,0.0,0.0,0.0,0.0,11,1,0.0,0.0,0.0,1,0.0,0.0,0.0,1,0.0,0.0,0.0
emerging_haplotype,h3n2,region,2026-04-09,2026-05-07,28,West Asia,J.2,0.0,0.0,0.0,0.0,11,1,0.0,0.0,0.0,1,0.0,0.0,0.0,1,0.0,0.0,0.0
emerging_haplotype,h3n2,region,2026-04-09,2026-05-14,35,West Asia,J.2,0.0,0.0,0.0,0.0,11,1,0.0,0.0,0.0,1,0.0,0.0,0.0,1,0.0,0.0,0.0
emerging_haplotype,h3n2,region,2026-04-09,2026-05-21,42,West Asia,J.2,0.0,0.0,0.0,0.0,11,1,0.0,0.0,0.0,1,0.0,0.0,0.0,1,0.0,0.0,0.0
emerging_haplotype,h3n2,region,2026-04-09,2026-04-16,7,West Asia,J.2.2,0.0,0.0,0.0,7.142857142857149e-06,11,1,0.0,0.0,0.0,1,0.0,0.0,0.0,1,0.001,0.0,0.001
emerging_haplotype,h3n2,region,2026-04-09,2026-04-23,14,West Asia,J.2.2,0.0,0.0,0.0,0.0,11,1,0.0,0.0,0.0,1,0.0,0.0,0.0,1,0.0,0.0,0.0
emerging_haplotype,h3n2,region,2026-04-09,2026-04-30,21,West Asia,J.2.2,0.0,0.0,0.0,0.0,11,1,0.0,0.0,0.0,1,0.0,0.0,0.0,1,0.0,0.0,0.0
emerging_haplotype,h3n2,region,2026-04-09,2026-05-07,28,West Asia,J.2.2,0.0,0.0,0.0,0.0,11,1,0.0,0.0,0.0,1,0.0,0.0,0.0,1,0.0,0.0,0.0
emerging_haplotype,h3n2,region,2026-04-09,2026-05-14,35,West Asia,J.2.2,0.0,0.0,0.0,0.0,11,1,0.0,0.0,0.0,1,0.0,0.0,0.0,1,0.0,0.0,0.0
emerging_haplotype,h3n2,region,2026-04-09,2026-05-21,42,West Asia,J.2.2,0.0,0.0,0.0,0.0,11,1,0.0,0.0,0.0,1,0.0,0.0,0.0,1,0.0,0.0,0.0
emerging_haplotype,h3n2,region,2026-04-09,2026-04-16,7,West Asia,J.2.3,0.0,0.0,0.0,7.142857142857149e-06,11,1,0.0,0.0,0.0,1,0.0,0.0,0.0,1,0.001,0.0,0.001
emerging_haplotype,h3n2,region,2026-04-09,2026-04-23,14,West Asia,J.2.3,0.0,0.0,0.0,0.0,11,1,0.0,0.0,0.0,1,0.0,0.0,0.0,1,0.0,0.0,0.0
emerging_haplotype,h3n2,region,2026-04-09,2026-04-30,21,West Asia,J.2.3,0.0,0.0,0.0,0.0,11,1,0.0,0.0,0.0,1,0.0,0.0,0.0,1,0.0,0.0,0.0
emerging_haplotype,h3n2,region,2026-04-09,2026-05-07,28,West Asia,J.2.3,0.0,0.0,0.0,0.0,11,1,0.0,0.0,0.0,1,0.0,0.0,0.0,1,0.0,0.0,0.0
emerging_haplotype,h3n2,region,2026-04-09,2026-05-14,35,West Asia,J.2.3,0.0,0.0,0.0,0.0,11,1,0.0,0.0,0.0,1,0.0,0.0,0.0,1,0.0,0.0,0.0
emerging_haplotype,h3n2,region,2026-04-09,2026-05-21,42,West Asia,J.2.3,0.0,0.0,0.0,0.0,11,1,0.0,0.0,0.0,1,0.0,0.0,0.0,1,0.0,0.0,0.0
emerging_haplotype,h3n2,region,2026-04-09,2026-04-16,7,West Asia,J.2.4,0.0,0.0,0.0,0.0,11,1,0.0,0.0,0.0,1,0.0,0.0,0.0,1,0.0,0.0,0.0
emerging_haplotype,h3n2,region,2026-04-09,2026-04-23,14,West Asia,J.2.4,0.0,0.0,0.0,0.0,11,1,0.0,0.0,0.0,1,0.0,0.0,0.0,1,0.0,0.0,0.0
emerging_haplotype,h3n2,region,2026-04-09,2026-04-30,21,West Asia,J.2.4,0.0,0.0,0.0,0.0,11,1,0.0,0.0,0.0,1,0.0,0.0,0.0,1,0.0,0.0,0.0
emerging_haplotype,h3n2,region,2026-04-09,2026-05-07,28,West Asia,J.2.4,0.0,0.0,0.0,0.0,11,1,0.0,0.0,0.0,1,0.0,0.0,0.0,1,0.0,0.0,0.0
emerging_haplotype,h3n2,region,2026-04-09,2026-05-14,35,West Asia,J.2.4,0.0,0.0,0.0,0.0,11,1,0.0,0.0,0.0,1,0.0,0.0,0.0,1,0.0,0.0,0.0
emerging_haplotype,h3n2,region,2026-04-09,2026-05-21,42,West Asia,J.2.4,0.0,0.0,0.0,0.0,11,1,0.0,0.0,0.0,1,0.0,0.0,0.0,1,0.0,0.0,0.0
emerging_haplotype,h3n2,region,2026-04-09,2026-04-16,7,West Asia,J.2.4:79V,0.0,0.0,0.0,4.285714285714286e-05,11,1,0.0,0.0,0.0,1,0.001,0.0,0.001,1,0.002,0.0,0.002
emerging_haplotype,h3n2,region,2026-04-09,2026-04-23,14,West Asia,J.2.4:79V,0.0,0.0,0.0,1.4285714285714297e-05,11,1,0.0,0.0,0.0,1,0.0,0.0,0.0,1,0.002,0.0,0.002
emerging_haplotype,h3n2,region,2026-04-09,2026-04-30,21,West Asia,J.2.4:79V,0.0,0.0,0.0,7.142857142857149e-06,11,1,0.0,0.0,0.0,1,0.0,0.0,0.0,1,0.001,0.0,0.001
emerging_haplotype,h3n2,region,2026-04-09,2026-05-07,28,West Asia,J.2.4:79V,0.0,0.0,0.0,7.142857142857149e-06,11,1,0.0,0.0,0.0,1,0.0,0.0,0.0,1,0.001,0.0,0.001
emerging_haplotype,h3n2,region,2026-04-09,2026-05-14,35,West Asia,J.2.4:79V,0.0,0.0,0.0,7.142857142857149e-06,11,1,0.0,0.0,0.0,1,0.0,0.0,0.0,1,0.001,0.0,0.001
emerging_haplotype,h3n2,region,2026-04-09,2026-05-21,42,West Asia,J.2.4:79V,0.0,0.0,0.0,7.142857142857149e-06,11,1,0.0,0.0,0.0,1,0.0,0.0,0.0,1,0.001,0.0,0.001
emerging_haplotype,h3n2,region,2026-04-09,2026-04-16,7,West Asia,K:145N,0.021,0.0,0.021,0.013271428571428573,11,0,0.017,0.013,0.03,0,0.033,0.009,0.042,0,0.056,0.005,0.061
emerging_haplotype,h3n2,region,2026-04-09,2026-04-23,14,West Asia,K:145N,0.019,0.0,0.019,0.011435714285714287,11,0,0.016,0.011,0.027,0,0.032,0.007,0.039,0,0.053000000000000005,0.004,0.057
emerging_haplotype,h3n2,region,2026-04-09,2026-04-30,21,West Asia,K:145N,0.016,0.0,0.016,0.009971428571428572,11,0,0.015000000000000001,0.01,0.025,0,0.029000000000000005,0.006,0.035,0,0.049999999999999996,0.003,0.053
emerging_haplotype,h3n2,region,2026-04-09,2026-05-07,28,West Asia,K:145N,0.014,0.0,0.014,0.008707142857142856,11,0,0.013999999999999999,0.008,0.022,0,0.028,0.005,0.033,0,0.047,0.003,0.05
emerging_haplotype,h3n2,region,2026-04-09,2026-05-14,35,West Asia,K:145N,0.013,0.0,0.013,0.007571428571428571,11,0,0.013000000000000001,0.007,0.02,0,0.026,0.004,0.03,0,0.046,0.002,0.048
emerging_haplotype,h3n2,region,2026-04-09,2026-05-21,42,West Asia,K:145N,0.011,0.0,0.011,0.0066,11,0,0.011999999999999999,0.006,0.018,0,0.025,0.003,0.028,0,0.044,0.002,0.046
emerging_haplotype,h3n2,region,2026-04-09,2026-04-16,7,West Asia,K:223I,0.641,0.0,0.641,0.5484285714285715,11,0,0.122,0.588,0.71,0,0.256,0.51,0.766,0,0.39599999999999996,0.435,0.831
emerging_haplotype,h3n2,region,2026-04-09,2026-04-23,14,West Asia,K:223I,0.682,0.0,0.682,0.5864928571428571,11,0,0.118,0.63,0.748,0,0.254,0.549,0.803,0,0.39299999999999996,0.468,0.861
emerging_haplotype,h3n2,region,2026-04-09,2026-04-30,21,West Asia,K:223I,0.72,0.0,0.72,0.6202714285714286,11,0,0.11699999999999999,0.666,0.783,0,0.249,0.586,0.835,0,0.392,0.495,0.887
emerging_haplotype,h3n2,region,2026-04-09,2026-05-07,28,West Asia,K:223I,0.755,0.0,0.755,0.6518357142857143,11,0,0.11199999999999999,0.702,0.814,0,0.242,0.621,0.863,0,0.389,0.519,0.908
emerging_haplotype,h3n2,region,2026-04-09,2026-05-14,35,West Asia,K:223I,0.786,0.0,0.786,0.6823857142857143,11,0,0.10599999999999998,0.736,0.842,0,0.23399999999999999,0.653,0.887,0,0.378,0.547,0.925
emerging_haplotype,h3n2,region,2026-04-09,2026-05-21,42,West Asia,K:223I,0.815,0.0,0.815,0.7117571428571429,11,0,0.10099999999999998,0.765,0.866,0,0.22399999999999998,0.683,0.907,0,0.36,0.579,0.939
emerging_haplotype,h3n2,region,2026-04-09,2026-04-16,7,West Asia,K:328S,0.0,0.0,0.0,5.714285714285716e-05,11,1,0.0,0.0,0.0,1,0.001,0.0,0.001,1,0.004,0.0,0.004
emerging_haplotype,h3n2,region,2026-04-09,2026-04-23,14,West Asia,K:328S,0.0,0.0,0.0,5.714285714285716e-05,11,1,0.0,0.0,0.0,1,0.001,0.0,0.001,1,0.004,0.0,0.004
emerging_haplotype,h3n2,region,2026-04-09,2026-04-30,21,West Asia,K:328S,0.0,0.0,0.0,6.428571428571431e-05,11,1,0.0,0.0,0.0,1,0.001,0.0,0.001,1,0.005,0.0,0.005
emerging_haplotype,h3n2,region,2026-04-09,2026-05-07,28,West Asia,K:328S,0.0,0.0,0.0,6.428571428571431e-05,11,1,0.0,0.0,0.0,1,0.001,0.0,0.001,1,0.005,0.0,0.005
emerging_haplotype,h3n2,region,2026-04-09,2026-05-14,35,West Asia,K:328S,0.0,0.0,0.0,6.428571428571431e-05,11,1,0.0,0.0,0.0,1,0.001,0.0,0.001,1,0.005,0.0,0.005
emerging_haplotype,h3n2,region,2026-04-09,2026-05-21,42,West Asia,K:328S,0.0,0.0,0.0,6.428571428571431e-05,11,1,0.0,0.0,0.0,1,0.001,0.0,0.001,1,0.005,0.0,0.005
emerging_haplotype,h3n2,region,2026-04-09,2026-04-16,7,West Asia,K:80K,0.012,0.0,0.012,0.007528571428571428,11,0,0.022,0.005,0.027,0,0.047,0.002,0.049,0,0.086,0.001,0.087
emerging_haplotype,h3n2,region,2026-04-09,2026-04-23,14,West Asia,K:80K,0.011,0.0,0.011,0.007492857142857143,11,0,0.022,0.005,0.027,0,0.048999999999999995,0.002,0.051,0,0.093,0.001,0.094
emerging_haplotype,h3n2,region,2026-04-09,2026-04-30,21,West Asia,K:80K,0.011,0.0,0.011,0.007221428571428572,11,0,0.022,0.004,0.026,0,0.048999999999999995,0.002,0.051,0,0.095,0.001,0.096
emerging_haplotype,h3n2,region,2026-04-09,2026-05-07,28,West Asia,K:80K,0.01,0.0,0.01,0.007149999999999999,11,0,0.022,0.004,0.026,0,0.049999999999999996,0.002,0.052,0,0.10099999999999999,0.001,0.102
emerging_haplotype,h3n2,region,2026-04-09,2026-05-14,35,West Asia,K:80K,0.009,0.0,0.009,0.006271428571428573,11,0,0.022000000000000002,0.003,0.025,0,0.052,0.001,0.053,1,0.11,0.0,0.11
emerging_haplotype,h3n2,region,2026-04-09,2026-05-21,42,West Asia,K:80K,0.009,0.0,0.009,0.006278571428571429,11,0,0.021,0.003,0.024,0,0.053,0.001,0.054,1,0.117,0.0,0.117
emerging_haplotype,h3n2,region,2026-04-09,2026-04-16,7,West Asia,K,0.319,1.0,0.681,0.5970428571428572,11,0,0.119,0.249,0.368,0,0.232,0.204,0.436,0,0.368,0.141,0.509
emerging_haplotype,h3n2,region,2026-04-09,2026-04-23,14,West Asia,K,0.279,1.0,0.721,0.6323642857142857,11,0,0.11900000000000002,0.214,0.333,0,0.229,0.17,0.399,0,0.365,0.112,0.477
emerging_haplotype,h3n2,region,2026-04-09,2026-04-30,21,West Asia,K,0.242,1.0,0.758,0.6678428571428572,11,0,0.11499999999999999,0.181,0.296,0,0.218,0.142,0.36,0,0.356,0.089,0.445
emerging_haplotype,h3n2,region,2026-04-09,2026-05-07,28,West Asia,K,0.209,1.0,0.791,0.7017,11,0,0.10500000000000001,0.153,0.258,0,0.20600000000000002,0.117,0.323,0,0.344,0.07,0.414
emerging_haplotype,h3n2,region,2026-04-09,2026-05-14,35,West Asia,K,0.18,1.0,0.8200000000000001,0.7326071428571429,11,0,0.099,0.128,0.227,0,0.19199999999999998,0.096,0.288,0,0.327,0.056,0.383
emerging_haplotype,h3n2,region,2026-04-09,2026-05-21,42,West Asia,K,0.153,1.0,0.847,0.7619214285714285,11,0,0.09100000000000001,0.107,0.198,0,0.178,0.078,0.256,0,0.307,0.044,0.351
emerging_haplotype,h3n2,region,2026-04-23,2026-04-30,7,Africa,J.2,0.0,0.0,0.0,0.0001642857142857143,11,1,0.001,0.0,0.001,1,0.002,0.0,0.002,1,0.005,0.0,0.005
emerging_haplotype,h3n2,region,2026-04-23,2026-05-07,14,Africa,J.2,0.0,0.0,0.0,0.0001642857142857143,11,1,0.001,0.0,0.001,1,0.002,0.0,0.002,1,0.005,0.0,0.005
emerging_haplotype,h3n2,region,2026-04-23,2026-05-14,21,Africa,J.2,0.0,0.0,0.0,0.00015714285714285716,11,1,0.001,0.0,0.001,1,0.002,0.0,0.002,1,0.004,0.0,0.004
emerging_haplotype,h3n2,region,2026-04-23,2026-05-21,28,Africa,J.2,0.0,0.0,0.0,0.00015000000000000001,11,1,0.001,0.0,0.001,1,0.002,0.0,0.002,1,0.003,0.0,0.003
emerging_haplotype,h3n2,region,2026-04-23,2026-04-30,7,Africa,J.2.2,0.0,0.0,0.0,5.714285714285716e-05,11,1,0.0,0.0,0.0,1,0.001,0.0,0.001,1,0.004,0.0,0.004
emerging_haplotype,h3n2,region,2026-04-23,2026-05-07,14,Africa,J.2.2,0.0,0.0,0.0,5.714285714285716e-05,11,1,0.0,0.0,0.0,1,0.001,0.0,0.001,1,0.004,0.0,0.004
emerging_haplotype,h3n2,region,2026-04-23,2026-05-14,21,Africa,J.2.2,0.0,0.0,0.0,5.714285714285716e-05,11,1,0.0,0.0,0.0,1,0.001,0.0,0.001,1,0.004,0.0,0.004
emerging_haplotype,h3n2,region,2026-04-23,2026-05-21,28,Africa,J.2.2,0.0,0.0,0.0,5.714285714285716e-05,11,1,0.0,0.0,0.0,1,0.001,0.0,0.001,1,0.004,0.0,0.004
emerging_haplotype,h3n2,region,2026-04-23,2026-04-30,7,Africa,J.2.3,0.0,0.0,0.0,7.142857142857149e-06,11,1,0.0,0.0,0.0,1,0.0,0.0,0.0,1,0.001,0.0,0.001
emerging_haplotype,h3n2,region,2026-04-23,2026-05-07,14,Africa,J.2.3,0.0,0.0,0.0,7.142857142857149e-06,11,1,0.0,0.0,0.0,1,0.0,0.0,0.0,1,0.001,0.0,0.001
emerging_haplotype,h3n2,region,2026-04-23,2026-05-14,21,Africa,J.2.3,0.0,0.0,0.0,7.142857142857149e-06,11,1,0.0,0.0,0.0,1,0.0,0.0,0.0,1,0.001,0.0,0.001
emerging_haplotype,h3n2,region,2026-04-23,2026-05-21,28,Africa,J.2.3,0.0,0.0,0.0,7.142857142857149e-06,11,1,0.0,0.0,0.0,1,0.0,0.0,0.0,1,0.001,0.0,0.001
emerging_haplotype,h3n2,region,2026-04-23,2026-04-30,7,Africa,J.2.4,0.008,0.0,0.008,0.004685714285714285,11,0,0.009,0.004,0.013,0,0.015,0.003,0.018,0,0.026,0.001,0.027
emerging_haplotype,h3n2,region,2026-04-23,2026-05-07,14,Africa,J.2.4,0.006,0.0,0.006,0.003678571428571428,11,0,0.008,0.003,0.011,0,0.013,0.002,0.015,0,0.023,0.001,0.024
emerging_haplotype,h3n2,region,2026-04-23,2026-05-14,21,Africa,J.2.4,0.005,0.0,0.005,0.003321428571428571,11,0,0.005999999999999999,0.003,0.009,0,0.011,0.002,0.013,0,0.020999999999999998,0.001,0.022
emerging_haplotype,h3n2,region,2026-04-23,2026-05-21,28,Africa,J.2.4,0.004,0.0,0.004,0.0025857142857142854,11,0,0.006,0.002,0.008,0,0.011,0.001,0.012,0,0.018,0.001,0.019
emerging_haplotype,h3n2,region,2026-04-23,2026-04-30,7,Africa,J.2.4:79V,0.014,0.0,0.014,0.008749999999999999,11,0,0.024,0.005,0.029,0,0.062,0.002,0.064,0,0.137,0.001,0.138
emerging_haplotype,h3n2,region,2026-04-23,2026-05-07,14,Africa,J.2.4:79V,0.014,0.0,0.014,0.008835714285714285,11,0,0.024999999999999998,0.005,0.03,0,0.067,0.001,0.068,0,0.159,0.001,0.16
emerging_haplotype,h3n2,region,2026-04-23,2026-05-14,21,Africa,J.2.4:79V,0.014,0.0,0.014,0.009042857142857142,11,0,0.027,0.004,0.031,0,0.073,0.001,0.074,0,0.184,0.001,0.185
emerging_haplotype,h3n2,region,2026-04-23,2026-05-21,28,Africa,J.2.4:79V,0.014,0.0,0.014,0.009285714285714286,11,0,0.029,0.004,0.033,0,0.081,0.001,0.082,1,0.206,0.0,0.206
emerging_haplotype,h3n2,region,2026-04-23,2026-04-30,7,Africa,K:145N,0.003,0.204,0.20099999999999998,0.18112857142857144,11,0,0.009999999999999998,0.001,0.011,0,0.028,0.0,0.028,0,0.046,0.0,0.046
emerging_haplotype,h3n2,region,2026-04-23,2026-05-07,14,Africa,K:145N,0.003,0.215,0.212,0.19122857142857144,11,0,0.009000000000000001,0.001,0.01,0,0.028,0.0,0.028,0,0.05,0.0,0.05
emerging_haplotype,h3n2,region,2026-04-23,2026-05-14,21,Africa,K:145N,0.003,0.209,0.206,0.1841357142857143,11,0,0.009000000000000001,0.001,0.01,0,0.029,0.0,0.029,0,0.053,0.0,0.053
emerging_haplotype,h3n2,region,2026-04-23,2026-05-21,28,Africa,K:145N,0.002,0.261,0.259,0.23516428571428571,11,0,0.009000000000000001,0.001,0.01,0,0.029,0.0,0.029,0,0.057,0.0,0.057
emerging_haplotype,h3n2,region,2026-04-23,2026-04-30,7,Africa,K:223I,0.004,0.011,0.006999999999999999,0.0039928571428571435,11,1,0.012,0.001,0.013,1,0.049,0.0,0.049,1,0.103,0.0,0.103
emerging_haplotype,h3n2,region,2026-04-23,2026-05-07,14,Africa,K:223I,0.004,0.013,0.009,0.0046,11,1,0.013000000000000001,0.001,0.014,1,0.054,0.0,0.054,1,0.118,0.0,0.118
emerging_haplotype,h3n2,region,2026-04-23,2026-05-14,21,Africa,K:223I,0.004,0.015,0.011,0.0051571428571428575,11,1,0.013999999999999999,0.001,0.015,1,0.058,0.0,0.058,1,0.13,0.0,0.13
emerging_haplotype,h3n2,region,2026-04-23,2026-05-21,28,Africa,K:223I,0.003,0.022,0.019,0.008578571428571428,11,0,0.013999999999999999,0.001,0.015,1,0.063,0.0,0.063,1,0.149,0.0,0.149
emerging_haplotype,h3n2,region,2026-04-23,2026-04-30,7,Africa,K:328S,0.031,0.086,0.05499999999999999,0.022949999999999998,11,0,0.066,0.011,0.077,1,0.198,0.002,0.2,1,0.301,0.001,0.302
emerging_haplotype,h3n2,region,2026-04-23,2026-05-07,14,Africa,K:328S,0.036,0.089,0.053,0.023078571428571427,11,1,0.083,0.013,0.096,1,0.245,0.003,0.248,1,0.361,0.001,0.362
emerging_haplotype,h3n2,region,2026-04-23,2026-05-14,21,Africa,K:328S,0.043,0.104,0.061,0.027778571428571427,11,1,0.104,0.014,0.118,1,0.296,0.003,0.299,1,0.445,0.001,0.446
emerging_haplotype,h3n2,region,2026-04-23,2026-05-21,28,Africa,K:328S,0.05,0.13,0.08,0.03434285714285714,11,1,0.13,0.015,0.145,1,0.344,0.003,0.347,1,0.532,0.001,0.533
emerging_haplotype,h3n2,region,2026-04-23,2026-04-30,7,Africa,K:80K,0.0,0.0,0.0,0.00045714285714285724,11,1,0.001,0.0,0.001,1,0.008,0.0,0.008,1,0.022,0.0,0.022
emerging_haplotype,h3n2,region,2026-04-23,2026-05-07,14,Africa,K:80K,0.0,0.0,0.0,0.0005071428571428573,11,1,0.001,0.0,0.001,1,0.009,0.0,0.009,1,0.025,0.0,0.025
emerging_haplotype,h3n2,region,2026-04-23,2026-05-14,21,Africa,K:80K,0.0,0.0,0.0,0.0005571428571428573,11,1,0.001,0.0,0.001,1,0.01,0.0,0.01,1,0.028,0.0,0.028
emerging_haplotype,h3n2,region,2026-04-23,2026-05-21,28,Africa,K:80K,0.0,0.0,0.0,0.0006071428571428572,11,1,0.001,0.0,0.001,1,0.011,0.0,0.011,1,0.031,0.0,0.031
emerging_haplotype,h3n2,region,2026-04-23,2026-04-30,7,Africa,K,0.895,0.699,0.19600000000000006,0.0938071428571429,11,0,0.1120000000000001,0.825,0.937,0,0.21499999999999997,0.746,0.961,1,0.31299999999999994,0.659,0.972
emerging_haplotype,h3n2,region,2026-04-23,2026-05-07,14,Africa,K,0.885,0.684,0.20099999999999996,0.08654285714285712,11,0,0.13,0.804,0.934,0,0.262,0.698,0.96,1,0.388,0.584,0.972
emerging_haplotype,h3n2,region,2026-04-23,2026-05-14,21,Africa,K,0.876,0.672,0.20399999999999996,0.0822142857142857,11,0,0.15100000000000002,0.777,0.928,1,0.31299999999999994,0.644,0.957,1,0.46799999999999997,0.503,0.971
emerging_haplotype,h3n2,region,2026-04-23,2026-05-21,28,Africa,K,0.86,0.587,0.273,0.11368571428571429,11,0,0.17200000000000004,0.75,0.922,0,0.366,0.592,0.958,1,0.552,0.42,0.972
emerging_haplotype,h3n2,region,2026-04-23,2026-04-30,7,China,J.2,0.0,0.0,0.0,4.285714285714286e-05,11,1,0.0,0.0,0.0,1,0.001,0.0,0.001,1,0.002,0.0,0.002
emerging_haplotype,h3n2,region,2026-04-23,2026-05-07,14,China,J.2,0.0,0.0,0.0,3.571428571428572e-05,11,1,0.0,0.0,0.0,1,0.001,0.0,0.001,1,0.001,0.0,0.001
emerging_haplotype,h3n2,region,2026-04-23,2026-05-14,21,China,J.2,0.0,0.0,0.0,7.142857142857149e-06,11,1,0.0,0.0,0.0,1,0.0,0.0,0.0,1,0.001,0.0,0.001
emerging_haplotype,h3n2,region,2026-04-23,2026-05-21,28,China,J.2,0.0,0.0,0.0,7.142857142857149e-06,11,1,0.0,0.0,0.0,1,0.0,0.0,0.0,1,0.001,0.0,0.001
emerging_haplotype,h3n2,region,2026-04-23,2026-04-30,7,China,J.2.2,0.001,0.125,0.124,0.12137857142857142,11,0,0.001,0.001,0.002,0,0.004,0.0,0.004,0,0.007,0.0,0.007
emerging_haplotype,h3n2,region,2026-04-23,2026-05-07,14,China,J.2.2,0.001,0.125,0.124,0.12198571428571427,11,0,0.002,0.0,0.002,0,0.003,0.0,0.003,0,0.006,0.0,0.006
emerging_haplotype,h3n2,region,2026-04-23,2026-05-14,21,China,J.2.2,0.001,0.0,0.001,0.0003357142857142857,11,1,0.001,0.0,0.001,1,0.003,0.0,0.003,1,0.005,0.0,0.005
emerging_haplotype,h3n2,region,2026-04-23,2026-05-21,28,China,J.2.2,0.001,0.0,0.001,0.00030000000000000003,11,1,0.001,0.0,0.001,1,0.002,0.0,0.002,1,0.004,0.0,0.004
emerging_haplotype,h3n2,region,2026-04-23,2026-04-30,7,China,J.2.3,0.0,0.0,0.0,7.142857142857149e-06,11,1,0.0,0.0,0.0,1,0.0,0.0,0.0,1,0.001,0.0,0.001
emerging_haplotype,h3n2,region,2026-04-23,2026-05-07,14,China,J.2.3,0.0,0.0,0.0,7.142857142857149e-06,11,1,0.0,0.0,0.0,1,0.0,0.0,0.0,1,0.001,0.0,0.001
emerging_haplotype,h3n2,region,2026-04-23,2026-05-14,21,China,J.2.3,0.0,0.0,0.0,7.142857142857149e-06,11,1,0.0,0.0,0.0,1,0.0,0.0,0.0,1,0.001,0.0,0.001
emerging_haplotype,h3n2,region,2026-04-23,2026-05-21,28,China,J.2.3,0.0,0.0,0.0,7.142857142857149e-06,11,1,0.0,0.0,0.0,1,0.0,0.0,0.0,1,0.001,0.0,0.001
emerging_haplotype,h3n2,region,2026-04-23,2026-04-30,7,China,J.2.4,0.0,0.0,0.0,8.571428571428575e-05,11,1,0.0,0.0,0.0,1,0.001,0.0,0.001,1,0.008,0.0,0.008
emerging_haplotype,h3n2,region,2026-04-23,2026-05-07,14,China,J.2.4,0.0,0.0,0.0,7.857142857142861e-05,11,1,0.0,0.0,0.0,1,0.001,0.0,0.001,1,0.007,0.0,0.007
emerging_haplotype,h3n2,region,2026-04-23,2026-05-14,21,China,J.2.4,0.0,0.0,0.0,7.857142857142861e-05,11,1,0.0,0.0,0.0,1,0.001,0.0,0.001,1,0.007,0.0,0.007
emerging_haplotype,h3n2,region,2026-04-23,2026-05-21,28,China,J.2.4,0.0,0.0,0.0,7.857142857142861e-05,11,1,0.0,0.0,0.0,1,0.001,0.0,0.001,1,0.007,0.0,0.007
emerging_haplotype,h3n2,region,2026-04-23,2026-04-30,7,China,J.2.4:79V,0.0,0.0,0.0,0.000392857142857143,11,1,0.001,0.0,0.001,1,0.005,0.0,0.005,1,0.025,0.0,0.025
emerging_haplotype,h3n2,region,2026-04-23,2026-05-07,14,China,J.2.4:79V,0.0,0.0,0.0,0.0004142857142857144,11,1,0.001,0.0,0.001,1,0.005,0.0,0.005,1,0.028,0.0,0.028
emerging_haplotype,h3n2,region,2026-04-23,2026-05-14,21,China,J.2.4:79V,0.0,0.0,0.0,0.00047142857142857153,11,1,0.001,0.0,0.001,1,0.006,0.0,0.006,1,0.032,0.0,0.032
emerging_haplotype,h3n2,region,2026-04-23,2026-05-21,28,China,J.2.4:79V,0.0,0.0,0.0,0.0005071428571428573,11,1,0.001,0.0,0.001,1,0.006,0.0,0.006,1,0.037,0.0,0.037
emerging_haplotype,h3n2,region,2026-04-23,2026-04-30,7,China,K:145N,0.005,0.0,0.005,0.003628571428571429,11,0,0.013000000000000001,0.001,0.014,0,0.034,0.001,0.035,1,0.062,0.0,0.062
emerging_haplotype,h3n2,region,2026-04-23,2026-05-07,14,China,K:145N,0.005,0.0,0.005,0.0034571428571428574,11,0,0.013000000000000001,0.001,0.014,1,0.037,0.0,0.037,1,0.066,0.0,0.066
emerging_haplotype,h3n2,region,2026-04-23,2026-05-14,21,China,K:145N,0.004,0.0,0.004,0.003428571428571429,11,0,0.013000000000000001,0.001,0.014,1,0.04,0.0,0.04,1,0.07,0.0,0.07
emerging_haplotype,h3n2,region,2026-04-23,2026-05-21,28,China,K:145N,0.004,0.0,0.004,0.003521428571428572,11,0,0.013000000000000001,0.001,0.014,1,0.042,0.0,0.042,1,0.075,0.0,0.075
emerging_haplotype,h3n2,region,2026-04-23,2026-04-30,7,China,K:223I,0.002,0.0,0.002,0.002121428571428572,11,1,0.007,0.0,0.007,1,0.027,0.0,0.027,1,0.079,0.0,0.079
emerging_haplotype,h3n2,region,2026-04-23,2026-05-07,14,China,K:223I,0.002,0.0,0.002,0.002464285714285715,11,1,0.008,0.0,0.008,1,0.031,0.0,0.031,1,0.101,0.0,0.101
emerging_haplotype,h3n2,region,2026-04-23,2026-05-14,21,China,K:223I,0.002,0.0,0.002,0.0028285714285714294,11,1,0.008,0.0,0.008,1,0.037,0.0,0.037,1,0.128,0.0,0.128
emerging_haplotype,h3n2,region,2026-04-23,2026-05-21,28,China,K:223I,0.002,0.0,0.002,0.0031857142857142856,11,1,0.009,0.0,0.009,1,0.043,0.0,0.043,1,0.144,0.0,0.144
emerging_haplotype,h3n2,region,2026-04-23,2026-04-30,7,China,K:328S,0.002,0.0,0.002,0.0031000000000000008,11,1,0.013,0.0,0.013,1,0.04,0.0,0.04,1,0.104,0.0,0.104
emerging_haplotype,h3n2,region,2026-04-23,2026-05-07,14,China,K:328S,0.002,0.0,0.002,0.00335,11,1,0.014,0.0,0.014,1,0.043,0.0,0.043,1,0.117,0.0,0.117
emerging_haplotype,h3n2,region,2026-04-23,2026-05-14,21,China,K:328S,0.002,0.0,0.002,0.003714285714285715,11,1,0.015,0.0,0.015,1,0.047,0.0,0.047,1,0.142,0.0,0.142
emerging_haplotype,h3n2,region,2026-04-23,2026-05-21,28,China,K:328S,0.002,0.0,0.002,0.004064285714285715,11,1,0.016,0.0,0.016,1,0.052,0.0,0.052,1,0.161,0.0,0.161
emerging_haplotype,h3n2,region,2026-04-23,2026-04-30,7,China,K:80K,0.0,0.0,0.0,0.0005214285714285716,11,1,0.001,0.0,0.001,1,0.008,0.0,0.008,1,0.031,0.0,0.031
emerging_haplotype,h3n2,region,2026-04-23,2026-05-07,14,China,K:80K,0.0,0.0,0.0,0.0005642857142857144,11,1,0.001,0.0,0.001,1,0.008,0.0,0.008,1,0.037,0.0,0.037
emerging_haplotype,h3n2,region,2026-04-23,2026-05-14,21,China,K:80K,0.0,0.0,0.0,0.0006000000000000002,11,1,0.001,0.0,0.001,1,0.008,0.0,0.008,1,0.042,0.0,0.042
emerging_haplotype,h3n2,region,2026-04-23,2026-05-21,28,China,K:80K,0.0,0.0,0.0,0.000635714285714286,11,1,0.001,0.0,0.001,1,0.008,0.0,0.008,1,0.047,0.0,0.047
emerging_haplotype,h3n2,region,2026-04-23,2026-04-30,7,China,K,0.968,0.875,0.09299999999999997,0.039828571428571415,11,0,0.04600000000000004,0.938,0.984,0,0.11399999999999999,0.877,0.991,1,0.19999999999999996,0.796,0.996
emerging_haplotype,h3n2,region,2026-04-23,2026-05-07,14,China,K,0.967,0.875,0.09199999999999997,0.03827142857142858,11,0,0.052999999999999936,0.931,0.984,1,0.128,0.863,0.991,1,0.236,0.76,0.996
emerging_haplotype,h3n2,region,2026-04-23,2026-05-14,21,China,K,0.966,1.0,0.03400000000000003,0.02319285714285715,11,0,0.061999999999999944,0.922,0.984,0,0.14300000000000002,0.849,0.992,0,0.29500000000000004,0.702,0.997
emerging_haplotype,h3n2,region,2026-04-23,2026-05-21,28,China,K,0.964,1.0,0.03600000000000003,0.025000000000000005,11,0,0.06999999999999995,0.913,0.983,0,0.15800000000000003,0.834,0.992,0,0.32799999999999996,0.669,0.997
emerging_haplotype,h3n2,region,2026-04-23,2026-04-30,7,Europe,J.2,0.0,0.0,0.0,0.00010714285714285715,11,1,0.001,0.0,0.001,1,0.001,0.0,0.001,1,0.001,0.0,0.001
emerging_haplotype,h3n2,region,2026-04-23,2026-05-07,14,Europe,J.2,0.0,0.0,0.0,3.571428571428572e-05,11,1,0.0,0.0,0.0,1,0.001,0.0,0.001,1,0.001,0.0,0.001
emerging_haplotype,h3n2,region,2026-04-23,2026-05-14,21,Europe,J.2,0.0,0.0,0.0,3.571428571428572e-05,11,1,0.0,0.0,0.0,1,0.001,0.0,0.001,1,0.001,0.0,0.001
emerging_haplotype,h3n2,region,2026-04-23,2026-05-21,28,Europe,J.2,0.0,0.0,0.0,3.571428571428572e-05,11,1,0.0,0.0,0.0,1,0.001,0.0,0.001,1,0.001,0.0,0.001
emerging_haplotype,h3n2,region,2026-04-23,2026-04-30,7,Europe,J.2.2,0.011,0.017,0.006000000000000002,0.002571428571428572,11,0,0.006999999999999999,0.008,0.015,1,0.016,0.006,0.022,1,0.026000000000000002,0.003,0.029
emerging_haplotype,h3n2,region,2026-04-23,2026-05-07,14,Europe,J.2.2,0.011,0.027,0.016,0.008064285714285715,11,0,0.006999999999999999,0.008,0.015,0,0.018,0.005,0.023,1,0.027,0.003,0.03
emerging_haplotype,h3n2,region,2026-04-23,2026-05-14,21,Europe,J.2.2,0.01,0.0,0.01,0.007214285714285715,11,0,0.006999999999999999,0.008,0.015,0,0.018,0.005,0.023,0,0.028,0.003,0.031
emerging_haplotype,h3n2,region,2026-04-23,2026-05-21,28,Europe,J.2.2,0.01,0.0,0.01,0.007214285714285715,11,0,0.006999999999999999,0.008,0.015,0,0.018,0.005,0.023,0,0.028,0.003,0.031
emerging_haplotype,h3n2,region,2026-04-23,2026-04-30,7,Europe,J.2.3,0.007,0.033,0.026000000000000002,0.02206428571428572,11,0,0.003999999999999999,0.005,0.009,0,0.009000000000000001,0.003,0.012,0,0.013000000000000001,0.003,0.016
emerging_haplotype,h3n2,region,2026-04-23,2026-05-07,14,Europe,J.2.3,0.006,0.054,0.048,0.043492857142857146,11,0,0.003999999999999999,0.005,0.009,0,0.009000000000000001,0.003,0.012,0,0.013,0.002,0.015
emerging_haplotype,h3n2,region,2026-04-23,2026-05-14,21,Europe,J.2.3,0.006,0.08,0.074,0.0700357142857143,11,0,0.004,0.004,0.008,0,0.008,0.003,0.011,0,0.013,0.002,0.015
emerging_haplotype,h3n2,region,2026-04-23,2026-05-21,28,Europe,J.2.3,0.005,0.0,0.005,0.0036285714285714285,11,0,0.004,0.004,0.008,0,0.009,0.002,0.011,0,0.012,0.002,0.014
emerging_haplotype,h3n2,region,2026-04-23,2026-04-30,7,Europe,J.2.4,0.0,0.017,0.017,0.017,11,0,0.0,0.0,0.0,0,0.0,0.0,0.0,0,0.0,0.0,0.0
emerging_haplotype,h3n2,region,2026-04-23,2026-05-07,14,Europe,J.2.4,0.0,0.0,0.0,0.0,11,1,0.0,0.0,0.0,1,0.0,0.0,0.0,1,0.0,0.0,0.0
emerging_haplotype,h3n2,region,2026-04-23,2026-05-14,21,Europe,J.2.4,0.0,0.0,0.0,0.0,11,1,0.0,0.0,0.0,1,0.0,0.0,0.0,1,0.0,0.0,0.0
emerging_haplotype,h3n2,region,2026-04-23,2026-05-21,28,Europe,J.2.4,0.0,0.0,0.0,0.0,11,1,0.0,0.0,0.0,1,0.0,0.0,0.0,1,0.0,0.0,0.0
emerging_haplotype,h3n2,region,2026-04-23,2026-04-30,7,Europe,J.2.4:79V,0.059,0.1,0.04100000000000001,0.027207142857142867,11,0,0.019000000000000003,0.048,0.067,0,0.034999999999999996,0.041,0.076,0,0.059,0.033,0.092
emerging_haplotype,h3n2,region,2026-04-23,2026-05-07,14,Europe,J.2.4:79V,0.059,0.108,0.049,0.033435714285714284,11,0,0.021000000000000005,0.048,0.069,0,0.037,0.041,0.078,0,0.063,0.032,0.095
emerging_haplotype,h3n2,region,2026-04-23,2026-05-14,21,Europe,J.2.4:79V,0.059,0.04,0.018999999999999996,0.008128571428571428,11,0,0.021000000000000005,0.048,0.069,1,0.04,0.04,0.08,1,0.068,0.03,0.098
emerging_haplotype,h3n2,region,2026-04-23,2026-05-21,28,Europe,J.2.4:79V,0.059,0.0,0.059,0.044578571428571426,11,0,0.022000000000000006,0.047,0.069,0,0.042,0.039,0.081,0,0.073,0.029,0.102
emerging_haplotype,h3n2,region,2026-04-23,2026-04-30,7,Europe,K:145N,0.145,0.083,0.061999999999999986,0.03492142857142856,11,0,0.048000000000000015,0.122,0.17,0,0.08900000000000001,0.106,0.195,0,0.133,0.088,0.221
emerging_haplotype,h3n2,region,2026-04-23,2026-05-07,14,Europe,K:145N,0.158,0.108,0.05,0.024114285714285717,11,0,0.05399999999999999,0.133,0.187,0,0.10099999999999999,0.115,0.216,1,0.152,0.093,0.245
emerging_haplotype,h3n2,region,2026-04-23,2026-05-14,21,Europe,K:145N,0.171,0.04,0.131,0.09790714285714285,11,0,0.062,0.143,0.205,0,0.11399999999999999,0.124,0.238,0,0.171,0.099,0.27
emerging_haplotype,h3n2,region,2026-04-23,2026-05-21,28,Europe,K:145N,0.184,0.071,0.113,0.07697142857142858,11,0,0.069,0.154,0.223,0,0.129,0.132,0.261,0,0.19,0.105,0.295
emerging_haplotype,h3n2,region,2026-04-23,2026-04-30,7,Europe,K:223I,0.074,0.05,0.023999999999999994,0.010914285714285711,11,0,0.03,0.061,0.091,1,0.05399999999999999,0.05,0.104,1,0.092,0.037,0.129
emerging_haplotype,h3n2,region,2026-04-23,2026-05-07,14,Europe,K:223I,0.078,0.054,0.024,0.01095714285714286,11,0,0.035,0.063,0.098,1,0.060000000000000005,0.052,0.112,1,0.10399999999999998,0.038,0.142
emerging_haplotype,h3n2,region,2026-04-23,2026-05-14,21,Europe,K:223I,0.083,0.08,0.0030000000000000027,0.005957142857142857,11,1,0.03899999999999999,0.066,0.105,1,0.067,0.054,0.121,1,0.11599999999999999,0.039,0.155
emerging_haplotype,h3n2,region,2026-04-23,2026-05-21,28,Europe,K:223I,0.087,0.071,0.016,0.008392857142857143,11,1,0.043,0.069,0.112,1,0.07400000000000001,0.056,0.13,1,0.129,0.039,0.168
emerging_haplotype,h3n2,region,2026-04-23,2026-04-30,7,Europe,K:328S,0.065,0.017,0.048,0.03145714285714286,11,0,0.03200000000000001,0.051,0.083,0,0.066,0.039,0.105,0,0.1,0.03,0.13
emerging_haplotype,h3n2,region,2026-04-23,2026-05-07,14,Europe,K:328S,0.072,0.0,0.072,0.05279285714285715,11,0,0.037,0.056,0.093,0,0.07599999999999998,0.042,0.118,0,0.11699999999999999,0.031,0.148
emerging_haplotype,h3n2,region,2026-04-23,2026-05-14,21,Europe,K:328S,0.08,0.0,0.08,0.05775714285714285,11,0,0.044,0.061,0.105,0,0.08800000000000001,0.045,0.133,0,0.134,0.033,0.167
emerging_haplotype,h3n2,region,2026-04-23,2026-05-21,28,Europe,K:328S,0.088,0.0,0.088,0.06312142857142856,11,0,0.05199999999999999,0.066,0.118,0,0.10099999999999999,0.049,0.15,0,0.153,0.035,0.188
emerging_haplotype,h3n2,region,2026-04-23,2026-04-30,7,Europe,K:80K,0.001,0.0,0.001,0.0004428571428571429,11,1,0.002,0.0,0.002,1,0.004,0.0,0.004,1,0.006,0.0,0.006
emerging_haplotype,h3n2,region,2026-04-23,2026-05-07,14,Europe,K:80K,0.001,0.0,0.001,0.00045000000000000004,11,1,0.002,0.0,0.002,1,0.004,0.0,0.004,1,0.007,0.0,0.007
emerging_haplotype,h3n2,region,2026-04-23,2026-05-14,21,Europe,K:80K,0.001,0.0,0.001,0.0004785714285714286,11,1,0.002,0.0,0.002,1,0.005,0.0,0.005,1,0.007,0.0,0.007
emerging_haplotype,h3n2,region,2026-04-23,2026-05-21,28,Europe,K:80K,0.001,0.0,0.001,0.00048571428571428577,11,1,0.002,0.0,0.002,1,0.005,0.0,0.005,1,0.008,0.0,0.008
emerging_haplotype,h3n2,region,2026-04-23,2026-04-30,7,Europe,K,0.622,0.683,0.061000000000000054,0.02903571428571431,11,0,0.052000000000000046,0.596,0.648,0,0.09500000000000008,0.578,0.673,1,0.1449999999999999,0.552,0.697
emerging_haplotype,h3n2,region,2026-04-23,2026-05-07,14,Europe,K,0.594,0.649,0.05500000000000005,0.023714285714285733,11,0,0.05500000000000005,0.567,0.622,1,0.10599999999999998,0.545,0.651,1,0.16600000000000004,0.512,0.678
emerging_haplotype,h3n2,region,2026-04-23,2026-05-14,21,Europe,K,0.565,0.76,0.19500000000000006,0.15069285714285716,11,0,0.05999999999999994,0.535,0.595,0,0.11299999999999999,0.514,0.627,0,0.18500000000000005,0.474,0.659
emerging_haplotype,h3n2,region,2026-04-23,2026-05-21,28,Europe,K,0.537,0.857,0.31999999999999995,0.27190714285714285,11,0,0.06399999999999995,0.504,0.568,0,0.125,0.48,0.605,0,0.20700000000000002,0.433,0.64
emerging_haplotype,h3n2,region,2026-04-23,2026-04-30,7,Japan Korea,J.2,0.0,0.0,0.0,7.142857142857149e-06,11,1,0.0,0.0,0.0,1,0.0,0.0,0.0,1,0.001,0.0,0.001
emerging_haplotype,h3n2,region,2026-04-23,2026-05-07,14,Japan Korea,J.2,0.0,0.0,0.0,7.142857142857149e-06,11,1,0.0,0.0,0.0,1,0.0,0.0,0.0,1,0.001,0.0,0.001
emerging_haplotype,h3n2,region,2026-04-23,2026-05-14,21,Japan Korea,J.2,0.0,0.0,0.0,7.142857142857149e-06,11,1,0.0,0.0,0.0,1,0.0,0.0,0.0,1,0.001,0.0,0.001
emerging_haplotype,h3n2,region,2026-04-23,2026-05-21,28,Japan Korea,J.2,0.0,0.0,0.0,0.0,11,1,0.0,0.0,0.0,1,0.0,0.0,0.0,1,0.0,0.0,0.0
emerging_haplotype,h3n2,region,2026-04-23,2026-04-30,7,Japan Korea,J.2.2,0.0,0.0,0.0,5.0000000000000016e-05,11,1,0.0,0.0,0.0,1,0.001,0.0,0.001,1,0.003,0.0,0.003
emerging_haplotype,h3n2,region,2026-04-23,2026-05-07,14,Japan Korea,J.2.2,0.0,0.0,0.0,5.0000000000000016e-05,11,1,0.0,0.0,0.0,1,0.001,0.0,0.001,1,0.003,0.0,0.003
emerging_haplotype,h3n2,region,2026-04-23,2026-05-14,21,Japan Korea,J.2.2,0.0,0.0,0.0,5.0000000000000016e-05,11,1,0.0,0.0,0.0,1,0.001,0.0,0.001,1,0.003,0.0,0.003
emerging_haplotype,h3n2,region,2026-04-23,2026-05-21,28,Japan Korea,J.2.2,0.0,0.0,0.0,2.142857142857145e-05,11,1,0.0,0.0,0.0,1,0.0,0.0,0.0,1,0.003,0.0,0.003
emerging_haplotype,h3n2,region,2026-04-23,2026-04-30,7,Japan Korea,J.2.3,0.0,0.0,0.0,0.0,11,1,0.0,0.0,0.0,1,0.0,0.0,0.0,1,0.0,0.0,0.0
emerging_haplotype,h3n2,region,2026-04-23,2026-05-07,14,Japan Korea,J.2.3,0.0,0.0,0.0,0.0,11,1,0.0,0.0,0.0,1,0.0,0.0,0.0,1,0.0,0.0,0.0
emerging_haplotype,h3n2,region,2026-04-23,2026-05-14,21,Japan Korea,J.2.3,0.0,0.0,0.0,0.0,11,1,0.0,0.0,0.0,1,0.0,0.0,0.0,1,0.0,0.0,0.0
emerging_haplotype,h3n2,region,2026-04-23,2026-05-21,28,Japan Korea,J.2.3,0.0,0.0,0.0,0.0,11,1,0.0,0.0,0.0,1,0.0,0.0,0.0,1,0.0,0.0,0.0
emerging_haplotype,h3n2,region,2026-04-23,2026-04-30,7,Japan Korea,J.2.4,0.0,0.0,0.0,7.142857142857149e-06,11,1,0.0,0.0,0.0,1,0.0,0.0,0.0,1,0.001,0.0,0.001
emerging_haplotype,h3n2,region,2026-04-23,2026-05-07,14,Japan Korea,J.2.4,0.0,0.0,0.0,7.142857142857149e-06,11,1,0.0,0.0,0.0,1,0.0,0.0,0.0,1,0.001,0.0,0.001
emerging_haplotype,h3n2,region,2026-04-23,2026-05-14,21,Japan Korea,J.2.4,0.0,0.0,0.0,7.142857142857149e-06,11,1,0.0,0.0,0.0,1,0.0,0.0,0.0,1,0.001,0.0,0.001
emerging_haplotype,h3n2,region,2026-04-23,2026-05-21,28,Japan Korea,J.2.4,0.0,0.0,0.0,7.142857142857149e-06,11,1,0.0,0.0,0.0,1,0.0,0.0,0.0,1,0.001,0.0,0.001
emerging_haplotype,h3n2,region,2026-04-23,2026-04-30,7,Japan Korea,J.2.4:79V,0.102,0.0,0.102,0.06796428571428571,11,0,0.219,0.042,0.261,0,0.475,0.02,0.495,0,0.625,0.007,0.632
emerging_haplotype,h3n2,region,2026-04-23,2026-05-07,14,Japan Korea,J.2.4:79V,0.11,0.0,0.11,0.07255714285714286,11,0,0.242,0.043,0.285,0,0.514,0.02,0.534,0,0.6819999999999999,0.007,0.689
emerging_haplotype,h3n2,region,2026-04-23,2026-05-14,21,Japan Korea,J.2.4:79V,0.119,0.0,0.119,0.07763571428571428,11,0,0.27,0.044,0.314,0,0.564,0.019,0.583,0,0.733,0.007,0.74
emerging_haplotype,h3n2,region,2026-04-23,2026-05-21,28,Japan Korea,J.2.4:79V,0.125,0.0,0.125,0.08178571428571431,11,0,0.29700000000000004,0.043,0.34,0,0.62,0.019,0.639,0,0.78,0.006,0.786
emerging_haplotype,h3n2,region,2026-04-23,2026-04-30,7,Japan Korea,K:145N,0.017,0.111,0.094,0.03972857142857143,11,0,0.045,0.006,0.051,1,0.11699999999999999,0.003,0.12,1,0.364,0.001,0.365
emerging_haplotype,h3n2,region,2026-04-23,2026-05-07,14,Japan Korea,K:145N,0.016,0.2,0.184,0.0982857142857143,11,0,0.05,0.005,0.055,0,0.126,0.002,0.128,1,0.396,0.001,0.397
emerging_haplotype,h3n2,region,2026-04-23,2026-05-14,21,Japan Korea,K:145N,0.015,0.0,0.015,0.014964285714285718,11,0,0.052000000000000005,0.005,0.057,0,0.132,0.002,0.134,0,0.427,0.001,0.428
emerging_haplotype,h3n2,region,2026-04-23,2026-05-21,28,Japan Korea,K:145N,0.014,0.0,0.014,0.015571428571428573,11,0,0.054,0.005,0.059,0,0.146,0.002,0.148,0,0.456,0.001,0.457
emerging_haplotype,h3n2,region,2026-04-23,2026-04-30,7,Japan Korea,K:223I,0.027,0.111,0.084,0.03694285714285715,11,0,0.056,0.009,0.065,1,0.184,0.002,0.186,1,0.356,0.0,0.356
emerging_haplotype,h3n2,region,2026-04-23,2026-05-07,14,Japan Korea,K:223I,0.027,0.0,0.027,0.020114285714285716,11,0,0.062000000000000006,0.008,0.07,0,0.207,0.002,0.209,1,0.428,0.0,0.428
emerging_haplotype,h3n2,region,2026-04-23,2026-05-14,21,Japan Korea,K:223I,0.028,0.0,0.028,0.02150714285714286,11,0,0.068,0.008,0.076,0,0.223,0.002,0.225,1,0.479,0.0,0.479
emerging_haplotype,h3n2,region,2026-04-23,2026-05-21,28,Japan Korea,K:223I,0.028,0.0,0.028,0.02328571428571429,11,0,0.07400000000000001,0.008,0.082,0,0.255,0.002,0.257,1,0.54,0.0,0.54
emerging_haplotype,h3n2,region,2026-04-23,2026-04-30,7,Japan Korea,K:328S,0.179,0.0,0.179,0.10860714285714286,11,0,0.19,0.104,0.294,0,0.375,0.059,0.434,0,0.5449999999999999,0.029,0.574
emerging_haplotype,h3n2,region,2026-04-23,2026-05-07,14,Japan Korea,K:328S,0.186,0.0,0.186,0.10903571428571428,11,0,0.20600000000000002,0.103,0.309,0,0.395,0.055,0.45,0,0.585,0.025,0.61
emerging_haplotype,h3n2,region,2026-04-23,2026-05-14,21,Japan Korea,K:328S,0.185,0.0,0.185,0.10741428571428571,11,0,0.221,0.098,0.319,0,0.41600000000000004,0.052,0.468,0,0.624,0.021,0.645
emerging_haplotype,h3n2,region,2026-04-23,2026-05-21,28,Japan Korea,K:328S,0.184,0.0,0.184,0.10634285714285716,11,0,0.23800000000000002,0.093,0.331,0,0.44,0.05,0.49,0,0.668,0.017,0.685
emerging_haplotype,h3n2,region,2026-04-23,2026-04-30,7,Japan Korea,K:80K,0.0,0.0,0.0,0.00013571428571428575,11,1,0.0,0.0,0.0,1,0.002,0.0,0.002,1,0.011,0.0,0.011
emerging_haplotype,h3n2,region,2026-04-23,2026-05-07,14,Japan Korea,K:80K,0.0,0.0,0.0,0.0001714285714285715,11,1,0.0,0.0,0.0,1,0.003,0.0,0.003,1,0.012,0.0,0.012
emerging_haplotype,h3n2,region,2026-04-23,2026-05-14,21,Japan Korea,K:80K,0.0,0.0,0.0,0.0001785714285714286,11,1,0.0,0.0,0.0,1,0.003,0.0,0.003,1,0.013,0.0,0.013
emerging_haplotype,h3n2,region,2026-04-23,2026-05-21,28,Japan Korea,K:80K,0.0,0.0,0.0,0.00018571428571428577,11,1,0.0,0.0,0.0,1,0.003,0.0,0.003,1,0.014,0.0,0.014
emerging_haplotype,h3n2,region,2026-04-23,2026-04-30,7,Japan Korea,K,0.486,0.778,0.29200000000000004,0.14380714285714288,11,0,0.247,0.364,0.611,0,0.44999999999999996,0.261,0.711,1,0.6629999999999999,0.153,0.816
emerging_haplotype,h3n2,region,2026-04-23,2026-05-07,14,Japan Korea,K,0.448,0.8,0.35200000000000004,0.18017142857142862,11,0,0.25699999999999995,0.323,0.58,0,0.475,0.219,0.694,1,0.674,0.126,0.8
emerging_haplotype,h3n2,region,2026-04-23,2026-05-14,21,Japan Korea,K,0.412,1.0,0.5880000000000001,0.40799285714285716,11,0,0.26500000000000007,0.282,0.547,0,0.48800000000000004,0.183,0.671,0,0.677,0.103,0.78
emerging_haplotype,h3n2,region,2026-04-23,2026-05-21,28,Japan Korea,K,0.376,1.0,0.624,0.43696428571428575,11,0,0.28,0.234,0.514,0,0.494,0.15,0.644,0,0.679,0.082,0.761
emerging_haplotype,h3n2,region,2026-04-23,2026-04-30,7,North America,J.2,0.0,0.0,0.0,3.571428571428572e-05,11,1,0.0,0.0,0.0,1,0.001,0.0,0.001,1,0.001,0.0,0.001
emerging_haplotype,h3n2,region,2026-04-23,2026-05-07,14,North America,J.2,0.0,0.0,0.0,3.571428571428572e-05,11,1,0.0,0.0,0.0,1,0.001,0.0,0.001,1,0.001,0.0,0.001
emerging_haplotype,h3n2,region,2026-04-23,2026-05-14,21,North America,J.2,0.0,0.0,0.0,3.571428571428572e-05,11,1,0.0,0.0,0.0,1,0.001,0.0,0.001,1,0.001,0.0,0.001
emerging_haplotype,h3n2,region,2026-04-23,2026-05-21,28,North America,J.2,0.0,0.0,0.0,7.142857142857149e-06,11,1,0.0,0.0,0.0,1,0.0,0.0,0.0,1,0.001,0.0,0.001
emerging_haplotype,h3n2,region,2026-04-23,2026-04-30,7,North America,J.2.2,0.0,0.0,0.0,0.0,11,1,0.0,0.0,0.0,1,0.0,0.0,0.0,1,0.0,0.0,0.0
emerging_haplotype,h3n2,region,2026-04-23,2026-05-07,14,North America,J.2.2,0.0,0.0,0.0,0.0,11,1,0.0,0.0,0.0,1,0.0,0.0,0.0,1,0.0,0.0,0.0
emerging_haplotype,h3n2,region,2026-04-23,2026-05-14,21,North America,J.2.2,0.0,0.0,0.0,0.0,11,1,0.0,0.0,0.0,1,0.0,0.0,0.0,1,0.0,0.0,0.0
emerging_haplotype,h3n2,region,2026-04-23,2026-05-21,28,North America,J.2.2,0.0,0.0,0.0,0.0,11,1,0.0,0.0,0.0,1,0.0,0.0,0.0,1,0.0,0.0,0.0
emerging_haplotype,h3n2,region,2026-04-23,2026-04-30,7,North America,J.2.3,0.008,0.0,0.008,0.006314285714285715,11,0,0.003999999999999999,0.007,0.011,0,0.008,0.005,0.013,0,0.012,0.004,0.016
emerging_haplotype,h3n2,region,2026-04-23,2026-05-07,14,North America,J.2.3,0.007,0.0,0.007,0.00585,11,0,0.004,0.006,0.01,0,0.007,0.005,0.012,0,0.011,0.004,0.015
emerging_haplotype,h3n2,region,2026-04-23,2026-05-14,21,North America,J.2.3,0.007,0.0,0.007,0.004992857142857142,11,0,0.003999999999999999,0.005,0.009,0,0.006999999999999999,0.004,0.011,0,0.011,0.003,0.014
emerging_haplotype,h3n2,region,2026-04-23,2026-05-21,28,North America,J.2.3,0.006,0.0,0.006,0.004742857142857143,11,0,0.003,0.005,0.008,0,0.006,0.004,0.01,0,0.009999999999999998,0.003,0.013
emerging_haplotype,h3n2,region,2026-04-23,2026-04-30,7,North America,J.2.4,0.0,0.0,0.0,0.0,11,1,0.0,0.0,0.0,1,0.0,0.0,0.0,1,0.0,0.0,0.0
emerging_haplotype,h3n2,region,2026-04-23,2026-05-07,14,North America,J.2.4,0.0,0.0,0.0,0.0,11,1,0.0,0.0,0.0,1,0.0,0.0,0.0,1,0.0,0.0,0.0
emerging_haplotype,h3n2,region,2026-04-23,2026-05-14,21,North America,J.2.4,0.0,0.0,0.0,0.0,11,1,0.0,0.0,0.0,1,0.0,0.0,0.0,1,0.0,0.0,0.0
emerging_haplotype,h3n2,region,2026-04-23,2026-05-21,28,North America,J.2.4,0.0,0.0,0.0,0.0,11,1,0.0,0.0,0.0,1,0.0,0.0,0.0,1,0.0,0.0,0.0
emerging_haplotype,h3n2,region,2026-04-23,2026-04-30,7,North America,J.2.4:79V,0.076,0.181,0.105,0.08897857142857142,11,0,0.016999999999999987,0.07,0.087,0,0.034,0.062,0.096,0,0.051000000000000004,0.059,0.11
emerging_haplotype,h3n2,region,2026-04-23,2026-05-07,14,North America,J.2.4:79V,0.075,0.155,0.08,0.06302857142857143,11,0,0.01899999999999999,0.068,0.087,0,0.035,0.061,0.096,0,0.054,0.057,0.111
emerging_haplotype,h3n2,region,2026-04-23,2026-05-14,21,North America,J.2.4:79V,0.074,0.105,0.031,0.015007142857142856,11,0,0.01999999999999999,0.067,0.087,0,0.036000000000000004,0.06,0.096,1,0.057,0.055,0.112
emerging_haplotype,h3n2,region,2026-04-23,2026-05-21,28,North America,J.2.4:79V,0.073,0.0,0.073,0.06400000000000002,11,0,0.02099999999999999,0.065,0.086,0,0.038,0.058,0.096,0,0.058,0.054,0.112
emerging_haplotype,h3n2,region,2026-04-23,2026-04-30,7,North America,K:145N,0.047,0.006,0.041,0.028492857142857146,11,0,0.027999999999999997,0.035,0.063,0,0.053000000000000005,0.027,0.08,0,0.077,0.021,0.098
emerging_haplotype,h3n2,region,2026-04-23,2026-05-07,14,North America,K:145N,0.051,0.0,0.051,0.03755000000000001,11,0,0.033999999999999996,0.038,0.072,0,0.061,0.029,0.09,0,0.093,0.022,0.115
emerging_haplotype,h3n2,region,2026-04-23,2026-05-14,21,North America,K:145N,0.057,0.0,0.057,0.04136428571428571,11,0,0.038,0.042,0.08,0,0.06999999999999999,0.032,0.102,0,0.11100000000000002,0.023,0.134
emerging_haplotype,h3n2,region,2026-04-23,2026-05-21,28,North America,K:145N,0.064,0.0,0.064,0.04537142857142857,11,0,0.044,0.046,0.09,0,0.08499999999999999,0.034,0.119,0,0.132,0.024,0.156
emerging_haplotype,h3n2,region,2026-04-23,2026-04-30,7,North America,K:223I,0.075,0.078,0.0030000000000000027,0.005307142857142858,11,1,0.033,0.061,0.094,1,0.063,0.048,0.111,1,0.101,0.032,0.133
emerging_haplotype,h3n2,region,2026-04-23,2026-05-07,14,North America,K:223I,0.083,0.103,0.01999999999999999,0.008528571428571427,11,1,0.03799999999999999,0.067,0.105,1,0.07400000000000001,0.052,0.126,1,0.118,0.034,0.152
emerging_haplotype,h3n2,region,2026-04-23,2026-05-14,21,North America,K:223I,0.092,0.053,0.039,0.01875,11,0,0.04400000000000001,0.073,0.117,0,0.087,0.056,0.143,1,0.13699999999999998,0.036,0.173
emerging_haplotype,h3n2,region,2026-04-23,2026-05-21,28,North America,K:223I,0.1,0.062,0.038000000000000006,0.018014285714285715,11,0,0.052000000000000005,0.079,0.131,1,0.101,0.061,0.162,1,0.158,0.037,0.195
emerging_haplotype,h3n2,region,2026-04-23,2026-04-30,7,North America,K:328S,0.063,0.024,0.039,0.0235,11,0,0.025999999999999995,0.049,0.075,0,0.04599999999999999,0.04,0.086,0,0.066,0.033,0.099
emerging_haplotype,h3n2,region,2026-04-23,2026-05-07,14,North America,K:328S,0.067,0.031,0.036000000000000004,0.019228571428571428,11,0,0.029000000000000005,0.052,0.081,0,0.052,0.042,0.094,0,0.074,0.034,0.108
emerging_haplotype,h3n2,region,2026-04-23,2026-05-14,21,North America,K:328S,0.072,0.0,0.072,0.052635714285714286,11,0,0.032999999999999995,0.054,0.087,0,0.059,0.044,0.103,0,0.083,0.034,0.117
emerging_haplotype,h3n2,region,2026-04-23,2026-05-21,28,North America,K:328S,0.077,0.0,0.077,0.055049999999999995,11,0,0.037,0.057,0.094,0,0.066,0.045,0.111,0,0.093,0.034,0.127
emerging_haplotype,h3n2,region,2026-04-23,2026-04-30,7,North America,K:80K,0.001,0.0,0.001,0.0004,11,1,0.002,0.0,0.002,1,0.003,0.0,0.003,1,0.004,0.0,0.004
emerging_haplotype,h3n2,region,2026-04-23,2026-05-07,14,North America,K:80K,0.001,0.0,0.001,0.0004,11,1,0.002,0.0,0.002,1,0.003,0.0,0.003,1,0.004,0.0,0.004
emerging_haplotype,h3n2,region,2026-04-23,2026-05-14,21,North America,K:80K,0.001,0.0,0.001,0.00040714285714285717,11,1,0.002,0.0,0.002,1,0.003,0.0,0.003,1,0.005,0.0,0.005
emerging_haplotype,h3n2,region,2026-04-23,2026-05-21,28,North America,K:80K,0.001,0.0,0.001,0.00040714285714285717,11,1,0.002,0.0,0.002,1,0.003,0.0,0.003,1,0.005,0.0,0.005
emerging_haplotype,h3n2,region,2026-04-23,2026-04-30,7,North America,K,0.719,0.711,0.008000000000000007,0.007692857142857146,11,1,0.04500000000000004,0.698,0.743,1,0.08499999999999996,0.676,0.761,1,0.127,0.646,0.773
emerging_haplotype,h3n2,region,2026-04-23,2026-05-07,14,North America,K,0.701,0.711,0.010000000000000009,0.008964285714285711,11,1,0.052999999999999936,0.675,0.728,1,0.09499999999999997,0.652,0.747,1,0.14500000000000002,0.619,0.764
emerging_haplotype,h3n2,region,2026-04-23,2026-05-14,21,North America,K,0.683,0.842,0.15899999999999992,0.12453571428571426,11,0,0.05799999999999994,0.653,0.711,0,0.10699999999999998,0.626,0.733,0,0.16700000000000004,0.588,0.755
emerging_haplotype,h3n2,region,2026-04-23,2026-05-21,28,North America,K,0.662,0.938,0.2759999999999999,0.2369214285714285,11,0,0.06599999999999995,0.629,0.695,0,0.12,0.597,0.717,0,0.18899999999999995,0.555,0.744
emerging_haplotype,h3n2,region,2026-04-23,2026-04-30,7,Oceania,J.2,0.0,0.0,0.0,7.142857142857149e-06,11,1,0.0,0.0,0.0,1,0.0,0.0,0.0,1,0.001,0.0,0.001
emerging_haplotype,h3n2,region,2026-04-23,2026-05-07,14,Oceania,J.2,0.0,0.0,0.0,7.142857142857149e-06,11,1,0.0,0.0,0.0,1,0.0,0.0,0.0,1,0.001,0.0,0.001
emerging_haplotype,h3n2,region,2026-04-23,2026-05-14,21,Oceania,J.2,0.0,0.0,0.0,7.142857142857149e-06,11,1,0.0,0.0,0.0,1,0.0,0.0,0.0,1,0.001,0.0,0.001
emerging_haplotype,h3n2,region,2026-04-23,2026-05-21,28,Oceania,J.2,0.0,0.0,0.0,7.142857142857149e-06,11,1,0.0,0.0,0.0,1,0.0,0.0,0.0,1,0.001,0.0,0.001
emerging_haplotype,h3n2,region,2026-04-23,2026-04-30,7,Oceania,J.2.2,0.0,0.0,0.0,3.571428571428572e-05,11,1,0.0,0.0,0.0,1,0.001,0.0,0.001,1,0.001,0.0,0.001
emerging_haplotype,h3n2,region,2026-04-23,2026-05-07,14,Oceania,J.2.2,0.0,0.0,0.0,3.571428571428572e-05,11,1,0.0,0.0,0.0,1,0.001,0.0,0.001,1,0.001,0.0,0.001
emerging_haplotype,h3n2,region,2026-04-23,2026-05-14,21,Oceania,J.2.2,0.0,0.0,0.0,3.571428571428572e-05,11,1,0.0,0.0,0.0,1,0.001,0.0,0.001,1,0.001,0.0,0.001
emerging_haplotype,h3n2,region,2026-04-23,2026-05-21,28,Oceania,J.2.2,0.0,0.0,0.0,7.142857142857149e-06,11,1,0.0,0.0,0.0,1,0.0,0.0,0.0,1,0.001,0.0,0.001
emerging_haplotype,h3n2,region,2026-04-23,2026-04-30,7,Oceania,J.2.3,0.0,0.0,0.0,0.0,11,1,0.0,0.0,0.0,1,0.0,0.0,0.0,1,0.0,0.0,0.0
emerging_haplotype,h3n2,region,2026-04-23,2026-05-07,14,Oceania,J.2.3,0.0,0.0,0.0,0.0,11,1,0.0,0.0,0.0,1,0.0,0.0,0.0,1,0.0,0.0,0.0
emerging_haplotype,h3n2,region,2026-04-23,2026-05-14,21,Oceania,J.2.3,0.0,0.0,0.0,0.0,11,1,0.0,0.0,0.0,1,0.0,0.0,0.0,1,0.0,0.0,0.0
emerging_haplotype,h3n2,region,2026-04-23,2026-05-21,28,Oceania,J.2.3,0.0,0.0,0.0,0.0,11,1,0.0,0.0,0.0,1,0.0,0.0,0.0,1,0.0,0.0,0.0
emerging_haplotype,h3n2,region,2026-04-23,2026-04-30,7,Oceania,J.2.4,0.0,0.0,0.0,4.285714285714286e-05,11,1,0.0,0.0,0.0,1,0.001,0.0,0.001,1,0.002,0.0,0.002
emerging_haplotype,h3n2,region,2026-04-23,2026-05-07,14,Oceania,J.2.4,0.0,0.0,0.0,3.571428571428572e-05,11,1,0.0,0.0,0.0,1,0.001,0.0,0.001,1,0.001,0.0,0.001
emerging_haplotype,h3n2,region,2026-04-23,2026-05-14,21,Oceania,J.2.4,0.0,0.0,0.0,7.142857142857149e-06,11,1,0.0,0.0,0.0,1,0.0,0.0,0.0,1,0.001,0.0,0.001
emerging_haplotype,h3n2,region,2026-04-23,2026-05-21,28,Oceania,J.2.4,0.0,0.0,0.0,7.142857142857149e-06,11,1,0.0,0.0,0.0,1,0.0,0.0,0.0,1,0.001,0.0,0.001
emerging_haplotype,h3n2,region,2026-04-23,2026-04-30,7,Oceania,J.2.4:79V,0.016,0.053,0.037,0.014607142857142857,11,0,0.03,0.006,0.036,1,0.055999999999999994,0.003,0.059,1,0.10099999999999999,0.001,0.102
emerging_haplotype,h3n2,region,2026-04-23,2026-05-07,14,Oceania,J.2.4:79V,0.017,0.062,0.045,0.017942857142857142,11,0,0.033,0.006,0.039,1,0.062,0.002,0.064,1,0.114,0.001,0.115
emerging_haplotype,h3n2,region,2026-04-23,2026-05-14,21,Oceania,J.2.4:79V,0.018,0.067,0.049,0.019792857142857143,11,0,0.035,0.006,0.041,1,0.068,0.002,0.07,1,0.129,0.001,0.13
emerging_haplotype,h3n2,region,2026-04-23,2026-05-21,28,Oceania,J.2.4:79V,0.019,0.083,0.064,0.028364285714285724,11,0,0.037,0.006,0.043,0,0.074,0.002,0.076,1,0.145,0.001,0.146
emerging_haplotype,h3n2,region,2026-04-23,2026-04-30,7,Oceania,K:145N,0.05,0.0,0.05,0.033100000000000004,11,0,0.041999999999999996,0.034,0.076,0,0.08499999999999999,0.022,0.107,0,0.154,0.012,0.166
emerging_haplotype,h3n2,region,2026-04-23,2026-05-07,14,Oceania,K:145N,0.052,0.0,0.052,0.03397857142857143,11,0,0.046,0.034,0.08,0,0.092,0.022,0.114,0,0.16899999999999998,0.012,0.181
emerging_haplotype,h3n2,region,2026-04-23,2026-05-14,21,Oceania,K:145N,0.053,0.0,0.053,0.03472142857142857,11,0,0.05,0.034,0.084,0,0.099,0.022,0.121,0,0.185,0.012,0.197
emerging_haplotype,h3n2,region,2026-04-23,2026-05-21,28,Oceania,K:145N,0.054,0.0,0.054,0.035078571428571424,11,0,0.05499999999999999,0.034,0.089,0,0.11,0.021,0.131,0,0.20099999999999998,0.011,0.212
emerging_haplotype,h3n2,region,2026-04-23,2026-04-30,7,Oceania,K:223I,0.032,0.0,0.032,0.01907142857142857,11,0,0.031000000000000003,0.018,0.049,0,0.063,0.01,0.073,0,0.108,0.006,0.114
emerging_haplotype,h3n2,region,2026-04-23,2026-05-07,14,Oceania,K:223I,0.032,0.0,0.032,0.019157142857142855,11,0,0.033,0.018,0.051,0,0.069,0.009,0.078,0,0.11599999999999999,0.006,0.122
emerging_haplotype,h3n2,region,2026-04-23,2026-05-14,21,Oceania,K:223I,0.032,0.0,0.032,0.019014285714285716,11,0,0.036,0.017,0.053,0,0.07400000000000001,0.009,0.083,0,0.126,0.005,0.131
emerging_haplotype,h3n2,region,2026-04-23,2026-05-21,28,Oceania,K:223I,0.033,0.0,0.033,0.019285714285714288,11,0,0.039,0.017,0.056,0,0.07899999999999999,0.008,0.087,0,0.134,0.005,0.139
emerging_haplotype,h3n2,region,2026-04-23,2026-04-30,7,Oceania,K:328S,0.021,0.0,0.021,0.014064285714285715,11,0,0.027,0.012,0.039,0,0.054,0.007,0.061,0,0.103,0.005,0.108
emerging_haplotype,h3n2,region,2026-04-23,2026-05-07,14,Oceania,K:328S,0.022,0.0,0.022,0.014264285714285714,11,0,0.029,0.012,0.041,0,0.058,0.007,0.065,0,0.11499999999999999,0.004,0.119
emerging_haplotype,h3n2,region,2026-04-23,2026-05-14,21,Oceania,K:328S,0.022,0.0,0.022,0.01435,11,0,0.030999999999999996,0.012,0.043,0,0.063,0.006,0.069,0,0.127,0.004,0.131
emerging_haplotype,h3n2,region,2026-04-23,2026-05-21,28,Oceania,K:328S,0.022,0.0,0.022,0.0147,11,0,0.033,0.012,0.045,0,0.06699999999999999,0.006,0.073,0,0.13999999999999999,0.004,0.144
emerging_haplotype,h3n2,region,2026-04-23,2026-04-30,7,Oceania,K:80K,0.276,0.0,0.276,0.21989285714285714,11,0,0.094,0.233,0.327,0,0.175,0.193,0.368,0,0.265,0.158,0.423
emerging_haplotype,h3n2,region,2026-04-23,2026-05-07,14,Oceania,K:80K,0.286,0.0,0.286,0.22534999999999997,11,0,0.09900000000000003,0.24,0.339,0,0.189,0.196,0.385,0,0.28300000000000003,0.159,0.442
emerging_haplotype,h3n2,region,2026-04-23,2026-05-14,21,Oceania,K:80K,0.295,0.0,0.295,0.23063571428571428,11,0,0.10399999999999998,0.247,0.351,0,0.201,0.201,0.402,0,0.30500000000000005,0.158,0.463
emerging_haplotype,h3n2,region,2026-04-23,2026-05-21,28,Oceania,K:80K,0.304,0.0,0.304,0.23458571428571431,11,0,0.10899999999999999,0.253,0.362,0,0.21599999999999997,0.203,0.419,0,0.32799999999999996,0.156,0.484
emerging_haplotype,h3n2,region,2026-04-23,2026-04-30,7,Oceania,K,0.569,0.947,0.378,0.3168857142857143,11,0,0.10799999999999998,0.511,0.619,0,0.18300000000000005,0.474,0.657,0,0.27199999999999996,0.425,0.697
emerging_haplotype,h3n2,region,2026-04-23,2026-05-07,14,Oceania,K,0.552,0.938,0.3859999999999999,0.3219857142857142,11,0,0.11399999999999999,0.49,0.604,0,0.193,0.451,0.644,0,0.28600000000000003,0.401,0.687
emerging_haplotype,h3n2,region,2026-04-23,2026-05-14,21,Oceania,K,0.535,0.933,0.398,0.33156428571428576,11,0,0.11899999999999994,0.468,0.587,0,0.202,0.428,0.63,0,0.30100000000000005,0.377,0.678
emerging_haplotype,h3n2,region,2026-04-23,2026-05-21,28,Oceania,K,0.518,0.917,0.399,0.3303714285714286,11,0,0.12299999999999994,0.446,0.569,0,0.21199999999999997,0.405,0.617,0,0.31400000000000006,0.354,0.668
emerging_haplotype,h3n2,region,2026-04-23,2026-04-30,7,South America,J.2,0.001,0.0,0.001,0.0008714285714285715,11,0,0.001,0.001,0.002,0,0.002,0.001,0.003,1,0.004,0.0,0.004
emerging_haplotype,h3n2,region,2026-04-23,2026-05-07,14,South America,J.2,0.001,0.0,0.001,0.0005071428571428572,11,0,0.0,0.001,0.001,1,0.002,0.0,0.002,1,0.003,0.0,0.003
emerging_haplotype,h3n2,region,2026-04-23,2026-05-14,21,South America,J.2,0.001,0.0,0.001,0.0005,11,0,0.0,0.001,0.001,1,0.002,0.0,0.002,1,0.002,0.0,0.002
emerging_haplotype,h3n2,region,2026-04-23,2026-05-21,28,South America,J.2,0.001,0.0,0.001,0.00025714285714285715,11,1,0.001,0.0,0.001,1,0.001,0.0,0.001,1,0.002,0.0,0.002
emerging_haplotype,h3n2,region,2026-04-23,2026-04-30,7,South America,J.2.2,0.0,0.0,0.0,0.0001142857142857143,11,1,0.001,0.0,0.001,1,0.001,0.0,0.001,1,0.002,0.0,0.002
emerging_haplotype,h3n2,region,2026-04-23,2026-05-07,14,South America,J.2.2,0.0,0.0,0.0,4.285714285714286e-05,11,1,0.0,0.0,0.0,1,0.001,0.0,0.001,1,0.002,0.0,0.002
emerging_haplotype,h3n2,region,2026-04-23,2026-05-14,21,South America,J.2.2,0.0,0.0,0.0,3.571428571428572e-05,11,1,0.0,0.0,0.0,1,0.001,0.0,0.001,1,0.001,0.0,0.001
emerging_haplotype,h3n2,region,2026-04-23,2026-05-21,28,South America,J.2.2,0.0,0.0,0.0,7.142857142857149e-06,11,1,0.0,0.0,0.0,1,0.0,0.0,0.0,1,0.001,0.0,0.001
emerging_haplotype,h3n2,region,2026-04-23,2026-04-30,7,South America,J.2.3,0.0,0.0,0.0,0.00010714285714285715,11,1,0.001,0.0,0.001,1,0.001,0.0,0.001,1,0.001,0.0,0.001
emerging_haplotype,h3n2,region,2026-04-23,2026-05-07,14,South America,J.2.3,0.0,0.0,0.0,7.142857142857149e-06,11,1,0.0,0.0,0.0,1,0.0,0.0,0.0,1,0.001,0.0,0.001
emerging_haplotype,h3n2,region,2026-04-23,2026-05-14,21,South America,J.2.3,0.0,0.0,0.0,0.0,11,1,0.0,0.0,0.0,1,0.0,0.0,0.0,1,0.0,0.0,0.0
emerging_haplotype,h3n2,region,2026-04-23,2026-05-21,28,South America,J.2.3,0.0,0.0,0.0,0.0,11,1,0.0,0.0,0.0,1,0.0,0.0,0.0,1,0.0,0.0,0.0
emerging_haplotype,h3n2,region,2026-04-23,2026-04-30,7,South America,J.2.4,0.0,0.0,0.0,0.0,11,1,0.0,0.0,0.0,1,0.0,0.0,0.0,1,0.0,0.0,0.0
emerging_haplotype,h3n2,region,2026-04-23,2026-05-07,14,South America,J.2.4,0.0,0.0,0.0,0.0,11,1,0.0,0.0,0.0,1,0.0,0.0,0.0,1,0.0,0.0,0.0
emerging_haplotype,h3n2,region,2026-04-23,2026-05-14,21,South America,J.2.4,0.0,0.0,0.0,0.0,11,1,0.0,0.0,0.0,1,0.0,0.0,0.0,1,0.0,0.0,0.0
emerging_haplotype,h3n2,region,2026-04-23,2026-05-21,28,South America,J.2.4,0.0,0.0,0.0,0.0,11,1,0.0,0.0,0.0,1,0.0,0.0,0.0,1,0.0,0.0,0.0
emerging_haplotype,h3n2,region,2026-04-23,2026-04-30,7,South America,J.2.4:79V,0.01,0.015,0.004999999999999999,0.0026285714285714285,11,1,0.012,0.005,0.017,1,0.027,0.003,0.03,1,0.04,0.002,0.042
emerging_haplotype,h3n2,region,2026-04-23,2026-05-07,14,South America,J.2.4:79V,0.009,0.0,0.009,0.0057857142857142855,11,0,0.012,0.005,0.017,0,0.027,0.003,0.03,0,0.041999999999999996,0.001,0.043
emerging_haplotype,h3n2,region,2026-04-23,2026-05-14,21,South America,J.2.4:79V,0.009,0.0,0.009,0.005564285714285714,11,0,0.012,0.005,0.017,0,0.028999999999999998,0.002,0.031,0,0.043,0.001,0.044
emerging_haplotype,h3n2,region,2026-04-23,2026-05-21,28,South America,J.2.4:79V,0.008,0.0,0.008,0.005171428571428572,11,0,0.012,0.004,0.016,0,0.03,0.002,0.032,0,0.044,0.001,0.045
emerging_haplotype,h3n2,region,2026-04-23,2026-04-30,7,South America,K:145N,0.004,0.015,0.011,0.004807142857142857,11,0,0.007,0.001,0.008,1,0.016999999999999998,0.001,0.018,1,0.035,0.0,0.035
emerging_haplotype,h3n2,region,2026-04-23,2026-05-07,14,South America,K:145N,0.004,0.02,0.016,0.0070714285714285705,11,0,0.007,0.001,0.008,1,0.02,0.0,0.02,1,0.04,0.0,0.04
emerging_haplotype,h3n2,region,2026-04-23,2026-05-14,21,South America,K:145N,0.004,0.009,0.004999999999999999,0.0022428571428571432,11,1,0.008,0.001,0.009,1,0.022,0.0,0.022,1,0.046,0.0,0.046
emerging_haplotype,h3n2,region,2026-04-23,2026-05-21,28,South America,K:145N,0.004,0.0,0.004,0.002485714285714286,11,0,0.008,0.001,0.009,1,0.024,0.0,0.024,1,0.052,0.0,0.052
emerging_haplotype,h3n2,region,2026-04-23,2026-04-30,7,South America,K:223I,0.005,0.021,0.016,0.006664285714285715,11,0,0.011,0.002,0.013,1,0.024999999999999998,0.001,0.026,1,0.083,0.0,0.083
emerging_haplotype,h3n2,region,2026-04-23,2026-05-07,14,South America,K:223I,0.006,0.02,0.014,0.006064285714285716,11,0,0.012,0.002,0.014,1,0.028,0.001,0.029,1,0.097,0.0,0.097
emerging_haplotype,h3n2,region,2026-04-23,2026-05-14,21,South America,K:223I,0.006,0.028,0.022,0.009435714285714285,11,0,0.012,0.003,0.015,1,0.032,0.001,0.033,1,0.113,0.0,0.113
emerging_haplotype,h3n2,region,2026-04-23,2026-05-21,28,South America,K:223I,0.006,0.043,0.037,0.01739285714285714,11,0,0.014000000000000002,0.003,0.017,0,0.036,0.001,0.037,1,0.131,0.0,0.131
emerging_haplotype,h3n2,region,2026-04-23,2026-04-30,7,South America,K:328S,0.052,0.041,0.010999999999999996,0.010771428571428572,11,1,0.059,0.028,0.087,1,0.12100000000000001,0.017,0.138,1,0.214,0.011,0.225
emerging_haplotype,h3n2,region,2026-04-23,2026-05-07,14,South America,K:328S,0.058,0.046,0.012000000000000004,0.012964285714285716,11,1,0.072,0.03,0.102,1,0.14900000000000002,0.017,0.166,1,0.259,0.011,0.27
emerging_haplotype,h3n2,region,2026-04-23,2026-05-14,21,South America,K:328S,0.064,0.038,0.026000000000000002,0.017192857142857145,11,1,0.086,0.032,0.118,1,0.178,0.017,0.195,1,0.315,0.011,0.326
emerging_haplotype,h3n2,region,2026-04-23,2026-05-21,28,South America,K:328S,0.073,0.0,0.073,0.04412857142857143,11,0,0.10200000000000001,0.034,0.136,0,0.21100000000000002,0.018,0.229,0,0.374,0.01,0.384
emerging_haplotype,h3n2,region,2026-04-23,2026-04-30,7,South America,K:80K,0.0,0.0,0.0,0.00012142857142857147,11,1,0.0,0.0,0.0,1,0.002,0.0,0.002,1,0.009,0.0,0.009
emerging_haplotype,h3n2,region,2026-04-23,2026-05-07,14,South America,K:80K,0.0,0.0,0.0,0.00012857142857142863,11,1,0.0,0.0,0.0,1,0.002,0.0,0.002,1,0.01,0.0,0.01
emerging_haplotype,h3n2,region,2026-04-23,2026-05-14,21,South America,K:80K,0.0,0.0,0.0,0.00013571428571428575,11,1,0.0,0.0,0.0,1,0.002,0.0,0.002,1,0.011,0.0,0.011
emerging_haplotype,h3n2,region,2026-04-23,2026-05-21,28,South America,K:80K,0.0,0.0,0.0,0.0001714285714285715,11,1,0.0,0.0,0.0,1,0.003,0.0,0.003,1,0.012,0.0,0.012
emerging_haplotype,h3n2,region,2026-04-23,2026-04-30,7,South America,K,0.912,0.907,0.0050000000000000044,0.011907142857142856,11,1,0.07799999999999996,0.861,0.939,1,0.14300000000000002,0.814,0.957,1,0.21499999999999997,0.753,0.968
emerging_haplotype,h3n2,region,2026-04-23,2026-05-07,14,South America,K,0.903,0.914,0.01100000000000001,0.015035714285714291,11,1,0.09500000000000008,0.841,0.936,1,0.16899999999999993,0.787,0.956,1,0.259,0.71,0.969
emerging_haplotype,h3n2,region,2026-04-23,2026-05-14,21,South America,K,0.894,0.925,0.031000000000000028,0.02057857142857144,11,1,0.1140000000000001,0.818,0.932,1,0.20199999999999996,0.753,0.955,1,0.31299999999999994,0.656,0.969
emerging_haplotype,h3n2,region,2026-04-23,2026-05-21,28,South America,K,0.884,0.957,0.07299999999999995,0.03921428571428569,11,0,0.133,0.793,0.926,0,0.242,0.712,0.954,1,0.372,0.597,0.969
emerging_haplotype,h3n2,region,2026-04-23,2026-04-30,7,Southeast Asia,J.2,0.0,0.0,0.0,0.0,11,1,0.0,0.0,0.0,1,0.0,0.0,0.0,1,0.0,0.0,0.0
emerging_haplotype,h3n2,region,2026-04-23,2026-05-07,14,Southeast Asia,J.2,0.0,0.0,0.0,0.0,11,1,0.0,0.0,0.0,1,0.0,0.0,0.0,1,0.0,0.0,0.0
emerging_haplotype,h3n2,region,2026-04-23,2026-05-14,21,Southeast Asia,J.2,0.0,0.0,0.0,0.0,11,1,0.0,0.0,0.0,1,0.0,0.0,0.0,1,0.0,0.0,0.0
emerging_haplotype,h3n2,region,2026-04-23,2026-05-21,28,Southeast Asia,J.2,0.0,0.0,0.0,0.0,11,1,0.0,0.0,0.0,1,0.0,0.0,0.0,1,0.0,0.0,0.0
emerging_haplotype,h3n2,region,2026-04-23,2026-04-30,7,Southeast Asia,J.2.2,0.0,0.0,0.0,7.142857142857149e-06,11,1,0.0,0.0,0.0,1,0.0,0.0,0.0,1,0.001,0.0,0.001
emerging_haplotype,h3n2,region,2026-04-23,2026-05-07,14,Southeast Asia,J.2.2,0.0,0.0,0.0,7.142857142857149e-06,11,1,0.0,0.0,0.0,1,0.0,0.0,0.0,1,0.001,0.0,0.001
emerging_haplotype,h3n2,region,2026-04-23,2026-05-14,21,Southeast Asia,J.2.2,0.0,0.0,0.0,7.142857142857149e-06,11,1,0.0,0.0,0.0,1,0.0,0.0,0.0,1,0.001,0.0,0.001
emerging_haplotype,h3n2,region,2026-04-23,2026-05-21,28,Southeast Asia,J.2.2,0.0,0.0,0.0,0.0,11,1,0.0,0.0,0.0,1,0.0,0.0,0.0,1,0.0,0.0,0.0
emerging_haplotype,h3n2,region,2026-04-23,2026-04-30,7,Southeast Asia,J.2.3,0.0,0.0,0.0,0.0,11,1,0.0,0.0,0.0,1,0.0,0.0,0.0,1,0.0,0.0,0.0
emerging_haplotype,h3n2,region,2026-04-23,2026-05-07,14,Southeast Asia,J.2.3,0.0,0.0,0.0,0.0,11,1,0.0,0.0,0.0,1,0.0,0.0,0.0,1,0.0,0.0,0.0
emerging_haplotype,h3n2,region,2026-04-23,2026-05-14,21,Southeast Asia,J.2.3,0.0,0.0,0.0,0.0,11,1,0.0,0.0,0.0,1,0.0,0.0,0.0,1,0.0,0.0,0.0
emerging_haplotype,h3n2,region,2026-04-23,2026-05-21,28,Southeast Asia,J.2.3,0.0,0.0,0.0,0.0,11,1,0.0,0.0,0.0,1,0.0,0.0,0.0,1,0.0,0.0,0.0
emerging_haplotype,h3n2,region,2026-04-23,2026-04-30,7,Southeast Asia,J.2.4,0.0,0.0,0.0,1.4285714285714297e-05,11,1,0.0,0.0,0.0,1,0.0,0.0,0.0,1,0.002,0.0,0.002
emerging_haplotype,h3n2,region,2026-04-23,2026-05-07,14,Southeast Asia,J.2.4,0.0,0.0,0.0,7.142857142857149e-06,11,1,0.0,0.0,0.0,1,0.0,0.0,0.0,1,0.001,0.0,0.001
emerging_haplotype,h3n2,region,2026-04-23,2026-05-14,21,Southeast Asia,J.2.4,0.0,0.0,0.0,7.142857142857149e-06,11,1,0.0,0.0,0.0,1,0.0,0.0,0.0,1,0.001,0.0,0.001
emerging_haplotype,h3n2,region,2026-04-23,2026-05-21,28,Southeast Asia,J.2.4,0.0,0.0,0.0,7.142857142857149e-06,11,1,0.0,0.0,0.0,1,0.0,0.0,0.0,1,0.001,0.0,0.001
emerging_haplotype,h3n2,region,2026-04-23,2026-04-30,7,Southeast Asia,J.2.4:79V,0.005,0.0,0.005,0.0028285714285714294,11,0,0.008,0.002,0.01,0,0.015,0.001,0.016,1,0.036,0.0,0.036
emerging_haplotype,h3n2,region,2026-04-23,2026-05-07,14,Southeast Asia,J.2.4:79V,0.004,0.0,0.004,0.002292857142857143,11,0,0.006999999999999999,0.002,0.009,1,0.014,0.0,0.014,1,0.035,0.0,0.035
emerging_haplotype,h3n2,region,2026-04-23,2026-05-14,21,Southeast Asia,J.2.4:79V,0.004,0.0,0.004,0.0019714285714285715,11,0,0.007,0.001,0.008,1,0.013,0.0,0.013,1,0.034,0.0,0.034
emerging_haplotype,h3n2,region,2026-04-23,2026-05-21,28,Southeast Asia,J.2.4:79V,0.003,0.0,0.003,0.0017214285714285717,11,0,0.006,0.001,0.007,1,0.012,0.0,0.012,1,0.033,0.0,0.033
emerging_haplotype,h3n2,region,2026-04-23,2026-04-30,7,Southeast Asia,K:145N,0.007,0.0,0.007,0.0054285714285714284,11,0,0.016,0.004,0.02,0,0.04,0.002,0.042,1,0.06,0.0,0.06
emerging_haplotype,h3n2,region,2026-04-23,2026-05-07,14,Southeast Asia,K:145N,0.007,0.0,0.007,0.004771428571428572,11,0,0.015,0.003,0.018,0,0.039,0.001,0.04,1,0.062,0.0,0.062
emerging_haplotype,h3n2,region,2026-04-23,2026-05-14,21,Southeast Asia,K:145N,0.006,0.0,0.006,0.004492857142857144,11,0,0.014000000000000002,0.003,0.017,0,0.037,0.001,0.038,1,0.061,0.0,0.061
emerging_haplotype,h3n2,region,2026-04-23,2026-05-21,28,Southeast Asia,K:145N,0.005,0.0,0.005,0.004014285714285715,11,0,0.014,0.002,0.016,0,0.036,0.001,0.037,1,0.058,0.0,0.058
emerging_haplotype,h3n2,region,2026-04-23,2026-04-30,7,Southeast Asia,K:223I,0.462,0.0,0.462,0.29910714285714285,11,0,0.25299999999999995,0.332,0.585,0,0.44500000000000006,0.218,0.663,0,0.605,0.143,0.748
emerging_haplotype,h3n2,region,2026-04-23,2026-05-07,14,Southeast Asia,K:223I,0.507,0.0,0.507,0.3279714285714285,11,0,0.266,0.368,0.634,0,0.47,0.24,0.71,0,0.636,0.157,0.793
emerging_haplotype,h3n2,region,2026-04-23,2026-05-14,21,Southeast Asia,K:223I,0.553,0.0,0.553,0.3556142857142857,11,0,0.28200000000000003,0.399,0.681,0,0.49,0.264,0.754,0,0.6659999999999999,0.169,0.835
emerging_haplotype,h3n2,region,2026-04-23,2026-05-21,28,Southeast Asia,K:223I,0.6,0.0,0.6,0.38525714285714285,11,0,0.295,0.432,0.727,0,0.506,0.29,0.796,0,0.6819999999999999,0.185,0.867
emerging_haplotype,h3n2,region,2026-04-23,2026-04-30,7,Southeast Asia,K:328S,0.002,0.0,0.002,0.0019500000000000003,11,1,0.008,0.0,0.008,1,0.024,0.0,0.024,1,0.057,0.0,0.057
emerging_haplotype,h3n2,region,2026-04-23,2026-05-07,14,Southeast Asia,K:328S,0.001,0.0,0.001,0.001885714285714286,11,1,0.008,0.0,0.008,1,0.026,0.0,0.026,1,0.06,0.0,0.06
emerging_haplotype,h3n2,region,2026-04-23,2026-05-14,21,Southeast Asia,K:328S,0.001,0.0,0.001,0.001935714285714286,11,1,0.008,0.0,0.008,1,0.027,0.0,0.027,1,0.063,0.0,0.063
emerging_haplotype,h3n2,region,2026-04-23,2026-05-21,28,Southeast Asia,K:328S,0.001,0.0,0.001,0.0019142857142857145,11,1,0.007,0.0,0.007,1,0.028,0.0,0.028,1,0.066,0.0,0.066
emerging_haplotype,h3n2,region,2026-04-23,2026-04-30,7,Southeast Asia,K:80K,0.0,0.0,0.0,0.00011428571428571436,11,1,0.0,0.0,0.0,1,0.001,0.0,0.001,1,0.012,0.0,0.012
emerging_haplotype,h3n2,region,2026-04-23,2026-05-07,14,Southeast Asia,K:80K,0.0,0.0,0.0,0.0001214285714285715,11,1,0.0,0.0,0.0,1,0.001,0.0,0.001,1,0.013,0.0,0.013
emerging_haplotype,h3n2,region,2026-04-23,2026-05-14,21,Southeast Asia,K:80K,0.0,0.0,0.0,0.00012857142857142866,11,1,0.0,0.0,0.0,1,0.001,0.0,0.001,1,0.014,0.0,0.014
emerging_haplotype,h3n2,region,2026-04-23,2026-05-21,28,Southeast Asia,K:80K,0.0,0.0,0.0,0.0001357142857142858,11,1,0.0,0.0,0.0,1,0.001,0.0,0.001,1,0.015,0.0,0.015
emerging_haplotype,h3n2,region,2026-04-23,2026-04-30,7,Southeast Asia,K,0.503,1.0,0.497,0.3381214285714286,11,0,0.238,0.388,0.626,0,0.417,0.313,0.73,0,0.589,0.236,0.825
emerging_haplotype,h3n2,region,2026-04-23,2026-05-07,14,Southeast Asia,K,0.459,1.0,0.5409999999999999,0.36697142857142856,11,0,0.24899999999999994,0.339,0.588,0,0.43999999999999995,0.265,0.705,0,0.6259999999999999,0.189,0.815
emerging_haplotype,h3n2,region,2026-04-23,2026-05-14,21,Southeast Asia,K,0.416,1.0,0.5840000000000001,0.39533571428571423,11,0,0.25400000000000006,0.295,0.549,0,0.4590000000000001,0.223,0.682,0,0.651,0.152,0.803
emerging_haplotype,h3n2,region,2026-04-23,2026-05-21,28,Southeast Asia,K,0.374,1.0,0.626,0.42492857142857143,11,0,0.254,0.254,0.508,0,0.47000000000000003,0.188,0.658,0,0.67,0.117,0.787
emerging_haplotype,h3n2,region,2026-04-23,2026-04-30,7,West Asia,J.2,0.0,0.0,0.0,0.0,11,1,0.0,0.0,0.0,1,0.0,0.0,0.0,1,0.0,0.0,0.0
emerging_haplotype,h3n2,region,2026-04-23,2026-05-07,14,West Asia,J.2,0.0,0.0,0.0,0.0,11,1,0.0,0.0,0.0,1,0.0,0.0,0.0,1,0.0,0.0,0.0
emerging_haplotype,h3n2,region,2026-04-23,2026-05-14,21,West Asia,J.2,0.0,0.0,0.0,0.0,11,1,0.0,0.0,0.0,1,0.0,0.0,0.0,1,0.0,0.0,0.0
emerging_haplotype,h3n2,region,2026-04-23,2026-05-21,28,West Asia,J.2,0.0,0.0,0.0,0.0,11,1,0.0,0.0,0.0,1,0.0,0.0,0.0,1,0.0,0.0,0.0
emerging_haplotype,h3n2,region,2026-04-23,2026-04-30,7,West Asia,J.2.2,0.0,0.0,0.0,7.142857142857149e-06,11,1,0.0,0.0,0.0,1,0.0,0.0,0.0,1,0.001,0.0,0.001
emerging_haplotype,h3n2,region,2026-04-23,2026-05-07,14,West Asia,J.2.2,0.0,0.0,0.0,7.142857142857149e-06,11,1,0.0,0.0,0.0,1,0.0,0.0,0.0,1,0.001,0.0,0.001
emerging_haplotype,h3n2,region,2026-04-23,2026-05-14,21,West Asia,J.2.2,0.0,0.0,0.0,7.142857142857149e-06,11,1,0.0,0.0,0.0,1,0.0,0.0,0.0,1,0.001,0.0,0.001
emerging_haplotype,h3n2,region,2026-04-23,2026-05-21,28,West Asia,J.2.2,0.0,0.0,0.0,0.0,11,1,0.0,0.0,0.0,1,0.0,0.0,0.0,1,0.0,0.0,0.0
emerging_haplotype,h3n2,region,2026-04-23,2026-04-30,7,West Asia,J.2.3,0.0,0.0,0.0,7.142857142857149e-06,11,1,0.0,0.0,0.0,1,0.0,0.0,0.0,1,0.001,0.0,0.001
emerging_haplotype,h3n2,region,2026-04-23,2026-05-07,14,West Asia,J.2.3,0.0,0.0,0.0,7.142857142857149e-06,11,1,0.0,0.0,0.0,1,0.0,0.0,0.0,1,0.001,0.0,0.001
emerging_haplotype,h3n2,region,2026-04-23,2026-05-14,21,West Asia,J.2.3,0.0,0.0,0.0,7.142857142857149e-06,11,1,0.0,0.0,0.0,1,0.0,0.0,0.0,1,0.001,0.0,0.001
emerging_haplotype,h3n2,region,2026-04-23,2026-05-21,28,West Asia,J.2.3,0.0,0.0,0.0,7.142857142857149e-06,11,1,0.0,0.0,0.0,1,0.0,0.0,0.0,1,0.001,0.0,0.001
emerging_haplotype,h3n2,region,2026-04-23,2026-04-30,7,West Asia,J.2.4,0.0,0.0,0.0,0.0,11,1,0.0,0.0,0.0,1,0.0,0.0,0.0,1,0.0,0.0,0.0
emerging_haplotype,h3n2,region,2026-04-23,2026-05-07,14,West Asia,J.2.4,0.0,0.0,0.0,0.0,11,1,0.0,0.0,0.0,1,0.0,0.0,0.0,1,0.0,0.0,0.0
emerging_haplotype,h3n2,region,2026-04-23,2026-05-14,21,West Asia,J.2.4,0.0,0.0,0.0,0.0,11,1,0.0,0.0,0.0,1,0.0,0.0,0.0,1,0.0,0.0,0.0
emerging_haplotype,h3n2,region,2026-04-23,2026-05-21,28,West Asia,J.2.4,0.0,0.0,0.0,0.0,11,1,0.0,0.0,0.0,1,0.0,0.0,0.0,1,0.0,0.0,0.0
emerging_haplotype,h3n2,region,2026-04-23,2026-04-30,7,West Asia,J.2.4:79V,0.0,0.0,0.0,3.571428571428572e-05,11,1,0.0,0.0,0.0,1,0.001,0.0,0.001,1,0.001,0.0,0.001
emerging_haplotype,h3n2,region,2026-04-23,2026-05-07,14,West Asia,J.2.4:79V,0.0,0.0,0.0,3.571428571428572e-05,11,1,0.0,0.0,0.0,1,0.001,0.0,0.001,1,0.001,0.0,0.001
emerging_haplotype,h3n2,region,2026-04-23,2026-05-14,21,West Asia,J.2.4:79V,0.0,0.0,0.0,7.142857142857149e-06,11,1,0.0,0.0,0.0,1,0.0,0.0,0.0,1,0.001,0.0,0.001
emerging_haplotype,h3n2,region,2026-04-23,2026-05-21,28,West Asia,J.2.4:79V,0.0,0.0,0.0,7.142857142857149e-06,11,1,0.0,0.0,0.0,1,0.0,0.0,0.0,1,0.001,0.0,0.001
emerging_haplotype,h3n2,region,2026-04-23,2026-04-30,7,West Asia,K:145N,0.008,0.0,0.008,0.005,11,0,0.01,0.004,0.014,0,0.021,0.003,0.024,0,0.036,0.001,0.037
emerging_haplotype,h3n2,region,2026-04-23,2026-05-07,14,West Asia,K:145N,0.006,0.0,0.006,0.004242857142857144,11,0,0.008,0.004,0.012,0,0.019999999999999997,0.002,0.022,0,0.034,0.001,0.035
emerging_haplotype,h3n2,region,2026-04-23,2026-05-14,21,West Asia,K:145N,0.005,0.0,0.005,0.003742857142857143,11,0,0.008,0.003,0.011,0,0.018000000000000002,0.002,0.02,0,0.032,0.001,0.033
emerging_haplotype,h3n2,region,2026-04-23,2026-05-21,28,West Asia,K:145N,0.005,0.0,0.005,0.00305,11,0,0.006999999999999999,0.002,0.009,0,0.016999999999999998,0.001,0.018,0,0.028999999999999998,0.001,0.03
emerging_haplotype,h3n2,region,2026-04-23,2026-04-30,7,West Asia,K:223I,0.718,0.0,0.718,0.5826642857142856,11,0,0.15100000000000002,0.628,0.779,0,0.29699999999999993,0.529,0.826,0,0.435,0.445,0.88
emerging_haplotype,h3n2,region,2026-04-23,2026-05-07,14,West Asia,K:223I,0.753,0.0,0.753,0.6140214285714285,11,0,0.14300000000000002,0.665,0.808,0,0.29000000000000004,0.563,0.853,0,0.43300000000000005,0.469,0.902
emerging_haplotype,h3n2,region,2026-04-23,2026-05-14,21,West Asia,K:223I,0.783,0.0,0.783,0.6445571428571428,11,0,0.139,0.697,0.836,0,0.281,0.597,0.878,0,0.42400000000000004,0.497,0.921
emerging_haplotype,h3n2,region,2026-04-23,2026-05-21,28,West Asia,K:223I,0.808,0.0,0.808,0.6714071428571428,11,0,0.134,0.727,0.861,0,0.27,0.629,0.899,0,0.41700000000000004,0.519,0.936
emerging_haplotype,h3n2,region,2026-04-23,2026-04-30,7,West Asia,K:328S,0.0,0.0,0.0,0.00011428571428571432,11,1,0.0,0.0,0.0,1,0.002,0.0,0.002,1,0.008,0.0,0.008
emerging_haplotype,h3n2,region,2026-04-23,2026-05-07,14,West Asia,K:328S,0.0,0.0,0.0,0.00012857142857142863,11,1,0.0,0.0,0.0,1,0.002,0.0,0.002,1,0.01,0.0,0.01
emerging_haplotype,h3n2,region,2026-04-23,2026-05-14,21,West Asia,K:328S,0.0,0.0,0.0,0.00013571428571428575,11,1,0.0,0.0,0.0,1,0.002,0.0,0.002,1,0.011,0.0,0.011
emerging_haplotype,h3n2,region,2026-04-23,2026-05-21,28,West Asia,K:328S,0.0,0.0,0.0,0.00015000000000000004,11,1,0.0,0.0,0.0,1,0.002,0.0,0.002,1,0.013,0.0,0.013
emerging_haplotype,h3n2,region,2026-04-23,2026-04-30,7,West Asia,K:80K,0.012,0.0,0.012,0.008107142857142858,11,0,0.024,0.004,0.028,0,0.069,0.001,0.07,0,0.139,0.001,0.14
emerging_haplotype,h3n2,region,2026-04-23,2026-05-07,14,West Asia,K:80K,0.011,0.0,0.011,0.007871428571428573,11,0,0.025,0.003,0.028,0,0.071,0.001,0.072,0,0.148,0.001,0.149
emerging_haplotype,h3n2,region,2026-04-23,2026-05-14,21,West Asia,K:80K,0.01,0.0,0.01,0.007500000000000001,11,0,0.024,0.003,0.027,0,0.073,0.001,0.074,1,0.158,0.0,0.158
emerging_haplotype,h3n2,region,2026-04-23,2026-05-21,28,West Asia,K:80K,0.01,0.0,0.01,0.007407142857142858,11,0,0.025,0.002,0.027,0,0.075,0.001,0.076,1,0.167,0.0,0.167
emerging_haplotype,h3n2,region,2026-04-23,2026-04-30,7,West Asia,K,0.248,1.0,0.752,0.6342642857142857,11,0,0.132,0.19,0.322,0,0.264,0.149,0.413,0,0.381,0.109,0.49
emerging_haplotype,h3n2,region,2026-04-23,2026-05-07,14,West Asia,K,0.215,1.0,0.785,0.6683285714285715,11,0,0.12699999999999997,0.16,0.287,0,0.257,0.121,0.378,0,0.368,0.087,0.455
emerging_haplotype,h3n2,region,2026-04-23,2026-05-14,21,West Asia,K,0.184,1.0,0.8160000000000001,0.7005571428571429,11,0,0.119,0.135,0.254,0,0.24399999999999997,0.1,0.344,0,0.352,0.069,0.421
emerging_haplotype,h3n2,region,2026-04-23,2026-05-21,28,West Asia,K,0.156,1.0,0.844,0.7310928571428572,11,0,0.11,0.113,0.223,0,0.22999999999999998,0.082,0.312,0,0.333,0.054,0.387
emerging_haplotype,h3n2,region,2026-05-07,2026-05-14,7,Africa,J.2,0.0,0.0,0.0,0.0003642857142857144,11,1,0.002,0.0,0.002,1,0.005,0.0,0.005,1,0.011,0.0,0.011
emerging_haplotype,h3n2,region,2026-05-07,2026-05-21,14,Africa,J.2,0.0,0.0,0.0,0.0002928571428571429,11,1,0.001,0.0,0.001,1,0.005,0.0,0.005,1,0.011,0.0,0.011
emerging_haplotype,h3n2,region,2026-05-07,2026-05-14,7,Africa,J.2.2,0.007,0.0,0.007,0.0042928571428571425,11,0,0.013000000000000001,0.003,0.016,0,0.03,0.001,0.031,1,0.051,0.0,0.051
emerging_haplotype,h3n2,region,2026-05-07,2026-05-21,14,Africa,J.2.2,0.007,0.0,0.007,0.004364285714285715,11,0,0.013000000000000001,0.003,0.016,0,0.032,0.001,0.033,1,0.053,0.0,0.053
emerging_haplotype,h3n2,region,2026-05-07,2026-05-14,7,Africa,J.2.3,0.0,0.0,0.0,7.142857142857149e-06,11,1,0.0,0.0,0.0,1,0.0,0.0,0.0,1,0.001,0.0,0.001
emerging_haplotype,h3n2,region,2026-05-07,2026-05-21,14,Africa,J.2.3,0.0,0.0,0.0,7.142857142857149e-06,11,1,0.0,0.0,0.0,1,0.0,0.0,0.0,1,0.001,0.0,0.001
emerging_haplotype,h3n2,region,2026-05-07,2026-05-14,7,Africa,J.2.4,0.006,0.0,0.006,0.0044,11,0,0.006999999999999999,0.004,0.011,0,0.012,0.003,0.015,0,0.018000000000000002,0.002,0.02
emerging_haplotype,h3n2,region,2026-05-07,2026-05-21,14,Africa,J.2.4,0.005,0.0,0.005,0.003264285714285714,11,0,0.005999999999999999,0.003,0.009,0,0.01,0.002,0.012,0,0.016999999999999998,0.001,0.018
emerging_haplotype,h3n2,region,2026-05-07,2026-05-14,7,Africa,J.2.4:79V,0.004,0.0,0.004,0.0027428571428571432,11,0,0.006999999999999999,0.002,0.009,0,0.019,0.001,0.02,1,0.038,0.0,0.038
emerging_haplotype,h3n2,region,2026-05-07,2026-05-21,14,Africa,J.2.4:79V,0.004,0.0,0.004,0.0025071428571428575,11,0,0.006999999999999999,0.002,0.009,1,0.02,0.0,0.02,1,0.041,0.0,0.041
emerging_haplotype,h3n2,region,2026-05-07,2026-05-14,7,Africa,K:145N,0.026,0.209,0.183,0.14622142857142856,11,0,0.028999999999999998,0.014,0.043,0,0.06399999999999999,0.007,0.071,0,0.105,0.004,0.109
emerging_haplotype,h3n2,region,2026-05-07,2026-05-21,14,Africa,K:145N,0.027,0.261,0.234,0.19442142857142858,11,0,0.031,0.014,0.045,0,0.06899999999999999,0.006,0.075,0,0.113,0.004,0.117
emerging_haplotype,h3n2,region,2026-05-07,2026-05-14,7,Africa,K:223I,0.014,0.015,0.0009999999999999992,0.004885714285714286,11,1,0.029,0.004,0.033,1,0.066,0.002,0.068,1,0.11,0.001,0.111
emerging_haplotype,h3n2,region,2026-05-07,2026-05-21,14,Africa,K:223I,0.015,0.022,0.006999999999999999,0.006392857142857143,11,1,0.033,0.004,0.037,1,0.073,0.002,0.075,1,0.133,0.001,0.134
emerging_haplotype,h3n2,region,2026-05-07,2026-05-14,7,Africa,K:328S,0.063,0.104,0.040999999999999995,0.02192142857142857,11,1,0.10500000000000001,0.023,0.128,1,0.211,0.011,0.222,1,0.355,0.003,0.358
emerging_haplotype,h3n2,region,2026-05-07,2026-05-21,14,Africa,K:328S,0.074,0.13,0.05600000000000001,0.027671428571428576,11,1,0.129,0.026,0.155,1,0.259,0.011,0.27,1,0.428,0.003,0.431
emerging_haplotype,h3n2,region,2026-05-07,2026-05-14,7,Africa,K:80K,0.0,0.0,0.0,0.00010000000000000003,11,1,0.0,0.0,0.0,1,0.002,0.0,0.002,1,0.006,0.0,0.006
emerging_haplotype,h3n2,region,2026-05-07,2026-05-21,14,Africa,K:80K,0.0,0.0,0.0,0.00011428571428571432,11,1,0.0,0.0,0.0,1,0.002,0.0,0.002,1,0.008,0.0,0.008
emerging_haplotype,h3n2,region,2026-05-07,2026-05-14,7,Africa,K,0.846,0.672,0.17399999999999993,0.07284999999999998,11,0,0.10399999999999998,0.777,0.881,0,0.237,0.676,0.913,1,0.371,0.568,0.939
emerging_haplotype,h3n2,region,2026-05-07,2026-05-21,14,Africa,K,0.833,0.587,0.246,0.11226428571428573,11,0,0.124,0.747,0.871,0,0.28,0.627,0.907,1,0.43699999999999994,0.501,0.938
emerging_haplotype,h3n2,region,2026-05-07,2026-05-14,7,China,J.2,0.0,0.0,0.0,0.00033571428571428587,11,1,0.001,0.0,0.001,1,0.004,0.0,0.004,1,0.021,0.0,0.021
emerging_haplotype,h3n2,region,2026-05-07,2026-05-21,14,China,J.2,0.0,0.0,0.0,0.0003500000000000001,11,1,0.001,0.0,0.001,1,0.004,0.0,0.004,1,0.023,0.0,0.023
emerging_haplotype,h3n2,region,2026-05-07,2026-05-14,7,China,J.2.2,0.002,0.0,0.002,0.0012571428571428573,11,0,0.003,0.001,0.004,1,0.01,0.0,0.01,1,0.026,0.0,0.026
emerging_haplotype,h3n2,region,2026-05-07,2026-05-21,14,China,J.2.2,0.001,0.0,0.001,0.0010785714285714287,11,0,0.003,0.001,0.004,1,0.009,0.0,0.009,1,0.025,0.0,0.025
emerging_haplotype,h3n2,region,2026-05-07,2026-05-14,7,China,J.2.3,0.0,0.0,0.0,7.142857142857149e-06,11,1,0.0,0.0,0.0,1,0.0,0.0,0.0,1,0.001,0.0,0.001
emerging_haplotype,h3n2,region,2026-05-07,2026-05-21,14,China,J.2.3,0.0,0.0,0.0,7.142857142857149e-06,11,1,0.0,0.0,0.0,1,0.0,0.0,0.0,1,0.001,0.0,0.001
emerging_haplotype,h3n2,region,2026-05-07,2026-05-14,7,China,J.2.4,0.0,0.0,0.0,6.428571428571431e-05,11,1,0.0,0.0,0.0,1,0.001,0.0,0.001,1,0.005,0.0,0.005
emerging_haplotype,h3n2,region,2026-05-07,2026-05-21,14,China,J.2.4,0.0,0.0,0.0,6.428571428571431e-05,11,1,0.0,0.0,0.0,1,0.001,0.0,0.001,1,0.005,0.0,0.005
emerging_haplotype,h3n2,region,2026-05-07,2026-05-14,7,China,J.2.4:79V,0.0,0.0,0.0,0.0009928571428571432,11,1,0.002,0.0,0.002,1,0.01,0.0,0.01,1,0.079,0.0,0.079
emerging_haplotype,h3n2,region,2026-05-07,2026-05-21,14,China,J.2.4:79V,0.0,0.0,0.0,0.0011071428571428575,11,1,0.002,0.0,0.002,1,0.011,0.0,0.011,1,0.091,0.0,0.091
emerging_haplotype,h3n2,region,2026-05-07,2026-05-14,7,China,K:145N,0.007,0.0,0.007,0.005685714285714286,11,0,0.02,0.001,0.021,1,0.074,0.0,0.074,1,0.12,0.0,0.12
emerging_haplotype,h3n2,region,2026-05-07,2026-05-21,14,China,K:145N,0.006,0.0,0.006,0.005978571428571429,11,0,0.020999999999999998,0.001,0.022,1,0.083,0.0,0.083,1,0.135,0.0,0.135
emerging_haplotype,h3n2,region,2026-05-07,2026-05-14,7,China,K:223I,0.001,0.0,0.001,0.003357142857142858,11,1,0.011,0.0,0.011,1,0.04,0.0,0.04,1,0.18,0.0,0.18
emerging_haplotype,h3n2,region,2026-05-07,2026-05-21,14,China,K:223I,0.001,0.0,0.001,0.003992857142857144,11,1,0.012,0.0,0.012,1,0.046,0.0,0.046,1,0.235,0.0,0.235
emerging_haplotype,h3n2,region,2026-05-07,2026-05-14,7,China,K:328S,0.001,0.0,0.001,0.001621428571428572,11,1,0.004,0.0,0.004,1,0.017,0.0,0.017,1,0.099,0.0,0.099
emerging_haplotype,h3n2,region,2026-05-07,2026-05-21,14,China,K:328S,0.001,0.0,0.001,0.0018928571428571436,11,1,0.004,0.0,0.004,1,0.022,0.0,0.022,1,0.117,0.0,0.117
emerging_haplotype,h3n2,region,2026-05-07,2026-05-14,7,China,K:80K,0.0,0.0,0.0,0.00016428571428571441,11,1,0.0,0.0,0.0,1,0.001,0.0,0.001,1,0.019,0.0,0.019
emerging_haplotype,h3n2,region,2026-05-07,2026-05-21,14,China,K:80K,0.0,0.0,0.0,0.00017142857142857153,11,1,0.0,0.0,0.0,1,0.001,0.0,0.001,1,0.02,0.0,0.02
emerging_haplotype,h3n2,region,2026-05-07,2026-05-14,7,China,K,0.961,1.0,0.039000000000000035,0.026542857142857153,11,0,0.06299999999999994,0.919,0.982,0,0.17600000000000005,0.815,0.991,0,0.402,0.595,0.997
emerging_haplotype,h3n2,region,2026-05-07,2026-05-21,14,China,K,0.961,1.0,0.039000000000000035,0.028435714285714293,11,0,0.07299999999999995,0.909,0.982,0,0.20399999999999996,0.787,0.991,0,0.45499999999999996,0.542,0.997
emerging_haplotype,h3n2,region,2026-05-07,2026-05-14,7,Europe,J.2,0.0,0.0,0.0,3.571428571428572e-05,11,1,0.0,0.0,0.0,1,0.001,0.0,0.001,1,0.001,0.0,0.001
emerging_haplotype,h3n2,region,2026-05-07,2026-05-21,14,Europe,J.2,0.0,0.0,0.0,3.571428571428572e-05,11,1,0.0,0.0,0.0,1,0.001,0.0,0.001,1,0.001,0.0,0.001
emerging_haplotype,h3n2,region,2026-05-07,2026-05-14,7,Europe,J.2.2,0.018,0.0,0.018,0.013007142857142858,11,0,0.014,0.013,0.027,0,0.027999999999999997,0.01,0.038,0,0.049,0.006,0.055
emerging_haplotype,h3n2,region,2026-05-07,2026-05-21,14,Europe,J.2.2,0.018,0.0,0.018,0.012907142857142858,11,0,0.015000000000000001,0.013,0.028,0,0.031,0.009,0.04,0,0.053,0.006,0.059
emerging_haplotype,h3n2,region,2026-05-07,2026-05-14,7,Europe,J.2.3,0.007,0.08,0.073,0.06775714285714286,11,0,0.005,0.005,0.01,0,0.01,0.004,0.014,0,0.016,0.002,0.018
emerging_haplotype,h3n2,region,2026-05-07,2026-05-21,14,Europe,J.2.3,0.007,0.0,0.007,0.004357142857142857,11,0,0.004999999999999999,0.004,0.009,0,0.011,0.003,0.014,0,0.016,0.002,0.018
emerging_haplotype,h3n2,region,2026-05-07,2026-05-14,7,Europe,J.2.4,0.0,0.0,0.0,7.142857142857149e-06,11,1,0.0,0.0,0.0,1,0.0,0.0,0.0,1,0.001,0.0,0.001
emerging_haplotype,h3n2,region,2026-05-07,2026-05-21,14,Europe,J.2.4,0.0,0.0,0.0,7.142857142857149e-06,11,1,0.0,0.0,0.0,1,0.0,0.0,0.0,1,0.001,0.0,0.001
emerging_haplotype,h3n2,region,2026-05-07,2026-05-14,7,Europe,J.2.4:79V,0.048,0.04,0.008,0.004,11,0,0.017999999999999995,0.041,0.059,1,0.032,0.035,0.067,1,0.052000000000000005,0.03,0.082
emerging_haplotype,h3n2,region,2026-05-07,2026-05-21,14,Europe,J.2.4:79V,0.047,0.0,0.047,0.03905714285714286,11,0,0.017999999999999995,0.041,0.059,0,0.033,0.035,0.068,0,0.05600000000000001,0.028,0.084
emerging_haplotype,h3n2,region,2026-05-07,2026-05-14,7,Europe,K:145N,0.159,0.04,0.119,0.09114285714285715,11,0,0.05299999999999999,0.134,0.187,0,0.088,0.12,0.208,0,0.13799999999999998,0.1,0.238
emerging_haplotype,h3n2,region,2026-05-07,2026-05-21,14,Europe,K:145N,0.174,0.071,0.103,0.07005,11,0,0.059000000000000025,0.144,0.203,0,0.1,0.128,0.228,0,0.15700000000000003,0.106,0.263
emerging_haplotype,h3n2,region,2026-05-07,2026-05-14,7,Europe,K:223I,0.074,0.08,0.006000000000000005,0.005792857142857144,11,1,0.033,0.061,0.094,1,0.065,0.048,0.113,1,0.10099999999999998,0.04,0.141
emerging_haplotype,h3n2,region,2026-05-07,2026-05-21,14,Europe,K:223I,0.079,0.071,0.008000000000000007,0.00672857142857143,11,1,0.038000000000000006,0.063,0.101,1,0.072,0.049,0.121,1,0.11399999999999999,0.041,0.155
emerging_haplotype,h3n2,region,2026-05-07,2026-05-14,7,Europe,K:328S,0.064,0.0,0.064,0.046535714285714284,11,0,0.03799999999999999,0.048,0.086,0,0.07200000000000001,0.038,0.11,0,0.127,0.025,0.152
emerging_haplotype,h3n2,region,2026-05-07,2026-05-21,14,Europe,K:328S,0.07,0.0,0.07,0.05029285714285714,11,0,0.044000000000000004,0.052,0.096,0,0.08299999999999999,0.04,0.123,0,0.149,0.026,0.175
emerging_haplotype,h3n2,region,2026-05-07,2026-05-14,7,Europe,K:80K,0.001,0.0,0.001,0.0004571428571428572,11,1,0.002,0.0,0.002,1,0.004,0.0,0.004,1,0.008,0.0,0.008
emerging_haplotype,h3n2,region,2026-05-07,2026-05-21,14,Europe,K:80K,0.001,0.0,0.001,0.00046428571428571433,11,1,0.002,0.0,0.002,1,0.004,0.0,0.004,1,0.009,0.0,0.009
emerging_haplotype,h3n2,region,2026-05-07,2026-05-14,7,Europe,K,0.604,0.76,0.15600000000000003,0.11684285714285714,11,0,0.05400000000000005,0.58,0.634,0,0.11099999999999999,0.55,0.661,0,0.17400000000000004,0.509,0.683
emerging_haplotype,h3n2,region,2026-05-07,2026-05-21,14,Europe,K,0.578,0.857,0.279,0.23634999999999998,11,0,0.05999999999999994,0.55,0.61,0,0.12,0.52,0.64,0,0.18900000000000006,0.476,0.665
emerging_haplotype,h3n2,region,2026-05-07,2026-05-14,7,Japan Korea,J.2,0.0,0.0,0.0,4.285714285714286e-05,11,1,0.0,0.0,0.0,1,0.001,0.0,0.001,1,0.002,0.0,0.002
emerging_haplotype,h3n2,region,2026-05-07,2026-05-21,14,Japan Korea,J.2,0.0,0.0,0.0,4.285714285714286e-05,11,1,0.0,0.0,0.0,1,0.001,0.0,0.001,1,0.002,0.0,0.002
emerging_haplotype,h3n2,region,2026-05-07,2026-05-14,7,Japan Korea,J.2.2,0.0,0.0,0.0,0.0002500000000000001,11,1,0.0,0.0,0.0,1,0.004,0.0,0.004,1,0.019,0.0,0.019
emerging_haplotype,h3n2,region,2026-05-07,2026-05-21,14,Japan Korea,J.2.2,0.0,0.0,0.0,0.0002714285714285715,11,1,0.0,0.0,0.0,1,0.004,0.0,0.004,1,0.022,0.0,0.022
emerging_haplotype,h3n2,region,2026-05-07,2026-05-14,7,Japan Korea,J.2.3,0.0,0.0,0.0,0.0,11,1,0.0,0.0,0.0,1,0.0,0.0,0.0,1,0.0,0.0,0.0
emerging_haplotype,h3n2,region,2026-05-07,2026-05-21,14,Japan Korea,J.2.3,0.0,0.0,0.0,0.0,11,1,0.0,0.0,0.0,1,0.0,0.0,0.0,1,0.0,0.0,0.0
emerging_haplotype,h3n2,region,2026-05-07,2026-05-14,7,Japan Korea,J.2.4,0.0,0.0,0.0,1.4285714285714297e-05,11,1,0.0,0.0,0.0,1,0.0,0.0,0.0,1,0.002,0.0,0.002
emerging_haplotype,h3n2,region,2026-05-07,2026-05-21,14,Japan Korea,J.2.4,0.0,0.0,0.0,7.142857142857149e-06,11,1,0.0,0.0,0.0,1,0.0,0.0,0.0,1,0.001,0.0,0.001
emerging_haplotype,h3n2,region,2026-05-07,2026-05-14,7,Japan Korea,J.2.4:79V,0.066,0.0,0.066,0.03845,11,0,0.096,0.029,0.125,0,0.16999999999999998,0.015,0.185,0,0.383,0.007,0.39
emerging_haplotype,h3n2,region,2026-05-07,2026-05-21,14,Japan Korea,J.2.4:79V,0.069,0.0,0.069,0.04028571428571429,11,0,0.10700000000000001,0.029,0.136,0,0.187,0.015,0.202,0,0.442,0.006,0.448
emerging_haplotype,h3n2,region,2026-05-07,2026-05-14,7,Japan Korea,K:145N,0.02,0.0,0.02,0.01307857142857143,11,0,0.042,0.008,0.05,0,0.096,0.002,0.098,0,0.187,0.001,0.188
emerging_haplotype,h3n2,region,2026-05-07,2026-05-21,14,Japan Korea,K:145N,0.021,0.0,0.021,0.013564285714285713,11,0,0.045,0.007,0.052,0,0.104,0.002,0.106,0,0.213,0.001,0.214
emerging_haplotype,h3n2,region,2026-05-07,2026-05-14,7,Japan Korea,K:223I,0.037,0.0,0.037,0.024014285714285714,11,0,0.081,0.012,0.093,0,0.18,0.005,0.185,0,0.332,0.002,0.334
emerging_haplotype,h3n2,region,2026-05-07,2026-05-21,14,Japan Korea,K:223I,0.039,0.0,0.039,0.026042857142857145,11,0,0.08700000000000001,0.013,0.1,0,0.20199999999999999,0.006,0.208,0,0.388,0.001,0.389
emerging_haplotype,h3n2,region,2026-05-07,2026-05-14,7,Japan Korea,K:328S,0.158,0.0,0.158,0.10188571428571429,11,0,0.19000000000000003,0.09,0.28,0,0.353,0.059,0.412,0,0.512,0.033,0.545
emerging_haplotype,h3n2,region,2026-05-07,2026-05-21,14,Japan Korea,K:328S,0.162,0.0,0.162,0.10328571428571429,11,0,0.20199999999999999,0.09,0.292,0,0.383,0.056,0.439,0,0.5479999999999999,0.032,0.58
emerging_haplotype,h3n2,region,2026-05-07,2026-05-14,7,Japan Korea,K:80K,0.0,0.0,0.0,0.0004357142857142859,11,1,0.001,0.0,0.001,1,0.003,0.0,0.003,1,0.039,0.0,0.039
emerging_haplotype,h3n2,region,2026-05-07,2026-05-21,14,Japan Korea,K:80K,0.0,0.0,0.0,0.00047857142857142884,11,1,0.001,0.0,0.001,1,0.003,0.0,0.003,1,0.045,0.0,0.045
emerging_haplotype,h3n2,region,2026-05-07,2026-05-14,7,Japan Korea,K,0.594,1.0,0.406,0.28207857142857146,11,0,0.25299999999999995,0.455,0.708,0,0.399,0.374,0.773,0,0.565,0.287,0.852
emerging_haplotype,h3n2,region,2026-05-07,2026-05-21,14,Japan Korea,K,0.564,1.0,0.43600000000000005,0.2988928571428572,11,0,0.26399999999999996,0.425,0.689,0,0.423,0.336,0.759,0,0.593,0.254,0.847
emerging_haplotype,h3n2,region,2026-05-07,2026-05-14,7,North America,J.2,0.0,0.0,0.0,0.0001142857142857143,11,1,0.001,0.0,0.001,1,0.001,0.0,0.001,1,0.002,0.0,0.002
emerging_haplotype,h3n2,region,2026-05-07,2026-05-21,14,North America,J.2,0.0,0.0,0.0,0.0001142857142857143,11,1,0.001,0.0,0.001,1,0.001,0.0,0.001,1,0.002,0.0,0.002
emerging_haplotype,h3n2,region,2026-05-07,2026-05-14,7,North America,J.2.2,0.0,0.0,0.0,0.0,11,1,0.0,0.0,0.0,1,0.0,0.0,0.0,1,0.0,0.0,0.0
emerging_haplotype,h3n2,region,2026-05-07,2026-05-21,14,North America,J.2.2,0.0,0.0,0.0,0.0,11,1,0.0,0.0,0.0,1,0.0,0.0,0.0,1,0.0,0.0,0.0
emerging_haplotype,h3n2,region,2026-05-07,2026-05-14,7,North America,J.2.3,0.012,0.0,0.012,0.00897857142857143,11,0,0.007000000000000001,0.009,0.016,0,0.012,0.007,0.019,0,0.019000000000000003,0.006,0.025
emerging_haplotype,h3n2,region,2026-05-07,2026-05-21,14,North America,J.2.3,0.011,0.0,0.011,0.008457142857142858,11,0,0.006,0.009,0.015,0,0.011,0.007,0.018,0,0.02,0.005,0.025
emerging_haplotype,h3n2,region,2026-05-07,2026-05-14,7,North America,J.2.4,0.0,0.0,0.0,7.142857142857149e-06,11,1,0.0,0.0,0.0,1,0.0,0.0,0.0,1,0.001,0.0,0.001
emerging_haplotype,h3n2,region,2026-05-07,2026-05-21,14,North America,J.2.4,0.0,0.0,0.0,7.142857142857149e-06,11,1,0.0,0.0,0.0,1,0.0,0.0,0.0,1,0.001,0.0,0.001
emerging_haplotype,h3n2,region,2026-05-07,2026-05-14,7,North America,J.2.4:79V,0.117,0.105,0.01200000000000001,0.005500000000000002,11,1,0.02800000000000001,0.103,0.131,1,0.045999999999999985,0.095,0.141,1,0.066,0.086,0.152
emerging_haplotype,h3n2,region,2026-05-07,2026-05-21,14,North America,J.2.4:79V,0.118,0.0,0.118,0.10139285714285715,11,0,0.029000000000000012,0.103,0.132,0,0.04899999999999999,0.094,0.143,0,0.06899999999999999,0.085,0.154
emerging_haplotype,h3n2,region,2026-05-07,2026-05-14,7,North America,K:145N,0.04,0.0,0.04,0.027564285714285715,11,0,0.023999999999999997,0.029,0.053,0,0.047,0.021,0.068,0,0.07100000000000001,0.014,0.085
emerging_haplotype,h3n2,region,2026-05-07,2026-05-21,14,North America,K:145N,0.043,0.0,0.043,0.029735714285714285,11,0,0.027999999999999997,0.031,0.059,0,0.055,0.022,0.077,0,0.083,0.015,0.098
emerging_haplotype,h3n2,region,2026-05-07,2026-05-14,7,North America,K:223I,0.091,0.053,0.038,0.016971428571428575,11,0,0.03799999999999999,0.069,0.107,0,0.07100000000000001,0.058,0.129,1,0.112,0.048,0.16
emerging_haplotype,h3n2,region,2026-05-07,2026-05-21,14,North America,K:223I,0.101,0.062,0.03900000000000001,0.015992857142857142,11,0,0.044,0.075,0.119,0,0.08199999999999999,0.063,0.145,1,0.131,0.052,0.183
emerging_haplotype,h3n2,region,2026-05-07,2026-05-14,7,North America,K:328S,0.065,0.0,0.065,0.05084285714285714,11,0,0.024,0.053,0.077,0,0.047,0.043,0.09,0,0.07,0.037,0.107
emerging_haplotype,h3n2,region,2026-05-07,2026-05-21,14,North America,K:328S,0.068,0.0,0.068,0.053192857142857146,11,0,0.028000000000000004,0.055,0.083,0,0.052000000000000005,0.045,0.097,0,0.07900000000000001,0.038,0.117
emerging_haplotype,h3n2,region,2026-05-07,2026-05-14,7,North America,K:80K,0.0,0.0,0.0,0.00015000000000000001,11,1,0.001,0.0,0.001,1,0.002,0.0,0.002,1,0.003,0.0,0.003
emerging_haplotype,h3n2,region,2026-05-07,2026-05-21,14,North America,K:80K,0.0,0.0,0.0,0.00015000000000000001,11,1,0.001,0.0,0.001,1,0.002,0.0,0.002,1,0.003,0.0,0.003
emerging_haplotype,h3n2,region,2026-05-07,2026-05-14,7,North America,K,0.669,0.842,0.17299999999999993,0.14467857142857143,11,0,0.04599999999999993,0.646,0.692,0,0.08899999999999997,0.619,0.708,0,0.139,0.591,0.73
emerging_haplotype,h3n2,region,2026-05-07,2026-05-21,14,North America,K,0.652,0.938,0.2859999999999999,0.25591428571428565,11,0,0.052000000000000046,0.625,0.677,0,0.09899999999999998,0.595,0.694,0,0.15200000000000002,0.565,0.717
emerging_haplotype,h3n2,region,2026-05-07,2026-05-14,7,Oceania,J.2,0.0,0.0,0.0,0.00017142857142857148,11,1,0.001,0.0,0.001,1,0.002,0.0,0.002,1,0.006,0.0,0.006
emerging_haplotype,h3n2,region,2026-05-07,2026-05-21,14,Oceania,J.2,0.0,0.0,0.0,0.00010000000000000003,11,1,0.0,0.0,0.0,1,0.002,0.0,0.002,1,0.006,0.0,0.006
emerging_haplotype,h3n2,region,2026-05-07,2026-05-14,7,Oceania,J.2.2,0.0,0.0,0.0,5.0000000000000016e-05,11,1,0.0,0.0,0.0,1,0.001,0.0,0.001,1,0.003,0.0,0.003
emerging_haplotype,h3n2,region,2026-05-07,2026-05-21,14,Oceania,J.2.2,0.0,0.0,0.0,5.0000000000000016e-05,11,1,0.0,0.0,0.0,1,0.001,0.0,0.001,1,0.003,0.0,0.003
emerging_haplotype,h3n2,region,2026-05-07,2026-05-14,7,Oceania,J.2.3,0.0,0.0,0.0,0.0,11,1,0.0,0.0,0.0,1,0.0,0.0,0.0,1,0.0,0.0,0.0
emerging_haplotype,h3n2,region,2026-05-07,2026-05-21,14,Oceania,J.2.3,0.0,0.0,0.0,0.0,11,1,0.0,0.0,0.0,1,0.0,0.0,0.0,1,0.0,0.0,0.0
emerging_haplotype,h3n2,region,2026-05-07,2026-05-14,7,Oceania,J.2.4,0.0,0.0,0.0,4.285714285714286e-05,11,1,0.0,0.0,0.0,1,0.001,0.0,0.001,1,0.002,0.0,0.002
emerging_haplotype,h3n2,region,2026-05-07,2026-05-21,14,Oceania,J.2.4,0.0,0.0,0.0,4.285714285714286e-05,11,1,0.0,0.0,0.0,1,0.001,0.0,0.001,1,0.002,0.0,0.002
emerging_haplotype,h3n2,region,2026-05-07,2026-05-14,7,Oceania,J.2.4:79V,0.009,0.067,0.058,0.03277142857142857,11,0,0.018000000000000002,0.003,0.021,0,0.037,0.001,0.038,1,0.1,0.0,0.1
emerging_haplotype,h3n2,region,2026-05-07,2026-05-21,14,Oceania,J.2.4:79V,0.009,0.083,0.07400000000000001,0.04354285714285715,11,0,0.019,0.003,0.022,0,0.039,0.001,0.04,1,0.11,0.0,0.11
emerging_haplotype,h3n2,region,2026-05-07,2026-05-14,7,Oceania,K:145N,0.028,0.0,0.028,0.019107142857142857,11,0,0.034,0.016,0.05,0,0.067,0.011,0.078,0,0.10700000000000001,0.008,0.115
emerging_haplotype,h3n2,region,2026-05-07,2026-05-21,14,Oceania,K:145N,0.029,0.0,0.029,0.019185714285714285,11,0,0.034999999999999996,0.016,0.051,0,0.07,0.011,0.081,0,0.11599999999999999,0.007,0.123
emerging_haplotype,h3n2,region,2026-05-07,2026-05-14,7,Oceania,K:223I,0.045,0.0,0.045,0.026128571428571425,11,0,0.048999999999999995,0.025,0.074,0,0.10500000000000001,0.012,0.117,0,0.16799999999999998,0.005,0.173
emerging_haplotype,h3n2,region,2026-05-07,2026-05-21,14,Oceania,K:223I,0.047,0.0,0.047,0.027464285714285715,11,0,0.053000000000000005,0.026,0.079,0,0.117,0.012,0.129,0,0.187,0.005,0.192
emerging_haplotype,h3n2,region,2026-05-07,2026-05-14,7,Oceania,K:328S,0.01,0.0,0.01,0.006442857142857143,11,0,0.015,0.005,0.02,0,0.032999999999999995,0.003,0.036,0,0.06,0.001,0.061
emerging_haplotype,h3n2,region,2026-05-07,2026-05-21,14,Oceania,K:328S,0.01,0.0,0.01,0.006521428571428572,11,0,0.015,0.005,0.02,0,0.034999999999999996,0.003,0.038,0,0.063,0.001,0.064
emerging_haplotype,h3n2,region,2026-05-07,2026-05-14,7,Oceania,K:80K,0.188,0.0,0.188,0.14461428571428572,11,0,0.07899999999999999,0.157,0.236,0,0.14800000000000002,0.126,0.274,0,0.224,0.089,0.313
emerging_haplotype,h3n2,region,2026-05-07,2026-05-21,14,Oceania,K:80K,0.19,0.0,0.19,0.14495714285714284,11,0,0.08299999999999999,0.158,0.241,0,0.15699999999999997,0.125,0.282,0,0.23600000000000002,0.087,0.323
emerging_haplotype,h3n2,region,2026-05-07,2026-05-14,7,Oceania,K,0.683,0.933,0.25,0.19795714285714291,11,0,0.09399999999999997,0.631,0.725,0,0.15800000000000003,0.598,0.756,0,0.262,0.534,0.796
emerging_haplotype,h3n2,region,2026-05-07,2026-05-21,14,Oceania,K,0.673,0.917,0.244,0.18825000000000003,11,0,0.09699999999999998,0.62,0.717,0,0.16700000000000004,0.584,0.751,0,0.277,0.517,0.794
emerging_haplotype,h3n2,region,2026-05-07,2026-05-14,7,South America,J.2,0.001,0.0,0.001,0.0008357142857142858,11,0,0.001,0.001,0.002,0,0.001,0.001,0.002,1,0.003,0.0,0.003
emerging_haplotype,h3n2,region,2026-05-07,2026-05-21,14,South America,J.2,0.001,0.0,0.001,0.0005071428571428572,11,0,0.0,0.001,0.001,1,0.002,0.0,0.002,1,0.003,0.0,0.003
emerging_haplotype,h3n2,region,2026-05-07,2026-05-14,7,South America,J.2.2,0.0,0.0,0.0,0.0001142857142857143,11,1,0.001,0.0,0.001,1,0.001,0.0,0.001,1,0.002,0.0,0.002
emerging_haplotype,h3n2,region,2026-05-07,2026-05-21,14,South America,J.2.2,0.0,0.0,0.0,0.0001142857142857143,11,1,0.001,0.0,0.001,1,0.001,0.0,0.001,1,0.002,0.0,0.002
emerging_haplotype,h3n2,region,2026-05-07,2026-05-14,7,South America,J.2.3,0.0,0.0,0.0,0.0,11,1,0.0,0.0,0.0,1,0.0,0.0,0.0,1,0.0,0.0,0.0
emerging_haplotype,h3n2,region,2026-05-07,2026-05-21,14,South America,J.2.3,0.0,0.0,0.0,0.0,11,1,0.0,0.0,0.0,1,0.0,0.0,0.0,1,0.0,0.0,0.0
emerging_haplotype,h3n2,region,2026-05-07,2026-05-14,7,South America,J.2.4,0.0,0.0,0.0,0.0,11,1,0.0,0.0,0.0,1,0.0,0.0,0.0,1,0.0,0.0,0.0
emerging_haplotype,h3n2,region,2026-05-07,2026-05-21,14,South America,J.2.4,0.0,0.0,0.0,0.0,11,1,0.0,0.0,0.0,1,0.0,0.0,0.0,1,0.0,0.0,0.0
emerging_haplotype,h3n2,region,2026-05-07,2026-05-14,7,South America,J.2.4:79V,0.009,0.0,0.009,0.005457142857142857,11,0,0.009999999999999998,0.005,0.015,0,0.022,0.002,0.024,0,0.036,0.002,0.038
emerging_haplotype,h3n2,region,2026-05-07,2026-05-21,14,South America,J.2.4:79V,0.009,0.0,0.009,0.005007142857142857,11,0,0.011,0.004,0.015,0,0.023,0.002,0.025,0,0.039,0.001,0.04
emerging_haplotype,h3n2,region,2026-05-07,2026-05-14,7,South America,K:145N,0.018,0.009,0.009,0.005807142857142858,11,1,0.026000000000000002,0.008,0.034,1,0.059000000000000004,0.005,0.064,1,0.137,0.002,0.139
emerging_haplotype,h3n2,region,2026-05-07,2026-05-21,14,South America,K:145N,0.019,0.0,0.019,0.011971428571428572,11,0,0.028999999999999998,0.008,0.037,0,0.06999999999999999,0.004,0.074,0,0.166,0.002,0.168
emerging_haplotype,h3n2,region,2026-05-07,2026-05-14,7,South America,K:223I,0.009,0.028,0.019000000000000003,0.008314285714285715,11,0,0.012,0.004,0.016,0,0.025,0.002,0.027,1,0.044,0.001,0.045
emerging_haplotype,h3n2,region,2026-05-07,2026-05-21,14,South America,K:223I,0.009,0.043,0.033999999999999996,0.01827142857142857,11,0,0.012,0.005,0.017,0,0.027000000000000003,0.002,0.029,1,0.049999999999999996,0.001,0.051
emerging_haplotype,h3n2,region,2026-05-07,2026-05-14,7,South America,K:328S,0.064,0.038,0.026000000000000002,0.01407857142857143,11,1,0.07,0.038,0.108,1,0.131,0.022,0.153,1,0.227,0.007,0.234
emerging_haplotype,h3n2,region,2026-05-07,2026-05-21,14,South America,K:328S,0.072,0.0,0.072,0.04322142857142857,11,0,0.08299999999999999,0.042,0.125,0,0.157,0.024,0.181,0,0.273,0.006,0.279
emerging_haplotype,h3n2,region,2026-05-07,2026-05-14,7,South America,K:80K,0.0,0.0,0.0,5.714285714285716e-05,11,1,0.0,0.0,0.0,1,0.001,0.0,0.001,1,0.004,0.0,0.004
emerging_haplotype,h3n2,region,2026-05-07,2026-05-21,14,South America,K:80K,0.0,0.0,0.0,5.714285714285716e-05,11,1,0.0,0.0,0.0,1,0.001,0.0,0.001,1,0.004,0.0,0.004
emerging_haplotype,h3n2,region,2026-05-07,2026-05-14,7,South America,K,0.874,0.925,0.051000000000000045,0.023992857142857156,11,0,0.08500000000000008,0.825,0.91,1,0.16200000000000003,0.775,0.937,1,0.241,0.713,0.954
emerging_haplotype,h3n2,region,2026-05-07,2026-05-21,14,South America,K,0.862,0.957,0.09499999999999997,0.05133571428571424,11,0,0.10199999999999998,0.802,0.904,0,0.19600000000000006,0.738,0.934,0,0.2829999999999999,0.67,0.953
emerging_haplotype,h3n2,region,2026-05-07,2026-05-14,7,Southeast Asia,J.2,0.0,0.0,0.0,7.142857142857149e-06,11,1,0.0,0.0,0.0,1,0.0,0.0,0.0,1,0.001,0.0,0.001
emerging_haplotype,h3n2,region,2026-05-07,2026-05-21,14,Southeast Asia,J.2,0.0,0.0,0.0,7.142857142857149e-06,11,1,0.0,0.0,0.0,1,0.0,0.0,0.0,1,0.001,0.0,0.001
emerging_haplotype,h3n2,region,2026-05-07,2026-05-14,7,Southeast Asia,J.2.2,0.0,0.0,0.0,0.00023571428571428577,11,1,0.001,0.0,0.001,1,0.003,0.0,0.003,1,0.011,0.0,0.011
emerging_haplotype,h3n2,region,2026-05-07,2026-05-21,14,Southeast Asia,J.2.2,0.0,0.0,0.0,0.00022857142857142862,11,1,0.001,0.0,0.001,1,0.003,0.0,0.003,1,0.01,0.0,0.01
emerging_haplotype,h3n2,region,2026-05-07,2026-05-14,7,Southeast Asia,J.2.3,0.0,0.0,0.0,7.142857142857149e-06,11,1,0.0,0.0,0.0,1,0.0,0.0,0.0,1,0.001,0.0,0.001
emerging_haplotype,h3n2,region,2026-05-07,2026-05-21,14,Southeast Asia,J.2.3,0.0,0.0,0.0,7.142857142857149e-06,11,1,0.0,0.0,0.0,1,0.0,0.0,0.0,1,0.001,0.0,0.001
emerging_haplotype,h3n2,region,2026-05-07,2026-05-14,7,Southeast Asia,J.2.4,0.0,0.0,0.0,5.0000000000000016e-05,11,1,0.0,0.0,0.0,1,0.001,0.0,0.001,1,0.003,0.0,0.003
emerging_haplotype,h3n2,region,2026-05-07,2026-05-21,14,Southeast Asia,J.2.4,0.0,0.0,0.0,5.0000000000000016e-05,11,1,0.0,0.0,0.0,1,0.001,0.0,0.001,1,0.003,0.0,0.003
emerging_haplotype,h3n2,region,2026-05-07,2026-05-14,7,Southeast Asia,J.2.4:79V,0.002,0.0,0.002,0.0017071428571428572,11,0,0.006,0.001,0.007,1,0.016,0.0,0.016,1,0.035,0.0,0.035
emerging_haplotype,h3n2,region,2026-05-07,2026-05-21,14,Southeast Asia,J.2.4:79V,0.002,0.0,0.002,0.001635714285714286,11,0,0.005,0.001,0.006,1,0.016,0.0,0.016,1,0.035,0.0,0.035
emerging_haplotype,h3n2,region,2026-05-07,2026-05-14,7,Southeast Asia,K:145N,0.006,0.0,0.006,0.004392857142857144,11,0,0.015000000000000001,0.002,0.017,0,0.034,0.001,0.035,1,0.089,0.0,0.089
emerging_haplotype,h3n2,region,2026-05-07,2026-05-21,14,Southeast Asia,K:145N,0.005,0.0,0.005,0.004185714285714286,11,0,0.014,0.002,0.016,0,0.033,0.001,0.034,1,0.094,0.0,0.094
emerging_haplotype,h3n2,region,2026-05-07,2026-05-14,7,Southeast Asia,K:223I,0.374,0.0,0.374,0.2591428571428572,11,0,0.236,0.276,0.512,0,0.41300000000000003,0.206,0.619,0,0.588,0.123,0.711
emerging_haplotype,h3n2,region,2026-05-07,2026-05-21,14,Southeast Asia,K:223I,0.412,0.0,0.412,0.2823857142857143,11,0,0.25300000000000006,0.302,0.555,0,0.44500000000000006,0.225,0.67,0,0.624,0.132,0.756
emerging_haplotype,h3n2,region,2026-05-07,2026-05-14,7,Southeast Asia,K:328S,0.002,0.0,0.002,0.0019428571428571427,11,1,0.009,0.0,0.009,1,0.024,0.0,0.024,1,0.046,0.0,0.046
emerging_haplotype,h3n2,region,2026-05-07,2026-05-21,14,Southeast Asia,K:328S,0.002,0.0,0.002,0.0020357142857142857,11,1,0.009,0.0,0.009,1,0.026,0.0,0.026,1,0.051,0.0,0.051
emerging_haplotype,h3n2,region,2026-05-07,2026-05-14,7,Southeast Asia,K:80K,0.0,0.0,0.0,0.00010714285714285718,11,1,0.0,0.0,0.0,1,0.002,0.0,0.002,1,0.007,0.0,0.007
emerging_haplotype,h3n2,region,2026-05-07,2026-05-21,14,Southeast Asia,K:80K,0.0,0.0,0.0,7.857142857142861e-05,11,1,0.0,0.0,0.0,1,0.001,0.0,0.001,1,0.007,0.0,0.007
emerging_haplotype,h3n2,region,2026-05-07,2026-05-14,7,Southeast Asia,K,0.582,1.0,0.41800000000000004,0.2996142857142857,11,0,0.21900000000000003,0.462,0.681,0,0.42600000000000005,0.346,0.772,0,0.532,0.286,0.818
emerging_haplotype,h3n2,region,2026-05-07,2026-05-21,14,Southeast Asia,K,0.544,1.0,0.45599999999999996,0.3242357142857143,11,0,0.23500000000000004,0.42,0.655,0,0.45,0.301,0.751,0,0.5630000000000001,0.242,0.805
emerging_haplotype,h3n2,region,2026-05-07,2026-05-14,7,West Asia,J.2,0.0,0.0,0.0,0.0,11,1,0.0,0.0,0.0,1,0.0,0.0,0.0,1,0.0,0.0,0.0
emerging_haplotype,h3n2,region,2026-05-07,2026-05-21,14,West Asia,J.2,0.0,0.0,0.0,0.0,11,1,0.0,0.0,0.0,1,0.0,0.0,0.0,1,0.0,0.0,0.0
emerging_haplotype,h3n2,region,2026-05-07,2026-05-14,7,West Asia,J.2.2,0.0,0.0,0.0,0.00012142857142857146,11,1,0.001,0.0,0.001,1,0.001,0.0,0.001,1,0.003,0.0,0.003
emerging_haplotype,h3n2,region,2026-05-07,2026-05-21,14,West Asia,J.2.2,0.0,0.0,0.0,5.0000000000000016e-05,11,1,0.0,0.0,0.0,1,0.001,0.0,0.001,1,0.003,0.0,0.003
emerging_haplotype,h3n2,region,2026-05-07,2026-05-14,7,West Asia,J.2.3,0.0,0.0,0.0,7.142857142857149e-06,11,1,0.0,0.0,0.0,1,0.0,0.0,0.0,1,0.001,0.0,0.001
emerging_haplotype,h3n2,region,2026-05-07,2026-05-21,14,West Asia,J.2.3,0.0,0.0,0.0,7.142857142857149e-06,11,1,0.0,0.0,0.0,1,0.0,0.0,0.0,1,0.001,0.0,0.001
emerging_haplotype,h3n2,region,2026-05-07,2026-05-14,7,West Asia,J.2.4,0.0,0.0,0.0,0.0,11,1,0.0,0.0,0.0,1,0.0,0.0,0.0,1,0.0,0.0,0.0
emerging_haplotype,h3n2,region,2026-05-07,2026-05-21,14,West Asia,J.2.4,0.0,0.0,0.0,0.0,11,1,0.0,0.0,0.0,1,0.0,0.0,0.0,1,0.0,0.0,0.0
emerging_haplotype,h3n2,region,2026-05-07,2026-05-14,7,West Asia,J.2.4:79V,0.0,0.0,0.0,4.285714285714286e-05,11,1,0.0,0.0,0.0,1,0.001,0.0,0.001,1,0.002,0.0,0.002
emerging_haplotype,h3n2,region,2026-05-07,2026-05-21,14,West Asia,J.2.4:79V,0.0,0.0,0.0,3.571428571428572e-05,11,1,0.0,0.0,0.0,1,0.001,0.0,0.001,1,0.001,0.0,0.001
emerging_haplotype,h3n2,region,2026-05-07,2026-05-14,7,West Asia,K:145N,0.002,0.0,0.002,0.0014285714285714284,11,0,0.004,0.001,0.005,0,0.007,0.001,0.008,1,0.012,0.0,0.012
emerging_haplotype,h3n2,region,2026-05-07,2026-05-21,14,West Asia,K:145N,0.002,0.0,0.002,0.0010642857142857142,11,0,0.003,0.001,0.004,1,0.007,0.0,0.007,1,0.011,0.0,0.011
emerging_haplotype,h3n2,region,2026-05-07,2026-05-14,7,West Asia,K:223I,0.736,0.0,0.736,0.5984214285714285,11,0,0.15700000000000003,0.647,0.804,0,0.279,0.565,0.844,0,0.453,0.436,0.889
emerging_haplotype,h3n2,region,2026-05-07,2026-05-21,14,West Asia,K:223I,0.764,0.0,0.764,0.6264214285714286,11,0,0.15599999999999992,0.676,0.832,0,0.273,0.595,0.868,0,0.447,0.462,0.909
emerging_haplotype,h3n2,region,2026-05-07,2026-05-14,7,West Asia,K:328S,0.0,0.0,0.0,0.0002785714285714287,11,1,0.001,0.0,0.001,1,0.003,0.0,0.003,1,0.017,0.0,0.017
emerging_haplotype,h3n2,region,2026-05-07,2026-05-21,14,West Asia,K:328S,0.0,0.0,0.0,0.0002857142857142858,11,1,0.001,0.0,0.001,1,0.003,0.0,0.003,1,0.018,0.0,0.018
emerging_haplotype,h3n2,region,2026-05-07,2026-05-14,7,West Asia,K:80K,0.008,0.0,0.008,0.005992857142857144,11,0,0.023,0.002,0.025,0,0.047,0.001,0.048,1,0.141,0.0,0.141
emerging_haplotype,h3n2,region,2026-05-07,2026-05-21,14,West Asia,K:80K,0.008,0.0,0.008,0.005985714285714286,11,0,0.022,0.002,0.024,0,0.046,0.001,0.047,1,0.154,0.0,0.154
emerging_haplotype,h3n2,region,2026-05-07,2026-05-14,7,West Asia,K,0.236,1.0,0.764,0.6418857142857143,11,0,0.137,0.181,0.318,0,0.232,0.141,0.373,0,0.406,0.106,0.512
emerging_haplotype,h3n2,region,2026-05-07,2026-05-21,14,West Asia,K,0.207,1.0,0.793,0.6708214285714285,11,0,0.13199999999999998,0.154,0.286,0,0.22400000000000003,0.118,0.342,0,0.399,0.087,0.486
emerging_haplotype,h3n2,region,2026-07-02,2026-07-09,7,Africa,J.2.2,0.001,0.0,0.001,0.0003071428571428571,11,1,0.001,0.0,0.001,1,0.002,0.0,0.002,1,0.005,0.0,0.005
emerging_haplotype,h3n2,region,2026-07-02,2026-07-09,7,Africa,J.2.3,0.0,0.0,0.0,0.0,11,1,0.0,0.0,0.0,1,0.0,0.0,0.0,1,0.0,0.0,0.0
emerging_haplotype,h3n2,region,2026-07-02,2026-07-09,7,Africa,J.2.4,0.001,0.0,0.001,0.00030000000000000003,11,1,0.001,0.0,0.001,1,0.002,0.0,0.002,1,0.004,0.0,0.004
emerging_haplotype,h3n2,region,2026-07-02,2026-07-09,7,Africa,J.2.4:79V,0.0,0.0,0.0,0.00015714285714285716,11,1,0.001,0.0,0.001,1,0.002,0.0,0.002,1,0.004,0.0,0.004
emerging_haplotype,h3n2,region,2026-07-02,2026-07-09,7,Africa,K:145N,0.21,0.0,0.21,0.16894285714285712,11,0,0.08200000000000002,0.175,0.257,0,0.15,0.146,0.296,0,0.23199999999999998,0.124,0.356
emerging_haplotype,h3n2,region,2026-07-02,2026-07-09,7,Africa,K:223I,0.179,0.0,0.179,0.13143571428571427,11,0,0.091,0.138,0.229,0,0.177,0.107,0.284,0,0.283,0.078,0.361
emerging_haplotype,h3n2,region,2026-07-02,2026-07-09,7,Africa,K:328T,0.011,0.0,0.011,0.006928571428571429,11,0,0.013,0.006,0.019,0,0.025,0.004,0.029,0,0.04,0.002,0.042
emerging_haplotype,h3n2,region,2026-07-02,2026-07-09,7,Africa,K:79I-207Q,0.281,0.0,0.281,0.21950714285714287,11,0,0.10200000000000001,0.228,0.33,0,0.178,0.194,0.372,0,0.259,0.156,0.415
emerging_haplotype,h3n2,region,2026-07-02,2026-07-09,7,Africa,K:96R,0.009,0.0,0.009,0.006257142857142857,11,0,0.01,0.006,0.016,0,0.021,0.004,0.025,0,0.032,0.002,0.034
emerging_haplotype,h3n2,region,2026-07-02,2026-07-09,7,Africa,K,0.285,1.0,0.7150000000000001,0.6718785714285714,11,0,0.068,0.247,0.315,0,0.11699999999999997,0.229,0.346,0,0.175,0.203,0.378
emerging_haplotype,h3n2,region,2026-07-02,2026-07-09,7,Europe,J.2.2,0.013,0.0,0.013,0.008407142857142858,11,0,0.018000000000000002,0.007,0.025,0,0.036000000000000004,0.004,0.04,0,0.073,0.002,0.075
emerging_haplotype,h3n2,region,2026-07-02,2026-07-09,7,Europe,J.2.3,0.009,0.0,0.009,0.005692857142857143,11,0,0.012,0.005,0.017,0,0.024,0.003,0.027,0,0.041,0.001,0.042
emerging_haplotype,h3n2,region,2026-07-02,2026-07-09,7,Europe,J.2.4,0.0,0.0,0.0,0.00020000000000000004,11,1,0.001,0.0,0.001,1,0.003,0.0,0.003,1,0.006,0.0,0.006
emerging_haplotype,h3n2,region,2026-07-02,2026-07-09,7,Europe,J.2.4:79V,0.053,0.0,0.053,0.03501428571428571,11,0,0.03200000000000001,0.037,0.069,0,0.063,0.028,0.091,0,0.11,0.014,0.124
emerging_haplotype,h3n2,region,2026-07-02,2026-07-09,7,Europe,K:145N,0.065,0.0,0.065,0.045471428571428565,11,0,0.039999999999999994,0.048,0.088,0,0.097,0.032,0.129,0,0.158,0.023,0.181
emerging_haplotype,h3n2,region,2026-07-02,2026-07-09,7,Europe,K:223I,0.06,0.0,0.06,0.04417142857142857,11,0,0.048,0.043,0.091,0,0.10700000000000001,0.032,0.139,0,0.156,0.023,0.179
emerging_haplotype,h3n2,region,2026-07-02,2026-07-09,7,Europe,K:328T,0.043,0.0,0.043,0.02857857142857143,11,0,0.038000000000000006,0.028,0.066,0,0.06799999999999999,0.02,0.088,0,0.129,0.011,0.14
emerging_haplotype,h3n2,region,2026-07-02,2026-07-09,7,Europe,K:79I-207Q,0.24,0.0,0.24,0.17122857142857142,11,0,0.10699999999999998,0.181,0.288,0,0.206,0.144,0.35,0,0.31799999999999995,0.099,0.417
emerging_haplotype,h3n2,region,2026-07-02,2026-07-09,7,Europe,K:96R,0.282,1.0,0.718,0.6047571428571429,11,0,0.163,0.209,0.372,0,0.275,0.161,0.436,0,0.376,0.136,0.512
emerging_haplotype,h3n2,region,2026-07-02,2026-07-09,7,Europe,K,0.17,0.0,0.17,0.14242857142857143,11,0,0.05499999999999999,0.15,0.205,0,0.1,0.13,0.23,0,0.15000000000000002,0.106,0.256
emerging_haplotype,h3n2,region,2026-07-02,2026-07-09,7,North America,J.2.2,0.0,0.0,0.0,4.285714285714286e-05,11,1,0.0,0.0,0.0,1,0.001,0.0,0.001,1,0.002,0.0,0.002
emerging_haplotype,h3n2,region,2026-07-02,2026-07-09,7,North America,J.2.3,0.007,0.0,0.007,0.004514285714285714,11,0,0.003999999999999999,0.005,0.009,0,0.009000000000000001,0.003,0.012,0,0.016,0.002,0.018
emerging_haplotype,h3n2,region,2026-07-02,2026-07-09,7,North America,J.2.4,0.0,0.0,0.0,0.00017142857142857148,11,1,0.001,0.0,0.001,1,0.002,0.0,0.002,1,0.006,0.0,0.006
emerging_haplotype,h3n2,region,2026-07-02,2026-07-09,7,North America,J.2.4:79V,0.201,0.066,0.135,0.10688571428571429,11,0,0.038000000000000006,0.181,0.219,0,0.07999999999999999,0.16,0.24,0,0.12400000000000003,0.143,0.267
emerging_haplotype,h3n2,region,2026-07-02,2026-07-09,7,North America,K:145N,0.012,0.0,0.012,0.007335714285714286,11,0,0.011,0.007,0.018,0,0.020999999999999998,0.005,0.026,0,0.033,0.002,0.035
emerging_haplotype,h3n2,region,2026-07-02,2026-07-09,7,North America,K:223I,0.067,0.02,0.047,0.029064285714285716,11,0,0.029000000000000005,0.051,0.08,0,0.057,0.04,0.097,0,0.091,0.032,0.123
emerging_haplotype,h3n2,region,2026-07-02,2026-07-09,7,North America,K:328T,0.03,0.0,0.03,0.020071428571428573,11,0,0.02,0.021,0.041,0,0.038,0.015,0.053,0,0.058,0.009,0.067
emerging_haplotype,h3n2,region,2026-07-02,2026-07-09,7,North America,K:79I-207Q,0.002,0.0,0.002,0.001092857142857143,11,0,0.003,0.001,0.004,1,0.007,0.0,0.007,1,0.015,0.0,0.015
emerging_haplotype,h3n2,region,2026-07-02,2026-07-09,7,North America,K:96R,0.067,0.0,0.067,0.050692857142857144,11,0,0.036,0.052,0.088,0,0.066,0.041,0.107,0,0.093,0.033,0.126
emerging_haplotype,h3n2,region,2026-07-02,2026-07-09,7,North America,K,0.597,0.914,0.31700000000000006,0.2751214285714286,11,0,0.05600000000000005,0.573,0.629,0,0.10599999999999998,0.549,0.655,0,0.15300000000000002,0.529,0.682
emerging_haplotype,h3n2,region,2026-07-02,2026-07-09,7,Oceania,J.2.2,0.0,0.0,0.0,1.4285714285714297e-05,11,1,0.0,0.0,0.0,1,0.0,0.0,0.0,1,0.002,0.0,0.002
emerging_haplotype,h3n2,region,2026-07-02,2026-07-09,7,Oceania,J.2.3,0.0,0.0,0.0,0.0,11,1,0.0,0.0,0.0,1,0.0,0.0,0.0,1,0.0,0.0,0.0
emerging_haplotype,h3n2,region,2026-07-02,2026-07-09,7,Oceania,J.2.4,0.002,0.0,0.002,0.0019571428571428574,11,0,0.006,0.001,0.007,1,0.02,0.0,0.02,1,0.054,0.0,0.054
emerging_haplotype,h3n2,region,2026-07-02,2026-07-09,7,Oceania,J.2.4:79V,0.007,0.0,0.007,0.004728571428571429,11,0,0.019000000000000003,0.002,0.021,0,0.037,0.001,0.038,1,0.064,0.0,0.064
emerging_haplotype,h3n2,region,2026-07-02,2026-07-09,7,Oceania,K:145N,0.117,0.343,0.22600000000000003,0.14832142857142858,11,0,0.083,0.081,0.164,0,0.16,0.054,0.214,0,0.255,0.033,0.288
emerging_haplotype,h3n2,region,2026-07-02,2026-07-09,7,Oceania,K:223I,0.01,0.171,0.161,0.13555,11,0,0.015,0.005,0.02,0,0.033999999999999996,0.002,0.036,0,0.071,0.001,0.072
emerging_haplotype,h3n2,region,2026-07-02,2026-07-09,7,Oceania,K:328T,0.088,0.143,0.05499999999999999,0.02142857142857142,11,0,0.08800000000000002,0.051,0.139,1,0.151,0.03,0.181,1,0.256,0.015,0.271
emerging_haplotype,h3n2,region,2026-07-02,2026-07-09,7,Oceania,K:79I-207Q,0.024,0.0,0.024,0.013878571428571431,11,0,0.028000000000000004,0.013,0.041,0,0.064,0.005,0.069,0,0.127,0.002,0.129
emerging_haplotype,h3n2,region,2026-07-02,2026-07-09,7,Oceania,K:96R,0.523,0.086,0.43700000000000006,0.3136,11,0,0.178,0.429,0.607,0,0.339,0.333,0.672,0,0.468,0.285,0.753
emerging_haplotype,h3n2,region,2026-07-02,2026-07-09,7,Oceania,K,0.167,0.257,0.09,0.03642857142857143,11,0,0.08199999999999999,0.135,0.217,1,0.15800000000000003,0.107,0.265,1,0.248,0.084,0.332
emerging_haplotype,h3n2,region,2026-07-02,2026-07-09,7,South America,J.2.2,0.0,0.0,0.0,3.571428571428572e-05,11,1,0.0,0.0,0.0,1,0.001,0.0,0.001,1,0.001,0.0,0.001
emerging_haplotype,h3n2,region,2026-07-02,2026-07-09,7,South America,J.2.3,0.0,0.0,0.0,0.0,11,1,0.0,0.0,0.0,1,0.0,0.0,0.0,1,0.0,0.0,0.0
emerging_haplotype,h3n2,region,2026-07-02,2026-07-09,7,South America,J.2.4,0.001,0.0,0.001,0.0004428571428571429,11,1,0.002,0.0,0.002,1,0.004,0.0,0.004,1,0.006,0.0,0.006
emerging_haplotype,h3n2,region,2026-07-02,2026-07-09,7,South America,J.2.4:79V,0.007,0.0,0.007,0.005028571428571428,11,0,0.005999999999999999,0.005,0.011,0,0.011,0.004,0.015,0,0.019999999999999997,0.002,0.022
emerging_haplotype,h3n2,region,2026-07-02,2026-07-09,7,South America,K:145N,0.025,0.0,0.025,0.016264285714285714,11,0,0.023,0.016,0.039,0,0.03900000000000001,0.011,0.05,0,0.071,0.006,0.077
emerging_haplotype,h3n2,region,2026-07-02,2026-07-09,7,South America,K:223I,0.024,0.062,0.038,0.02130714285714286,11,0,0.018000000000000002,0.014,0.032,0,0.035,0.011,0.046,1,0.063,0.006,0.069
emerging_haplotype,h3n2,region,2026-07-02,2026-07-09,7,South America,K:328T,0.158,0.188,0.03,0.013842857142857145,11,1,0.064,0.129,0.193,1,0.126,0.102,0.228,1,0.194,0.083,0.277
emerging_haplotype,h3n2,region,2026-07-02,2026-07-09,7,South America,K:79I-207Q,0.003,0.0,0.003,0.0018857142857142857,11,0,0.006,0.001,0.007,1,0.018,0.0,0.018,1,0.032,0.0,0.032
emerging_haplotype,h3n2,region,2026-07-02,2026-07-09,7,South America,K:96R,0.376,0.125,0.251,0.19295714285714285,11,0,0.10399999999999998,0.323,0.427,0,0.188,0.299,0.487,0,0.28200000000000003,0.251,0.533
emerging_haplotype,h3n2,region,2026-07-02,2026-07-09,7,South America,K,0.38,0.625,0.245,0.19345714285714286,11,0,0.07400000000000001,0.349,0.423,0,0.139,0.31,0.449,0,0.20799999999999996,0.278,0.486
emerging_haplotype,h3n2,region,2026-07-02,2026-07-09,7,Southeast Asia,J.2.2,0.003,0.0,0.003,0.0027428571428571437,11,0,0.009000000000000001,0.001,0.01,1,0.029,0.0,0.029,1,0.078,0.0,0.078
emerging_haplotype,h3n2,region,2026-07-02,2026-07-09,7,Southeast Asia,J.2.3,0.0,0.0,0.0,7.142857142857149e-06,11,1,0.0,0.0,0.0,1,0.0,0.0,0.0,1,0.001,0.0,0.001
emerging_haplotype,h3n2,region,2026-07-02,2026-07-09,7,Southeast Asia,J.2.4,0.0,0.0,0.0,0.0002714285714285715,11,1,0.001,0.0,0.001,1,0.003,0.0,0.003,1,0.016,0.0,0.016
emerging_haplotype,h3n2,region,2026-07-02,2026-07-09,7,Southeast Asia,J.2.4:79V,0.001,0.0,0.001,0.0012142857142857146,11,1,0.003,0.0,0.003,1,0.014,0.0,0.014,1,0.064,0.0,0.064
emerging_haplotype,h3n2,region,2026-07-02,2026-07-09,7,Southeast Asia,K:145N,0.01,0.0,0.01,0.0066357142857142865,11,0,0.023,0.002,0.025,0,0.057999999999999996,0.001,0.059,1,0.147,0.0,0.147
emerging_haplotype,h3n2,region,2026-07-02,2026-07-09,7,Southeast Asia,K:223I,0.026,0.0,0.026,0.016507142857142856,11,0,0.044,0.011,0.055,0,0.105,0.004,0.109,0,0.211,0.003,0.214
emerging_haplotype,h3n2,region,2026-07-02,2026-07-09,7,Southeast Asia,K:328T,0.039,0.0,0.039,0.02551428571428572,11,0,0.079,0.017,0.096,0,0.183,0.006,0.189,0,0.27,0.002,0.272
emerging_haplotype,h3n2,region,2026-07-02,2026-07-09,7,Southeast Asia,K:79I-207Q,0.028,0.0,0.028,0.018392857142857145,11,0,0.065,0.01,0.075,0,0.143,0.003,0.146,0,0.233,0.001,0.234
emerging_haplotype,h3n2,region,2026-07-02,2026-07-09,7,Southeast Asia,K:96R,0.559,0.0,0.559,0.33775714285714287,11,0,0.29000000000000004,0.39,0.68,0,0.579,0.247,0.826,0,0.77,0.116,0.886
emerging_haplotype,h3n2,region,2026-07-02,2026-07-09,7,Southeast Asia,K,0.214,1.0,0.786,0.6016642857142857,11,0,0.194,0.128,0.322,0,0.385,0.082,0.467,0,0.5529999999999999,0.046,0.599
emerging_haplotype,h1n1pdm,region,2025-12-23,2025-12-30,7,China,C.1.9,0.031,0.0,0.031,0.021221428571428568,7,0,0.06,0.014,0.074,0,0.131,0.006,0.137,0,0.307,0.003,0.31
emerging_haplotype,h1n1pdm,region,2025-12-23,2025-12-30,7,China,C.1.9.3,0.038,0.0,0.038,0.022464285714285714,7,0,0.061,0.017,0.078,0,0.127,0.007,0.134,0,0.227,0.002,0.229
emerging_haplotype,h1n1pdm,region,2025-12-23,2025-12-30,7,China,D.3.1.1,0.168,0.5,0.33199999999999996,0.13520714285714286,7,0,0.273,0.059,0.332,1,0.527,0.027,0.554,1,0.731,0.01,0.741
emerging_haplotype,h1n1pdm,region,2025-12-23,2025-12-30,7,China,D.3.1.1:205K,0.129,0.0,0.129,0.06984285714285714,7,0,0.27,0.036,0.306,0,0.451,0.014,0.465,0,0.614,0.002,0.616
emerging_haplotype,h1n1pdm,region,2025-12-23,2025-12-30,7,China,D.3.1:270A,0.0,0.0,0.0,0.0010928571428571435,7,1,0.002,0.0,0.002,1,0.013,0.0,0.013,1,0.081,0.0,0.081
emerging_haplotype,h1n1pdm,region,2025-12-23,2025-12-30,7,China,D.3.1,0.426,0.5,0.07400000000000001,0.04779285714285714,7,1,0.25199999999999995,0.313,0.565,1,0.5009999999999999,0.197,0.698,1,0.687,0.117,0.804
emerging_haplotype,h1n1pdm,region,2025-12-23,2025-12-30,7,Europe,C.1.9,0.0,0.0,0.0,0.0,7,1,0.0,0.0,0.0,1,0.0,0.0,0.0,1,0.0,0.0,0.0
emerging_haplotype,h1n1pdm,region,2025-12-23,2025-12-30,7,Europe,C.1.9.3,0.004,0.0,0.004,0.0024714285714285715,7,0,0.003,0.002,0.005,0,0.006,0.002,0.008,0,0.012,0.001,0.013
emerging_haplotype,h1n1pdm,region,2025-12-23,2025-12-30,7,Europe,D.3.1.1,0.829,0.892,0.06300000000000006,0.027350000000000013,7,0,0.08599999999999997,0.785,0.871,0,0.136,0.753,0.889,1,0.20500000000000007,0.708,0.913
emerging_haplotype,h1n1pdm,region,2025-12-23,2025-12-30,7,Europe,D.3.1.1:205K,0.147,0.061,0.086,0.043492857142857146,7,0,0.08700000000000001,0.103,0.19,0,0.14400000000000002,0.084,0.228,0,0.203,0.064,0.267
emerging_haplotype,h1n1pdm,region,2025-12-23,2025-12-30,7,Europe,D.3.1:270A,0.0,0.0,0.0,0.0001142857142857143,7,1,0.001,0.0,0.001,1,0.001,0.0,0.001,1,0.002,0.0,0.002
emerging_haplotype,h1n1pdm,region,2025-12-23,2025-12-30,7,Europe,D.3.1,0.02,0.047,0.027,0.021900000000000003,7,0,0.005999999999999998,0.017,0.023,0,0.012,0.015,0.027,0,0.018000000000000002,0.013,0.031
emerging_haplotype,h1n1pdm,region,2025-12-23,2025-12-30,7,North America,C.1.9,0.0,0.0,0.0,7.142857142857149e-06,7,1,0.0,0.0,0.0,1,0.0,0.0,0.0,1,0.001,0.0,0.001
emerging_haplotype,h1n1pdm,region,2025-12-23,2025-12-30,7,North America,C.1.9.3,0.01,0.0,0.01,0.006678571428571429,7,0,0.01,0.006,0.016,0,0.021,0.004,0.025,0,0.031000000000000003,0.003,0.034
emerging_haplotype,h1n1pdm,region,2025-12-23,2025-12-30,7,North America,D.3.1.1,0.606,0.385,0.22099999999999997,0.14993571428571428,7,0,0.10399999999999998,0.554,0.658,0,0.18499999999999994,0.518,0.703,0,0.311,0.445,0.756
emerging_haplotype,h1n1pdm,region,2025-12-23,2025-12-30,7,North America,D.3.1.1:205K,0.061,0.077,0.016,0.012285714285714287,7,1,0.065,0.036,0.101,1,0.134,0.021,0.155,1,0.214,0.01,0.224
emerging_haplotype,h1n1pdm,region,2025-12-23,2025-12-30,7,North America,D.3.1:270A,0.002,0.077,0.075,0.06502857142857142,7,0,0.005,0.001,0.006,0,0.012,0.0,0.012,0,0.026,0.0,0.026
emerging_haplotype,h1n1pdm,region,2025-12-23,2025-12-30,7,North America,D.3.1,0.292,0.462,0.17000000000000004,0.1138857142857143,7,0,0.08600000000000002,0.253,0.339,0,0.158,0.22,0.378,0,0.21200000000000002,0.186,0.398
emerging_haplotype,h1n1pdm,region,2025-12-23,2025-12-30,7,Oceania,C.1.9,0.0,0.0,0.0,5.0000000000000016e-05,7,1,0.0,0.0,0.0,1,0.001,0.0,0.001,1,0.003,0.0,0.003
emerging_haplotype,h1n1pdm,region,2025-12-23,2025-12-30,7,Oceania,C.1.9.3,0.0,0.0,0.0,0.0001142857142857143,7,1,0.001,0.0,0.001,1,0.001,0.0,0.001,1,0.002,0.0,0.002
emerging_haplotype,h1n1pdm,region,2025-12-23,2025-12-30,7,Oceania,D.3.1.1,0.436,0.5,0.064,0.03755000000000001,7,1,0.20500000000000002,0.337,0.542,1,0.361,0.265,0.626,1,0.483,0.205,0.688
emerging_haplotype,h1n1pdm,region,2025-12-23,2025-12-30,7,Oceania,D.3.1.1:205K,0.008,0.0,0.008,0.005735714285714287,7,0,0.02,0.003,0.023,0,0.048,0.001,0.049,1,0.091,0.0,0.091
emerging_haplotype,h1n1pdm,region,2025-12-23,2025-12-30,7,Oceania,D.3.1:270A,0.366,0.0,0.366,0.2567214285714286,7,0,0.20399999999999996,0.272,0.476,0,0.36000000000000004,0.201,0.561,0,0.501,0.143,0.644
emerging_haplotype,h1n1pdm,region,2025-12-23,2025-12-30,7,Oceania,D.3.1,0.16,0.5,0.33999999999999997,0.28014285714285714,7,0,0.07300000000000001,0.126,0.199,0,0.15,0.095,0.245,0,0.20999999999999996,0.074,0.284
emerging_haplotype,h1n1pdm,region,2025-12-23,2025-12-30,7,South America,C.1.9,0.0,0.0,0.0,1.4285714285714297e-05,7,1,0.0,0.0,0.0,1,0.0,0.0,0.0,1,0.002,0.0,0.002
emerging_haplotype,h1n1pdm,region,2025-12-23,2025-12-30,7,South America,C.1.9.3,0.0,0.0,0.0,0.00022142857142857158,7,1,0.0,0.0,0.0,1,0.002,0.0,0.002,1,0.023,0.0,0.023
emerging_haplotype,h1n1pdm,region,2025-12-23,2025-12-30,7,South America,D.3.1.1,0.919,1.0,0.08099999999999996,0.05653571428571429,7,0,0.23099999999999998,0.743,0.974,0,0.45499999999999996,0.536,0.991,0,0.645,0.352,0.997
emerging_haplotype,h1n1pdm,region,2025-12-23,2025-12-30,7,South America,D.3.1.1:205K,0.0,0.0,0.0,0.0016428571428571434,7,1,0.004,0.0,0.004,1,0.026,0.0,0.026,1,0.086,0.0,0.086
emerging_haplotype,h1n1pdm,region,2025-12-23,2025-12-30,7,South America,D.3.1:270A,0.0,0.0,0.0,0.00027857142857142864,7,1,0.001,0.0,0.001,1,0.004,0.0,0.004,1,0.013,0.0,0.013
emerging_haplotype,h1n1pdm,region,2025-12-23,2025-12-30,7,South America,D.3.1,0.073,0.0,0.073,0.05101428571428571,7,0,0.211,0.026,0.237,0,0.392,0.008,0.4,0,0.564,0.002,0.566
emerging_haplotype,h1n1pdm,region,2026-02-19,2026-02-26,7,Africa,C.1.9.3,0.007,0.0,0.007,0.004428571428571428,8,0,0.009,0.004,0.013,0,0.019999999999999997,0.002,0.022,0,0.03,0.001,0.031
emerging_haplotype,h1n1pdm,region,2026-02-19,2026-03-05,14,Africa,C.1.9.3,0.006,0.0,0.006,0.003821428571428572,8,0,0.008,0.003,0.011,0,0.017,0.002,0.019,0,0.027,0.001,0.028
emerging_haplotype,h1n1pdm,region,2026-02-19,2026-03-12,21,Africa,C.1.9.3,0.005,0.0,0.005,0.0026714285714285716,8,0,0.006999999999999999,0.002,0.009,0,0.015,0.001,0.016,1,0.024,0.0,0.024
emerging_haplotype,h1n1pdm,region,2026-02-19,2026-03-19,28,Africa,C.1.9.3,0.004,0.0,0.004,0.0023142857142857145,8,0,0.005,0.002,0.007,0,0.013000000000000001,0.001,0.014,1,0.022,0.0,0.022
emerging_haplotype,h1n1pdm,region,2026-02-19,2026-03-26,35,Africa,C.1.9.3,0.003,0.0,0.003,0.0017785714285714286,8,0,0.005,0.001,0.006,0,0.009999999999999998,0.001,0.011,1,0.019,0.0,0.019
emerging_haplotype,h1n1pdm,region,2026-02-19,2026-04-02,42,Africa,C.1.9.3,0.002,0.0,0.002,0.0012285714285714285,8,0,0.004,0.001,0.005,1,0.009,0.0,0.009,1,0.016,0.0,0.016
emerging_haplotype,h1n1pdm,region,2026-02-19,2026-04-09,49,Africa,C.1.9.3,0.002,0.0,0.002,0.0011142857142857144,8,0,0.003,0.001,0.004,1,0.008,0.0,0.008,1,0.014,0.0,0.014
emerging_haplotype,h1n1pdm,region,2026-02-19,2026-04-16,56,Africa,C.1.9.3,0.002,0.0,0.002,0.001,8,0,0.002,0.001,0.003,1,0.007,0.0,0.007,1,0.012,0.0,0.012
emerging_haplotype,h1n1pdm,region,2026-02-19,2026-04-23,63,Africa,C.1.9.3,0.001,0.0,0.001,0.0006071428571428572,8,1,0.003,0.0,0.003,1,0.006,0.0,0.006,1,0.011,0.0,0.011
emerging_haplotype,h1n1pdm,region,2026-02-19,2026-02-26,7,Africa,D.3.1,0.042,0.492,0.45,0.4120642857142857,8,0,0.034,0.029,0.063,0,0.06999999999999999,0.021,0.091,0,0.109,0.014,0.123
emerging_haplotype,h1n1pdm,region,2026-02-19,2026-03-05,14,Africa,D.3.1,0.035,0.484,0.44899999999999995,0.4139428571428571,8,0,0.03,0.023,0.053,0,0.063,0.017,0.08,0,0.1,0.011,0.111
emerging_haplotype,h1n1pdm,region,2026-02-19,2026-03-12,21,Africa,D.3.1,0.029,0.491,0.46199999999999997,0.43010714285714285,8,0,0.026,0.019,0.045,0,0.05600000000000001,0.013,0.069,0,0.091,0.008,0.099
emerging_haplotype,h1n1pdm,region,2026-02-19,2026-03-19,28,Africa,D.3.1,0.023,0.5,0.477,0.44699285714285714,8,0,0.024,0.015,0.039,0,0.048999999999999995,0.01,0.059,0,0.08299999999999999,0.006,0.089
emerging_haplotype,h1n1pdm,region,2026-02-19,2026-03-26,35,Africa,D.3.1,0.019,0.5,0.481,0.45397142857142864,8,0,0.021,0.012,0.033,0,0.043,0.008,0.051,0,0.074,0.005,0.079
emerging_haplotype,h1n1pdm,region,2026-02-19,2026-04-02,42,Africa,D.3.1,0.015,0.475,0.45999999999999996,0.43492857142857133,8,0,0.019000000000000003,0.009,0.028,0,0.038,0.006,0.044,0,0.06799999999999999,0.003,0.071
emerging_haplotype,h1n1pdm,region,2026-02-19,2026-04-09,49,Africa,D.3.1,0.012,0.35,0.33799999999999997,0.31540714285714283,8,0,0.016,0.007,0.023,0,0.034,0.004,0.038,0,0.061,0.002,0.063
emerging_haplotype,h1n1pdm,region,2026-02-19,2026-04-16,56,Africa,D.3.1,0.01,0.333,0.323,0.3026785714285714,8,0,0.014,0.006,0.02,0,0.030000000000000002,0.003,0.033,0,0.055,0.001,0.056
emerging_haplotype,h1n1pdm,region,2026-02-19,2026-04-23,63,Africa,D.3.1,0.008,0.0,0.008,0.005371428571428571,8,0,0.012,0.005,0.017,0,0.026000000000000002,0.002,0.028,0,0.048,0.001,0.049
emerging_haplotype,h1n1pdm,region,2026-02-19,2026-02-26,7,Africa,D.3.1.1:139N,0.002,0.017,0.015000000000000001,0.008421428571428571,8,1,0.019,0.0,0.019,1,0.111,0.0,0.111,1,0.245,0.0,0.245
emerging_haplotype,h1n1pdm,region,2026-02-19,2026-03-05,14,Africa,D.3.1.1:139N,0.002,0.016,0.014,0.009550000000000001,8,1,0.024,0.0,0.024,1,0.129,0.0,0.129,1,0.301,0.0,0.301
emerging_haplotype,h1n1pdm,region,2026-02-19,2026-03-12,21,Africa,D.3.1.1:139N,0.002,0.019,0.017,0.011292857142857144,8,1,0.029,0.0,0.029,1,0.149,0.0,0.149,1,0.355,0.0,0.355
emerging_haplotype,h1n1pdm,region,2026-02-19,2026-03-19,28,Africa,D.3.1.1:139N,0.002,0.02,0.018000000000000002,0.013314285714285718,8,1,0.035,0.0,0.035,1,0.183,0.0,0.183,1,0.422,0.0,0.422
emerging_haplotype,h1n1pdm,region,2026-02-19,2026-03-26,35,Africa,D.3.1.1:139N,0.003,0.022,0.019,0.015450000000000004,8,1,0.04,0.0,0.04,1,0.221,0.0,0.221,1,0.499,0.0,0.499
emerging_haplotype,h1n1pdm,region,2026-02-19,2026-04-02,42,Africa,D.3.1.1:139N,0.003,0.0,0.003,0.0154,8,1,0.05,0.0,0.05,1,0.253,0.0,0.253,1,0.584,0.0,0.584
emerging_haplotype,h1n1pdm,region,2026-02-19,2026-04-09,49,Africa,D.3.1.1:139N,0.003,0.0,0.003,0.018021428571428577,8,1,0.064,0.0,0.064,1,0.294,0.0,0.294,1,0.647,0.0,0.647
emerging_haplotype,h1n1pdm,region,2026-02-19,2026-04-16,56,Africa,D.3.1.1:139N,0.004,0.0,0.004,0.020485714285714284,8,1,0.076,0.0,0.076,1,0.329,0.0,0.329,1,0.712,0.0,0.712
emerging_haplotype,h1n1pdm,region,2026-02-19,2026-04-23,63,Africa,D.3.1.1:139N,0.004,0.0,0.004,0.023621428571428574,8,1,0.085,0.0,0.085,1,0.402,0.0,0.402,1,0.769,0.0,0.769
emerging_haplotype,h1n1pdm,region,2026-02-19,2026-02-26,7,Africa,D.3.1.1:155E,0.0,0.0,0.0,5.714285714285716e-05,8,1,0.0,0.0,0.0,1,0.001,0.0,0.001,1,0.004,0.0,0.004
emerging_haplotype,h1n1pdm,region,2026-02-19,2026-03-05,14,Africa,D.3.1.1:155E,0.0,0.0,0.0,5.714285714285716e-05,8,1,0.0,0.0,0.0,1,0.001,0.0,0.001,1,0.004,0.0,0.004
emerging_haplotype,h1n1pdm,region,2026-02-19,2026-03-12,21,Africa,D.3.1.1:155E,0.0,0.0,0.0,6.428571428571431e-05,8,1,0.0,0.0,0.0,1,0.001,0.0,0.001,1,0.005,0.0,0.005
emerging_haplotype,h1n1pdm,region,2026-02-19,2026-03-19,28,Africa,D.3.1.1:155E,0.0,0.0,0.0,6.428571428571431e-05,8,1,0.0,0.0,0.0,1,0.001,0.0,0.001,1,0.005,0.0,0.005
emerging_haplotype,h1n1pdm,region,2026-02-19,2026-03-26,35,Africa,D.3.1.1:155E,0.0,0.0,0.0,6.428571428571431e-05,8,1,0.0,0.0,0.0,1,0.001,0.0,0.001,1,0.005,0.0,0.005
emerging_haplotype,h1n1pdm,region,2026-02-19,2026-04-02,42,Africa,D.3.1.1:155E,0.0,0.0,0.0,6.428571428571431e-05,8,1,0.0,0.0,0.0,1,0.001,0.0,0.001,1,0.005,0.0,0.005
emerging_haplotype,h1n1pdm,region,2026-02-19,2026-04-09,49,Africa,D.3.1.1:155E,0.0,0.0,0.0,6.428571428571431e-05,8,1,0.0,0.0,0.0,1,0.001,0.0,0.001,1,0.005,0.0,0.005
emerging_haplotype,h1n1pdm,region,2026-02-19,2026-04-16,56,Africa,D.3.1.1:155E,0.0,0.0,0.0,6.428571428571431e-05,8,1,0.0,0.0,0.0,1,0.001,0.0,0.001,1,0.005,0.0,0.005
emerging_haplotype,h1n1pdm,region,2026-02-19,2026-04-23,63,Africa,D.3.1.1:155E,0.0,0.0,0.0,6.428571428571431e-05,8,1,0.0,0.0,0.0,1,0.001,0.0,0.001,1,0.005,0.0,0.005
emerging_haplotype,h1n1pdm,region,2026-02-19,2026-02-26,7,Africa,D.3.1.1:205K,0.019,0.017,0.0019999999999999983,0.00927857142857143,8,1,0.045,0.006,0.051,1,0.127,0.001,0.128,1,0.301,0.0,0.301
emerging_haplotype,h1n1pdm,region,2026-02-19,2026-03-05,14,Africa,D.3.1.1:205K,0.021,0.016,0.005000000000000001,0.01087857142857143,8,1,0.051000000000000004,0.005,0.056,1,0.143,0.001,0.144,1,0.341,0.0,0.341
emerging_haplotype,h1n1pdm,region,2026-02-19,2026-03-12,21,Africa,D.3.1.1:205K,0.022,0.019,0.002999999999999999,0.011621428571428572,8,1,0.056,0.005,0.061,1,0.156,0.001,0.157,1,0.383,0.0,0.383
emerging_haplotype,h1n1pdm,region,2026-02-19,2026-03-19,28,Africa,D.3.1.1:205K,0.022,0.02,0.0019999999999999983,0.013157142857142859,8,1,0.064,0.005,0.069,1,0.184,0.001,0.185,1,0.426,0.0,0.426
emerging_haplotype,h1n1pdm,region,2026-02-19,2026-03-26,35,Africa,D.3.1.1:205K,0.023,0.0,0.023,0.018971428571428577,8,0,0.06899999999999999,0.005,0.074,0,0.199,0.001,0.2,1,0.47,0.0,0.47
emerging_haplotype,h1n1pdm,region,2026-02-19,2026-04-02,42,Africa,D.3.1.1:205K,0.026,0.0,0.026,0.02125714285714286,8,0,0.079,0.005,0.084,0,0.228,0.001,0.229,1,0.514,0.0,0.514
emerging_haplotype,h1n1pdm,region,2026-02-19,2026-04-09,49,Africa,D.3.1.1:205K,0.027,0.0,0.027,0.02328571428571429,8,0,0.08499999999999999,0.005,0.09,0,0.264,0.001,0.265,1,0.574,0.0,0.574
emerging_haplotype,h1n1pdm,region,2026-02-19,2026-04-16,56,Africa,D.3.1.1:205K,0.028,0.0,0.028,0.02508571428571429,8,0,0.088,0.005,0.093,0,0.298,0.001,0.299,1,0.64,0.0,0.64
emerging_haplotype,h1n1pdm,region,2026-02-19,2026-04-23,63,Africa,D.3.1.1:205K,0.028,0.0,0.028,0.026414285714285717,8,0,0.092,0.005,0.097,1,0.329,0.0,0.329,1,0.702,0.0,0.702
emerging_haplotype,h1n1pdm,region,2026-02-19,2026-02-26,7,Africa,D.3.1:270A,0.0,0.085,0.085,0.08335000000000001,8,0,0.0,0.0,0.0,0,0.001,0.0,0.001,0,0.005,0.0,0.005
emerging_haplotype,h1n1pdm,region,2026-02-19,2026-03-05,14,Africa,D.3.1:270A,0.0,0.097,0.097,0.09535,8,0,0.0,0.0,0.0,0,0.001,0.0,0.001,0,0.005,0.0,0.005
emerging_haplotype,h1n1pdm,region,2026-02-19,2026-03-12,21,Africa,D.3.1:270A,0.0,0.113,0.113,0.11134999999999999,8,0,0.0,0.0,0.0,0,0.001,0.0,0.001,0,0.005,0.0,0.005
emerging_haplotype,h1n1pdm,region,2026-02-19,2026-03-19,28,Africa,D.3.1:270A,0.0,0.12,0.12,0.11834999999999998,8,0,0.0,0.0,0.0,0,0.001,0.0,0.001,0,0.005,0.0,0.005
emerging_haplotype,h1n1pdm,region,2026-02-19,2026-03-26,35,Africa,D.3.1:270A,0.0,0.13,0.13,0.12835,8,0,0.0,0.0,0.0,0,0.001,0.0,0.001,0,0.005,0.0,0.005
emerging_haplotype,h1n1pdm,region,2026-02-19,2026-04-02,42,Africa,D.3.1:270A,0.0,0.15,0.15,0.14807142857142858,8,0,0.0,0.0,0.0,0,0.001,0.0,0.001,0,0.006,0.0,0.006
emerging_haplotype,h1n1pdm,region,2026-02-19,2026-04-09,49,Africa,D.3.1:270A,0.0,0.1,0.1,0.09779285714285714,8,0,0.0,0.0,0.0,0,0.001,0.0,0.001,0,0.007,0.0,0.007
emerging_haplotype,h1n1pdm,region,2026-02-19,2026-04-16,56,Africa,D.3.1:270A,0.0,0.167,0.167,0.1645142857142857,8,0,0.0,0.0,0.0,0,0.001,0.0,0.001,0,0.008,0.0,0.008
emerging_haplotype,h1n1pdm,region,2026-02-19,2026-04-23,63,Africa,D.3.1:270A,0.0,0.333,0.333,0.3305142857142857,8,0,0.0,0.0,0.0,0,0.001,0.0,0.001,0,0.008,0.0,0.008
emerging_haplotype,h1n1pdm,region,2026-02-19,2026-02-26,7,Africa,D.3.1.1,0.884,0.39,0.494,0.35832142857142857,8,0,0.09500000000000008,0.82,0.915,0,0.21599999999999997,0.728,0.944,0,0.391,0.574,0.965
emerging_haplotype,h1n1pdm,region,2026-02-19,2026-03-05,14,Africa,D.3.1.1,0.891,0.387,0.504,0.3461285714285714,8,0,0.10400000000000009,0.818,0.922,0,0.23299999999999998,0.718,0.951,0,0.44599999999999995,0.524,0.97
emerging_haplotype,h1n1pdm,region,2026-02-19,2026-03-12,21,Africa,D.3.1.1,0.894,0.358,0.536,0.3497428571428572,8,0,0.119,0.812,0.931,0,0.2769999999999999,0.679,0.956,0,0.506,0.469,0.975
emerging_haplotype,h1n1pdm,region,2026-02-19,2026-03-19,28,Africa,D.3.1.1,0.894,0.34,0.554,0.33709999999999996,8,0,0.133,0.803,0.936,0,0.33399999999999996,0.628,0.962,0,0.5680000000000001,0.411,0.979
emerging_haplotype,h1n1pdm,region,2026-02-19,2026-03-26,35,Africa,D.3.1.1,0.896,0.348,0.548,0.29962142857142865,8,0,0.15499999999999992,0.787,0.942,0,0.382,0.586,0.968,0,0.629,0.353,0.982
emerging_haplotype,h1n1pdm,region,2026-02-19,2026-04-02,42,Africa,D.3.1.1,0.895,0.375,0.52,0.26227857142857147,8,0,0.18599999999999994,0.762,0.948,0,0.43299999999999994,0.539,0.972,1,0.687,0.298,0.985
emerging_haplotype,h1n1pdm,region,2026-02-19,2026-04-09,49,Africa,D.3.1.1,0.893,0.55,0.34299999999999997,0.13397857142857142,8,0,0.22499999999999998,0.724,0.949,1,0.485,0.49,0.975,1,0.747,0.24,0.987
emerging_haplotype,h1n1pdm,region,2026-02-19,2026-04-16,56,Africa,D.3.1.1,0.888,0.5,0.388,0.14831428571428576,8,0,0.2649999999999999,0.685,0.95,1,0.538,0.44,0.978,1,0.802,0.187,0.989
emerging_haplotype,h1n1pdm,region,2026-02-19,2026-04-23,63,Africa,D.3.1.1,0.888,0.667,0.22099999999999997,0.07517857142857141,8,1,0.2899999999999999,0.661,0.951,1,0.589,0.391,0.98,1,0.849,0.141,0.99
emerging_haplotype,h1n1pdm,region,2026-02-19,2026-02-26,7,Europe,C.1.9.3,0.0,0.0,0.0,0.0001142857142857143,8,1,0.001,0.0,0.001,1,0.001,0.0,0.001,1,0.002,0.0,0.002
emerging_haplotype,h1n1pdm,region,2026-02-19,2026-03-05,14,Europe,C.1.9.3,0.0,0.0,0.0,3.571428571428572e-05,8,1,0.0,0.0,0.0,1,0.001,0.0,0.001,1,0.001,0.0,0.001
emerging_haplotype,h1n1pdm,region,2026-02-19,2026-03-12,21,Europe,C.1.9.3,0.0,0.0,0.0,3.571428571428572e-05,8,1,0.0,0.0,0.0,1,0.001,0.0,0.001,1,0.001,0.0,0.001
emerging_haplotype,h1n1pdm,region,2026-02-19,2026-03-19,28,Europe,C.1.9.3,0.0,0.0,0.0,3.571428571428572e-05,8,1,0.0,0.0,0.0,1,0.001,0.0,0.001,1,0.001,0.0,0.001
emerging_haplotype,h1n1pdm,region,2026-02-19,2026-03-26,35,Europe,C.1.9.3,0.0,0.0,0.0,7.142857142857149e-06,8,1,0.0,0.0,0.0,1,0.0,0.0,0.0,1,0.001,0.0,0.001
emerging_haplotype,h1n1pdm,region,2026-02-19,2026-04-02,42,Europe,C.1.9.3,0.0,0.0,0.0,7.142857142857149e-06,8,1,0.0,0.0,0.0,1,0.0,0.0,0.0,1,0.001,0.0,0.001
emerging_haplotype,h1n1pdm,region,2026-02-19,2026-04-09,49,Europe,C.1.9.3,0.0,0.0,0.0,7.142857142857149e-06,8,1,0.0,0.0,0.0,1,0.0,0.0,0.0,1,0.001,0.0,0.001
emerging_haplotype,h1n1pdm,region,2026-02-19,2026-04-16,56,Europe,C.1.9.3,0.0,0.0,0.0,7.142857142857149e-06,8,1,0.0,0.0,0.0,1,0.0,0.0,0.0,1,0.001,0.0,0.001
emerging_haplotype,h1n1pdm,region,2026-02-19,2026-04-23,63,Europe,C.1.9.3,0.0,0.0,0.0,0.0,8,1,0.0,0.0,0.0,1,0.0,0.0,0.0,1,0.0,0.0,0.0
emerging_haplotype,h1n1pdm,region,2026-02-19,2026-02-26,7,Europe,D.3.1,0.007,0.019,0.012,0.010335714285714287,8,0,0.002,0.006,0.008,0,0.004999999999999999,0.004,0.009,0,0.006999999999999999,0.004,0.011
emerging_haplotype,h1n1pdm,region,2026-02-19,2026-03-05,14,Europe,D.3.1,0.005,0.017,0.012,0.010271428571428574,8,0,0.002,0.004,0.006,0,0.003,0.004,0.007,0,0.005999999999999999,0.003,0.009
emerging_haplotype,h1n1pdm,region,2026-02-19,2026-03-12,21,Europe,D.3.1,0.004,0.013,0.009,0.007549999999999999,8,0,0.002,0.003,0.005,0,0.003,0.003,0.006,0,0.005,0.002,0.007
emerging_haplotype,h1n1pdm,region,2026-02-19,2026-03-19,28,Europe,D.3.1,0.003,0.01,0.007,0.0054714285714285715,8,0,0.001,0.003,0.004,0,0.003,0.002,0.005,0,0.004,0.002,0.006
emerging_haplotype,h1n1pdm,region,2026-02-19,2026-03-26,35,Europe,D.3.1,0.003,0.007,0.004,0.0033000000000000004,8,0,0.001,0.002,0.003,0,0.002,0.002,0.004,0,0.004,0.001,0.005
emerging_haplotype,h1n1pdm,region,2026-02-19,2026-04-02,42,Europe,D.3.1,0.002,0.01,0.008,0.007007142857142858,8,0,0.001,0.002,0.003,0,0.002,0.001,0.003,0,0.003,0.001,0.004
emerging_haplotype,h1n1pdm,region,2026-02-19,2026-04-09,49,Europe,D.3.1,0.002,0.009,0.006999999999999999,0.006571428571428571,8,0,0.001,0.001,0.002,0,0.002,0.001,0.003,0,0.002,0.001,0.003
emerging_haplotype,h1n1pdm,region,2026-02-19,2026-04-16,56,Europe,D.3.1,0.001,0.0,0.001,0.001107142857142857,8,0,0.001,0.001,0.002,0,0.001,0.001,0.002,0,0.001,0.001,0.002
emerging_haplotype,h1n1pdm,region,2026-02-19,2026-04-23,63,Europe,D.3.1,0.001,0.0,0.001,0.0007571428571428572,8,0,0.0,0.001,0.001,0,0.001,0.001,0.002,1,0.002,0.0,0.002
emerging_haplotype,h1n1pdm,region,2026-02-19,2026-02-26,7,Europe,D.3.1.1:139N,0.181,0.096,0.08499999999999999,0.05843571428571428,8,0,0.044999999999999984,0.16,0.205,0,0.093,0.14,0.233,0,0.139,0.126,0.265
emerging_haplotype,h1n1pdm,region,2026-02-19,2026-03-05,14,Europe,D.3.1.1:139N,0.2,0.108,0.09200000000000001,0.061442857142857146,8,0,0.05300000000000002,0.176,0.229,0,0.10700000000000001,0.153,0.26,0,0.16399999999999998,0.136,0.3
emerging_haplotype,h1n1pdm,region,2026-02-19,2026-03-12,21,Europe,D.3.1.1:139N,0.22,0.104,0.116,0.08052857142857142,8,0,0.062,0.192,0.254,0,0.12599999999999997,0.164,0.29,0,0.19000000000000003,0.147,0.337
emerging_haplotype,h1n1pdm,region,2026-02-19,2026-03-19,28,Europe,D.3.1.1:139N,0.241,0.105,0.136,0.0962857142857143,8,0,0.07100000000000004,0.208,0.279,0,0.139,0.18,0.319,0,0.214,0.159,0.373
emerging_haplotype,h1n1pdm,region,2026-02-19,2026-03-26,35,Europe,D.3.1.1:139N,0.263,0.114,0.14900000000000002,0.10350000000000001,8,0,0.07999999999999999,0.226,0.306,0,0.15799999999999997,0.192,0.35,0,0.23799999999999996,0.17,0.408
emerging_haplotype,h1n1pdm,region,2026-02-19,2026-04-02,42,Europe,D.3.1.1:139N,0.284,0.141,0.143,0.09346428571428571,8,0,0.08900000000000002,0.245,0.334,0,0.17800000000000002,0.205,0.383,0,0.263,0.182,0.445
emerging_haplotype,h1n1pdm,region,2026-02-19,2026-04-09,49,Europe,D.3.1.1:139N,0.307,0.217,0.09,0.04125714285714286,8,0,0.10199999999999998,0.261,0.363,0,0.19599999999999998,0.22,0.416,1,0.292,0.193,0.485
emerging_haplotype,h1n1pdm,region,2026-02-19,2026-04-16,56,Europe,D.3.1.1:139N,0.33,0.273,0.056999999999999995,0.026635714285714287,8,0,0.11199999999999999,0.28,0.392,1,0.21700000000000003,0.235,0.452,1,0.32100000000000006,0.204,0.525
emerging_haplotype,h1n1pdm,region,2026-02-19,2026-04-23,63,Europe,D.3.1.1:139N,0.354,0.318,0.035999999999999976,0.023428571428571427,8,1,0.125,0.298,0.423,1,0.24,0.249,0.489,1,0.35,0.213,0.563
emerging_haplotype,h1n1pdm,region,2026-02-19,2026-02-26,7,Europe,D.3.1.1:155E,0.003,0.002,0.001,0.0004428571428571429,8,1,0.002,0.002,0.004,1,0.004,0.001,0.005,1,0.006,0.001,0.007
emerging_haplotype,h1n1pdm,region,2026-02-19,2026-03-05,14,Europe,D.3.1.1:155E,0.002,0.003,0.001,0.0005142857142857143,8,1,0.003,0.001,0.004,1,0.004,0.001,0.005,1,0.006,0.001,0.007
emerging_haplotype,h1n1pdm,region,2026-02-19,2026-03-12,21,Europe,D.3.1.1:155E,0.002,0.004,0.002,0.0008357142857142858,8,0,0.002,0.001,0.003,1,0.003,0.001,0.004,1,0.005,0.001,0.006
emerging_haplotype,h1n1pdm,region,2026-02-19,2026-03-19,28,Europe,D.3.1.1:155E,0.002,0.005,0.003,0.0015571428571428572,8,0,0.002,0.001,0.003,0,0.003,0.001,0.004,1,0.006,0.0,0.006
emerging_haplotype,h1n1pdm,region,2026-02-19,2026-03-26,35,Europe,D.3.1.1:155E,0.002,0.003,0.001,0.00040714285714285717,8,1,0.002,0.001,0.003,1,0.003,0.001,0.004,1,0.005,0.0,0.005
emerging_haplotype,h1n1pdm,region,2026-02-19,2026-04-02,42,Europe,D.3.1.1:155E,0.001,0.005,0.004,0.0021642857142857145,8,0,0.001,0.001,0.002,0,0.002,0.001,0.003,1,0.005,0.0,0.005
emerging_haplotype,h1n1pdm,region,2026-02-19,2026-04-09,49,Europe,D.3.1.1:155E,0.001,0.0,0.001,0.0006214285714285714,8,0,0.001,0.001,0.002,1,0.003,0.0,0.003,1,0.005,0.0,0.005
emerging_haplotype,h1n1pdm,region,2026-02-19,2026-04-16,56,Europe,D.3.1.1:155E,0.001,0.0,0.001,0.0006142857142857142,8,0,0.001,0.001,0.002,1,0.003,0.0,0.003,1,0.004,0.0,0.004
emerging_haplotype,h1n1pdm,region,2026-02-19,2026-04-23,63,Europe,D.3.1.1:155E,0.001,0.0,0.001,0.0004,8,1,0.002,0.0,0.002,1,0.003,0.0,0.003,1,0.004,0.0,0.004
emerging_haplotype,h1n1pdm,region,2026-02-19,2026-02-26,7,Europe,D.3.1.1:205K,0.154,0.121,0.033,0.01482857142857143,8,0,0.035999999999999976,0.137,0.173,1,0.07400000000000001,0.12,0.194,1,0.12000000000000001,0.106,0.226
emerging_haplotype,h1n1pdm,region,2026-02-19,2026-03-05,14,Europe,D.3.1.1:205K,0.164,0.133,0.031,0.014042857142857138,8,0,0.04300000000000001,0.144,0.187,1,0.08499999999999999,0.124,0.209,1,0.136,0.11,0.246
emerging_haplotype,h1n1pdm,region,2026-02-19,2026-03-12,21,Europe,D.3.1.1:205K,0.172,0.135,0.03699999999999998,0.017221428571428565,8,0,0.04600000000000001,0.152,0.198,1,0.094,0.13,0.224,1,0.15500000000000003,0.111,0.266
emerging_haplotype,h1n1pdm,region,2026-02-19,2026-03-19,28,Europe,D.3.1.1:205K,0.182,0.151,0.031,0.0142,8,0,0.04999999999999999,0.158,0.208,1,0.10399999999999998,0.134,0.238,1,0.172,0.114,0.286
emerging_haplotype,h1n1pdm,region,2026-02-19,2026-03-26,35,Europe,D.3.1.1:205K,0.191,0.158,0.033,0.014564285714285715,8,0,0.056999999999999995,0.162,0.219,1,0.11499999999999999,0.138,0.253,1,0.189,0.117,0.306
emerging_haplotype,h1n1pdm,region,2026-02-19,2026-04-02,42,Europe,D.3.1.1:205K,0.198,0.172,0.026000000000000023,0.013178571428571434,8,1,0.061,0.168,0.229,1,0.12700000000000003,0.141,0.268,1,0.20700000000000002,0.117,0.324
emerging_haplotype,h1n1pdm,region,2026-02-19,2026-04-09,49,Europe,D.3.1.1:205K,0.207,0.151,0.055999999999999994,0.024714285714285713,8,0,0.067,0.173,0.24,1,0.141,0.143,0.284,1,0.22600000000000003,0.116,0.342
emerging_haplotype,h1n1pdm,region,2026-02-19,2026-04-16,56,Europe,D.3.1.1:205K,0.211,0.136,0.07499999999999998,0.03659999999999999,8,0,0.07200000000000001,0.177,0.249,0,0.155,0.146,0.301,1,0.244,0.115,0.359
emerging_haplotype,h1n1pdm,region,2026-02-19,2026-04-23,63,Europe,D.3.1.1:205K,0.217,0.068,0.149,0.10094285714285713,8,0,0.07700000000000001,0.18,0.257,0,0.17,0.147,0.317,0,0.262,0.113,0.375
emerging_haplotype,h1n1pdm,region,2026-02-19,2026-02-26,7,Europe,D.3.1:270A,0.0,0.0,0.0,0.0,8,1,0.0,0.0,0.0,1,0.0,0.0,0.0,1,0.0,0.0,0.0
emerging_haplotype,h1n1pdm,region,2026-02-19,2026-03-05,14,Europe,D.3.1:270A,0.0,0.0,0.0,0.0,8,1,0.0,0.0,0.0,1,0.0,0.0,0.0,1,0.0,0.0,0.0
emerging_haplotype,h1n1pdm,region,2026-02-19,2026-03-12,21,Europe,D.3.1:270A,0.0,0.0,0.0,0.0,8,1,0.0,0.0,0.0,1,0.0,0.0,0.0,1,0.0,0.0,0.0
emerging_haplotype,h1n1pdm,region,2026-02-19,2026-03-19,28,Europe,D.3.1:270A,0.0,0.0,0.0,0.0,8,1,0.0,0.0,0.0,1,0.0,0.0,0.0,1,0.0,0.0,0.0
emerging_haplotype,h1n1pdm,region,2026-02-19,2026-03-26,35,Europe,D.3.1:270A,0.0,0.0,0.0,0.0,8,1,0.0,0.0,0.0,1,0.0,0.0,0.0,1,0.0,0.0,0.0
emerging_haplotype,h1n1pdm,region,2026-02-19,2026-04-02,42,Europe,D.3.1:270A,0.0,0.0,0.0,0.0,8,1,0.0,0.0,0.0,1,0.0,0.0,0.0,1,0.0,0.0,0.0
emerging_haplotype,h1n1pdm,region,2026-02-19,2026-04-09,49,Europe,D.3.1:270A,0.0,0.0,0.0,0.0,8,1,0.0,0.0,0.0,1,0.0,0.0,0.0,1,0.0,0.0,0.0
emerging_haplotype,h1n1pdm,region,2026-02-19,2026-04-16,56,Europe,D.3.1:270A,0.0,0.0,0.0,0.0,8,1,0.0,0.0,0.0,1,0.0,0.0,0.0,1,0.0,0.0,0.0
emerging_haplotype,h1n1pdm,region,2026-02-19,2026-04-23,63,Europe,D.3.1:270A,0.0,0.0,0.0,0.0,8,1,0.0,0.0,0.0,1,0.0,0.0,0.0,1,0.0,0.0,0.0
emerging_haplotype,h1n1pdm,region,2026-02-19,2026-02-26,7,Europe,D.3.1.1,0.652,0.762,0.10999999999999999,0.07790000000000001,8,0,0.05400000000000005,0.621,0.675,0,0.10199999999999998,0.596,0.698,0,0.15800000000000003,0.565,0.723
emerging_haplotype,h1n1pdm,region,2026-02-19,2026-03-05,14,Europe,D.3.1.1,0.624,0.739,0.11499999999999999,0.07757142857142856,8,0,0.062000000000000055,0.59,0.652,0,0.1110000000000001,0.565,0.676,0,0.17599999999999993,0.53,0.706
emerging_haplotype,h1n1pdm,region,2026-02-19,2026-03-12,21,Europe,D.3.1.1,0.596,0.745,0.14900000000000002,0.1083357142857143,8,0,0.06699999999999995,0.558,0.625,0,0.121,0.53,0.651,0,0.19299999999999995,0.495,0.688
emerging_haplotype,h1n1pdm,region,2026-02-19,2026-03-19,28,Europe,D.3.1.1,0.565,0.729,0.16400000000000003,0.1181642857142857,8,0,0.07299999999999995,0.525,0.598,0,0.131,0.495,0.626,0,0.20900000000000002,0.459,0.668
emerging_haplotype,h1n1pdm,region,2026-02-19,2026-03-26,35,Europe,D.3.1.1,0.534,0.717,0.18299999999999994,0.1327642857142857,8,0,0.07799999999999996,0.492,0.57,0,0.14099999999999996,0.46,0.601,0,0.22300000000000003,0.423,0.646
emerging_haplotype,h1n1pdm,region,2026-02-19,2026-04-02,42,Europe,D.3.1.1,0.502,0.672,0.17000000000000004,0.11537142857142861,8,0,0.08400000000000002,0.458,0.542,0,0.14899999999999997,0.424,0.573,0,0.236,0.388,0.624
emerging_haplotype,h1n1pdm,region,2026-02-19,2026-04-09,49,Europe,D.3.1.1,0.468,0.623,0.15499999999999997,0.09431428571428571,8,0,0.09000000000000002,0.423,0.513,0,0.15800000000000003,0.389,0.547,0,0.252,0.349,0.601
emerging_haplotype,h1n1pdm,region,2026-02-19,2026-04-16,56,Europe,D.3.1.1,0.435,0.591,0.15599999999999997,0.0902928571428571,8,0,0.09399999999999997,0.39,0.484,0,0.16900000000000004,0.352,0.521,0,0.26499999999999996,0.312,0.577
emerging_haplotype,h1n1pdm,region,2026-02-19,2026-04-23,63,Europe,D.3.1.1,0.404,0.614,0.20999999999999996,0.1414285714285714,8,0,0.09800000000000003,0.357,0.455,0,0.176,0.318,0.494,0,0.276,0.276,0.552
emerging_haplotype,h1n1pdm,region,2026-02-19,2026-02-26,7,North America,C.1.9.3,0.0,0.0,0.0,3.571428571428572e-05,8,1,0.0,0.0,0.0,1,0.001,0.0,0.001,1,0.001,0.0,0.001
emerging_haplotype,h1n1pdm,region,2026-02-19,2026-03-05,14,North America,C.1.9.3,0.0,0.0,0.0,7.142857142857149e-06,8,1,0.0,0.0,0.0,1,0.0,0.0,0.0,1,0.001,0.0,0.001
emerging_haplotype,h1n1pdm,region,2026-02-19,2026-03-12,21,North America,C.1.9.3,0.0,0.0,0.0,7.142857142857149e-06,8,1,0.0,0.0,0.0,1,0.0,0.0,0.0,1,0.001,0.0,0.001
emerging_haplotype,h1n1pdm,region,2026-02-19,2026-03-19,28,North America,C.1.9.3,0.0,0.0,0.0,7.142857142857149e-06,8,1,0.0,0.0,0.0,1,0.0,0.0,0.0,1,0.001,0.0,0.001
emerging_haplotype,h1n1pdm,region,2026-02-19,2026-03-26,35,North America,C.1.9.3,0.0,0.0,0.0,0.0,8,1,0.0,0.0,0.0,1,0.0,0.0,0.0,1,0.0,0.0,0.0
emerging_haplotype,h1n1pdm,region,2026-02-19,2026-04-02,42,North America,C.1.9.3,0.0,0.0,0.0,0.0,8,1,0.0,0.0,0.0,1,0.0,0.0,0.0,1,0.0,0.0,0.0
emerging_haplotype,h1n1pdm,region,2026-02-19,2026-04-09,49,North America,C.1.9.3,0.0,0.0,0.0,0.0,8,1,0.0,0.0,0.0,1,0.0,0.0,0.0,1,0.0,0.0,0.0
emerging_haplotype,h1n1pdm,region,2026-02-19,2026-04-16,56,North America,C.1.9.3,0.0,0.0,0.0,0.0,8,1,0.0,0.0,0.0,1,0.0,0.0,0.0,1,0.0,0.0,0.0
emerging_haplotype,h1n1pdm,region,2026-02-19,2026-04-23,63,North America,C.1.9.3,0.0,0.0,0.0,0.0,8,1,0.0,0.0,0.0,1,0.0,0.0,0.0,1,0.0,0.0,0.0
emerging_haplotype,h1n1pdm,region,2026-02-19,2026-02-26,7,North America,D.3.1,0.045,0.099,0.054000000000000006,0.04266428571428572,8,0,0.015,0.039,0.054,0,0.025999999999999995,0.034,0.06,0,0.03900000000000001,0.029,0.068
emerging_haplotype,h1n1pdm,region,2026-02-19,2026-03-05,14,North America,D.3.1,0.037,0.095,0.058,0.0484,8,0,0.012999999999999998,0.031,0.044,0,0.023000000000000003,0.027,0.05,0,0.034,0.023,0.057
emerging_haplotype,h1n1pdm,region,2026-02-19,2026-03-12,21,North America,D.3.1,0.03,0.088,0.057999999999999996,0.049571428571428565,8,0,0.010999999999999996,0.025,0.036,0,0.02,0.021,0.041,0,0.030000000000000002,0.018,0.048
emerging_haplotype,h1n1pdm,region,2026-02-19,2026-03-19,28,North America,D.3.1,0.024,0.071,0.04699999999999999,0.03924999999999999,8,0,0.009999999999999998,0.02,0.03,0,0.017,0.017,0.034,0,0.027000000000000003,0.013,0.04
emerging_haplotype,h1n1pdm,region,2026-02-19,2026-03-26,35,North America,D.3.1,0.02,0.06,0.039999999999999994,0.033742857142857144,8,0,0.008,0.016,0.024,0,0.015000000000000001,0.013,0.028,0,0.024,0.01,0.034
emerging_haplotype,h1n1pdm,region,2026-02-19,2026-04-02,42,North America,D.3.1,0.016,0.047,0.031,0.025514285714285715,8,0,0.008,0.012,0.02,0,0.013,0.01,0.023,0,0.02,0.008,0.028
emerging_haplotype,h1n1pdm,region,2026-02-19,2026-04-09,49,North America,D.3.1,0.013,0.055,0.042,0.03743571428571429,8,0,0.006,0.01,0.016,0,0.011,0.008,0.019,0,0.017,0.006,0.023
emerging_haplotype,h1n1pdm,region,2026-02-19,2026-04-16,56,North America,D.3.1,0.01,0.035,0.025,0.020935714285714287,8,0,0.005999999999999999,0.007,0.013,0,0.009,0.006,0.015,0,0.015,0.004,0.019
emerging_haplotype,h1n1pdm,region,2026-02-19,2026-04-23,63,North America,D.3.1,0.008,0.0,0.008,0.0057857142857142855,8,0,0.004999999999999999,0.006,0.011,0,0.007,0.005,0.012,0,0.012,0.003,0.015
emerging_haplotype,h1n1pdm,region,2026-02-19,2026-02-26,7,North America,D.3.1.1:139N,0.191,0.126,0.065,0.030071428571428572,8,0,0.07699999999999999,0.158,0.235,1,0.15899999999999997,0.123,0.282,1,0.22400000000000003,0.106,0.33
emerging_haplotype,h1n1pdm,region,2026-02-19,2026-03-05,14,North America,D.3.1.1:139N,0.206,0.133,0.07299999999999998,0.033292857142857145,8,0,0.086,0.167,0.253,1,0.182,0.128,0.31,1,0.253,0.111,0.364
emerging_haplotype,h1n1pdm,region,2026-02-19,2026-03-12,21,North America,D.3.1.1:139N,0.221,0.147,0.07400000000000001,0.033600000000000005,8,0,0.09900000000000003,0.175,0.274,1,0.20500000000000002,0.133,0.338,1,0.294,0.113,0.407
emerging_haplotype,h1n1pdm,region,2026-02-19,2026-03-19,28,North America,D.3.1.1:139N,0.235,0.156,0.07899999999999999,0.035892857142857136,8,0,0.11099999999999999,0.183,0.294,1,0.22999999999999998,0.138,0.368,1,0.335,0.116,0.451
emerging_haplotype,h1n1pdm,region,2026-02-19,2026-03-26,35,North America,D.3.1.1:139N,0.251,0.177,0.07400000000000001,0.033650000000000006,8,0,0.123,0.192,0.315,1,0.256,0.144,0.4,1,0.377,0.118,0.495
emerging_haplotype,h1n1pdm,region,2026-02-19,2026-04-02,42,North America,D.3.1.1:139N,0.266,0.183,0.08300000000000002,0.03753571428571429,8,0,0.136,0.2,0.336,1,0.28400000000000003,0.148,0.432,1,0.41900000000000004,0.121,0.54
emerging_haplotype,h1n1pdm,region,2026-02-19,2026-04-09,49,North America,D.3.1.1:139N,0.281,0.191,0.09000000000000002,0.040850000000000004,8,0,0.153,0.208,0.361,1,0.31200000000000006,0.153,0.465,1,0.46099999999999997,0.122,0.583
emerging_haplotype,h1n1pdm,region,2026-02-19,2026-04-16,56,North America,D.3.1.1:139N,0.297,0.263,0.033999999999999975,0.029978571428571427,8,1,0.166,0.217,0.383,1,0.33899999999999997,0.158,0.497,1,0.501,0.124,0.625
emerging_haplotype,h1n1pdm,region,2026-02-19,2026-04-23,63,North America,D.3.1.1:139N,0.312,0.321,0.009000000000000008,0.02844285714285715,8,1,0.18000000000000002,0.226,0.406,1,0.366,0.164,0.53,1,0.538,0.127,0.665
emerging_haplotype,h1n1pdm,region,2026-02-19,2026-02-26,7,North America,D.3.1.1:155E,0.005,0.005,0.0,0.000692857142857143,8,1,0.004,0.003,0.007,1,0.01,0.002,0.012,1,0.016999999999999998,0.001,0.018
emerging_haplotype,h1n1pdm,region,2026-02-19,2026-03-05,14,North America,D.3.1.1:155E,0.004,0.006,0.002,0.0010785714285714285,8,1,0.005,0.002,0.007,1,0.011,0.001,0.012,1,0.016999999999999998,0.001,0.018
emerging_haplotype,h1n1pdm,region,2026-02-19,2026-03-12,21,North America,D.3.1.1:155E,0.004,0.007,0.003,0.0011928571428571429,8,1,0.005,0.002,0.007,1,0.009999999999999998,0.001,0.011,1,0.016999999999999998,0.001,0.018
emerging_haplotype,h1n1pdm,region,2026-02-19,2026-03-19,28,North America,D.3.1.1:155E,0.003,0.005,0.002,0.0009785714285714287,8,1,0.004,0.002,0.006,1,0.009999999999999998,0.001,0.011,1,0.016999999999999998,0.001,0.018
emerging_haplotype,h1n1pdm,region,2026-02-19,2026-03-26,35,North America,D.3.1.1:155E,0.003,0.008,0.005,0.0019857142857142855,8,0,0.004,0.002,0.006,1,0.009999999999999998,0.001,0.011,1,0.018,0.0,0.018
emerging_haplotype,h1n1pdm,region,2026-02-19,2026-04-02,42,North America,D.3.1.1:155E,0.003,0.012,0.009000000000000001,0.004528571428571429,8,0,0.004,0.001,0.005,0,0.009000000000000001,0.001,0.01,1,0.018,0.0,0.018
emerging_haplotype,h1n1pdm,region,2026-02-19,2026-04-09,49,North America,D.3.1.1:155E,0.002,0.009,0.006999999999999999,0.002814285714285714,8,0,0.004,0.001,0.005,1,0.009000000000000001,0.001,0.01,1,0.018,0.0,0.018
emerging_haplotype,h1n1pdm,region,2026-02-19,2026-04-16,56,North America,D.3.1.1:155E,0.002,0.0,0.002,0.0014571428571428572,8,0,0.003,0.001,0.004,0,0.009000000000000001,0.001,0.01,1,0.018,0.0,0.018
emerging_haplotype,h1n1pdm,region,2026-02-19,2026-04-23,63,North America,D.3.1.1:155E,0.002,0.0,0.002,0.0012000000000000001,8,0,0.003,0.001,0.004,1,0.01,0.0,0.01,1,0.018,0.0,0.018
emerging_haplotype,h1n1pdm,region,2026-02-19,2026-02-26,7,North America,D.3.1.1:205K,0.061,0.155,0.094,0.06844285714285714,8,0,0.033,0.045,0.078,0,0.059,0.032,0.091,0,0.096,0.024,0.12
emerging_haplotype,h1n1pdm,region,2026-02-19,2026-03-05,14,North America,D.3.1.1:205K,0.062,0.171,0.10900000000000001,0.08132857142857144,8,0,0.036000000000000004,0.044,0.08,0,0.066,0.03,0.096,0,0.10200000000000001,0.023,0.125
emerging_haplotype,h1n1pdm,region,2026-02-19,2026-03-12,21,North America,D.3.1.1:205K,0.063,0.171,0.10800000000000001,0.07769285714285715,8,0,0.04,0.042,0.082,0,0.07100000000000001,0.029,0.1,0,0.113,0.02,0.133
emerging_haplotype,h1n1pdm,region,2026-02-19,2026-03-19,28,North America,D.3.1.1:205K,0.063,0.18,0.11699999999999999,0.08419999999999998,8,0,0.043000000000000003,0.041,0.084,0,0.07400000000000001,0.027,0.101,0,0.12200000000000001,0.018,0.14
emerging_haplotype,h1n1pdm,region,2026-02-19,2026-03-26,35,North America,D.3.1.1:205K,0.064,0.174,0.10999999999999999,0.07527857142857142,8,0,0.045000000000000005,0.04,0.085,0,0.07999999999999999,0.025,0.105,0,0.129,0.017,0.146
emerging_haplotype,h1n1pdm,region,2026-02-19,2026-04-02,42,North America,D.3.1.1:205K,0.064,0.154,0.09,0.052357142857142866,8,0,0.048999999999999995,0.038,0.087,0,0.086,0.024,0.11,0,0.136,0.015,0.151
emerging_haplotype,h1n1pdm,region,2026-02-19,2026-04-09,49,North America,D.3.1.1:205K,0.064,0.136,0.07200000000000001,0.037807142857142866,8,0,0.051,0.037,0.088,0,0.09,0.023,0.113,1,0.143,0.013,0.156
emerging_haplotype,h1n1pdm,region,2026-02-19,2026-04-16,56,North America,D.3.1.1:205K,0.063,0.175,0.11199999999999999,0.06976428571428571,8,0,0.053,0.036,0.089,0,0.092,0.021,0.113,0,0.149,0.012,0.161
emerging_haplotype,h1n1pdm,region,2026-02-19,2026-04-23,63,North America,D.3.1.1:205K,0.062,0.107,0.045,0.018850000000000002,8,0,0.055999999999999994,0.035,0.091,1,0.096,0.02,0.116,1,0.155,0.011,0.166
emerging_haplotype,h1n1pdm,region,2026-02-19,2026-02-26,7,North America,D.3.1:270A,0.006,0.005,0.001,0.0012785714285714288,8,1,0.008,0.003,0.011,1,0.014,0.002,0.016,1,0.023,0.001,0.024
emerging_haplotype,h1n1pdm,region,2026-02-19,2026-03-05,14,North America,D.3.1:270A,0.005,0.002,0.003,0.0017500000000000003,8,0,0.007,0.003,0.01,1,0.013,0.002,0.015,1,0.023,0.001,0.024
emerging_haplotype,h1n1pdm,region,2026-02-19,2026-03-12,21,North America,D.3.1:270A,0.005,0.002,0.003,0.0017857142857142859,8,0,0.007,0.003,0.01,1,0.013999999999999999,0.001,0.015,1,0.024,0.001,0.025
emerging_haplotype,h1n1pdm,region,2026-02-19,2026-03-19,28,North America,D.3.1:270A,0.005,0.003,0.002,0.0013642857142857141,8,1,0.006999999999999999,0.002,0.009,1,0.013999999999999999,0.001,0.015,1,0.025,0.0,0.025
emerging_haplotype,h1n1pdm,region,2026-02-19,2026-03-26,35,North America,D.3.1:270A,0.004,0.004,0.0,0.001042857142857143,8,1,0.006999999999999999,0.002,0.009,1,0.013000000000000001,0.001,0.014,1,0.024,0.0,0.024
emerging_haplotype,h1n1pdm,region,2026-02-19,2026-04-02,42,North America,D.3.1:270A,0.004,0.0,0.004,0.0024,8,0,0.006,0.002,0.008,0,0.013000000000000001,0.001,0.014,1,0.024,0.0,0.024
emerging_haplotype,h1n1pdm,region,2026-02-19,2026-04-09,49,North America,D.3.1:270A,0.003,0.0,0.003,0.00225,8,0,0.006,0.002,0.008,0,0.013000000000000001,0.001,0.014,1,0.023,0.0,0.023
emerging_haplotype,h1n1pdm,region,2026-02-19,2026-04-16,56,North America,D.3.1:270A,0.003,0.0,0.003,0.0019357142857142858,8,0,0.006,0.001,0.007,0,0.012,0.001,0.013,1,0.023,0.0,0.023
emerging_haplotype,h1n1pdm,region,2026-02-19,2026-04-23,63,North America,D.3.1:270A,0.003,0.0,0.003,0.0016785714285714288,8,0,0.006,0.001,0.007,1,0.013,0.0,0.013,1,0.023,0.0,0.023
emerging_haplotype,h1n1pdm,region,2026-02-19,2026-02-26,7,North America,D.3.1.1,0.687,0.61,0.07700000000000007,0.030664285714285727,8,0,0.07799999999999996,0.639,0.717,1,0.14300000000000002,0.605,0.748,1,0.241,0.538,0.779
emerging_haplotype,h1n1pdm,region,2026-02-19,2026-03-05,14,North America,D.3.1.1,0.68,0.593,0.08700000000000008,0.03482142857142859,8,0,0.08899999999999997,0.626,0.715,1,0.16400000000000003,0.59,0.754,1,0.269,0.513,0.782
emerging_haplotype,h1n1pdm,region,2026-02-19,2026-03-12,21,North America,D.3.1.1,0.672,0.586,0.08600000000000008,0.033828571428571444,8,0,0.09999999999999998,0.611,0.711,1,0.17900000000000005,0.574,0.753,1,0.30000000000000004,0.486,0.786
emerging_haplotype,h1n1pdm,region,2026-02-19,2026-03-19,28,North America,D.3.1.1,0.664,0.585,0.07900000000000007,0.03067142857142858,8,0,0.10899999999999999,0.597,0.706,1,0.20299999999999996,0.55,0.753,1,0.332,0.457,0.789
emerging_haplotype,h1n1pdm,region,2026-02-19,2026-03-26,35,North America,D.3.1.1,0.653,0.577,0.07600000000000007,0.02975000000000001,8,0,0.118,0.582,0.7,1,0.22499999999999998,0.525,0.75,1,0.36500000000000005,0.427,0.792
emerging_haplotype,h1n1pdm,region,2026-02-19,2026-04-02,42,North America,D.3.1.1,0.641,0.604,0.03700000000000003,0.02443571428571429,8,1,0.13,0.564,0.694,1,0.246,0.5,0.746,1,0.397,0.397,0.794
emerging_haplotype,h1n1pdm,region,2026-02-19,2026-04-09,49,North America,D.3.1.1,0.628,0.609,0.019000000000000017,0.023785714285714292,8,1,0.14500000000000002,0.542,0.687,1,0.267,0.476,0.743,1,0.43200000000000005,0.361,0.793
emerging_haplotype,h1n1pdm,region,2026-02-19,2026-04-16,56,North America,D.3.1.1,0.613,0.526,0.08699999999999997,0.035328571428571424,8,1,0.15800000000000003,0.522,0.68,1,0.29,0.45,0.74,1,0.466,0.326,0.792
emerging_haplotype,h1n1pdm,region,2026-02-19,2026-04-23,63,North America,D.3.1.1,0.6,0.571,0.029000000000000026,0.028750000000000005,8,1,0.16900000000000004,0.502,0.671,1,0.314,0.424,0.738,1,0.49900000000000005,0.292,0.791
emerging_haplotype,h1n1pdm,region,2026-02-19,2026-02-26,7,Oceania,C.1.9.3,0.0,0.0,0.0,0.00022857142857142862,8,1,0.001,0.0,0.001,1,0.003,0.0,0.003,1,0.01,0.0,0.01
emerging_haplotype,h1n1pdm,region,2026-02-19,2026-03-05,14,Oceania,C.1.9.3,0.0,0.0,0.0,0.00022142857142857145,8,1,0.001,0.0,0.001,1,0.003,0.0,0.003,1,0.009,0.0,0.009
emerging_haplotype,h1n1pdm,region,2026-02-19,2026-03-12,21,Oceania,C.1.9.3,0.0,0.0,0.0,0.00012142857142857147,8,1,0.0,0.0,0.0,1,0.002,0.0,0.002,1,0.009,0.0,0.009
emerging_haplotype,h1n1pdm,region,2026-02-19,2026-03-19,28,Oceania,C.1.9.3,0.0,0.0,0.0,0.00011428571428571432,8,1,0.0,0.0,0.0,1,0.002,0.0,0.002,1,0.008,0.0,0.008
emerging_haplotype,h1n1pdm,region,2026-02-19,2026-03-26,35,Oceania,C.1.9.3,0.0,0.0,0.0,0.00010714285714285718,8,1,0.0,0.0,0.0,1,0.002,0.0,0.002,1,0.007,0.0,0.007
emerging_haplotype,h1n1pdm,region,2026-02-19,2026-04-02,42,Oceania,C.1.9.3,0.0,0.0,0.0,7.857142857142861e-05,8,1,0.0,0.0,0.0,1,0.001,0.0,0.001,1,0.007,0.0,0.007
emerging_haplotype,h1n1pdm,region,2026-02-19,2026-04-09,49,Oceania,C.1.9.3,0.0,0.0,0.0,7.142857142857146e-05,8,1,0.0,0.0,0.0,1,0.001,0.0,0.001,1,0.006,0.0,0.006
emerging_haplotype,h1n1pdm,region,2026-02-19,2026-04-16,56,Oceania,C.1.9.3,0.0,0.0,0.0,7.142857142857146e-05,8,1,0.0,0.0,0.0,1,0.001,0.0,0.001,1,0.006,0.0,0.006
emerging_haplotype,h1n1pdm,region,2026-02-19,2026-04-23,63,Oceania,C.1.9.3,0.0,0.0,0.0,6.428571428571431e-05,8,1,0.0,0.0,0.0,1,0.001,0.0,0.001,1,0.005,0.0,0.005
emerging_haplotype,h1n1pdm,region,2026-02-19,2026-02-26,7,Oceania,D.3.1,0.004,0.043,0.03899999999999999,0.034749999999999996,8,0,0.004,0.002,0.006,0,0.008,0.001,0.009,0,0.013000000000000001,0.001,0.014
emerging_haplotype,h1n1pdm,region,2026-02-19,2026-03-05,14,Oceania,D.3.1,0.002,0.036,0.033999999999999996,0.030428571428571426,8,0,0.003,0.001,0.004,0,0.005,0.001,0.006,0,0.01,0.0,0.01
emerging_haplotype,h1n1pdm,region,2026-02-19,2026-03-12,21,Oceania,D.3.1,0.002,0.037,0.034999999999999996,0.032742857142857136,8,0,0.002,0.001,0.003,0,0.004,0.0,0.004,0,0.008,0.0,0.008
emerging_haplotype,h1n1pdm,region,2026-02-19,2026-03-19,28,Oceania,D.3.1,0.001,0.043,0.041999999999999996,0.04019285714285714,8,0,0.001,0.001,0.002,0,0.003,0.0,0.003,0,0.005,0.0,0.005
emerging_haplotype,h1n1pdm,region,2026-02-19,2026-03-26,35,Oceania,D.3.1,0.001,0.034,0.033,0.03201428571428571,8,0,0.001,0.0,0.001,0,0.002,0.0,0.002,0,0.004,0.0,0.004
emerging_haplotype,h1n1pdm,region,2026-02-19,2026-04-02,42,Oceania,D.3.1,0.0,0.029,0.029,0.027692857142857148,8,0,0.001,0.0,0.001,0,0.001,0.0,0.001,0,0.003,0.0,0.003
emerging_haplotype,h1n1pdm,region,2026-02-19,2026-04-09,49,Oceania,D.3.1,0.0,0.029,0.029,0.027971428571428574,8,0,0.001,0.0,0.001,0,0.001,0.0,0.001,0,0.002,0.0,0.002
emerging_haplotype,h1n1pdm,region,2026-02-19,2026-04-16,56,Oceania,D.3.1,0.0,0.0,0.0,3.571428571428572e-05,8,1,0.0,0.0,0.0,1,0.001,0.0,0.001,1,0.001,0.0,0.001
emerging_haplotype,h1n1pdm,region,2026-02-19,2026-04-23,63,Oceania,D.3.1,0.0,0.0,0.0,7.142857142857149e-06,8,1,0.0,0.0,0.0,1,0.0,0.0,0.0,1,0.001,0.0,0.001
emerging_haplotype,h1n1pdm,region,2026-02-19,2026-02-26,7,Oceania,D.3.1.1:139N,0.072,0.087,0.015,0.027785714285714292,8,1,0.14600000000000002,0.025,0.171,1,0.391,0.007,0.398,1,0.566,0.001,0.567
emerging_haplotype,h1n1pdm,region,2026-02-19,2026-03-05,14,Oceania,D.3.1.1:139N,0.079,0.036,0.043000000000000003,0.03590714285714286,8,1,0.17500000000000002,0.027,0.202,1,0.447,0.007,0.454,1,0.629,0.001,0.63
emerging_haplotype,h1n1pdm,region,2026-02-19,2026-03-12,21,Oceania,D.3.1.1:139N,0.088,0.037,0.051,0.040278571428571434,8,1,0.192,0.032,0.224,1,0.501,0.007,0.508,1,0.695,0.001,0.696
emerging_haplotype,h1n1pdm,region,2026-02-19,2026-03-19,28,Oceania,D.3.1.1:139N,0.099,0.0,0.099,0.06305,8,0,0.223,0.032,0.255,0,0.5609999999999999,0.007,0.568,0,0.773,0.001,0.774
emerging_haplotype,h1n1pdm,region,2026-02-19,2026-03-26,35,Oceania,D.3.1.1:139N,0.112,0.0,0.112,0.06975,8,0,0.256,0.034,0.29,0,0.616,0.007,0.623,0,0.821,0.001,0.822
emerging_haplotype,h1n1pdm,region,2026-02-19,2026-04-02,42,Oceania,D.3.1.1:139N,0.127,0.0,0.127,0.07772857142857144,8,0,0.30300000000000005,0.035,0.338,0,0.673,0.008,0.681,0,0.86,0.001,0.861
emerging_haplotype,h1n1pdm,region,2026-02-19,2026-04-09,49,Oceania,D.3.1.1:139N,0.14,0.0,0.14,0.08420714285714286,8,0,0.335,0.036,0.371,0,0.737,0.008,0.745,0,0.891,0.001,0.892
emerging_haplotype,h1n1pdm,region,2026-02-19,2026-04-16,56,Oceania,D.3.1.1:139N,0.157,0.0,0.157,0.0920857142857143,8,0,0.374,0.039,0.413,0,0.794,0.008,0.802,0,0.916,0.001,0.917
emerging_haplotype,h1n1pdm,region,2026-02-19,2026-04-23,63,Oceania,D.3.1.1:139N,0.173,0.0,0.173,0.09974285714285715,8,0,0.42000000000000004,0.041,0.461,0,0.842,0.008,0.85,0,0.936,0.001,0.937
emerging_haplotype,h1n1pdm,region,2026-02-19,2026-02-26,7,Oceania,D.3.1.1:155E,0.0,0.0,0.0,5.0000000000000016e-05,8,1,0.0,0.0,0.0,1,0.001,0.0,0.001,1,0.003,0.0,0.003
emerging_haplotype,h1n1pdm,region,2026-02-19,2026-03-05,14,Oceania,D.3.1.1:155E,0.0,0.0,0.0,4.285714285714286e-05,8,1,0.0,0.0,0.0,1,0.001,0.0,0.001,1,0.002,0.0,0.002
emerging_haplotype,h1n1pdm,region,2026-02-19,2026-03-12,21,Oceania,D.3.1.1:155E,0.0,0.0,0.0,4.285714285714286e-05,8,1,0.0,0.0,0.0,1,0.001,0.0,0.001,1,0.002,0.0,0.002
emerging_haplotype,h1n1pdm,region,2026-02-19,2026-03-19,28,Oceania,D.3.1.1:155E,0.0,0.0,0.0,1.4285714285714297e-05,8,1,0.0,0.0,0.0,1,0.0,0.0,0.0,1,0.002,0.0,0.002
emerging_haplotype,h1n1pdm,region,2026-02-19,2026-03-26,35,Oceania,D.3.1.1:155E,0.0,0.0,0.0,1.4285714285714297e-05,8,1,0.0,0.0,0.0,1,0.0,0.0,0.0,1,0.002,0.0,0.002
emerging_haplotype,h1n1pdm,region,2026-02-19,2026-04-02,42,Oceania,D.3.1.1:155E,0.0,0.0,0.0,1.4285714285714297e-05,8,1,0.0,0.0,0.0,1,0.0,0.0,0.0,1,0.002,0.0,0.002
emerging_haplotype,h1n1pdm,region,2026-02-19,2026-04-09,49,Oceania,D.3.1.1:155E,0.0,0.0,0.0,7.142857142857149e-06,8,1,0.0,0.0,0.0,1,0.0,0.0,0.0,1,0.001,0.0,0.001
emerging_haplotype,h1n1pdm,region,2026-02-19,2026-04-16,56,Oceania,D.3.1.1:155E,0.0,0.0,0.0,7.142857142857149e-06,8,1,0.0,0.0,0.0,1,0.0,0.0,0.0,1,0.001,0.0,0.001
emerging_haplotype,h1n1pdm,region,2026-02-19,2026-04-23,63,Oceania,D.3.1.1:155E,0.0,0.0,0.0,7.142857142857149e-06,8,1,0.0,0.0,0.0,1,0.0,0.0,0.0,1,0.001,0.0,0.001
emerging_haplotype,h1n1pdm,region,2026-02-19,2026-02-26,7,Oceania,D.3.1.1:205K,0.141,0.087,0.05399999999999999,0.0403,8,1,0.239,0.065,0.304,1,0.403,0.037,0.44,1,0.5599999999999999,0.02,0.58
emerging_haplotype,h1n1pdm,region,2026-02-19,2026-03-05,14,Oceania,D.3.1.1:205K,0.142,0.071,0.071,0.04580000000000001,8,1,0.26,0.061,0.321,1,0.44599999999999995,0.034,0.48,1,0.608,0.018,0.626
emerging_haplotype,h1n1pdm,region,2026-02-19,2026-03-12,21,Oceania,D.3.1.1:205K,0.146,0.037,0.10899999999999999,0.06097142857142857,8,0,0.277,0.061,0.338,1,0.492,0.032,0.524,1,0.658,0.016,0.674
emerging_haplotype,h1n1pdm,region,2026-02-19,2026-03-19,28,Oceania,D.3.1.1:205K,0.152,0.0,0.152,0.09277142857142857,8,0,0.293,0.061,0.354,0,0.5389999999999999,0.03,0.569,0,0.702,0.013,0.715
emerging_haplotype,h1n1pdm,region,2026-02-19,2026-03-26,35,Oceania,D.3.1.1:205K,0.151,0.0,0.151,0.09368571428571429,8,0,0.306,0.06,0.366,0,0.583,0.028,0.611,0,0.744,0.011,0.755
emerging_haplotype,h1n1pdm,region,2026-02-19,2026-04-02,42,Oceania,D.3.1.1:205K,0.154,0.0,0.154,0.0941,8,0,0.322,0.056,0.378,0,0.623,0.025,0.648,0,0.782,0.009,0.791
emerging_haplotype,h1n1pdm,region,2026-02-19,2026-04-09,49,Oceania,D.3.1.1:205K,0.162,0.029,0.133,0.07466428571428572,8,0,0.339,0.054,0.393,1,0.647,0.02,0.667,1,0.815,0.008,0.823
emerging_haplotype,h1n1pdm,region,2026-02-19,2026-04-16,56,Oceania,D.3.1.1:205K,0.161,0.033,0.128,0.07488571428571429,8,0,0.359,0.052,0.411,1,0.6829999999999999,0.016,0.699,1,0.842,0.006,0.848
emerging_haplotype,h1n1pdm,region,2026-02-19,2026-04-23,63,Oceania,D.3.1.1:205K,0.158,0.045,0.113,0.07222142857142856,8,0,0.379,0.053,0.432,1,0.718,0.013,0.731,1,0.869,0.005,0.874
emerging_haplotype,h1n1pdm,region,2026-02-19,2026-02-26,7,Oceania,D.3.1:270A,0.355,0.0,0.355,0.23750714285714286,8,0,0.263,0.256,0.519,0,0.42899999999999994,0.169,0.598,0,0.605,0.105,0.71
emerging_haplotype,h1n1pdm,region,2026-02-19,2026-03-05,14,Oceania,D.3.1:270A,0.338,0.0,0.338,0.21910000000000002,8,0,0.28500000000000003,0.234,0.519,0,0.45899999999999996,0.147,0.606,0,0.628,0.084,0.712
emerging_haplotype,h1n1pdm,region,2026-02-19,2026-03-12,21,Oceania,D.3.1:270A,0.323,0.0,0.323,0.20057857142857144,8,0,0.308,0.202,0.51,0,0.484,0.13,0.614,0,0.645,0.067,0.712
emerging_haplotype,h1n1pdm,region,2026-02-19,2026-03-19,28,Oceania,D.3.1:270A,0.312,0.0,0.312,0.18719285714285713,8,0,0.318,0.183,0.501,0,0.503,0.115,0.618,0,0.6549999999999999,0.055,0.71
emerging_haplotype,h1n1pdm,region,2026-02-19,2026-03-26,35,Oceania,D.3.1:270A,0.3,0.0,0.3,0.1710285714285714,8,0,0.32499999999999996,0.16,0.485,0,0.527,0.092,0.619,0,0.6659999999999999,0.046,0.712
emerging_haplotype,h1n1pdm,region,2026-02-19,2026-04-02,42,Oceania,D.3.1:270A,0.285,0.0,0.285,0.15907142857142856,8,0,0.33499999999999996,0.141,0.476,0,0.534,0.08,0.614,0,0.6839999999999999,0.039,0.723
emerging_haplotype,h1n1pdm,region,2026-02-19,2026-04-09,49,Oceania,D.3.1:270A,0.268,0.0,0.268,0.1464285714285714,8,0,0.343,0.122,0.465,0,0.542,0.067,0.609,0,0.702,0.032,0.734
emerging_haplotype,h1n1pdm,region,2026-02-19,2026-04-16,56,Oceania,D.3.1:270A,0.249,0.0,0.249,0.13324285714285714,8,0,0.35200000000000004,0.105,0.457,0,0.5519999999999999,0.052,0.604,0,0.706,0.024,0.73
emerging_haplotype,h1n1pdm,region,2026-02-19,2026-04-23,63,Oceania,D.3.1:270A,0.238,0.0,0.238,0.12202857142857144,8,0,0.362,0.086,0.448,0,0.5569999999999999,0.041,0.598,0,0.716,0.017,0.733
emerging_haplotype,h1n1pdm,region,2026-02-19,2026-02-26,7,Oceania,D.3.1.1,0.251,0.783,0.532,0.37679285714285715,8,0,0.196,0.174,0.37,0,0.317,0.126,0.443,0,0.483,0.093,0.576
emerging_haplotype,h1n1pdm,region,2026-02-19,2026-03-05,14,Oceania,D.3.1.1,0.236,0.857,0.621,0.46087857142857136,8,0,0.19799999999999998,0.155,0.353,0,0.325,0.107,0.432,0,0.503,0.075,0.578
emerging_haplotype,h1n1pdm,region,2026-02-19,2026-03-12,21,Oceania,D.3.1.1,0.219,0.889,0.67,0.5034142857142857,8,0,0.20400000000000001,0.133,0.337,0,0.32999999999999996,0.091,0.421,0,0.518,0.061,0.579
emerging_haplotype,h1n1pdm,region,2026-02-19,2026-03-19,28,Oceania,D.3.1.1,0.195,0.957,0.762,0.5824214285714284,8,0,0.21200000000000002,0.113,0.325,0,0.33199999999999996,0.076,0.408,0,0.5309999999999999,0.049,0.58
emerging_haplotype,h1n1pdm,region,2026-02-19,2026-03-26,35,Oceania,D.3.1.1,0.179,0.966,0.7869999999999999,0.6038142857142857,8,0,0.208,0.096,0.304,0,0.333,0.06,0.393,0,0.5419999999999999,0.038,0.58
emerging_haplotype,h1n1pdm,region,2026-02-19,2026-04-02,42,Oceania,D.3.1.1,0.162,0.971,0.8089999999999999,0.6207428571428572,8,0,0.20499999999999996,0.081,0.286,0,0.331,0.047,0.378,0,0.5499999999999999,0.029,0.579
emerging_haplotype,h1n1pdm,region,2026-02-19,2026-04-09,49,Oceania,D.3.1.1,0.147,0.943,0.7959999999999999,0.6061,8,0,0.20400000000000001,0.067,0.271,0,0.327,0.038,0.365,0,0.5459999999999999,0.021,0.567
emerging_haplotype,h1n1pdm,region,2026-02-19,2026-04-16,56,Oceania,D.3.1.1,0.132,0.967,0.835,0.6483642857142857,8,0,0.19,0.058,0.248,0,0.32099999999999995,0.03,0.351,0,0.527,0.016,0.543
emerging_haplotype,h1n1pdm,region,2026-02-19,2026-04-23,63,Oceania,D.3.1.1,0.113,0.955,0.842,0.6482357142857141,8,0,0.18,0.048,0.228,0,0.316,0.023,0.339,0,0.529,0.011,0.54
emerging_haplotype,h1n1pdm,region,2026-02-19,2026-02-26,7,South America,C.1.9.3,0.004,0.0,0.004,0.0027571428571428573,8,0,0.009000000000000001,0.001,0.01,0,0.023,0.001,0.024,1,0.044,0.0,0.044
emerging_haplotype,h1n1pdm,region,2026-02-19,2026-03-05,14,South America,C.1.9.3,0.003,0.0,0.003,0.0021071428571428573,8,0,0.007,0.001,0.008,1,0.021,0.0,0.021,1,0.041,0.0,0.041
emerging_haplotype,h1n1pdm,region,2026-02-19,2026-03-12,21,South America,C.1.9.3,0.002,0.0,0.002,0.0017071428571428572,8,0,0.005,0.001,0.006,1,0.018,0.0,0.018,1,0.037,0.0,0.037
emerging_haplotype,h1n1pdm,region,2026-02-19,2026-03-19,28,South America,C.1.9.3,0.002,0.0,0.002,0.0015285714285714288,8,0,0.004,0.001,0.005,1,0.015,0.0,0.015,1,0.034,0.0,0.034
emerging_haplotype,h1n1pdm,region,2026-02-19,2026-03-26,35,South America,C.1.9.3,0.001,0.0,0.001,0.0010214285714285714,8,1,0.004,0.0,0.004,1,0.013,0.0,0.013,1,0.031,0.0,0.031
emerging_haplotype,h1n1pdm,region,2026-02-19,2026-04-02,42,South America,C.1.9.3,0.001,0.0,0.001,0.0008357142857142859,8,1,0.003,0.0,0.003,1,0.01,0.0,0.01,1,0.027,0.0,0.027
emerging_haplotype,h1n1pdm,region,2026-02-19,2026-04-09,49,South America,C.1.9.3,0.001,0.0,0.001,0.0007642857142857144,8,1,0.003,0.0,0.003,1,0.008,0.0,0.008,1,0.025,0.0,0.025
emerging_haplotype,h1n1pdm,region,2026-02-19,2026-02-26,7,South America,D.3.1,0.003,0.03,0.027,0.02062142857142857,8,0,0.005,0.001,0.006,0,0.009999999999999998,0.001,0.011,0,0.017,0.0,0.017
emerging_haplotype,h1n1pdm,region,2026-02-19,2026-03-05,14,South America,D.3.1,0.002,0.042,0.04,0.03510714285714286,8,0,0.003,0.001,0.004,0,0.008,0.0,0.008,0,0.013,0.0,0.013
emerging_haplotype,h1n1pdm,region,2026-02-19,2026-03-12,21,South America,D.3.1,0.001,0.053,0.052,0.04781428571428571,8,0,0.002,0.001,0.003,0,0.006,0.0,0.006,0,0.01,0.0,0.01
emerging_haplotype,h1n1pdm,region,2026-02-19,2026-03-19,28,South America,D.3.1,0.001,0.111,0.11,0.10744999999999998,8,0,0.002,0.0,0.002,0,0.004,0.0,0.004,0,0.007,0.0,0.007
emerging_haplotype,h1n1pdm,region,2026-02-19,2026-03-26,35,South America,D.3.1,0.0,0.0,0.0,0.00020000000000000004,8,1,0.001,0.0,0.001,1,0.003,0.0,0.003,1,0.006,0.0,0.006
emerging_haplotype,h1n1pdm,region,2026-02-19,2026-04-02,42,South America,D.3.1,0.0,0.0,0.0,0.00015714285714285716,8,1,0.001,0.0,0.001,1,0.002,0.0,0.002,1,0.004,0.0,0.004
emerging_haplotype,h1n1pdm,region,2026-02-19,2026-04-09,49,South America,D.3.1,0.0,0.0,0.0,0.00012142857142857146,8,1,0.001,0.0,0.001,1,0.001,0.0,0.001,1,0.003,0.0,0.003
emerging_haplotype,h1n1pdm,region,2026-02-19,2026-02-26,7,South America,D.3.1.1:139N,0.05,0.091,0.040999999999999995,0.02310714285714286,8,1,0.102,0.019,0.121,1,0.238,0.007,0.245,1,0.443,0.002,0.445
emerging_haplotype,h1n1pdm,region,2026-02-19,2026-03-05,14,South America,D.3.1.1:139N,0.054,0.083,0.029000000000000005,0.023542857142857147,8,1,0.116,0.02,0.136,1,0.264,0.006,0.27,1,0.5,0.002,0.502
emerging_haplotype,h1n1pdm,region,2026-02-19,2026-03-12,21,South America,D.3.1.1:139N,0.059,0.105,0.046,0.028142857142857143,8,1,0.12399999999999999,0.021,0.145,1,0.309,0.006,0.315,1,0.544,0.002,0.546
emerging_haplotype,h1n1pdm,region,2026-02-19,2026-03-19,28,South America,D.3.1.1:139N,0.064,0.111,0.047,0.030000000000000002,8,1,0.132,0.022,0.154,1,0.33799999999999997,0.006,0.344,1,0.588,0.002,0.59
emerging_haplotype,h1n1pdm,region,2026-02-19,2026-03-26,35,South America,D.3.1.1:139N,0.071,0.0,0.071,0.044707142857142855,8,0,0.158,0.022,0.18,0,0.357,0.006,0.363,0,0.631,0.002,0.633
emerging_haplotype,h1n1pdm,region,2026-02-19,2026-04-02,42,South America,D.3.1.1:139N,0.073,0.0,0.073,0.047285714285714285,8,0,0.17600000000000002,0.021,0.197,0,0.412,0.005,0.417,0,0.672,0.001,0.673
emerging_haplotype,h1n1pdm,region,2026-02-19,2026-04-09,49,South America,D.3.1.1:139N,0.074,0.0,0.074,0.04902142857142857,8,0,0.186,0.019,0.205,0,0.452,0.005,0.457,0,0.715,0.001,0.716
emerging_haplotype,h1n1pdm,region,2026-02-19,2026-02-26,7,South America,D.3.1.1:155E,0.0,0.03,0.03,0.025328571428571426,8,0,0.0,0.0,0.0,0,0.003,0.0,0.003,0,0.014,0.0,0.014
emerging_haplotype,h1n1pdm,region,2026-02-19,2026-03-05,14,South America,D.3.1.1:155E,0.0,0.042,0.042,0.03760714285714285,8,0,0.0,0.0,0.0,0,0.003,0.0,0.003,0,0.013,0.0,0.013
emerging_haplotype,h1n1pdm,region,2026-02-19,2026-03-12,21,South America,D.3.1.1:155E,0.0,0.053,0.053,0.04942142857142857,8,0,0.0,0.0,0.0,0,0.002,0.0,0.002,0,0.011,0.0,0.011
emerging_haplotype,h1n1pdm,region,2026-02-19,2026-03-19,28,South America,D.3.1.1:155E,0.0,0.0,0.0,0.00012857142857142863,8,1,0.0,0.0,0.0,1,0.002,0.0,0.002,1,0.01,0.0,0.01
emerging_haplotype,h1n1pdm,region,2026-02-19,2026-03-26,35,South America,D.3.1.1:155E,0.0,0.0,0.0,0.00012857142857142863,8,1,0.0,0.0,0.0,1,0.002,0.0,0.002,1,0.01,0.0,0.01
emerging_haplotype,h1n1pdm,region,2026-02-19,2026-04-02,42,South America,D.3.1.1:155E,0.0,0.0,0.0,0.00011428571428571432,8,1,0.0,0.0,0.0,1,0.002,0.0,0.002,1,0.008,0.0,0.008
emerging_haplotype,h1n1pdm,region,2026-02-19,2026-04-09,49,South America,D.3.1.1:155E,0.0,0.0,0.0,0.00010714285714285718,8,1,0.0,0.0,0.0,1,0.002,0.0,0.002,1,0.007,0.0,0.007
emerging_haplotype,h1n1pdm,region,2026-02-19,2026-02-26,7,South America,D.3.1.1:205K,0.08,0.364,0.284,0.12792857142857142,8,0,0.155,0.031,0.186,0,0.308,0.01,0.318,1,0.488,0.002,0.49
emerging_haplotype,h1n1pdm,region,2026-02-19,2026-03-05,14,South America,D.3.1.1:205K,0.091,0.333,0.24200000000000002,0.09515714285714287,8,0,0.182,0.035,0.217,1,0.362,0.011,0.373,1,0.574,0.002,0.576
emerging_haplotype,h1n1pdm,region,2026-02-19,2026-03-12,21,South America,D.3.1.1:205K,0.104,0.316,0.21200000000000002,0.08087857142857144,8,0,0.21,0.039,0.249,1,0.413,0.012,0.425,1,0.651,0.003,0.654
emerging_haplotype,h1n1pdm,region,2026-02-19,2026-03-19,28,South America,D.3.1.1:205K,0.119,0.556,0.43700000000000006,0.19945714285714292,8,0,0.233,0.042,0.275,0,0.46799999999999997,0.012,0.48,1,0.702,0.003,0.705
emerging_haplotype,h1n1pdm,region,2026-02-19,2026-03-26,35,South America,D.3.1.1:205K,0.138,0.833,0.695,0.3949857142857143,8,0,0.265,0.044,0.309,0,0.53,0.012,0.542,0,0.748,0.003,0.751
emerging_haplotype,h1n1pdm,region,2026-02-19,2026-04-02,42,South America,D.3.1.1:205K,0.15,0.75,0.6,0.28982142857142856,8,0,0.303,0.046,0.349,0,0.579,0.011,0.59,1,0.789,0.003,0.792
emerging_haplotype,h1n1pdm,region,2026-02-19,2026-04-09,49,South America,D.3.1.1:205K,0.163,0.667,0.504,0.20785000000000003,8,0,0.34400000000000003,0.045,0.389,0,0.628,0.011,0.639,1,0.827,0.003,0.83
emerging_haplotype,h1n1pdm,region,2026-02-19,2026-02-26,7,South America,D.3.1:270A,0.001,0.0,0.001,0.0010857142857142858,8,1,0.004,0.0,0.004,1,0.015,0.0,0.015,1,0.032,0.0,0.032
emerging_haplotype,h1n1pdm,region,2026-02-19,2026-03-05,14,South America,D.3.1:270A,0.001,0.0,0.001,0.0009642857142857144,8,1,0.003,0.0,0.003,1,0.014,0.0,0.014,1,0.029,0.0,0.029
emerging_haplotype,h1n1pdm,region,2026-02-19,2026-03-12,21,South America,D.3.1:270A,0.001,0.0,0.001,0.0009214285714285715,8,1,0.003,0.0,0.003,1,0.013,0.0,0.013,1,0.027,0.0,0.027
emerging_haplotype,h1n1pdm,region,2026-02-19,2026-03-19,28,South America,D.3.1:270A,0.001,0.0,0.001,0.0008785714285714288,8,1,0.003,0.0,0.003,1,0.012,0.0,0.012,1,0.025,0.0,0.025
emerging_haplotype,h1n1pdm,region,2026-02-19,2026-03-26,35,South America,D.3.1:270A,0.0,0.0,0.0,0.0006285714285714286,8,1,0.002,0.0,0.002,1,0.011,0.0,0.011,1,0.024,0.0,0.024
emerging_haplotype,h1n1pdm,region,2026-02-19,2026-04-02,42,South America,D.3.1:270A,0.0,0.0,0.0,0.000592857142857143,8,1,0.002,0.0,0.002,1,0.01,0.0,0.01,1,0.023,0.0,0.023
emerging_haplotype,h1n1pdm,region,2026-02-19,2026-04-09,49,South America,D.3.1:270A,0.0,0.0,0.0,0.0005642857142857143,8,1,0.002,0.0,0.002,1,0.009,0.0,0.009,1,0.023,0.0,0.023
emerging_haplotype,h1n1pdm,region,2026-02-19,2026-02-26,7,South America,D.3.1.1,0.802,0.485,0.31700000000000006,0.1353357142857143,8,0,0.20099999999999996,0.666,0.867,0,0.405,0.515,0.92,1,0.5369999999999999,0.424,0.961
emerging_haplotype,h1n1pdm,region,2026-02-19,2026-03-05,14,South America,D.3.1.1,0.784,0.5,0.28400000000000003,0.10997142857142858,8,0,0.235,0.624,0.859,1,0.452,0.467,0.919,1,0.598,0.364,0.962
emerging_haplotype,h1n1pdm,region,2026-02-19,2026-03-12,21,South America,D.3.1.1,0.767,0.474,0.29300000000000004,0.10765714285714285,8,0,0.277,0.568,0.845,1,0.506,0.41,0.916,1,0.6579999999999999,0.302,0.96
emerging_haplotype,h1n1pdm,region,2026-02-19,2026-03-19,28,South America,D.3.1.1,0.738,0.222,0.516,0.24495714285714287,8,0,0.32199999999999995,0.513,0.835,0,0.559,0.355,0.914,0,0.718,0.243,0.961
emerging_haplotype,h1n1pdm,region,2026-02-19,2026-03-26,35,South America,D.3.1.1,0.71,0.167,0.5429999999999999,0.2563285714285714,8,0,0.36399999999999993,0.461,0.825,0,0.6040000000000001,0.303,0.907,0,0.77,0.192,0.962
emerging_haplotype,h1n1pdm,region,2026-02-19,2026-04-02,42,South America,D.3.1.1,0.683,0.25,0.43300000000000005,0.1596857142857143,8,0,0.41300000000000003,0.397,0.81,0,0.648,0.257,0.905,1,0.814,0.149,0.963
emerging_haplotype,h1n1pdm,region,2026-02-19,2026-04-09,49,South America,D.3.1.1,0.652,0.333,0.319,0.10722857142857142,8,0,0.45100000000000007,0.346,0.797,1,0.6880000000000001,0.213,0.901,1,0.85,0.113,0.963
emerging_haplotype,h1n1pdm,region,2026-02-19,2026-02-26,7,Southeast Asia,C.1.9.3,0.012,0.0,0.012,0.006864285714285714,8,0,0.015000000000000001,0.006,0.021,0,0.029,0.003,0.032,0,0.055,0.001,0.056
emerging_haplotype,h1n1pdm,region,2026-02-19,2026-03-05,14,Southeast Asia,C.1.9.3,0.009,0.0,0.009,0.004885714285714285,8,0,0.012,0.004,0.016,0,0.024,0.002,0.026,1,0.048,0.0,0.048
emerging_haplotype,h1n1pdm,region,2026-02-19,2026-03-12,21,Southeast Asia,C.1.9.3,0.007,0.0,0.007,0.0036571428571428575,8,0,0.009000000000000001,0.003,0.012,0,0.02,0.001,0.021,1,0.042,0.0,0.042
emerging_haplotype,h1n1pdm,region,2026-02-19,2026-03-19,28,Southeast Asia,C.1.9.3,0.005,0.0,0.005,0.0027857142857142863,8,0,0.006999999999999999,0.002,0.009,0,0.016,0.001,0.017,1,0.036,0.0,0.036
emerging_haplotype,h1n1pdm,region,2026-02-19,2026-03-26,35,Southeast Asia,C.1.9.3,0.003,0.0,0.003,0.001735714285714286,8,0,0.006,0.001,0.007,1,0.013,0.0,0.013,1,0.031,0.0,0.031
emerging_haplotype,h1n1pdm,region,2026-02-19,2026-04-02,42,Southeast Asia,C.1.9.3,0.002,0.0,0.002,0.0014285714285714286,8,0,0.005,0.001,0.006,1,0.011,0.0,0.011,1,0.026,0.0,0.026
emerging_haplotype,h1n1pdm,region,2026-02-19,2026-04-09,49,Southeast Asia,C.1.9.3,0.002,0.0,0.002,0.0012,8,0,0.003,0.001,0.004,1,0.009,0.0,0.009,1,0.022,0.0,0.022
emerging_haplotype,h1n1pdm,region,2026-02-19,2026-02-26,7,Southeast Asia,D.3.1,0.031,0.111,0.08,0.05058571428571429,8,0,0.031,0.016,0.047,0,0.060000000000000005,0.009,0.069,0,0.092,0.004,0.096
emerging_haplotype,h1n1pdm,region,2026-02-19,2026-03-05,14,Southeast Asia,D.3.1,0.023,0.125,0.10200000000000001,0.07749285714285715,8,0,0.025999999999999995,0.01,0.036,0,0.048,0.005,0.053,0,0.077,0.002,0.079
emerging_haplotype,h1n1pdm,region,2026-02-19,2026-03-12,21,Southeast Asia,D.3.1,0.016,0.111,0.095,0.07354285714285715,8,0,0.022,0.006,0.028,0,0.038,0.003,0.041,0,0.064,0.001,0.065
emerging_haplotype,h1n1pdm,region,2026-02-19,2026-03-19,28,Southeast Asia,D.3.1,0.012,0.2,0.188,0.17097857142857142,8,0,0.017,0.004,0.021,0,0.028999999999999998,0.002,0.031,0,0.051,0.001,0.052
emerging_haplotype,h1n1pdm,region,2026-02-19,2026-03-26,35,Southeast Asia,D.3.1,0.008,0.0,0.008,0.0041428571428571434,8,0,0.013000000000000001,0.003,0.016,0,0.022,0.001,0.023,1,0.042,0.0,0.042
emerging_haplotype,h1n1pdm,region,2026-02-19,2026-04-02,42,Southeast Asia,D.3.1,0.005,0.0,0.005,0.0030071428571428575,8,0,0.01,0.002,0.012,0,0.016999999999999998,0.001,0.018,1,0.033,0.0,0.033
emerging_haplotype,h1n1pdm,region,2026-02-19,2026-04-09,49,Southeast Asia,D.3.1,0.004,0.0,0.004,0.002014285714285714,8,0,0.008,0.001,0.009,1,0.014,0.0,0.014,1,0.026,0.0,0.026
emerging_haplotype,h1n1pdm,region,2026-02-19,2026-02-26,7,Southeast Asia,D.3.1.1:139N,0.299,0.556,0.25700000000000006,0.09594285714285715,8,1,0.46699999999999997,0.132,0.599,1,0.687,0.065,0.752,1,0.874,0.033,0.907
emerging_haplotype,h1n1pdm,region,2026-02-19,2026-03-05,14,Southeast Asia,D.3.1.1:139N,0.342,0.625,0.283,0.10471428571428572,8,1,0.518,0.144,0.662,1,0.7280000000000001,0.071,0.799,1,0.9079999999999999,0.031,0.939
emerging_haplotype,h1n1pdm,region,2026-02-19,2026-03-12,21,Southeast Asia,D.3.1.1:139N,0.394,0.444,0.04999999999999999,0.07582142857142858,8,1,0.5619999999999999,0.155,0.717,1,0.766,0.076,0.842,1,0.9309999999999999,0.03,0.961
emerging_haplotype,h1n1pdm,region,2026-02-19,2026-03-19,28,Southeast Asia,D.3.1.1:139N,0.44,0.2,0.24,0.10697857142857141,8,1,0.602,0.161,0.763,1,0.803,0.076,0.879,1,0.945,0.03,0.975
emerging_haplotype,h1n1pdm,region,2026-02-19,2026-03-26,35,Southeast Asia,D.3.1.1:139N,0.489,0.25,0.239,0.11029285714285716,8,1,0.638,0.167,0.805,1,0.8320000000000001,0.075,0.907,1,0.953,0.03,0.983
emerging_haplotype,h1n1pdm,region,2026-02-19,2026-04-02,42,Southeast Asia,D.3.1.1:139N,0.537,0.25,0.28700000000000003,0.11922857142857143,8,1,0.6579999999999999,0.178,0.836,1,0.8530000000000001,0.078,0.931,1,0.96,0.028,0.988
emerging_haplotype,h1n1pdm,region,2026-02-19,2026-04-09,49,Southeast Asia,D.3.1.1:139N,0.583,0.333,0.24999999999999994,0.11624999999999999,8,1,0.6819999999999999,0.18,0.862,1,0.872,0.078,0.95,1,0.967,0.025,0.992
emerging_haplotype,h1n1pdm,region,2026-02-19,2026-02-26,7,Southeast Asia,D.3.1.1:155E,0.0,0.0,0.0,5.0000000000000016e-05,8,1,0.0,0.0,0.0,1,0.001,0.0,0.001,1,0.003,0.0,0.003
emerging_haplotype,h1n1pdm,region,2026-02-19,2026-03-05,14,Southeast Asia,D.3.1.1:155E,0.0,0.0,0.0,5.0000000000000016e-05,8,1,0.0,0.0,0.0,1,0.001,0.0,0.001,1,0.003,0.0,0.003
emerging_haplotype,h1n1pdm,region,2026-02-19,2026-03-12,21,Southeast Asia,D.3.1.1:155E,0.0,0.0,0.0,5.0000000000000016e-05,8,1,0.0,0.0,0.0,1,0.001,0.0,0.001,1,0.003,0.0,0.003
emerging_haplotype,h1n1pdm,region,2026-02-19,2026-03-19,28,Southeast Asia,D.3.1.1:155E,0.0,0.0,0.0,5.0000000000000016e-05,8,1,0.0,0.0,0.0,1,0.001,0.0,0.001,1,0.003,0.0,0.003
emerging_haplotype,h1n1pdm,region,2026-02-19,2026-03-26,35,Southeast Asia,D.3.1.1:155E,0.0,0.0,0.0,1.4285714285714297e-05,8,1,0.0,0.0,0.0,1,0.0,0.0,0.0,1,0.002,0.0,0.002
emerging_haplotype,h1n1pdm,region,2026-02-19,2026-04-02,42,Southeast Asia,D.3.1.1:155E,0.0,0.0,0.0,1.4285714285714297e-05,8,1,0.0,0.0,0.0,1,0.0,0.0,0.0,1,0.002,0.0,0.002
emerging_haplotype,h1n1pdm,region,2026-02-19,2026-04-09,49,Southeast Asia,D.3.1.1:155E,0.0,0.0,0.0,2.142857142857145e-05,8,1,0.0,0.0,0.0,1,0.0,0.0,0.0,1,0.003,0.0,0.003
emerging_haplotype,h1n1pdm,region,2026-02-19,2026-02-26,7,Southeast Asia,D.3.1.1:205K,0.072,0.0,0.072,0.04612857142857144,8,0,0.161,0.026,0.187,0,0.33799999999999997,0.007,0.345,0,0.656,0.002,0.658
emerging_haplotype,h1n1pdm,region,2026-02-19,2026-03-05,14,Southeast Asia,D.3.1.1:205K,0.069,0.0,0.069,0.04694285714285714,8,0,0.171,0.024,0.195,0,0.372,0.007,0.379,0,0.714,0.001,0.715
emerging_haplotype,h1n1pdm,region,2026-02-19,2026-03-12,21,Southeast Asia,D.3.1.1:205K,0.071,0.0,0.071,0.048678571428571425,8,0,0.186,0.022,0.208,0,0.40299999999999997,0.006,0.409,0,0.763,0.001,0.764
emerging_haplotype,h1n1pdm,region,2026-02-19,2026-03-19,28,Southeast Asia,D.3.1.1:205K,0.072,0.0,0.072,0.049557142857142855,8,0,0.195,0.019,0.214,0,0.426,0.006,0.432,0,0.804,0.001,0.805
emerging_haplotype,h1n1pdm,region,2026-02-19,2026-03-26,35,Southeast Asia,D.3.1.1:205K,0.069,0.0,0.069,0.05087857142857144,8,0,0.20700000000000002,0.018,0.225,0,0.469,0.005,0.474,0,0.837,0.001,0.838
emerging_haplotype,h1n1pdm,region,2026-02-19,2026-04-02,42,Southeast Asia,D.3.1.1:205K,0.07,0.0,0.07,0.05207857142857143,8,0,0.21899999999999997,0.016,0.235,0,0.509,0.004,0.513,1,0.865,0.0,0.865
emerging_haplotype,h1n1pdm,region,2026-02-19,2026-04-09,49,Southeast Asia,D.3.1.1:205K,0.067,0.0,0.067,0.05292142857142858,8,0,0.235,0.013,0.248,0,0.548,0.003,0.551,1,0.887,0.0,0.887
emerging_haplotype,h1n1pdm,region,2026-02-19,2026-02-26,7,Southeast Asia,D.3.1:270A,0.0,0.0,0.0,6.428571428571431e-05,8,1,0.0,0.0,0.0,1,0.001,0.0,0.001,1,0.005,0.0,0.005
emerging_haplotype,h1n1pdm,region,2026-02-19,2026-03-05,14,Southeast Asia,D.3.1:270A,0.0,0.0,0.0,2.8571428571428595e-05,8,1,0.0,0.0,0.0,1,0.0,0.0,0.0,1,0.004,0.0,0.004
emerging_haplotype,h1n1pdm,region,2026-02-19,2026-03-12,21,Southeast Asia,D.3.1:270A,0.0,0.0,0.0,2.142857142857145e-05,8,1,0.0,0.0,0.0,1,0.0,0.0,0.0,1,0.003,0.0,0.003
emerging_haplotype,h1n1pdm,region,2026-02-19,2026-03-19,28,Southeast Asia,D.3.1:270A,0.0,0.0,0.0,1.4285714285714297e-05,8,1,0.0,0.0,0.0,1,0.0,0.0,0.0,1,0.002,0.0,0.002
emerging_haplotype,h1n1pdm,region,2026-02-19,2026-03-26,35,Southeast Asia,D.3.1:270A,0.0,0.0,0.0,1.4285714285714297e-05,8,1,0.0,0.0,0.0,1,0.0,0.0,0.0,1,0.002,0.0,0.002
emerging_haplotype,h1n1pdm,region,2026-02-19,2026-04-02,42,Southeast Asia,D.3.1:270A,0.0,0.0,0.0,1.4285714285714297e-05,8,1,0.0,0.0,0.0,1,0.0,0.0,0.0,1,0.002,0.0,0.002
emerging_haplotype,h1n1pdm,region,2026-02-19,2026-04-09,49,Southeast Asia,D.3.1:270A,0.0,0.0,0.0,1.4285714285714297e-05,8,1,0.0,0.0,0.0,1,0.0,0.0,0.0,1,0.002,0.0,0.002
emerging_haplotype,h1n1pdm,region,2026-02-19,2026-02-26,7,Southeast Asia,D.3.1.1,0.227,0.333,0.10600000000000001,0.04794285714285714,8,1,0.23199999999999998,0.136,0.368,1,0.423,0.073,0.496,1,0.58,0.029,0.609
emerging_haplotype,h1n1pdm,region,2026-02-19,2026-03-05,14,Southeast Asia,D.3.1.1,0.201,0.25,0.04899999999999999,0.04021428571428571,8,1,0.236,0.112,0.348,1,0.427,0.053,0.48,1,0.582,0.018,0.6
emerging_haplotype,h1n1pdm,region,2026-02-19,2026-03-12,21,Southeast Asia,D.3.1.1,0.178,0.444,0.266,0.10448571428571429,8,0,0.24100000000000002,0.087,0.328,1,0.42000000000000004,0.043,0.463,1,0.578,0.012,0.59
emerging_haplotype,h1n1pdm,region,2026-02-19,2026-03-19,28,Southeast Asia,D.3.1.1,0.15,0.6,0.44999999999999996,0.2324,8,0,0.23099999999999998,0.069,0.3,0,0.41300000000000003,0.03,0.443,0,0.574,0.008,0.582
emerging_haplotype,h1n1pdm,region,2026-02-19,2026-03-26,35,Southeast Asia,D.3.1.1,0.128,0.75,0.622,0.402,8,0,0.21600000000000003,0.053,0.269,0,0.39799999999999996,0.021,0.419,0,0.568,0.006,0.574
emerging_haplotype,h1n1pdm,region,2026-02-19,2026-04-02,42,Southeast Asia,D.3.1.1,0.106,0.75,0.644,0.4173071428571428,8,0,0.20199999999999999,0.041,0.243,0,0.377,0.015,0.392,0,0.575,0.004,0.579
emerging_haplotype,h1n1pdm,region,2026-02-19,2026-04-09,49,Southeast Asia,D.3.1.1,0.088,0.667,0.5790000000000001,0.34962142857142864,8,0,0.184,0.031,0.215,0,0.357,0.01,0.367,0,0.579,0.002,0.581
emerging_haplotype,h1n1pdm,region,2026-02-19,2026-02-26,7,West Asia,C.1.9.3,0.002,0.0,0.002,0.0014285714285714286,8,0,0.004,0.001,0.005,1,0.012,0.0,0.012,1,0.032,0.0,0.032
emerging_haplotype,h1n1pdm,region,2026-02-19,2026-03-05,14,West Asia,C.1.9.3,0.002,0.0,0.002,0.0012785714285714288,8,0,0.003,0.001,0.004,1,0.01,0.0,0.01,1,0.029,0.0,0.029
emerging_haplotype,h1n1pdm,region,2026-02-19,2026-03-12,21,West Asia,C.1.9.3,0.001,0.0,0.001,0.0007785714285714287,8,1,0.003,0.0,0.003,1,0.008,0.0,0.008,1,0.027,0.0,0.027
emerging_haplotype,h1n1pdm,region,2026-02-19,2026-03-19,28,West Asia,C.1.9.3,0.001,0.0,0.001,0.0007142857142857144,8,1,0.003,0.0,0.003,1,0.007,0.0,0.007,1,0.022,0.0,0.022
emerging_haplotype,h1n1pdm,region,2026-02-19,2026-03-26,35,West Asia,C.1.9.3,0.001,0.0,0.001,0.000592857142857143,8,1,0.002,0.0,0.002,1,0.006,0.0,0.006,1,0.019,0.0,0.019
emerging_haplotype,h1n1pdm,region,2026-02-19,2026-04-02,42,West Asia,C.1.9.3,0.0,0.0,0.0,0.00040000000000000013,8,1,0.002,0.0,0.002,1,0.005,0.0,0.005,1,0.016,0.0,0.016
emerging_haplotype,h1n1pdm,region,2026-02-19,2026-04-09,49,West Asia,C.1.9.3,0.0,0.0,0.0,0.00030714285714285723,8,1,0.001,0.0,0.001,1,0.005,0.0,0.005,1,0.013,0.0,0.013
emerging_haplotype,h1n1pdm,region,2026-02-19,2026-02-26,7,West Asia,D.3.1,0.079,0.061,0.018000000000000002,0.01795,8,1,0.09000000000000001,0.043,0.133,1,0.217,0.022,0.239,1,0.385,0.012,0.397
emerging_haplotype,h1n1pdm,region,2026-02-19,2026-03-05,14,West Asia,D.3.1,0.068,0.061,0.007000000000000006,0.015071428571428574,8,1,0.08,0.034,0.114,1,0.198,0.016,0.214,1,0.378,0.008,0.386
emerging_haplotype,h1n1pdm,region,2026-02-19,2026-03-12,21,West Asia,D.3.1,0.058,0.061,0.0029999999999999957,0.013414285714285714,8,1,0.07300000000000001,0.026,0.099,1,0.18,0.011,0.191,1,0.368,0.005,0.373
emerging_haplotype,h1n1pdm,region,2026-02-19,2026-03-19,28,West Asia,D.3.1,0.048,0.061,0.012999999999999998,0.014035714285714287,8,1,0.06699999999999999,0.02,0.087,1,0.16999999999999998,0.008,0.178,1,0.355,0.003,0.358
emerging_haplotype,h1n1pdm,region,2026-02-19,2026-03-26,35,West Asia,D.3.1,0.038,0.065,0.027000000000000003,0.015314285714285714,8,1,0.061,0.015,0.076,1,0.164,0.005,0.169,1,0.338,0.002,0.34
emerging_haplotype,h1n1pdm,region,2026-02-19,2026-04-02,42,West Asia,D.3.1,0.031,0.12,0.089,0.03845,8,0,0.05600000000000001,0.011,0.067,1,0.151,0.004,0.155,1,0.319,0.001,0.32
emerging_haplotype,h1n1pdm,region,2026-02-19,2026-04-09,49,West Asia,D.3.1,0.024,0.0,0.024,0.016292857142857144,8,0,0.05,0.008,0.058,0,0.141,0.002,0.143,0,0.297,0.001,0.298
emerging_haplotype,h1n1pdm,region,2026-02-19,2026-02-26,7,West Asia,D.3.1.1:139N,0.055,0.061,0.005999999999999998,0.025971428571428572,8,1,0.14200000000000002,0.016,0.158,1,0.37,0.004,0.374,1,0.616,0.001,0.617
emerging_haplotype,h1n1pdm,region,2026-02-19,2026-03-05,14,West Asia,D.3.1.1:139N,0.056,0.061,0.0049999999999999975,0.029414285714285716,8,1,0.16699999999999998,0.015,0.182,1,0.416,0.004,0.42,1,0.684,0.001,0.685
emerging_haplotype,h1n1pdm,region,2026-02-19,2026-03-12,21,West Asia,D.3.1.1:139N,0.06,0.061,0.0010000000000000009,0.03239285714285715,8,1,0.195,0.017,0.212,1,0.455,0.004,0.459,1,0.745,0.001,0.746
emerging_haplotype,h1n1pdm,region,2026-02-19,2026-03-19,28,West Asia,D.3.1.1:139N,0.064,0.061,0.0030000000000000027,0.03723571428571428,8,1,0.22699999999999998,0.017,0.244,1,0.525,0.004,0.529,1,0.783,0.001,0.784
emerging_haplotype,h1n1pdm,region,2026-02-19,2026-03-26,35,West Asia,D.3.1.1:139N,0.067,0.065,0.0020000000000000018,0.041614285714285715,8,1,0.259,0.019,0.278,1,0.591,0.003,0.594,1,0.832,0.001,0.833
emerging_haplotype,h1n1pdm,region,2026-02-19,2026-04-02,42,West Asia,D.3.1.1:139N,0.069,0.0,0.069,0.062171428571428565,8,0,0.295,0.018,0.313,0,0.655,0.003,0.658,0,0.874,0.001,0.875
emerging_haplotype,h1n1pdm,region,2026-02-19,2026-04-09,49,West Asia,D.3.1.1:139N,0.07,0.0,0.07,0.0658,8,0,0.317,0.019,0.336,0,0.704,0.003,0.707,0,0.906,0.001,0.907
emerging_haplotype,h1n1pdm,region,2026-02-19,2026-02-26,7,West Asia,D.3.1.1:155E,0.0,0.0,0.0,0.00017857142857142868,8,1,0.0,0.0,0.0,1,0.002,0.0,0.002,1,0.017,0.0,0.017
emerging_haplotype,h1n1pdm,region,2026-02-19,2026-03-05,14,West Asia,D.3.1.1:155E,0.0,0.0,0.0,0.00015000000000000012,8,1,0.0,0.0,0.0,1,0.001,0.0,0.001,1,0.017,0.0,0.017
emerging_haplotype,h1n1pdm,region,2026-02-19,2026-03-12,21,West Asia,D.3.1.1:155E,0.0,0.0,0.0,0.00015000000000000012,8,1,0.0,0.0,0.0,1,0.001,0.0,0.001,1,0.017,0.0,0.017
emerging_haplotype,h1n1pdm,region,2026-02-19,2026-03-19,28,West Asia,D.3.1.1:155E,0.0,0.0,0.0,0.00015000000000000012,8,1,0.0,0.0,0.0,1,0.001,0.0,0.001,1,0.017,0.0,0.017
emerging_haplotype,h1n1pdm,region,2026-02-19,2026-03-26,35,West Asia,D.3.1.1:155E,0.0,0.0,0.0,0.0001357142857142858,8,1,0.0,0.0,0.0,1,0.001,0.0,0.001,1,0.015,0.0,0.015
emerging_haplotype,h1n1pdm,region,2026-02-19,2026-04-02,42,West Asia,D.3.1.1:155E,0.0,0.0,0.0,0.0001357142857142858,8,1,0.0,0.0,0.0,1,0.001,0.0,0.001,1,0.015,0.0,0.015
emerging_haplotype,h1n1pdm,region,2026-02-19,2026-04-09,49,West Asia,D.3.1.1:155E,0.0,0.0,0.0,0.0001357142857142858,8,1,0.0,0.0,0.0,1,0.001,0.0,0.001,1,0.015,0.0,0.015
emerging_haplotype,h1n1pdm,region,2026-02-19,2026-02-26,7,West Asia,D.3.1.1:205K,0.165,0.02,0.14500000000000002,0.07594285714285716,8,0,0.284,0.067,0.351,0,0.532,0.023,0.555,1,0.764,0.005,0.769
emerging_haplotype,h1n1pdm,region,2026-02-19,2026-03-05,14,West Asia,D.3.1.1:205K,0.189,0.02,0.169,0.08612857142857144,8,0,0.34199999999999997,0.069,0.411,0,0.59,0.023,0.613,1,0.818,0.004,0.822
emerging_haplotype,h1n1pdm,region,2026-02-19,2026-03-12,21,West Asia,D.3.1.1:205K,0.206,0.02,0.186,0.09316428571428571,8,0,0.385,0.068,0.453,0,0.643,0.023,0.666,1,0.861,0.004,0.865
emerging_haplotype,h1n1pdm,region,2026-02-19,2026-03-19,28,West Asia,D.3.1.1:205K,0.226,0.02,0.20600000000000002,0.09962857142857144,8,0,0.419,0.067,0.486,0,0.695,0.022,0.717,1,0.898,0.004,0.902
emerging_haplotype,h1n1pdm,region,2026-02-19,2026-03-26,35,West Asia,D.3.1.1:205K,0.247,0.0,0.247,0.12299285714285714,8,0,0.467,0.067,0.534,0,0.751,0.021,0.772,0,0.925,0.004,0.929
emerging_haplotype,h1n1pdm,region,2026-02-19,2026-04-02,42,West Asia,D.3.1.1:205K,0.268,0.0,0.268,0.13003571428571428,8,0,0.5089999999999999,0.069,0.578,0,0.8029999999999999,0.017,0.82,0,0.943,0.004,0.947
emerging_haplotype,h1n1pdm,region,2026-02-19,2026-04-09,49,West Asia,D.3.1.1:205K,0.288,0.0,0.288,0.13612142857142856,8,0,0.5449999999999999,0.07,0.615,0,0.843,0.015,0.858,0,0.955,0.003,0.958
emerging_haplotype,h1n1pdm,region,2026-02-19,2026-02-26,7,West Asia,D.3.1:270A,0.0,0.0,0.0,0.0001714285714285715,8,1,0.0,0.0,0.0,1,0.002,0.0,0.002,1,0.016,0.0,0.016
emerging_haplotype,h1n1pdm,region,2026-02-19,2026-03-05,14,West Asia,D.3.1:270A,0.0,0.0,0.0,0.00015000000000000012,8,1,0.0,0.0,0.0,1,0.001,0.0,0.001,1,0.017,0.0,0.017
emerging_haplotype,h1n1pdm,region,2026-02-19,2026-03-12,21,West Asia,D.3.1:270A,0.0,0.0,0.0,0.00015714285714285724,8,1,0.0,0.0,0.0,1,0.001,0.0,0.001,1,0.018,0.0,0.018
emerging_haplotype,h1n1pdm,region,2026-02-19,2026-03-19,28,West Asia,D.3.1:270A,0.0,0.0,0.0,0.00016428571428571441,8,1,0.0,0.0,0.0,1,0.001,0.0,0.001,1,0.019,0.0,0.019
emerging_haplotype,h1n1pdm,region,2026-02-19,2026-03-26,35,West Asia,D.3.1:270A,0.0,0.0,0.0,0.00016428571428571441,8,1,0.0,0.0,0.0,1,0.001,0.0,0.001,1,0.019,0.0,0.019
emerging_haplotype,h1n1pdm,region,2026-02-19,2026-04-02,42,West Asia,D.3.1:270A,0.0,0.0,0.0,0.00015000000000000012,8,1,0.0,0.0,0.0,1,0.001,0.0,0.001,1,0.017,0.0,0.017
emerging_haplotype,h1n1pdm,region,2026-02-19,2026-04-09,49,West Asia,D.3.1:270A,0.0,0.0,0.0,0.0001357142857142858,8,1,0.0,0.0,0.0,1,0.001,0.0,0.001,1,0.015,0.0,0.015
emerging_haplotype,h1n1pdm,region,2026-02-19,2026-02-26,7,West Asia,D.3.1.1,0.522,0.857,0.33499999999999996,0.16540714285714284,8,0,0.30000000000000004,0.375,0.675,0,0.56,0.217,0.777,1,0.737,0.127,0.864
emerging_haplotype,h1n1pdm,region,2026-02-19,2026-03-05,14,West Asia,D.3.1.1,0.5,0.857,0.357,0.17682142857142855,8,0,0.33,0.33,0.66,0,0.605,0.171,0.776,1,0.775,0.095,0.87
emerging_haplotype,h1n1pdm,region,2026-02-19,2026-03-12,21,West Asia,D.3.1.1,0.464,0.857,0.39299999999999996,0.19257857142857143,8,0,0.34600000000000003,0.289,0.635,0,0.639,0.133,0.772,1,0.8049999999999999,0.069,0.874
emerging_haplotype,h1n1pdm,region,2026-02-19,2026-03-19,28,West Asia,D.3.1.1,0.423,0.857,0.434,0.2113428571428571,8,0,0.364,0.244,0.608,0,0.661,0.1,0.761,1,0.824,0.052,0.876
emerging_haplotype,h1n1pdm,region,2026-02-19,2026-03-26,35,West Asia,D.3.1.1,0.39,0.87,0.48,0.2380642857142857,8,0,0.37899999999999995,0.202,0.581,0,0.675,0.074,0.749,1,0.839,0.038,0.877
emerging_haplotype,h1n1pdm,region,2026-02-19,2026-04-02,42,West Asia,D.3.1.1,0.353,0.88,0.527,0.2585285714285714,8,0,0.397,0.163,0.56,0,0.699,0.054,0.753,0,0.848,0.028,0.876
emerging_haplotype,h1n1pdm,region,2026-02-19,2026-04-09,49,West Asia,D.3.1.1,0.317,1.0,0.683,0.39481428571428573,8,0,0.401,0.132,0.533,0,0.708,0.039,0.747,0,0.852,0.02,0.872
emerging_haplotype,h1n1pdm,region,2026-03-26,2026-04-02,7,Africa,C.1.9.3,0.001,0.0,0.001,0.0007785714285714287,8,0,0.002,0.001,0.003,1,0.005,0.0,0.005,1,0.009,0.0,0.009
emerging_haplotype,h1n1pdm,region,2026-03-26,2026-04-09,14,Africa,C.1.9.3,0.001,0.0,0.001,0.0004785714285714286,8,1,0.002,0.0,0.002,1,0.005,0.0,0.005,1,0.007,0.0,0.007
emerging_haplotype,h1n1pdm,region,2026-03-26,2026-04-16,21,Africa,C.1.9.3,0.001,0.0,0.001,0.0004428571428571429,8,1,0.002,0.0,0.002,1,0.004,0.0,0.004,1,0.006,0.0,0.006
emerging_haplotype,h1n1pdm,region,2026-03-26,2026-04-23,28,Africa,C.1.9.3,0.001,0.0,0.001,0.0003357142857142857,8,1,0.001,0.0,0.001,1,0.003,0.0,0.003,1,0.005,0.0,0.005
emerging_haplotype,h1n1pdm,region,2026-03-26,2026-04-02,7,Africa,D.3.1,0.077,0.475,0.39799999999999996,0.34969285714285714,8,0,0.054,0.056,0.11,0,0.10400000000000001,0.033,0.137,0,0.161,0.02,0.181
emerging_haplotype,h1n1pdm,region,2026-03-26,2026-04-09,14,Africa,D.3.1,0.068,0.35,0.282,0.23971428571428563,8,0,0.051000000000000004,0.048,0.099,0,0.098,0.027,0.125,0,0.138,0.016,0.154
emerging_haplotype,h1n1pdm,region,2026-03-26,2026-04-16,21,Africa,D.3.1,0.06,0.333,0.273,0.23294285714285717,8,0,0.04499999999999999,0.042,0.087,0,0.093,0.022,0.115,0,0.12999999999999998,0.012,0.142
emerging_haplotype,h1n1pdm,region,2026-03-26,2026-04-23,28,Africa,D.3.1,0.052,0.0,0.052,0.03200714285714286,8,0,0.042,0.036,0.078,0,0.08499999999999999,0.018,0.103,0,0.12100000000000001,0.01,0.131
emerging_haplotype,h1n1pdm,region,2026-03-26,2026-04-02,7,Africa,D.3.1.1:139N,0.055,0.0,0.055,0.03705000000000001,8,0,0.10800000000000001,0.025,0.133,0,0.251,0.01,0.261,0,0.483,0.003,0.486
emerging_haplotype,h1n1pdm,region,2026-03-26,2026-04-09,14,Africa,D.3.1.1:139N,0.062,0.0,0.062,0.04146428571428572,8,0,0.123,0.028,0.151,0,0.291,0.01,0.301,0,0.531,0.003,0.534
emerging_haplotype,h1n1pdm,region,2026-03-26,2026-04-16,21,Africa,D.3.1.1:139N,0.068,0.0,0.068,0.046592857142857144,8,0,0.141,0.031,0.172,0,0.34099999999999997,0.011,0.352,0,0.589,0.003,0.592
emerging_haplotype,h1n1pdm,region,2026-03-26,2026-04-23,28,Africa,D.3.1.1:139N,0.076,0.0,0.076,0.05193571428571429,8,0,0.163,0.034,0.197,0,0.388,0.011,0.399,0,0.649,0.003,0.652
emerging_haplotype,h1n1pdm,region,2026-03-26,2026-04-02,7,Africa,D.3.1.1:155E,0.0,0.0,0.0,8.571428571428575e-05,8,1,0.0,0.0,0.0,1,0.001,0.0,0.001,1,0.008,0.0,0.008
emerging_haplotype,h1n1pdm,region,2026-03-26,2026-04-09,14,Africa,D.3.1.1:155E,0.0,0.0,0.0,8.571428571428575e-05,8,1,0.0,0.0,0.0,1,0.001,0.0,0.001,1,0.008,0.0,0.008
emerging_haplotype,h1n1pdm,region,2026-03-26,2026-04-16,21,Africa,D.3.1.1:155E,0.0,0.0,0.0,8.571428571428575e-05,8,1,0.0,0.0,0.0,1,0.001,0.0,0.001,1,0.008,0.0,0.008
emerging_haplotype,h1n1pdm,region,2026-03-26,2026-04-23,28,Africa,D.3.1.1:155E,0.0,0.0,0.0,8.571428571428575e-05,8,1,0.0,0.0,0.0,1,0.001,0.0,0.001,1,0.008,0.0,0.008
emerging_haplotype,h1n1pdm,region,2026-03-26,2026-04-02,7,Africa,D.3.1.1:205K,0.029,0.0,0.029,0.020100000000000003,8,0,0.056,0.01,0.066,0,0.151,0.005,0.156,0,0.39,0.002,0.392
emerging_haplotype,h1n1pdm,region,2026-03-26,2026-04-09,14,Africa,D.3.1.1:205K,0.03,0.0,0.03,0.021914285714285713,8,0,0.063,0.011,0.074,0,0.174,0.005,0.179,0,0.422,0.002,0.424
emerging_haplotype,h1n1pdm,region,2026-03-26,2026-04-16,21,Africa,D.3.1.1:205K,0.03,0.0,0.03,0.022728571428571428,8,0,0.07100000000000001,0.011,0.082,0,0.195,0.004,0.199,0,0.452,0.001,0.453
emerging_haplotype,h1n1pdm,region,2026-03-26,2026-04-23,28,Africa,D.3.1.1:205K,0.032,0.0,0.032,0.024564285714285716,8,0,0.079,0.011,0.09,0,0.221,0.004,0.225,0,0.485,0.001,0.486
emerging_haplotype,h1n1pdm,region,2026-03-26,2026-04-02,7,Africa,D.3.1:270A,0.003,0.15,0.147,0.12318571428571426,8,0,0.009999999999999998,0.001,0.011,0,0.026,0.0,0.026,0,0.062,0.0,0.062
emerging_haplotype,h1n1pdm,region,2026-03-26,2026-04-09,14,Africa,D.3.1:270A,0.002,0.1,0.098,0.0708,8,0,0.009000000000000001,0.001,0.01,0,0.028,0.0,0.028,0,0.07,0.0,0.07
emerging_haplotype,h1n1pdm,region,2026-03-26,2026-04-16,21,Africa,D.3.1:270A,0.002,0.167,0.165,0.1355714285714286,8,0,0.009000000000000001,0.001,0.01,0,0.028,0.0,0.028,0,0.078,0.0,0.078
emerging_haplotype,h1n1pdm,region,2026-03-26,2026-04-23,28,Africa,D.3.1:270A,0.002,0.333,0.331,0.3001785714285714,8,0,0.009000000000000001,0.001,0.01,0,0.028,0.0,0.028,0,0.083,0.0,0.083
emerging_haplotype,h1n1pdm,region,2026-03-26,2026-04-02,7,Africa,D.3.1.1,0.772,0.375,0.397,0.21344285714285718,8,0,0.16799999999999993,0.668,0.836,0,0.33799999999999997,0.529,0.867,0,0.51,0.388,0.898
emerging_haplotype,h1n1pdm,region,2026-03-26,2026-04-09,14,Africa,D.3.1.1,0.767,0.55,0.21699999999999997,0.08899999999999998,8,0,0.18799999999999994,0.654,0.842,1,0.378,0.498,0.876,1,0.5680000000000001,0.335,0.903
emerging_haplotype,h1n1pdm,region,2026-03-26,2026-04-16,21,Africa,D.3.1.1,0.761,0.5,0.261,0.10610714285714286,8,0,0.21499999999999997,0.63,0.845,1,0.414,0.466,0.88,1,0.629,0.279,0.908
emerging_haplotype,h1n1pdm,region,2026-03-26,2026-04-23,28,Africa,D.3.1.1,0.753,0.667,0.08599999999999997,0.0474,8,1,0.242,0.604,0.846,1,0.454,0.433,0.887,1,0.68,0.228,0.908
emerging_haplotype,h1n1pdm,region,2026-03-26,2026-04-02,7,Europe,C.1.9.3,0.0,0.0,0.0,7.142857142857149e-06,8,1,0.0,0.0,0.0,1,0.0,0.0,0.0,1,0.001,0.0,0.001
emerging_haplotype,h1n1pdm,region,2026-03-26,2026-04-09,14,Europe,C.1.9.3,0.0,0.0,0.0,7.142857142857149e-06,8,1,0.0,0.0,0.0,1,0.0,0.0,0.0,1,0.001,0.0,0.001
emerging_haplotype,h1n1pdm,region,2026-03-26,2026-04-16,21,Europe,C.1.9.3,0.0,0.0,0.0,0.0,8,1,0.0,0.0,0.0,1,0.0,0.0,0.0,1,0.0,0.0,0.0
emerging_haplotype,h1n1pdm,region,2026-03-26,2026-04-23,28,Europe,C.1.9.3,0.0,0.0,0.0,0.0,8,1,0.0,0.0,0.0,1,0.0,0.0,0.0,1,0.0,0.0,0.0
emerging_haplotype,h1n1pdm,region,2026-03-26,2026-04-02,7,Europe,D.3.1,0.004,0.01,0.006,0.004200000000000001,8,0,0.001,0.004,0.005,0,0.003,0.003,0.006,0,0.006,0.002,0.008
emerging_haplotype,h1n1pdm,region,2026-03-26,2026-04-09,14,Europe,D.3.1,0.004,0.009,0.004999999999999999,0.004049999999999999,8,0,0.001,0.003,0.004,0,0.003,0.002,0.005,0,0.005,0.002,0.007
emerging_haplotype,h1n1pdm,region,2026-03-26,2026-04-16,21,Europe,D.3.1,0.003,0.0,0.003,0.0020928571428571433,8,0,0.002,0.002,0.004,0,0.002,0.002,0.004,0,0.005,0.001,0.006
emerging_haplotype,h1n1pdm,region,2026-03-26,2026-04-23,28,Europe,D.3.1,0.002,0.0,0.002,0.0018714285714285714,8,0,0.001,0.002,0.003,0,0.002,0.002,0.004,0,0.004,0.001,0.005
emerging_haplotype,h1n1pdm,region,2026-03-26,2026-04-02,7,Europe,D.3.1.1:139N,0.188,0.141,0.047000000000000014,0.022557142857142866,8,0,0.045999999999999985,0.166,0.212,0,0.08000000000000002,0.149,0.229,1,0.118,0.138,0.256
emerging_haplotype,h1n1pdm,region,2026-03-26,2026-04-09,14,Europe,D.3.1.1:139N,0.2,0.217,0.016999999999999987,0.009507142857142856,8,1,0.05100000000000002,0.175,0.226,1,0.088,0.157,0.245,1,0.12900000000000003,0.146,0.275
emerging_haplotype,h1n1pdm,region,2026-03-26,2026-04-16,21,Europe,D.3.1.1:139N,0.212,0.273,0.061000000000000026,0.02859285714285716,8,0,0.055999999999999994,0.184,0.24,0,0.1,0.164,0.264,1,0.143,0.152,0.295
emerging_haplotype,h1n1pdm,region,2026-03-26,2026-04-23,28,Europe,D.3.1.1:139N,0.223,0.318,0.095,0.05085714285714287,8,0,0.061,0.194,0.255,0,0.11299999999999996,0.17,0.283,0,0.158,0.158,0.316
emerging_haplotype,h1n1pdm,region,2026-03-26,2026-04-02,7,Europe,D.3.1.1:155E,0.0,0.005,0.005,0.003971428571428572,8,0,0.001,0.0,0.001,0,0.001,0.0,0.001,0,0.002,0.0,0.002
emerging_haplotype,h1n1pdm,region,2026-03-26,2026-04-09,14,Europe,D.3.1.1:155E,0.0,0.0,0.0,0.0001142857142857143,8,1,0.001,0.0,0.001,1,0.001,0.0,0.001,1,0.002,0.0,0.002
emerging_haplotype,h1n1pdm,region,2026-03-26,2026-04-16,21,Europe,D.3.1.1:155E,0.0,0.0,0.0,0.0001142857142857143,8,1,0.001,0.0,0.001,1,0.001,0.0,0.001,1,0.002,0.0,0.002
emerging_haplotype,h1n1pdm,region,2026-03-26,2026-04-23,28,Europe,D.3.1.1:155E,0.0,0.0,0.0,0.00010714285714285715,8,1,0.001,0.0,0.001,1,0.001,0.0,0.001,1,0.001,0.0,0.001
emerging_haplotype,h1n1pdm,region,2026-03-26,2026-04-02,7,Europe,D.3.1.1:205K,0.199,0.172,0.027000000000000024,0.01203571428571429,8,0,0.03900000000000001,0.18,0.219,1,0.07799999999999999,0.166,0.244,1,0.12300000000000003,0.145,0.268
emerging_haplotype,h1n1pdm,region,2026-03-26,2026-04-09,14,Europe,D.3.1.1:205K,0.209,0.151,0.057999999999999996,0.03136428571428572,8,0,0.04200000000000001,0.189,0.231,0,0.089,0.171,0.26,1,0.13499999999999998,0.15,0.285
emerging_haplotype,h1n1pdm,region,2026-03-26,2026-04-16,21,Europe,D.3.1.1:205K,0.22,0.136,0.08399999999999999,0.05384285714285713,8,0,0.046999999999999986,0.197,0.244,0,0.10000000000000003,0.177,0.277,0,0.148,0.155,0.303
emerging_haplotype,h1n1pdm,region,2026-03-26,2026-04-23,28,Europe,D.3.1.1:205K,0.231,0.068,0.163,0.12922142857142857,8,0,0.05100000000000002,0.206,0.257,0,0.10899999999999999,0.183,0.292,0,0.165,0.158,0.323
emerging_haplotype,h1n1pdm,region,2026-03-26,2026-04-02,7,Europe,D.3.1:270A,0.0,0.0,0.0,7.142857142857149e-06,8,1,0.0,0.0,0.0,1,0.0,0.0,0.0,1,0.001,0.0,0.001
emerging_haplotype,h1n1pdm,region,2026-03-26,2026-04-09,14,Europe,D.3.1:270A,0.0,0.0,0.0,7.142857142857149e-06,8,1,0.0,0.0,0.0,1,0.0,0.0,0.0,1,0.001,0.0,0.001
emerging_haplotype,h1n1pdm,region,2026-03-26,2026-04-16,21,Europe,D.3.1:270A,0.0,0.0,0.0,7.142857142857149e-06,8,1,0.0,0.0,0.0,1,0.0,0.0,0.0,1,0.001,0.0,0.001
emerging_haplotype,h1n1pdm,region,2026-03-26,2026-04-23,28,Europe,D.3.1:270A,0.0,0.0,0.0,7.142857142857149e-06,8,1,0.0,0.0,0.0,1,0.0,0.0,0.0,1,0.001,0.0,0.001
emerging_haplotype,h1n1pdm,region,2026-03-26,2026-04-02,7,Europe,D.3.1.1,0.604,0.672,0.06800000000000006,0.040157142857142884,8,0,0.04500000000000004,0.583,0.628,0,0.08999999999999997,0.554,0.644,0,0.132,0.529,0.661
emerging_haplotype,h1n1pdm,region,2026-03-26,2026-04-09,14,Europe,D.3.1.1,0.582,0.623,0.041000000000000036,0.017500000000000005,8,0,0.04899999999999993,0.559,0.608,1,0.09899999999999998,0.527,0.626,1,0.14400000000000002,0.501,0.645
emerging_haplotype,h1n1pdm,region,2026-03-26,2026-04-16,21,Europe,D.3.1.1,0.559,0.591,0.03199999999999992,0.013628571428571415,8,0,0.052999999999999936,0.534,0.587,1,0.10599999999999998,0.5,0.606,1,0.15400000000000003,0.473,0.627
emerging_haplotype,h1n1pdm,region,2026-03-26,2026-04-23,28,Europe,D.3.1.1,0.536,0.614,0.07799999999999996,0.042835714285714296,8,0,0.05799999999999994,0.508,0.566,0,0.11299999999999999,0.473,0.586,0,0.16499999999999998,0.444,0.609
emerging_haplotype,h1n1pdm,region,2026-03-26,2026-04-02,7,North America,C.1.9.3,0.0,0.0,0.0,7.142857142857149e-06,8,1,0.0,0.0,0.0,1,0.0,0.0,0.0,1,0.001,0.0,0.001
emerging_haplotype,h1n1pdm,region,2026-03-26,2026-04-09,14,North America,C.1.9.3,0.0,0.0,0.0,7.142857142857149e-06,8,1,0.0,0.0,0.0,1,0.0,0.0,0.0,1,0.001,0.0,0.001
emerging_haplotype,h1n1pdm,region,2026-03-26,2026-04-16,21,North America,C.1.9.3,0.0,0.0,0.0,7.142857142857149e-06,8,1,0.0,0.0,0.0,1,0.0,0.0,0.0,1,0.001,0.0,0.001
emerging_haplotype,h1n1pdm,region,2026-03-26,2026-04-23,28,North America,C.1.9.3,0.0,0.0,0.0,0.0,8,1,0.0,0.0,0.0,1,0.0,0.0,0.0,1,0.0,0.0,0.0
emerging_haplotype,h1n1pdm,region,2026-03-26,2026-04-02,7,North America,D.3.1,0.033,0.047,0.013999999999999999,0.007442857142857142,8,0,0.009999999999999998,0.028,0.038,0,0.018000000000000002,0.024,0.042,1,0.030000000000000002,0.02,0.05
emerging_haplotype,h1n1pdm,region,2026-03-26,2026-04-09,14,North America,D.3.1,0.027,0.055,0.028,0.020721428571428575,8,0,0.009000000000000001,0.023,0.032,0,0.015999999999999997,0.02,0.036,0,0.026999999999999996,0.016,0.043
emerging_haplotype,h1n1pdm,region,2026-03-26,2026-04-16,21,North America,D.3.1,0.022,0.035,0.013000000000000005,0.006714285714285717,8,0,0.008,0.019,0.027,0,0.013999999999999999,0.016,0.03,1,0.024,0.013,0.037
emerging_haplotype,h1n1pdm,region,2026-03-26,2026-04-23,28,North America,D.3.1,0.018,0.0,0.018,0.014992857142857143,8,0,0.006999999999999999,0.016,0.023,0,0.012000000000000002,0.013,0.025,0,0.021,0.011,0.032
emerging_haplotype,h1n1pdm,region,2026-03-26,2026-04-02,7,North America,D.3.1.1:139N,0.125,0.183,0.057999999999999996,0.02580714285714286,8,0,0.044,0.105,0.149,0,0.088,0.091,0.179,1,0.14100000000000001,0.074,0.215
emerging_haplotype,h1n1pdm,region,2026-03-26,2026-04-09,14,North America,D.3.1.1:139N,0.127,0.191,0.064,0.02891428571428572,8,0,0.047,0.106,0.153,0,0.096,0.089,0.185,1,0.15400000000000003,0.071,0.225
emerging_haplotype,h1n1pdm,region,2026-03-26,2026-04-16,21,North America,D.3.1.1:139N,0.129,0.263,0.134,0.0868,8,0,0.05,0.105,0.155,0,0.10200000000000001,0.088,0.19,0,0.164,0.07,0.234
emerging_haplotype,h1n1pdm,region,2026-03-26,2026-04-23,28,North America,D.3.1.1:139N,0.13,0.321,0.191,0.1398214285714286,8,0,0.054000000000000006,0.104,0.158,0,0.11000000000000001,0.087,0.197,0,0.175,0.068,0.243
emerging_haplotype,h1n1pdm,region,2026-03-26,2026-04-02,7,North America,D.3.1.1:155E,0.001,0.012,0.011,0.008914285714285715,8,0,0.001,0.001,0.002,0,0.003,0.0,0.003,0,0.006,0.0,0.006
emerging_haplotype,h1n1pdm,region,2026-03-26,2026-04-09,14,North America,D.3.1.1:155E,0.001,0.009,0.008,0.005985714285714284,8,0,0.002,0.0,0.002,0,0.003,0.0,0.003,0,0.006,0.0,0.006
emerging_haplotype,h1n1pdm,region,2026-03-26,2026-04-16,21,North America,D.3.1.1:155E,0.001,0.0,0.001,0.0003428571428571429,8,1,0.001,0.0,0.001,1,0.003,0.0,0.003,1,0.006,0.0,0.006
emerging_haplotype,h1n1pdm,region,2026-03-26,2026-04-23,28,North America,D.3.1.1:155E,0.001,0.0,0.001,0.0003071428571428571,8,1,0.001,0.0,0.001,1,0.002,0.0,0.002,1,0.005,0.0,0.005
emerging_haplotype,h1n1pdm,region,2026-03-26,2026-04-02,7,North America,D.3.1.1:205K,0.263,0.154,0.10900000000000001,0.05837142857142858,8,0,0.07799999999999999,0.222,0.3,0,0.14600000000000002,0.192,0.338,0,0.228,0.158,0.386
emerging_haplotype,h1n1pdm,region,2026-03-26,2026-04-09,14,North America,D.3.1.1:205K,0.284,0.136,0.14799999999999996,0.09102142857142857,8,0,0.08700000000000002,0.237,0.324,0,0.16499999999999998,0.203,0.368,0,0.253,0.168,0.421
emerging_haplotype,h1n1pdm,region,2026-03-26,2026-04-16,21,North America,D.3.1.1:205K,0.304,0.175,0.129,0.06720714285714287,8,0,0.09899999999999998,0.253,0.352,0,0.18000000000000002,0.216,0.396,0,0.279,0.177,0.456
emerging_haplotype,h1n1pdm,region,2026-03-26,2026-04-23,28,North America,D.3.1.1:205K,0.325,0.107,0.21800000000000003,0.15020714285714284,8,0,0.10899999999999999,0.27,0.379,0,0.19799999999999998,0.227,0.425,0,0.307,0.186,0.493
emerging_haplotype,h1n1pdm,region,2026-03-26,2026-04-02,7,North America,D.3.1:270A,0.007,0.0,0.007,0.0047071428571428585,8,0,0.005,0.005,0.01,0,0.011,0.003,0.014,0,0.025,0.002,0.027
emerging_haplotype,h1n1pdm,region,2026-03-26,2026-04-09,14,North America,D.3.1:270A,0.007,0.0,0.007,0.0045,8,0,0.006,0.004,0.01,0,0.011,0.003,0.014,0,0.026000000000000002,0.002,0.028
emerging_haplotype,h1n1pdm,region,2026-03-26,2026-04-16,21,North America,D.3.1:270A,0.006,0.0,0.006,0.003999999999999999,8,0,0.004999999999999999,0.004,0.009,0,0.011,0.002,0.013,0,0.026000000000000002,0.002,0.028
emerging_haplotype,h1n1pdm,region,2026-03-26,2026-04-23,28,North America,D.3.1:270A,0.006,0.0,0.006,0.003507142857142857,8,0,0.005999999999999999,0.003,0.009,0,0.011,0.002,0.013,0,0.027,0.001,0.028
emerging_haplotype,h1n1pdm,region,2026-03-26,2026-04-02,7,North America,D.3.1.1,0.561,0.604,0.04299999999999993,0.019185714285714275,8,0,0.07299999999999995,0.522,0.595,1,0.132,0.491,0.623,1,0.20800000000000002,0.465,0.673
emerging_haplotype,h1n1pdm,region,2026-03-26,2026-04-09,14,North America,D.3.1.1,0.543,0.609,0.06599999999999995,0.028328571428571425,8,0,0.07999999999999996,0.503,0.583,1,0.14300000000000002,0.47,0.613,1,0.23400000000000004,0.433,0.667
emerging_haplotype,h1n1pdm,region,2026-03-26,2026-04-16,21,North America,D.3.1.1,0.525,0.526,0.0010000000000000009,0.012499999999999997,8,1,0.08599999999999997,0.482,0.568,1,0.15499999999999997,0.447,0.602,1,0.25000000000000006,0.41,0.66
emerging_haplotype,h1n1pdm,region,2026-03-26,2026-04-23,28,North America,D.3.1.1,0.508,0.571,0.06299999999999994,0.02744285714285711,8,0,0.09100000000000003,0.462,0.553,1,0.17099999999999999,0.42,0.591,1,0.268,0.386,0.654
emerging_haplotype,h1n1pdm,region,2026-03-26,2026-04-02,7,Oceania,C.1.9.3,0.0,0.0,0.0,0.0001642857142857143,8,1,0.001,0.0,0.001,1,0.002,0.0,0.002,1,0.005,0.0,0.005
emerging_haplotype,h1n1pdm,region,2026-03-26,2026-04-09,14,Oceania,C.1.9.3,0.0,0.0,0.0,0.00015714285714285716,8,1,0.001,0.0,0.001,1,0.002,0.0,0.002,1,0.004,0.0,0.004
emerging_haplotype,h1n1pdm,region,2026-03-26,2026-04-16,21,Oceania,C.1.9.3,0.0,0.0,0.0,0.00015714285714285716,8,1,0.001,0.0,0.001,1,0.002,0.0,0.002,1,0.004,0.0,0.004
emerging_haplotype,h1n1pdm,region,2026-03-26,2026-04-23,28,Oceania,C.1.9.3,0.0,0.0,0.0,5.0000000000000016e-05,8,1,0.0,0.0,0.0,1,0.001,0.0,0.001,1,0.003,0.0,0.003
emerging_haplotype,h1n1pdm,region,2026-03-26,2026-04-02,7,Oceania,D.3.1,0.009,0.029,0.020000000000000004,0.010557142857142859,8,0,0.009000000000000001,0.005,0.014,0,0.019,0.003,0.022,1,0.032,0.001,0.033
emerging_haplotype,h1n1pdm,region,2026-03-26,2026-04-09,14,Oceania,D.3.1,0.007,0.029,0.022000000000000002,0.0134,8,0,0.006999999999999999,0.004,0.011,0,0.015000000000000001,0.002,0.017,0,0.026,0.001,0.027
emerging_haplotype,h1n1pdm,region,2026-03-26,2026-04-16,21,Oceania,D.3.1,0.005,0.0,0.005,0.003092857142857143,8,0,0.005999999999999999,0.003,0.009,0,0.013000000000000001,0.001,0.014,0,0.020999999999999998,0.001,0.022
emerging_haplotype,h1n1pdm,region,2026-03-26,2026-04-23,28,Oceania,D.3.1,0.004,0.0,0.004,0.0022,8,0,0.005,0.002,0.007,0,0.009999999999999998,0.001,0.011,1,0.018,0.0,0.018
emerging_haplotype,h1n1pdm,region,2026-03-26,2026-04-02,7,Oceania,D.3.1.1:139N,0.184,0.0,0.184,0.11342142857142856,8,0,0.19,0.111,0.301,0,0.346,0.064,0.41,0,0.515,0.035,0.55
emerging_haplotype,h1n1pdm,region,2026-03-26,2026-04-09,14,Oceania,D.3.1.1:139N,0.207,0.0,0.207,0.12297142857142855,8,0,0.21000000000000002,0.119,0.329,0,0.39,0.067,0.457,0,0.576,0.035,0.611
emerging_haplotype,h1n1pdm,region,2026-03-26,2026-04-16,21,Oceania,D.3.1.1:139N,0.231,0.0,0.231,0.13344999999999999,8,0,0.238,0.127,0.365,0,0.432,0.072,0.504,0,0.635,0.034,0.669
emerging_haplotype,h1n1pdm,region,2026-03-26,2026-04-23,28,Oceania,D.3.1.1:139N,0.253,0.0,0.253,0.1439857142857143,8,0,0.257,0.139,0.396,0,0.48000000000000004,0.075,0.555,0,0.688,0.034,0.722
emerging_haplotype,h1n1pdm,region,2026-03-26,2026-04-02,7,Oceania,D.3.1.1:155E,0.002,0.0,0.002,0.001228571428571429,8,1,0.005,0.0,0.005,1,0.013,0.0,0.013,1,0.03,0.0,0.03
emerging_haplotype,h1n1pdm,region,2026-03-26,2026-04-09,14,Oceania,D.3.1.1:155E,0.002,0.0,0.002,0.001192857142857143,8,1,0.005,0.0,0.005,1,0.012,0.0,0.012,1,0.029,0.0,0.029
emerging_haplotype,h1n1pdm,region,2026-03-26,2026-04-16,21,Oceania,D.3.1.1:155E,0.001,0.0,0.001,0.0010500000000000002,8,1,0.005,0.0,0.005,1,0.012,0.0,0.012,1,0.029,0.0,0.029
emerging_haplotype,h1n1pdm,region,2026-03-26,2026-04-23,28,Oceania,D.3.1.1:155E,0.001,0.0,0.001,0.0009714285714285715,8,1,0.004,0.0,0.004,1,0.012,0.0,0.012,1,0.028,0.0,0.028
emerging_haplotype,h1n1pdm,region,2026-03-26,2026-04-02,7,Oceania,D.3.1.1:205K,0.121,0.0,0.121,0.07867142857142857,8,0,0.132,0.079,0.211,0,0.23200000000000004,0.046,0.278,0,0.38599999999999995,0.024,0.41
emerging_haplotype,h1n1pdm,region,2026-03-26,2026-04-09,14,Oceania,D.3.1.1:205K,0.124,0.029,0.095,0.0514,8,0,0.138,0.079,0.217,0,0.24799999999999997,0.042,0.29,1,0.40399999999999997,0.022,0.426
emerging_haplotype,h1n1pdm,region,2026-03-26,2026-04-16,21,Oceania,D.3.1.1:205K,0.126,0.033,0.093,0.04832857142857143,8,0,0.14100000000000001,0.076,0.217,0,0.268,0.04,0.308,1,0.424,0.021,0.445
emerging_haplotype,h1n1pdm,region,2026-03-26,2026-04-23,28,Oceania,D.3.1.1:205K,0.126,0.045,0.081,0.04135714285714286,8,0,0.15000000000000002,0.073,0.223,1,0.276,0.038,0.314,1,0.446,0.02,0.466
emerging_haplotype,h1n1pdm,region,2026-03-26,2026-04-02,7,Oceania,D.3.1:270A,0.133,0.0,0.133,0.08097857142857143,8,0,0.11800000000000001,0.075,0.193,0,0.21100000000000002,0.048,0.259,0,0.29300000000000004,0.036,0.329
emerging_haplotype,h1n1pdm,region,2026-03-26,2026-04-09,14,Oceania,D.3.1:270A,0.125,0.0,0.125,0.07450714285714286,8,0,0.11699999999999999,0.067,0.184,0,0.20600000000000002,0.043,0.249,0,0.29700000000000004,0.031,0.328
emerging_haplotype,h1n1pdm,region,2026-03-26,2026-04-16,21,Oceania,D.3.1:270A,0.116,0.0,0.116,0.06882142857142856,8,0,0.12,0.06,0.18,0,0.20299999999999999,0.039,0.242,0,0.303,0.026,0.329
emerging_haplotype,h1n1pdm,region,2026-03-26,2026-04-23,28,Oceania,D.3.1:270A,0.108,0.0,0.108,0.06312142857142858,8,0,0.11600000000000002,0.054,0.17,0,0.20299999999999999,0.033,0.236,0,0.305,0.023,0.328
emerging_haplotype,h1n1pdm,region,2026-03-26,2026-04-02,7,Oceania,D.3.1.1,0.468,0.971,0.5029999999999999,0.37667142857142855,8,0,0.20499999999999996,0.366,0.571,0,0.33,0.309,0.639,0,0.504,0.229,0.733
emerging_haplotype,h1n1pdm,region,2026-03-26,2026-04-09,14,Oceania,D.3.1.1,0.449,0.943,0.49399999999999994,0.3616785714285714,8,0,0.21500000000000008,0.344,0.559,0,0.35100000000000003,0.283,0.634,0,0.5209999999999999,0.198,0.719
emerging_haplotype,h1n1pdm,region,2026-03-26,2026-04-16,21,Oceania,D.3.1.1,0.432,0.967,0.5349999999999999,0.39599285714285715,8,0,0.22000000000000003,0.32,0.54,0,0.378,0.254,0.632,0,0.5469999999999999,0.17,0.717
emerging_haplotype,h1n1pdm,region,2026-03-26,2026-04-23,28,Oceania,D.3.1.1,0.414,0.955,0.5409999999999999,0.39649999999999996,8,0,0.22500000000000003,0.3,0.525,0,0.387,0.23,0.617,0,0.572,0.143,0.715
emerging_haplotype,h1n1pdm,region,2026-03-26,2026-04-02,7,South America,C.1.9.3,0.001,0.0,0.001,0.0006000000000000001,8,1,0.003,0.0,0.003,1,0.005,0.0,0.005,1,0.014,0.0,0.014
emerging_haplotype,h1n1pdm,region,2026-03-26,2026-04-09,14,South America,C.1.9.3,0.001,0.0,0.001,0.0004714285714285715,8,1,0.002,0.0,0.002,1,0.004,0.0,0.004,1,0.01,0.0,0.01
emerging_haplotype,h1n1pdm,region,2026-03-26,2026-04-02,7,South America,D.3.1,0.021,0.0,0.021,0.012221428571428574,8,0,0.019,0.012,0.031,0,0.04,0.006,0.046,0,0.061,0.004,0.065
emerging_haplotype,h1n1pdm,region,2026-03-26,2026-04-09,14,South America,D.3.1,0.016,0.0,0.016,0.009592857142857143,8,0,0.016,0.009,0.025,0,0.033,0.005,0.038,0,0.051,0.003,0.054
emerging_haplotype,h1n1pdm,region,2026-03-26,2026-04-02,7,South America,D.3.1.1:139N,0.109,0.0,0.109,0.06790714285714286,8,0,0.184,0.056,0.24,0,0.317,0.024,0.341,0,0.579,0.011,0.59
emerging_haplotype,h1n1pdm,region,2026-03-26,2026-04-09,14,South America,D.3.1.1:139N,0.116,0.0,0.116,0.07325000000000001,8,0,0.20900000000000002,0.059,0.268,0,0.349,0.025,0.374,0,0.649,0.011,0.66
emerging_haplotype,h1n1pdm,region,2026-03-26,2026-04-02,7,South America,D.3.1.1:155E,0.003,0.0,0.003,0.002842857142857143,8,0,0.009999999999999998,0.001,0.011,1,0.028,0.0,0.028,1,0.086,0.0,0.086
emerging_haplotype,h1n1pdm,region,2026-03-26,2026-04-09,14,South America,D.3.1.1:155E,0.003,0.0,0.003,0.002771428571428572,8,0,0.009000000000000001,0.001,0.01,1,0.028,0.0,0.028,1,0.086,0.0,0.086
emerging_haplotype,h1n1pdm,region,2026-03-26,2026-04-02,7,South America,D.3.1.1:205K,0.156,0.75,0.594,0.4099785714285714,8,0,0.194,0.075,0.269,0,0.36300000000000004,0.036,0.399,0,0.525,0.017,0.542
emerging_haplotype,h1n1pdm,region,2026-03-26,2026-04-09,14,South America,D.3.1.1:205K,0.166,0.667,0.501,0.29875714285714283,8,0,0.21699999999999997,0.076,0.293,0,0.396,0.036,0.432,0,0.572,0.017,0.589
emerging_haplotype,h1n1pdm,region,2026-03-26,2026-04-02,7,South America,D.3.1:270A,0.001,0.0,0.001,0.001,8,1,0.005,0.0,0.005,1,0.012,0.0,0.012,1,0.022,0.0,0.022
emerging_haplotype,h1n1pdm,region,2026-03-26,2026-04-09,14,South America,D.3.1:270A,0.001,0.0,0.001,0.0008928571428571429,8,1,0.004,0.0,0.004,1,0.011,0.0,0.011,1,0.021,0.0,0.021
emerging_haplotype,h1n1pdm,region,2026-03-26,2026-04-02,7,South America,D.3.1.1,0.633,0.25,0.383,0.19923571428571427,8,0,0.21099999999999997,0.509,0.72,0,0.41800000000000004,0.386,0.804,1,0.651,0.239,0.89
emerging_haplotype,h1n1pdm,region,2026-03-26,2026-04-09,14,South America,D.3.1.1,0.606,0.333,0.27299999999999996,0.1163428571428571,8,0,0.23199999999999998,0.472,0.704,0,0.44500000000000006,0.345,0.79,1,0.688,0.201,0.889
emerging_haplotype,h1n1pdm,region,2026-03-26,2026-04-02,7,Southeast Asia,C.1.9.3,0.001,0.0,0.001,0.00046428571428571433,8,1,0.002,0.0,0.002,1,0.004,0.0,0.004,1,0.009,0.0,0.009
emerging_haplotype,h1n1pdm,region,2026-03-26,2026-04-09,14,Southeast Asia,C.1.9.3,0.001,0.0,0.001,0.00035000000000000005,8,1,0.001,0.0,0.001,1,0.003,0.0,0.003,1,0.007,0.0,0.007
emerging_haplotype,h1n1pdm,region,2026-03-26,2026-04-02,7,Southeast Asia,D.3.1,0.008,0.0,0.008,0.004814285714285714,8,0,0.011,0.004,0.015,0,0.022,0.002,0.024,0,0.036,0.001,0.037
emerging_haplotype,h1n1pdm,region,2026-03-26,2026-04-09,14,Southeast Asia,D.3.1,0.006,0.0,0.006,0.0030571428571428577,8,0,0.009,0.002,0.011,0,0.016999999999999998,0.001,0.018,1,0.03,0.0,0.03
emerging_haplotype,h1n1pdm,region,2026-03-26,2026-04-02,7,Southeast Asia,D.3.1.1:139N,0.814,0.25,0.564,0.39148571428571427,8,0,0.19600000000000006,0.707,0.903,0,0.361,0.586,0.947,0,0.524,0.447,0.971
emerging_haplotype,h1n1pdm,region,2026-03-26,2026-04-09,14,Southeast Asia,D.3.1.1:139N,0.846,0.333,0.5129999999999999,0.33477142857142855,8,0,0.18200000000000005,0.741,0.923,0,0.349,0.613,0.962,0,0.512,0.467,0.979
emerging_haplotype,h1n1pdm,region,2026-03-26,2026-04-02,7,Southeast Asia,D.3.1.1:155E,0.0,0.0,0.0,5.0000000000000016e-05,8,1,0.0,0.0,0.0,1,0.001,0.0,0.001,1,0.003,0.0,0.003
emerging_haplotype,h1n1pdm,region,2026-03-26,2026-04-09,14,Southeast Asia,D.3.1.1:155E,0.0,0.0,0.0,1.4285714285714297e-05,8,1,0.0,0.0,0.0,1,0.0,0.0,0.0,1,0.002,0.0,0.002
emerging_haplotype,h1n1pdm,region,2026-03-26,2026-04-02,7,Southeast Asia,D.3.1.1:205K,0.022,0.0,0.022,0.015000000000000001,8,0,0.05,0.008,0.058,0,0.11499999999999999,0.003,0.118,0,0.22,0.001,0.221
emerging_haplotype,h1n1pdm,region,2026-03-26,2026-04-09,14,Southeast Asia,D.3.1.1:205K,0.02,0.0,0.02,0.013364285714285716,8,0,0.046,0.007,0.053,0,0.108,0.002,0.11,1,0.219,0.0,0.219
emerging_haplotype,h1n1pdm,region,2026-03-26,2026-04-02,7,Southeast Asia,D.3.1:270A,0.0,0.0,0.0,8.571428571428573e-05,8,1,0.0,0.0,0.0,1,0.002,0.0,0.002,1,0.004,0.0,0.004
emerging_haplotype,h1n1pdm,region,2026-03-26,2026-04-09,14,Southeast Asia,D.3.1:270A,0.0,0.0,0.0,5.0000000000000016e-05,8,1,0.0,0.0,0.0,1,0.001,0.0,0.001,1,0.003,0.0,0.003
emerging_haplotype,h1n1pdm,region,2026-03-26,2026-04-02,7,Southeast Asia,D.3.1.1,0.102,0.75,0.648,0.5036285714285714,8,0,0.133,0.054,0.187,0,0.24000000000000002,0.023,0.263,0,0.418,0.011,0.429
emerging_haplotype,h1n1pdm,region,2026-03-26,2026-04-09,14,Southeast Asia,D.3.1.1,0.082,0.667,0.5850000000000001,0.44585,8,0,0.122,0.041,0.163,0,0.21700000000000003,0.016,0.233,0,0.391,0.008,0.399
emerging_haplotype,h1n1pdm,region,2026-03-26,2026-04-02,7,West Asia,C.1.9.3,0.001,0.0,0.001,0.0003285714285714286,8,1,0.001,0.0,0.001,1,0.002,0.0,0.002,1,0.008,0.0,0.008
emerging_haplotype,h1n1pdm,region,2026-03-26,2026-04-09,14,West Asia,C.1.9.3,0.0,0.0,0.0,0.0001785714285714286,8,1,0.001,0.0,0.001,1,0.002,0.0,0.002,1,0.007,0.0,0.007
emerging_haplotype,h1n1pdm,region,2026-03-26,2026-04-02,7,West Asia,D.3.1,0.012,0.12,0.108,0.08832857142857142,8,0,0.016,0.007,0.023,0,0.028,0.005,0.033,0,0.054,0.003,0.057
emerging_haplotype,h1n1pdm,region,2026-03-26,2026-04-09,14,West Asia,D.3.1,0.01,0.0,0.01,0.006607142857142858,8,0,0.013999999999999999,0.005,0.019,0,0.024,0.004,0.028,0,0.048999999999999995,0.002,0.051
emerging_haplotype,h1n1pdm,region,2026-03-26,2026-04-02,7,West Asia,D.3.1.1:139N,0.053,0.0,0.053,0.03796428571428572,8,0,0.13,0.023,0.153,0,0.301,0.008,0.309,0,0.471,0.001,0.472
emerging_haplotype,h1n1pdm,region,2026-03-26,2026-04-09,14,West Asia,D.3.1.1:139N,0.057,0.0,0.057,0.0414,8,0,0.14200000000000002,0.025,0.167,0,0.34099999999999997,0.008,0.349,0,0.512,0.001,0.513
emerging_haplotype,h1n1pdm,region,2026-03-26,2026-04-02,7,West Asia,D.3.1.1:155E,0.0,0.0,0.0,9.28571428571429e-05,8,1,0.0,0.0,0.0,1,0.001,0.0,0.001,1,0.009,0.0,0.009
emerging_haplotype,h1n1pdm,region,2026-03-26,2026-04-09,14,West Asia,D.3.1.1:155E,0.0,0.0,0.0,8.571428571428575e-05,8,1,0.0,0.0,0.0,1,0.001,0.0,0.001,1,0.008,0.0,0.008
emerging_haplotype,h1n1pdm,region,2026-03-26,2026-04-02,7,West Asia,D.3.1.1:205K,0.21,0.0,0.21,0.1148,8,0,0.255,0.098,0.353,0,0.449,0.05,0.499,0,0.566,0.026,0.592
emerging_haplotype,h1n1pdm,region,2026-03-26,2026-04-09,14,West Asia,D.3.1.1:205K,0.227,0.0,0.227,0.12191428571428571,8,0,0.281,0.098,0.379,0,0.48600000000000004,0.054,0.54,0,0.614,0.027,0.641
emerging_haplotype,h1n1pdm,region,2026-03-26,2026-04-02,7,West Asia,D.3.1:270A,0.0,0.0,0.0,0.00025000000000000006,8,1,0.001,0.0,0.001,1,0.003,0.0,0.003,1,0.013,0.0,0.013
emerging_haplotype,h1n1pdm,region,2026-03-26,2026-04-09,14,West Asia,D.3.1:270A,0.0,0.0,0.0,0.00024285714285714294,8,1,0.001,0.0,0.001,1,0.003,0.0,0.003,1,0.012,0.0,0.012
emerging_haplotype,h1n1pdm,region,2026-03-26,2026-04-02,7,West Asia,D.3.1.1,0.637,0.88,0.243,0.11057142857142857,8,0,0.28600000000000003,0.481,0.767,0,0.48,0.383,0.863,1,0.64,0.263,0.903
emerging_haplotype,h1n1pdm,region,2026-03-26,2026-04-09,14,West Asia,D.3.1.1,0.612,1.0,0.388,0.23570714285714287,8,0,0.308,0.443,0.751,0,0.528,0.33,0.858,0,0.687,0.22,0.907
emerging_haplotype,h1n1pdm,region,2026-04-09,2026-04-16,7,Africa,C.1.9.3,0.001,0.0,0.001,0.00045000000000000004,8,1,0.002,0.0,0.002,1,0.004,0.0,0.004,1,0.007,0.0,0.007
emerging_haplotype,h1n1pdm,region,2026-04-09,2026-04-23,14,Africa,C.1.9.3,0.001,0.0,0.001,0.0003428571428571429,8,1,0.001,0.0,0.001,1,0.003,0.0,0.003,1,0.006,0.0,0.006
emerging_haplotype,h1n1pdm,region,2026-04-09,2026-04-16,7,Africa,D.3.1,0.237,0.333,0.09600000000000003,0.04041428571428573,8,0,0.13799999999999998,0.17,0.308,1,0.247,0.129,0.376,1,0.37,0.086,0.456
emerging_haplotype,h1n1pdm,region,2026-04-09,2026-04-23,14,Africa,D.3.1,0.221,0.0,0.221,0.14877857142857143,8,0,0.13699999999999998,0.152,0.289,0,0.247,0.116,0.363,0,0.371,0.074,0.445
emerging_haplotype,h1n1pdm,region,2026-04-09,2026-04-16,7,Africa,D.3.1.1:139N,0.088,0.0,0.088,0.054049999999999994,8,0,0.131,0.043,0.174,0,0.26899999999999996,0.024,0.293,0,0.461,0.007,0.468
emerging_haplotype,h1n1pdm,region,2026-04-09,2026-04-23,14,Africa,D.3.1.1:139N,0.095,0.0,0.095,0.059428571428571435,8,0,0.15400000000000003,0.047,0.201,0,0.302,0.025,0.327,0,0.512,0.007,0.519
emerging_haplotype,h1n1pdm,region,2026-04-09,2026-04-16,7,Africa,D.3.1.1:155E,0.0,0.0,0.0,6.428571428571431e-05,8,1,0.0,0.0,0.0,1,0.001,0.0,0.001,1,0.005,0.0,0.005
emerging_haplotype,h1n1pdm,region,2026-04-09,2026-04-23,14,Africa,D.3.1.1:155E,0.0,0.0,0.0,6.428571428571431e-05,8,1,0.0,0.0,0.0,1,0.001,0.0,0.001,1,0.005,0.0,0.005
emerging_haplotype,h1n1pdm,region,2026-04-09,2026-04-16,7,Africa,D.3.1.1:205K,0.038,0.0,0.038,0.021392857142857147,8,0,0.055999999999999994,0.016,0.072,0,0.119,0.007,0.126,0,0.199,0.002,0.201
emerging_haplotype,h1n1pdm,region,2026-04-09,2026-04-23,14,Africa,D.3.1.1:205K,0.041,0.0,0.041,0.022121428571428573,8,0,0.06,0.015,0.075,0,0.133,0.006,0.139,0,0.225,0.002,0.227
emerging_haplotype,h1n1pdm,region,2026-04-09,2026-04-16,7,Africa,D.3.1:270A,0.093,0.167,0.07400000000000001,0.03135714285714286,8,1,0.137,0.047,0.184,1,0.283,0.026,0.309,1,0.408,0.009,0.417
emerging_haplotype,h1n1pdm,region,2026-04-09,2026-04-23,14,Africa,D.3.1:270A,0.101,0.333,0.232,0.09167857142857143,8,0,0.16599999999999998,0.048,0.214,1,0.32899999999999996,0.025,0.354,1,0.459,0.009,0.468
emerging_haplotype,h1n1pdm,region,2026-04-09,2026-04-16,7,Africa,D.3.1.1,0.439,0.5,0.061,0.034164285714285716,8,1,0.17100000000000004,0.355,0.526,1,0.33999999999999997,0.259,0.599,1,0.49300000000000005,0.186,0.679
emerging_haplotype,h1n1pdm,region,2026-04-09,2026-04-23,14,Africa,D.3.1.1,0.418,0.667,0.24900000000000005,0.12855000000000003,8,0,0.19,0.326,0.516,0,0.36,0.229,0.589,1,0.517,0.163,0.68
emerging_haplotype,h1n1pdm,region,2026-04-09,2026-04-16,7,Europe,C.1.9.3,0.0,0.0,0.0,3.571428571428572e-05,8,1,0.0,0.0,0.0,1,0.001,0.0,0.001,1,0.001,0.0,0.001
emerging_haplotype,h1n1pdm,region,2026-04-09,2026-04-23,14,Europe,C.1.9.3,0.0,0.0,0.0,7.142857142857149e-06,8,1,0.0,0.0,0.0,1,0.0,0.0,0.0,1,0.001,0.0,0.001
emerging_haplotype,h1n1pdm,region,2026-04-09,2026-04-16,7,Europe,D.3.1,0.004,0.0,0.004,0.002864285714285714,8,0,0.002,0.003,0.005,0,0.004,0.002,0.006,0,0.005,0.002,0.007
emerging_haplotype,h1n1pdm,region,2026-04-09,2026-04-23,14,Europe,D.3.1,0.003,0.0,0.003,0.0021214285714285714,8,0,0.002,0.002,0.004,0,0.003,0.002,0.005,0,0.005,0.001,0.006
emerging_haplotype,h1n1pdm,region,2026-04-09,2026-04-16,7,Europe,D.3.1.1:139N,0.159,0.273,0.11400000000000002,0.08361428571428574,8,0,0.032,0.144,0.176,0,0.069,0.131,0.2,0,0.11,0.115,0.225
emerging_haplotype,h1n1pdm,region,2026-04-09,2026-04-23,14,Europe,D.3.1.1:139N,0.165,0.318,0.153,0.11867857142857144,8,0,0.037000000000000005,0.149,0.186,0,0.07599999999999998,0.135,0.211,0,0.12099999999999998,0.117,0.238
emerging_haplotype,h1n1pdm,region,2026-04-09,2026-04-16,7,Europe,D.3.1.1:155E,0.001,0.0,0.001,0.00030000000000000003,8,1,0.001,0.0,0.001,1,0.002,0.0,0.002,1,0.004,0.0,0.004
emerging_haplotype,h1n1pdm,region,2026-04-09,2026-04-23,14,Europe,D.3.1.1:155E,0.001,0.0,0.001,0.00030000000000000003,8,1,0.001,0.0,0.001,1,0.002,0.0,0.002,1,0.004,0.0,0.004
emerging_haplotype,h1n1pdm,region,2026-04-09,2026-04-16,7,Europe,D.3.1.1:205K,0.222,0.136,0.086,0.058399999999999994,8,0,0.04099999999999998,0.202,0.243,0,0.07900000000000001,0.184,0.263,0,0.12999999999999998,0.162,0.292
emerging_haplotype,h1n1pdm,region,2026-04-09,2026-04-23,14,Europe,D.3.1.1:205K,0.233,0.068,0.165,0.13470000000000001,8,0,0.047000000000000014,0.21,0.257,0,0.08600000000000002,0.192,0.278,0,0.144,0.167,0.311
emerging_haplotype,h1n1pdm,region,2026-04-09,2026-04-16,7,Europe,D.3.1:270A,0.0,0.0,0.0,4.285714285714286e-05,8,1,0.0,0.0,0.0,1,0.001,0.0,0.001,1,0.002,0.0,0.002
emerging_haplotype,h1n1pdm,region,2026-04-09,2026-04-23,14,Europe,D.3.1:270A,0.0,0.0,0.0,1.4285714285714297e-05,8,1,0.0,0.0,0.0,1,0.0,0.0,0.0,1,0.002,0.0,0.002
emerging_haplotype,h1n1pdm,region,2026-04-09,2026-04-16,7,Europe,D.3.1.1,0.612,0.591,0.02100000000000002,0.010278571428571432,8,1,0.04800000000000004,0.587,0.635,1,0.09499999999999997,0.562,0.657,1,0.15899999999999992,0.534,0.693
emerging_haplotype,h1n1pdm,region,2026-04-09,2026-04-23,14,Europe,D.3.1.1,0.594,0.614,0.020000000000000018,0.010478571428571434,8,1,0.049000000000000044,0.568,0.617,1,0.10199999999999998,0.54,0.642,1,0.16900000000000004,0.511,0.68
emerging_haplotype,h1n1pdm,region,2026-04-09,2026-04-16,7,North America,C.1.9.3,0.0,0.0,0.0,0.0,8,1,0.0,0.0,0.0,1,0.0,0.0,0.0,1,0.0,0.0,0.0
emerging_haplotype,h1n1pdm,region,2026-04-09,2026-04-23,14,North America,C.1.9.3,0.0,0.0,0.0,0.0,8,1,0.0,0.0,0.0,1,0.0,0.0,0.0,1,0.0,0.0,0.0
emerging_haplotype,h1n1pdm,region,2026-04-09,2026-04-16,7,North America,D.3.1,0.023,0.035,0.012000000000000004,0.0060928571428571455,8,0,0.005999999999999998,0.021,0.027,0,0.013000000000000001,0.018,0.031,1,0.020999999999999998,0.015,0.036
emerging_haplotype,h1n1pdm,region,2026-04-09,2026-04-23,14,North America,D.3.1,0.019,0.0,0.019,0.01590714285714286,8,0,0.005999999999999998,0.017,0.023,0,0.011999999999999999,0.014,0.026,0,0.019,0.012,0.031
emerging_haplotype,h1n1pdm,region,2026-04-09,2026-04-16,7,North America,D.3.1.1:139N,0.142,0.263,0.12100000000000002,0.08626428571428571,8,0,0.053000000000000005,0.116,0.169,0,0.088,0.1,0.188,0,0.135,0.081,0.216
emerging_haplotype,h1n1pdm,region,2026-04-09,2026-04-23,14,North America,D.3.1.1:139N,0.144,0.321,0.17700000000000002,0.13992857142857143,8,0,0.05699999999999998,0.116,0.173,0,0.094,0.098,0.192,0,0.14400000000000002,0.08,0.224
emerging_haplotype,h1n1pdm,region,2026-04-09,2026-04-16,7,North America,D.3.1.1:155E,0.001,0.0,0.001,0.0006357142857142857,8,0,0.001,0.001,0.002,1,0.003,0.0,0.003,1,0.007,0.0,0.007
emerging_haplotype,h1n1pdm,region,2026-04-09,2026-04-23,14,North America,D.3.1.1:155E,0.001,0.0,0.001,0.0004142857142857143,8,1,0.002,0.0,0.002,1,0.003,0.0,0.003,1,0.006,0.0,0.006
emerging_haplotype,h1n1pdm,region,2026-04-09,2026-04-16,7,North America,D.3.1.1:205K,0.294,0.175,0.119,0.07627857142857143,8,0,0.08199999999999996,0.262,0.344,0,0.15100000000000002,0.241,0.392,0,0.235,0.188,0.423
emerging_haplotype,h1n1pdm,region,2026-04-09,2026-04-23,14,North America,D.3.1.1:205K,0.316,0.107,0.20900000000000002,0.1601357142857143,8,0,0.09199999999999997,0.279,0.371,0,0.16499999999999998,0.255,0.42,0,0.259,0.197,0.456
emerging_haplotype,h1n1pdm,region,2026-04-09,2026-04-16,7,North America,D.3.1:270A,0.005,0.0,0.005,0.003142857142857143,8,0,0.005,0.003,0.008,0,0.009,0.002,0.011,0,0.013999999999999999,0.001,0.015
emerging_haplotype,h1n1pdm,region,2026-04-09,2026-04-23,14,North America,D.3.1:270A,0.004,0.0,0.004,0.0029000000000000002,8,0,0.004,0.003,0.007,0,0.008,0.002,0.01,0,0.013999999999999999,0.001,0.015
emerging_haplotype,h1n1pdm,region,2026-04-09,2026-04-16,7,North America,D.3.1.1,0.52,0.526,0.006000000000000005,0.011507142857142863,8,1,0.07600000000000007,0.484,0.56,1,0.13299999999999995,0.454,0.587,1,0.199,0.411,0.61
emerging_haplotype,h1n1pdm,region,2026-04-09,2026-04-23,14,North America,D.3.1.1,0.499,0.571,0.07199999999999995,0.029871428571428542,8,0,0.08300000000000002,0.46,0.543,1,0.14399999999999996,0.429,0.573,1,0.21599999999999997,0.383,0.599
emerging_haplotype,h1n1pdm,region,2026-04-09,2026-04-16,7,Oceania,C.1.9.3,0.0,0.0,0.0,0.0002714285714285715,8,1,0.001,0.0,0.001,1,0.003,0.0,0.003,1,0.016,0.0,0.016
emerging_haplotype,h1n1pdm,region,2026-04-09,2026-04-23,14,Oceania,C.1.9.3,0.0,0.0,0.0,0.0002714285714285715,8,1,0.001,0.0,0.001,1,0.003,0.0,0.003,1,0.016,0.0,0.016
emerging_haplotype,h1n1pdm,region,2026-04-09,2026-04-16,7,Oceania,D.3.1,0.008,0.0,0.008,0.005321428571428572,8,0,0.008,0.005,0.013,0,0.019,0.003,0.022,0,0.028999999999999998,0.002,0.031
emerging_haplotype,h1n1pdm,region,2026-04-09,2026-04-23,14,Oceania,D.3.1,0.006,0.0,0.006,0.003992857142857143,8,0,0.006999999999999999,0.004,0.011,0,0.016,0.002,0.018,0,0.024999999999999998,0.001,0.026
emerging_haplotype,h1n1pdm,region,2026-04-09,2026-04-16,7,Oceania,D.3.1.1:139N,0.177,0.0,0.177,0.11470714285714285,8,0,0.13,0.12,0.25,0,0.242,0.077,0.319,0,0.331,0.051,0.382
emerging_haplotype,h1n1pdm,region,2026-04-09,2026-04-23,14,Oceania,D.3.1.1:139N,0.187,0.0,0.187,0.12081428571428572,8,0,0.14700000000000002,0.125,0.272,0,0.27299999999999996,0.08,0.353,0,0.372,0.051,0.423
emerging_haplotype,h1n1pdm,region,2026-04-09,2026-04-16,7,Oceania,D.3.1.1:155E,0.002,0.0,0.002,0.0016000000000000003,8,1,0.007,0.0,0.007,1,0.016,0.0,0.016,1,0.05,0.0,0.05
emerging_haplotype,h1n1pdm,region,2026-04-09,2026-04-23,14,Oceania,D.3.1.1:155E,0.001,0.0,0.001,0.0014214285714285715,8,1,0.006,0.0,0.006,1,0.017,0.0,0.017,1,0.051,0.0,0.051
emerging_haplotype,h1n1pdm,region,2026-04-09,2026-04-16,7,Oceania,D.3.1.1:205K,0.086,0.033,0.05299999999999999,0.0247,8,0,0.084,0.05,0.134,1,0.159,0.031,0.19,1,0.24200000000000002,0.021,0.263
emerging_haplotype,h1n1pdm,region,2026-04-09,2026-04-23,14,Oceania,D.3.1.1:205K,0.086,0.045,0.040999999999999995,0.019385714285714284,8,0,0.085,0.048,0.133,1,0.167,0.029,0.196,1,0.256,0.019,0.275
emerging_haplotype,h1n1pdm,region,2026-04-09,2026-04-16,7,Oceania,D.3.1:270A,0.058,0.0,0.058,0.038535714285714284,8,0,0.045000000000000005,0.038,0.083,0,0.09000000000000001,0.027,0.117,0,0.14500000000000002,0.017,0.162
emerging_haplotype,h1n1pdm,region,2026-04-09,2026-04-23,14,Oceania,D.3.1:270A,0.053,0.0,0.053,0.03484285714285714,8,0,0.044,0.034,0.078,0,0.089,0.023,0.112,0,0.14200000000000002,0.015,0.157
emerging_haplotype,h1n1pdm,region,2026-04-09,2026-04-16,7,Oceania,D.3.1.1,0.629,0.967,0.33799999999999997,0.26298571428571427,8,0,0.1329999999999999,0.56,0.693,0,0.236,0.501,0.737,0,0.34400000000000003,0.441,0.785
emerging_haplotype,h1n1pdm,region,2026-04-09,2026-04-23,14,Oceania,D.3.1.1,0.62,0.955,0.33499999999999996,0.2521214285714285,8,0,0.1389999999999999,0.551,0.69,0,0.26,0.48,0.74,0,0.36700000000000005,0.423,0.79
emerging_haplotype,h1n1pdm,region,2026-07-02,2026-07-09,7,Africa,D.3.1,0.783,0.057,0.726,0.726,6,0,0.0,0.783,0.783,0,0.0,0.783,0.783,0,0.0,0.783,0.783
emerging_haplotype,h1n1pdm,region,2026-07-02,2026-07-16,14,Africa,D.3.1,0.795,0.057,0.738,0.7379999999999999,6,0,0.0,0.795,0.795,0,0.0,0.795,0.795,0,0.0,0.795,0.795
emerging_haplotype,h1n1pdm,region,2026-07-02,2026-07-23,21,Africa,D.3.1,0.806,0.032,0.774,0.774,6,0,0.0,0.806,0.806,0,0.0,0.806,0.806,0,0.0,0.806,0.806
emerging_haplotype,h1n1pdm,region,2026-07-02,2026-07-30,28,Africa,D.3.1,0.816,0.0,0.816,0.816,6,0,0.0,0.816,0.816,0,0.0,0.816,0.816,0,0.0,0.816,0.816
emerging_haplotype,h1n1pdm,region,2026-07-02,2026-07-09,7,Africa,D.3.1.1:139N,0.083,0.0,0.083,0.083,6,0,0.0,0.083,0.083,0,0.0,0.083,0.083,0,0.0,0.083,0.083
emerging_haplotype,h1n1pdm,region,2026-07-02,2026-07-16,14,Africa,D.3.1.1:139N,0.083,0.0,0.083,0.083,6,0,0.0,0.083,0.083,0,0.0,0.083,0.083,0,0.0,0.083,0.083
emerging_haplotype,h1n1pdm,region,2026-07-02,2026-07-23,21,Africa,D.3.1.1:139N,0.082,0.0,0.082,0.082,6,0,0.0,0.082,0.082,0,0.0,0.082,0.082,0,0.0,0.082,0.082
emerging_haplotype,h1n1pdm,region,2026-07-02,2026-07-30,28,Africa,D.3.1.1:139N,0.081,0.0,0.081,0.081,6,0,0.0,0.081,0.081,0,0.0,0.081,0.081,0,0.0,0.081,0.081
emerging_haplotype,h1n1pdm,region,2026-07-02,2026-07-09,7,Africa,D.3.1.1:155E,0.004,0.0,0.004,0.004,6,0,0.0,0.004,0.004,0,0.0,0.004,0.004,0,0.0,0.004,0.004
emerging_haplotype,h1n1pdm,region,2026-07-02,2026-07-16,14,Africa,D.3.1.1:155E,0.004,0.0,0.004,0.004,6,0,0.0,0.004,0.004,0,0.0,0.004,0.004,0,0.0,0.004,0.004
emerging_haplotype,h1n1pdm,region,2026-07-02,2026-07-23,21,Africa,D.3.1.1:155E,0.005,0.0,0.005,0.005,6,0,0.0,0.005,0.005,0,0.0,0.005,0.005,0,0.0,0.005,0.005
emerging_haplotype,h1n1pdm,region,2026-07-02,2026-07-30,28,Africa,D.3.1.1:155E,0.005,0.0,0.005,0.005,6,0,0.0,0.005,0.005,0,0.0,0.005,0.005,0,0.0,0.005,0.005
emerging_haplotype,h1n1pdm,region,2026-07-02,2026-07-09,7,Africa,D.3.1.1:205K,0.001,0.0,0.001,0.001,6,0,0.0,0.001,0.001,0,0.0,0.001,0.001,0,0.0,0.001,0.001
emerging_haplotype,h1n1pdm,region,2026-07-02,2026-07-16,14,Africa,D.3.1.1:205K,0.0,0.0,0.0,0.0,6,1,0.0,0.0,0.0,1,0.0,0.0,0.0,1,0.0,0.0,0.0
emerging_haplotype,h1n1pdm,region,2026-07-02,2026-07-23,21,Africa,D.3.1.1:205K,0.0,0.0,0.0,0.0,6,1,0.0,0.0,0.0,1,0.0,0.0,0.0,1,0.0,0.0,0.0
emerging_haplotype,h1n1pdm,region,2026-07-02,2026-07-30,28,Africa,D.3.1.1:205K,0.0,0.0,0.0,0.0,6,1,0.0,0.0,0.0,1,0.0,0.0,0.0,1,0.0,0.0,0.0
emerging_haplotype,h1n1pdm,region,2026-07-02,2026-07-09,7,Africa,D.3.1.1,0.129,0.943,0.814,0.814,6,0,0.0,0.129,0.129,0,0.0,0.129,0.129,0,0.0,0.129,0.129
emerging_haplotype,h1n1pdm,region,2026-07-02,2026-07-16,14,Africa,D.3.1.1,0.117,0.943,0.826,0.826,6,0,0.0,0.117,0.117,0,0.0,0.117,0.117,0,0.0,0.117,0.117
emerging_haplotype,h1n1pdm,region,2026-07-02,2026-07-23,21,Africa,D.3.1.1,0.107,0.968,0.861,0.8609999999999999,6,0,0.0,0.107,0.107,0,0.0,0.107,0.107,0,0.0,0.107,0.107
emerging_haplotype,h1n1pdm,region,2026-07-02,2026-07-30,28,Africa,D.3.1.1,0.097,1.0,0.903,0.9029999999999999,6,0,0.0,0.097,0.097,0,0.0,0.097,0.097,0,0.0,0.097,0.097
emerging_haplotype,h1n1pdm,region,2026-07-02,2026-07-09,7,Europe,D.3.1,0.0,0.0,0.0,0.0,6,1,0.0,0.0,0.0,1,0.0,0.0,0.0,1,0.0,0.0,0.0
emerging_haplotype,h1n1pdm,region,2026-07-02,2026-07-16,14,Europe,D.3.1,0.0,0.0,0.0,0.0,6,1,0.0,0.0,0.0,1,0.0,0.0,0.0,1,0.0,0.0,0.0
emerging_haplotype,h1n1pdm,region,2026-07-02,2026-07-09,7,Europe,D.3.1.1:139N,0.322,1.0,0.6779999999999999,0.6779999999999999,6,0,0.0,0.322,0.322,0,0.0,0.322,0.322,0,0.0,0.322,0.322
emerging_haplotype,h1n1pdm,region,2026-07-02,2026-07-16,14,Europe,D.3.1.1:139N,0.331,1.0,0.669,0.6689999999999999,6,0,0.0,0.331,0.331,0,0.0,0.331,0.331,0,0.0,0.331,0.331
emerging_haplotype,h1n1pdm,region,2026-07-02,2026-07-09,7,Europe,D.3.1.1:155E,0.114,0.0,0.114,0.114,6,0,0.0,0.114,0.114,0,0.0,0.114,0.114,0,0.0,0.114,0.114
emerging_haplotype,h1n1pdm,region,2026-07-02,2026-07-16,14,Europe,D.3.1.1:155E,0.129,0.0,0.129,0.129,6,0,0.0,0.129,0.129,0,0.0,0.129,0.129,0,0.0,0.129,0.129
emerging_haplotype,h1n1pdm,region,2026-07-02,2026-07-09,7,Europe,D.3.1.1:205K,0.202,0.0,0.202,0.202,6,0,0.0,0.202,0.202,0,0.0,0.202,0.202,0,0.0,0.202,0.202
emerging_haplotype,h1n1pdm,region,2026-07-02,2026-07-16,14,Europe,D.3.1.1:205K,0.203,0.0,0.203,0.20300000000000004,6,0,0.0,0.203,0.203,0,0.0,0.203,0.203,0,0.0,0.203,0.203
emerging_haplotype,h1n1pdm,region,2026-07-02,2026-07-09,7,Europe,D.3.1.1,0.361,0.0,0.361,0.36099999999999993,6,0,0.0,0.361,0.361,0,0.0,0.361,0.361,0,0.0,0.361,0.361
emerging_haplotype,h1n1pdm,region,2026-07-02,2026-07-16,14,Europe,D.3.1.1,0.337,0.0,0.337,0.337,6,0,0.0,0.337,0.337,0,0.0,0.337,0.337,0,0.0,0.337,0.337
emerging_haplotype,h1n1pdm,region,2026-07-02,2026-07-09,7,North America,D.3.1,0.002,0.029,0.027000000000000003,0.027,6,0,0.0,0.002,0.002,0,0.0,0.002,0.002,0,0.0,0.002,0.002
emerging_haplotype,h1n1pdm,region,2026-07-02,2026-07-16,14,North America,D.3.1,0.001,0.04,0.039,0.039,6,0,0.0,0.001,0.001,0,0.0,0.001,0.001,0,0.0,0.001,0.001
emerging_haplotype,h1n1pdm,region,2026-07-02,2026-07-23,21,North America,D.3.1,0.001,0.083,0.082,0.082,6,0,0.0,0.001,0.001,0,0.0,0.001,0.001,0,0.0,0.001,0.001
emerging_haplotype,h1n1pdm,region,2026-07-02,2026-07-30,28,North America,D.3.1,0.001,0.143,0.142,0.142,6,0,0.0,0.001,0.001,0,0.0,0.001,0.001,0,0.0,0.001,0.001
emerging_haplotype,h1n1pdm,region,2026-07-02,2026-07-09,7,North America,D.3.1.1:139N,0.55,0.314,0.23600000000000004,0.23600000000000004,6,0,0.0,0.55,0.55,0,0.0,0.55,0.55,0,0.0,0.55,0.55
emerging_haplotype,h1n1pdm,region,2026-07-02,2026-07-16,14,North America,D.3.1.1:139N,0.571,0.4,0.17099999999999993,0.1709999999999999,6,0,0.0,0.571,0.571,0,0.0,0.571,0.571,0,0.0,0.571,0.571
emerging_haplotype,h1n1pdm,region,2026-07-02,2026-07-23,21,North America,D.3.1.1:139N,0.59,0.5,0.08999999999999997,0.08999999999999997,6,0,0.0,0.59,0.59,0,0.0,0.59,0.59,0,0.0,0.59,0.59
emerging_haplotype,h1n1pdm,region,2026-07-02,2026-07-30,28,North America,D.3.1.1:139N,0.609,0.571,0.038000000000000034,0.038000000000000034,6,0,0.0,0.609,0.609,0,0.0,0.609,0.609,0,0.0,0.609,0.609
emerging_haplotype,h1n1pdm,region,2026-07-02,2026-07-09,7,North America,D.3.1.1:155E,0.043,0.2,0.15700000000000003,0.15700000000000003,6,0,0.0,0.043,0.043,0,0.0,0.043,0.043,0,0.0,0.043,0.043
emerging_haplotype,h1n1pdm,region,2026-07-02,2026-07-16,14,North America,D.3.1.1:155E,0.047,0.16,0.113,0.113,6,0,0.0,0.047,0.047,0,0.0,0.047,0.047,0,0.0,0.047,0.047
emerging_haplotype,h1n1pdm,region,2026-07-02,2026-07-23,21,North America,D.3.1.1:155E,0.051,0.25,0.199,0.199,6,0,0.0,0.051,0.051,0,0.0,0.051,0.051,0,0.0,0.051,0.051
emerging_haplotype,h1n1pdm,region,2026-07-02,2026-07-30,28,North America,D.3.1.1:155E,0.056,0.143,0.087,0.087,6,0,0.0,0.056,0.056,0,0.0,0.056,0.056,0,0.0,0.056,0.056
emerging_haplotype,h1n1pdm,region,2026-07-02,2026-07-09,7,North America,D.3.1.1:205K,0.049,0.0,0.049,0.049,6,0,0.0,0.049,0.049,0,0.0,0.049,0.049,0,0.0,0.049,0.049
emerging_haplotype,h1n1pdm,region,2026-07-02,2026-07-16,14,North America,D.3.1.1:205K,0.046,0.0,0.046,0.046,6,0,0.0,0.046,0.046,0,0.0,0.046,0.046,0,0.0,0.046,0.046
emerging_haplotype,h1n1pdm,region,2026-07-02,2026-07-23,21,North America,D.3.1.1:205K,0.042,0.0,0.042,0.042,6,0,0.0,0.042,0.042,0,0.0,0.042,0.042,0,0.0,0.042,0.042
emerging_haplotype,h1n1pdm,region,2026-07-02,2026-07-30,28,North America,D.3.1.1:205K,0.039,0.0,0.039,0.039,6,0,0.0,0.039,0.039,0,0.0,0.039,0.039,0,0.0,0.039,0.039
emerging_haplotype,h1n1pdm,region,2026-07-02,2026-07-09,7,North America,D.3.1.1,0.356,0.457,0.10100000000000003,0.10100000000000002,6,0,0.0,0.356,0.356,0,0.0,0.356,0.356,0,0.0,0.356,0.356
emerging_haplotype,h1n1pdm,region,2026-07-02,2026-07-16,14,North America,D.3.1.1,0.335,0.4,0.065,0.065,6,0,0.0,0.335,0.335,0,0.0,0.335,0.335,0,0.0,0.335,0.335
emerging_haplotype,h1n1pdm,region,2026-07-02,2026-07-23,21,North America,D.3.1.1,0.315,0.167,0.148,0.148,6,0,0.0,0.315,0.315,0,0.0,0.315,0.315,0,0.0,0.315,0.315
emerging_haplotype,h1n1pdm,region,2026-07-02,2026-07-30,28,North America,D.3.1.1,0.296,0.143,0.153,0.153,6,0,0.0,0.296,0.296,0,0.0,0.296,0.296,0,0.0,0.296,0.296
emerging_haplotype,h1n1pdm,region,2026-07-02,2026-07-09,7,Oceania,D.3.1,0.004,0.017,0.013000000000000001,0.013,6,0,0.0,0.004,0.004,0,0.0,0.004,0.004,0,0.0,0.004,0.004
emerging_haplotype,h1n1pdm,region,2026-07-02,2026-07-16,14,Oceania,D.3.1,0.003,0.019,0.016,0.016,6,0,0.0,0.003,0.003,0,0.0,0.003,0.003,0,0.0,0.003,0.003
emerging_haplotype,h1n1pdm,region,2026-07-02,2026-07-23,21,Oceania,D.3.1,0.003,0.0,0.003,0.003,6,0,0.0,0.003,0.003,0,0.0,0.003,0.003,0,0.0,0.003,0.003
emerging_haplotype,h1n1pdm,region,2026-07-02,2026-07-30,28,Oceania,D.3.1,0.002,0.0,0.002,0.002,6,0,0.0,0.002,0.002,0,0.0,0.002,0.002,0,0.0,0.002,0.002
emerging_haplotype,h1n1pdm,region,2026-07-02,2026-07-09,7,Oceania,D.3.1.1:139N,0.227,0.525,0.29800000000000004,0.29800000000000004,6,0,0.0,0.227,0.227,0,0.0,0.227,0.227,0,0.0,0.227,0.227
emerging_haplotype,h1n1pdm,region,2026-07-02,2026-07-16,14,Oceania,D.3.1.1:139N,0.231,0.481,0.24999999999999997,0.24999999999999994,6,0,0.0,0.231,0.231,0,0.0,0.231,0.231,0,0.0,0.231,0.231
emerging_haplotype,h1n1pdm,region,2026-07-02,2026-07-23,21,Oceania,D.3.1.1:139N,0.236,0.465,0.22900000000000004,0.22900000000000004,6,0,0.0,0.236,0.236,0,0.0,0.236,0.236,0,0.0,0.236,0.236
emerging_haplotype,h1n1pdm,region,2026-07-02,2026-07-30,28,Oceania,D.3.1.1:139N,0.24,0.406,0.16600000000000004,0.166,6,0,0.0,0.24,0.24,0,0.0,0.24,0.24,0,0.0,0.24,0.24
emerging_haplotype,h1n1pdm,region,2026-07-02,2026-07-09,7,Oceania,D.3.1.1:155E,0.0,0.186,0.186,0.186,6,0,0.0,0.0,0.0,0,0.0,0.0,0.0,0,0.0,0.0,0.0
emerging_haplotype,h1n1pdm,region,2026-07-02,2026-07-16,14,Oceania,D.3.1.1:155E,0.0,0.315,0.315,0.315,6,0,0.0,0.0,0.0,0,0.0,0.0,0.0,0,0.0,0.0,0.0
emerging_haplotype,h1n1pdm,region,2026-07-02,2026-07-23,21,Oceania,D.3.1.1:155E,0.0,0.395,0.395,0.395,6,0,0.0,0.0,0.0,0,0.0,0.0,0.0,0,0.0,0.0,0.0
emerging_haplotype,h1n1pdm,region,2026-07-02,2026-07-30,28,Oceania,D.3.1.1:155E,0.0,0.5,0.5,0.5,6,0,0.0,0.0,0.0,0,0.0,0.0,0.0,0,0.0,0.0,0.0
emerging_haplotype,h1n1pdm,region,2026-07-02,2026-07-09,7,Oceania,D.3.1.1:205K,0.258,0.051,0.20700000000000002,0.20700000000000005,6,0,0.0,0.258,0.258,0,0.0,0.258,0.258,0,0.0,0.258,0.258
emerging_haplotype,h1n1pdm,region,2026-07-02,2026-07-16,14,Oceania,D.3.1.1:205K,0.265,0.037,0.228,0.228,6,0,0.0,0.265,0.265,0,0.0,0.265,0.265,0,0.0,0.265,0.265
emerging_haplotype,h1n1pdm,region,2026-07-02,2026-07-23,21,Oceania,D.3.1.1:205K,0.271,0.023,0.24800000000000003,0.24800000000000003,6,0,0.0,0.271,0.271,0,0.0,0.271,0.271,0,0.0,0.271,0.271
emerging_haplotype,h1n1pdm,region,2026-07-02,2026-07-30,28,Oceania,D.3.1.1:205K,0.277,0.0,0.277,0.277,6,0,0.0,0.277,0.277,0,0.0,0.277,0.277,0,0.0,0.277,0.277
emerging_haplotype,h1n1pdm,region,2026-07-02,2026-07-09,7,Oceania,D.3.1.1,0.511,0.22,0.29100000000000004,0.291,6,0,0.0,0.511,0.511,0,0.0,0.511,0.511,0,0.0,0.511,0.511
emerging_haplotype,h1n1pdm,region,2026-07-02,2026-07-16,14,Oceania,D.3.1.1,0.501,0.148,0.353,0.3529999999999999,6,0,0.0,0.501,0.501,0,0.0,0.501,0.501,0,0.0,0.501,0.501
emerging_haplotype,h1n1pdm,region,2026-07-02,2026-07-23,21,Oceania,D.3.1.1,0.49,0.116,0.374,0.374,6,0,0.0,0.49,0.49,0,0.0,0.49,0.49,0,0.0,0.49,0.49
emerging_haplotype,h1n1pdm,region,2026-07-02,2026-07-30,28,Oceania,D.3.1.1,0.48,0.094,0.386,0.386,6,0,0.0,0.48,0.48,0,0.0,0.48,0.48,0,0.0,0.48,0.48
emerging_haplotype,h1n1pdm,region,2026-07-16,2026-07-23,7,Africa,D.3.1,0.623,0.032,0.591,0.4989071428571429,6,0,0.125,0.559,0.684,0,0.246,0.492,0.738,0,0.35300000000000004,0.431,0.784
emerging_haplotype,h1n1pdm,region,2026-07-16,2026-07-30,14,Africa,D.3.1,0.612,0.0,0.612,0.5083642857142857,6,0,0.136,0.543,0.679,0,0.27499999999999997,0.464,0.739,0,0.391,0.395,0.786
emerging_haplotype,h1n1pdm,region,2026-07-16,2026-07-23,7,Africa,D.3.1.1:139N,0.203,0.0,0.203,0.14199285714285712,6,0,0.12000000000000002,0.15,0.27,0,0.23200000000000004,0.111,0.343,0,0.371,0.072,0.443
emerging_haplotype,h1n1pdm,region,2026-07-16,2026-07-30,14,Africa,D.3.1.1:139N,0.22,0.0,0.22,0.15240000000000004,6,0,0.13099999999999998,0.163,0.294,0,0.261,0.117,0.378,0,0.422,0.074,0.496
emerging_haplotype,h1n1pdm,region,2026-07-16,2026-07-23,7,Africa,D.3.1.1:155E,0.008,0.0,0.008,0.005707142857142857,6,0,0.019000000000000003,0.002,0.021,0,0.049,0.001,0.05,1,0.133,0.0,0.133
emerging_haplotype,h1n1pdm,region,2026-07-16,2026-07-30,14,Africa,D.3.1.1:155E,0.009,0.0,0.009,0.006542857142857144,6,0,0.020999999999999998,0.002,0.023,0,0.06,0.001,0.061,1,0.166,0.0,0.166
emerging_haplotype,h1n1pdm,region,2026-07-16,2026-07-23,7,Africa,D.3.1.1:205K,0.0,0.0,0.0,0.0002428571428571429,6,1,0.001,0.0,0.001,1,0.004,0.0,0.004,1,0.008,0.0,0.008
emerging_haplotype,h1n1pdm,region,2026-07-16,2026-07-30,14,Africa,D.3.1.1:205K,0.0,0.0,0.0,0.00023571428571428574,6,1,0.001,0.0,0.001,1,0.004,0.0,0.004,1,0.007,0.0,0.007
emerging_haplotype,h1n1pdm,region,2026-07-16,2026-07-23,7,Africa,D.3.1.1,0.131,0.968,0.837,0.7825642857142857,6,0,0.05800000000000001,0.108,0.166,0,0.11499999999999999,0.09,0.205,0,0.179,0.064,0.243
emerging_haplotype,h1n1pdm,region,2026-07-16,2026-07-30,14,Africa,D.3.1.1,0.12,1.0,0.88,0.8241785714285713,6,0,0.059,0.098,0.157,0,0.114,0.08,0.194,0,0.179,0.056,0.235
emerging_haplotype,h1n1pdm,region,2026-07-16,2026-07-23,7,North America,D.3.1,0.002,0.083,0.081,0.07976428571428572,6,0,0.001,0.001,0.002,0,0.003,0.001,0.004,0,0.005,0.0,0.005
emerging_haplotype,h1n1pdm,region,2026-07-16,2026-07-30,14,North America,D.3.1,0.001,0.143,0.142,0.14047142857142855,6,0,0.001,0.001,0.002,0,0.003,0.0,0.003,0,0.004,0.0,0.004
emerging_haplotype,h1n1pdm,region,2026-07-16,2026-07-23,7,North America,D.3.1.1:139N,0.528,0.5,0.028000000000000025,0.02284285714285714,6,1,0.12799999999999995,0.451,0.579,1,0.245,0.388,0.633,1,0.37799999999999995,0.333,0.711
emerging_haplotype,h1n1pdm,region,2026-07-16,2026-07-30,14,North America,D.3.1.1:139N,0.55,0.571,0.020999999999999908,0.023107142857142837,6,1,0.13699999999999996,0.468,0.605,1,0.262,0.398,0.66,1,0.39699999999999996,0.339,0.736
emerging_haplotype,h1n1pdm,region,2026-07-16,2026-07-23,7,North America,D.3.1.1:155E,0.021,0.25,0.229,0.16337142857142856,6,0,0.034,0.007,0.041,0,0.094,0.003,0.097,0,0.176,0.001,0.177
emerging_haplotype,h1n1pdm,region,2026-07-16,2026-07-30,14,North America,D.3.1.1:155E,0.022,0.143,0.121,0.0629,6,0,0.037,0.007,0.044,0,0.104,0.003,0.107,1,0.2,0.001,0.201
emerging_haplotype,h1n1pdm,region,2026-07-16,2026-07-23,7,North America,D.3.1.1:205K,0.039,0.0,0.039,0.026850000000000002,6,0,0.028,0.028,0.056,0,0.05499999999999999,0.019,0.074,0,0.079,0.013,0.092
emerging_haplotype,h1n1pdm,region,2026-07-16,2026-07-30,14,North America,D.3.1.1:205K,0.036,0.0,0.036,0.024557142857142857,6,0,0.026999999999999996,0.025,0.052,0,0.053000000000000005,0.017,0.07,0,0.076,0.012,0.088
emerging_haplotype,h1n1pdm,region,2026-07-16,2026-07-23,7,North America,D.3.1.1,0.394,0.167,0.227,0.1592642857142857,6,0,0.11100000000000004,0.35,0.461,0,0.21900000000000003,0.291,0.51,0,0.33099999999999996,0.246,0.577
emerging_haplotype,h1n1pdm,region,2026-07-16,2026-07-30,14,North America,D.3.1.1,0.374,0.143,0.231,0.1620857142857143,6,0,0.11399999999999999,0.329,0.443,0,0.22699999999999998,0.268,0.495,0,0.344,0.224,0.568
emerging_haplotype,h1n1pdm,region,2026-07-16,2026-07-23,7,Oceania,D.3.1,0.001,0.0,0.001,0.00042142857142857146,6,1,0.002,0.0,0.002,1,0.003,0.0,0.003,1,0.007,0.0,0.007
emerging_haplotype,h1n1pdm,region,2026-07-16,2026-07-30,14,Oceania,D.3.1,0.0,0.0,0.0,0.00017142857142857148,6,1,0.001,0.0,0.001,1,0.002,0.0,0.002,1,0.006,0.0,0.006
emerging_haplotype,h1n1pdm,region,2026-07-16,2026-07-23,7,Oceania,D.3.1.1:139N,0.562,0.465,0.09700000000000003,0.04222857142857144,6,1,0.20800000000000002,0.462,0.67,1,0.354,0.383,0.737,1,0.476,0.349,0.825
emerging_haplotype,h1n1pdm,region,2026-07-16,2026-07-30,14,Oceania,D.3.1.1:139N,0.591,0.406,0.18499999999999994,0.07845714285714282,6,0,0.21799999999999997,0.484,0.702,0,0.36300000000000004,0.407,0.77,1,0.492,0.364,0.856
emerging_haplotype,h1n1pdm,region,2026-07-16,2026-07-23,7,Oceania,D.3.1.1:155E,0.013,0.395,0.382,0.3243285714285714,6,0,0.029,0.005,0.034,0,0.071,0.002,0.073,0,0.152,0.0,0.152
emerging_haplotype,h1n1pdm,region,2026-07-16,2026-07-30,14,Oceania,D.3.1.1:155E,0.014,0.5,0.486,0.41892857142857143,6,0,0.030999999999999996,0.005,0.036,0,0.08,0.001,0.081,0,0.18,0.0,0.18
emerging_haplotype,h1n1pdm,region,2026-07-16,2026-07-23,7,Oceania,D.3.1.1:205K,0.13,0.023,0.10700000000000001,0.06191428571428571,6,0,0.09,0.087,0.177,0,0.178,0.06,0.238,0,0.316,0.037,0.353
emerging_haplotype,h1n1pdm,region,2026-07-16,2026-07-30,14,Oceania,D.3.1.1:205K,0.12,0.0,0.12,0.07737857142857142,6,0,0.09400000000000001,0.077,0.171,0,0.18200000000000002,0.052,0.234,0,0.32499999999999996,0.032,0.357
emerging_haplotype,h1n1pdm,region,2026-07-16,2026-07-23,7,Oceania,D.3.1.1,0.254,0.116,0.138,0.06634285714285713,6,0,0.14,0.187,0.327,0,0.269,0.137,0.406,1,0.372,0.108,0.48
emerging_haplotype,h1n1pdm,region,2026-07-16,2026-07-30,14,Oceania,D.3.1.1,0.229,0.094,0.135,0.06591428571428572,6,0,0.13699999999999998,0.165,0.302,0,0.266,0.116,0.382,1,0.374,0.087,0.461
emerging_haplotype,vic,region,2025-12-23,2025-12-30,7,Southeast Asia,C.3.1,0.01,0.0,0.01,0.007178571428571429,8,0,0.0,0.01,0.01,0,0.032,0.003,0.035,0,0.11699999999999999,0.001,0.118
emerging_haplotype,vic,region,2025-12-23,2025-12-30,7,Southeast Asia,C.5.1,0.025,0.0,0.025,0.007150000000000001,8,0,0.022000000000000002,0.003,0.025,0,0.024,0.001,0.025,1,0.025,0.0,0.025
emerging_haplotype,vic,region,2025-12-23,2025-12-30,7,Southeast Asia,C.5.6.1,0.028,0.0,0.028,0.01877142857142857,8,0,0.0010000000000000009,0.027,0.028,0,0.027999999999999997,0.015,0.043,0,0.06599999999999999,0.005,0.071
emerging_haplotype,vic,region,2025-12-23,2025-12-30,7,Southeast Asia,C.5.6:189A,0.025,0.0,0.025,0.03986428571428572,8,0,0.08299999999999999,0.025,0.108,0,0.21,0.025,0.235,0,0.411,0.025,0.436
emerging_haplotype,vic,region,2025-12-23,2025-12-30,7,Southeast Asia,C.5.6:75E,0.212,0.0,0.212,0.06898571428571429,8,0,0.16799999999999998,0.044,0.212,0,0.193,0.019,0.212,0,0.206,0.006,0.212
emerging_haplotype,vic,region,2025-12-23,2025-12-30,7,Southeast Asia,C.5.7,0.379,0.667,0.28800000000000003,0.19649285714285722,8,0,0.0,0.379,0.379,0,0.177,0.306,0.483,0,0.401,0.222,0.623
emerging_haplotype,vic,region,2025-12-23,2025-12-30,7,Southeast Asia,C.5.6,0.321,0.333,0.01200000000000001,0.012850000000000006,8,0,0.0,0.321,0.321,1,0.18800000000000003,0.21,0.398,1,0.32699999999999996,0.156,0.483
emerging_haplotype,vic,region,2026-01-15,2026-01-22,7,North America,C.3.1,0.794,0.729,0.06500000000000006,0.025135714285714296,8,0,0.09899999999999998,0.737,0.836,1,0.16500000000000004,0.697,0.862,1,0.249,0.64,0.889
emerging_haplotype,vic,region,2026-01-15,2026-01-22,7,North America,C.5.1,0.015,0.128,0.113,0.09906428571428572,8,0,0.014,0.009,0.023,0,0.027000000000000003,0.006,0.033,0,0.040999999999999995,0.004,0.045
emerging_haplotype,vic,region,2026-01-15,2026-01-22,7,North America,C.5.6.1,0.046,0.06,0.013999999999999999,0.006685714285714286,8,1,0.03,0.03,0.06,1,0.064,0.02,0.084,1,0.1,0.011,0.111
emerging_haplotype,vic,region,2026-01-15,2026-01-22,7,North America,C.5.6:189A,0.002,0.0,0.002,0.0010642857142857144,8,1,0.005,0.0,0.005,1,0.01,0.0,0.01,1,0.019,0.0,0.019
emerging_haplotype,vic,region,2026-01-15,2026-01-22,7,North America,C.5.6:75E,0.009,0.0,0.009,0.005314285714285714,8,0,0.011,0.005,0.016,0,0.024,0.002,0.026,0,0.038,0.001,0.039
emerging_haplotype,vic,region,2026-01-15,2026-01-22,7,North America,C.5.7,0.055,0.045,0.010000000000000002,0.007007142857142858,8,1,0.038,0.039,0.077,1,0.07400000000000001,0.027,0.101,1,0.105,0.018,0.123
emerging_haplotype,vic,region,2026-01-15,2026-01-22,7,North America,C.5.6,0.043,0.038,0.0049999999999999975,0.005078571428571428,8,1,0.03,0.033,0.063,1,0.05700000000000001,0.026,0.083,1,0.083,0.018,0.101
emerging_haplotype,vic,region,2026-01-15,2026-01-22,7,South America,C.3.1,0.29,0.0,0.29,0.1747714285714286,8,0,0.263,0.17,0.433,0,0.44600000000000006,0.115,0.561,0,0.614,0.056,0.67
emerging_haplotype,vic,region,2026-01-15,2026-01-22,7,South America,C.5.1,0.051,0.0,0.051,0.03374285714285714,8,0,0.05,0.032,0.082,0,0.102,0.021,0.123,0,0.156,0.013,0.169
emerging_haplotype,vic,region,2026-01-15,2026-01-22,7,South America,C.5.6.1,0.282,0.5,0.21800000000000003,0.0869857142857143,8,0,0.22499999999999998,0.189,0.414,1,0.389,0.129,0.518,1,0.5720000000000001,0.07,0.642
emerging_haplotype,vic,region,2026-01-15,2026-01-22,7,South America,C.5.6:189A,0.0,0.0,0.0,0.0005142857142857144,8,1,0.002,0.0,0.002,1,0.008,0.0,0.008,1,0.02,0.0,0.02
emerging_haplotype,vic,region,2026-01-15,2026-01-22,7,South America,C.5.6:75E,0.014,0.0,0.014,0.010542857142857144,8,0,0.034,0.005,0.039,0,0.095,0.002,0.097,0,0.156,0.001,0.157
emerging_haplotype,vic,region,2026-01-15,2026-01-22,7,South America,C.5.7,0.074,0.5,0.426,0.33835714285714286,8,0,0.091,0.039,0.13,0,0.164,0.022,0.186,0,0.244,0.014,0.258
emerging_haplotype,vic,region,2026-01-15,2026-01-22,7,South America,C.5.6,0.137,0.0,0.137,0.09121428571428572,8,0,0.14200000000000002,0.083,0.225,0,0.31,0.054,0.364,0,0.49,0.035,0.525
emerging_haplotype,vic,region,2026-01-15,2026-01-22,7,Southeast Asia,C.3.1,0.003,0.0,0.003,0.002121428571428572,8,0,0.008,0.001,0.009,1,0.02,0.0,0.02,1,0.037,0.0,0.037
emerging_haplotype,vic,region,2026-01-15,2026-01-22,7,Southeast Asia,C.5.1,0.0,0.0,0.0,1.4285714285714297e-05,8,1,0.0,0.0,0.0,1,0.0,0.0,0.0,1,0.002,0.0,0.002
emerging_haplotype,vic,region,2026-01-15,2026-01-22,7,Southeast Asia,C.5.6.1,0.011,0.0,0.011,0.0072785714285714285,8,0,0.017,0.006,0.023,0,0.039,0.003,0.042,0,0.073,0.001,0.074
emerging_haplotype,vic,region,2026-01-15,2026-01-22,7,Southeast Asia,C.5.6:189A,0.024,0.0,0.024,0.013564285714285713,8,0,0.031000000000000003,0.011,0.042,0,0.060000000000000005,0.005,0.065,0,0.109,0.003,0.112
emerging_haplotype,vic,region,2026-01-15,2026-01-22,7,Southeast Asia,C.5.6:75E,0.042,0.0,0.042,0.02586428571428571,8,0,0.052,0.023,0.075,0,0.097,0.014,0.111,0,0.193,0.005,0.198
emerging_haplotype,vic,region,2026-01-15,2026-01-22,7,Southeast Asia,C.5.7,0.721,0.625,0.09599999999999997,0.03943571428571429,8,0,0.14600000000000002,0.643,0.789,1,0.257,0.574,0.831,1,0.393,0.481,0.874
emerging_haplotype,vic,region,2026-01-15,2026-01-22,7,Southeast Asia,C.5.6,0.157,0.375,0.218,0.13033571428571428,8,0,0.10200000000000001,0.12,0.222,0,0.17900000000000002,0.094,0.273,0,0.271,0.062,0.333
emerging_haplotype,vic,region,2026-02-19,2026-02-26,7,China,C.3.1,0.0,0.0,0.0,0.0009000000000000003,8,1,0.004,0.0,0.004,1,0.013,0.0,0.013,1,0.034,0.0,0.034
emerging_haplotype,vic,region,2026-02-19,2026-03-05,14,China,C.3.1,0.0,0.0,0.0,0.0009857142857142857,8,1,0.004,0.0,0.004,1,0.015,0.0,0.015,1,0.038,0.0,0.038
emerging_haplotype,vic,region,2026-02-19,2026-03-12,21,China,C.3.1,0.0,0.0,0.0,0.0010571428571428574,8,1,0.004,0.0,0.004,1,0.016,0.0,0.016,1,0.044,0.0,0.044
emerging_haplotype,vic,region,2026-02-19,2026-03-19,28,China,C.3.1,0.001,0.0,0.001,0.0012714285714285716,8,1,0.004,0.0,0.004,1,0.017,0.0,0.017,1,0.05,0.0,0.05
emerging_haplotype,vic,region,2026-02-19,2026-03-26,35,China,C.3.1,0.001,0.0,0.001,0.001385714285714286,8,1,0.004,0.0,0.004,1,0.019,0.0,0.019,1,0.058,0.0,0.058
emerging_haplotype,vic,region,2026-02-19,2026-02-26,7,China,C.3:255P-197N,0.002,0.778,0.776,0.7405571428571429,8,0,0.009,0.0,0.009,0,0.033,0.0,0.033,0,0.096,0.0,0.096
emerging_haplotype,vic,region,2026-02-19,2026-03-05,14,China,C.3:255P-197N,0.002,0.778,0.776,0.7384142857142857,8,0,0.009,0.0,0.009,0,0.037,0.0,0.037,0,0.1,0.0,0.1
emerging_haplotype,vic,region,2026-02-19,2026-03-12,21,China,C.3:255P-197N,0.002,0.75,0.748,0.7074785714285714,8,0,0.009,0.0,0.009,0,0.043,0.0,0.043,0,0.105,0.0,0.105
emerging_haplotype,vic,region,2026-02-19,2026-03-19,28,China,C.3:255P-197N,0.002,0.833,0.831,0.7885714285714285,8,0,0.009,0.0,0.009,0,0.045,0.0,0.045,0,0.11,0.0,0.11
emerging_haplotype,vic,region,2026-02-19,2026-03-26,35,China,C.3:255P-197N,0.002,0.667,0.665,0.6204071428571429,8,0,0.009,0.0,0.009,0,0.048,0.0,0.048,0,0.115,0.0,0.115
emerging_haplotype,vic,region,2026-02-19,2026-02-26,7,China,C.5.1,0.0,0.0,0.0,5.714285714285716e-05,8,1,0.0,0.0,0.0,1,0.001,0.0,0.001,1,0.004,0.0,0.004
emerging_haplotype,vic,region,2026-02-19,2026-03-05,14,China,C.5.1,0.0,0.0,0.0,5.714285714285716e-05,8,1,0.0,0.0,0.0,1,0.001,0.0,0.001,1,0.004,0.0,0.004
emerging_haplotype,vic,region,2026-02-19,2026-03-12,21,China,C.5.1,0.0,0.0,0.0,5.714285714285716e-05,8,1,0.0,0.0,0.0,1,0.001,0.0,0.001,1,0.004,0.0,0.004
emerging_haplotype,vic,region,2026-02-19,2026-03-19,28,China,C.5.1,0.0,0.0,0.0,5.0000000000000016e-05,8,1,0.0,0.0,0.0,1,0.001,0.0,0.001,1,0.003,0.0,0.003
emerging_haplotype,vic,region,2026-02-19,2026-03-26,35,China,C.5.1,0.0,0.0,0.0,5.0000000000000016e-05,8,1,0.0,0.0,0.0,1,0.001,0.0,0.001,1,0.003,0.0,0.003
emerging_haplotype,vic,region,2026-02-19,2026-02-26,7,China,C.5.6.1,0.266,0.111,0.15500000000000003,0.08862857142857142,8,0,0.152,0.206,0.358,0,0.271,0.159,0.43,0,0.42400000000000004,0.125,0.549
emerging_haplotype,vic,region,2026-02-19,2026-03-05,14,China,C.5.6.1,0.263,0.111,0.15200000000000002,0.08312857142857144,8,0,0.15699999999999997,0.2,0.357,0,0.28600000000000003,0.151,0.437,0,0.44400000000000006,0.118,0.562
emerging_haplotype,vic,region,2026-02-19,2026-03-12,21,China,C.5.6.1,0.26,0.125,0.135,0.06844285714285715,8,0,0.16399999999999998,0.195,0.359,0,0.30400000000000005,0.144,0.448,1,0.46599999999999997,0.109,0.575
emerging_haplotype,vic,region,2026-02-19,2026-03-19,28,China,C.5.6.1,0.258,0.167,0.091,0.04369285714285714,8,0,0.16899999999999998,0.188,0.357,1,0.319,0.137,0.456,1,0.491,0.098,0.589
emerging_haplotype,vic,region,2026-02-19,2026-03-26,35,China,C.5.6.1,0.255,0.333,0.07800000000000001,0.03685714285714286,8,1,0.177,0.181,0.358,1,0.329,0.13,0.459,1,0.514,0.088,0.602
emerging_haplotype,vic,region,2026-02-19,2026-02-26,7,China,C.5.6:75E,0.49,0.0,0.49,0.3656642857142857,8,0,0.17699999999999994,0.391,0.568,0,0.313,0.318,0.631,0,0.45099999999999996,0.239,0.69
emerging_haplotype,vic,region,2026-02-19,2026-03-05,14,China,C.5.6:75E,0.493,0.0,0.493,0.36569285714285715,8,0,0.18799999999999994,0.392,0.58,0,0.327,0.316,0.643,0,0.469,0.234,0.703
emerging_haplotype,vic,region,2026-02-19,2026-03-12,21,China,C.5.6:75E,0.498,0.0,0.498,0.3640142857142857,8,0,0.19699999999999995,0.393,0.59,0,0.34500000000000003,0.31,0.655,0,0.492,0.226,0.718
emerging_haplotype,vic,region,2026-02-19,2026-03-19,28,China,C.5.6:75E,0.503,0.0,0.503,0.3611571428571429,8,0,0.20499999999999996,0.391,0.596,0,0.36400000000000005,0.304,0.668,0,0.516,0.217,0.733
emerging_haplotype,vic,region,2026-02-19,2026-03-26,35,China,C.5.6:75E,0.508,0.0,0.508,0.3596,8,0,0.21499999999999997,0.388,0.603,0,0.37400000000000005,0.302,0.676,0,0.538,0.21,0.748
emerging_haplotype,vic,region,2026-02-19,2026-02-26,7,China,C.5.7,0.069,0.111,0.041999999999999996,0.01730714285714286,8,0,0.05499999999999999,0.047,0.102,1,0.11399999999999999,0.028,0.142,1,0.21700000000000003,0.016,0.233
emerging_haplotype,vic,region,2026-02-19,2026-03-05,14,China,C.5.7,0.066,0.111,0.045,0.018771428571428574,8,0,0.05600000000000001,0.043,0.099,1,0.11599999999999999,0.025,0.141,1,0.22399999999999998,0.014,0.238
emerging_haplotype,vic,region,2026-02-19,2026-03-12,21,China,C.5.7,0.062,0.125,0.063,0.026464285714285714,8,0,0.055,0.04,0.095,1,0.11600000000000002,0.023,0.139,1,0.23099999999999998,0.012,0.243
emerging_haplotype,vic,region,2026-02-19,2026-03-19,28,China,C.5.7,0.058,0.0,0.058,0.03627142857142857,8,0,0.054,0.037,0.091,0,0.115,0.02,0.135,0,0.238,0.01,0.248
emerging_haplotype,vic,region,2026-02-19,2026-03-26,35,China,C.5.7,0.055,0.0,0.055,0.034185714285714285,8,0,0.05499999999999999,0.034,0.089,0,0.113,0.018,0.131,0,0.244,0.009,0.253
emerging_haplotype,vic,region,2026-02-19,2026-02-26,7,China,C.5.6,0.12,0.0,0.12,0.07907857142857143,8,0,0.082,0.085,0.167,0,0.153,0.053,0.206,0,0.23900000000000002,0.037,0.276
emerging_haplotype,vic,region,2026-02-19,2026-03-05,14,China,C.5.6,0.116,0.0,0.116,0.07592857142857144,8,0,0.084,0.082,0.166,0,0.15599999999999997,0.05,0.206,0,0.24600000000000002,0.033,0.279
emerging_haplotype,vic,region,2026-02-19,2026-03-12,21,China,C.5.6,0.113,0.0,0.113,0.07274285714285714,8,0,0.08600000000000001,0.078,0.164,0,0.16299999999999998,0.047,0.21,0,0.252,0.029,0.281
emerging_haplotype,vic,region,2026-02-19,2026-03-19,28,China,C.5.6,0.111,0.0,0.111,0.07028571428571428,8,0,0.08800000000000001,0.074,0.162,0,0.17099999999999999,0.044,0.215,0,0.25599999999999995,0.027,0.283
emerging_haplotype,vic,region,2026-02-19,2026-03-26,35,China,C.5.6,0.108,0.0,0.108,0.06782857142857142,8,0,0.09000000000000001,0.071,0.161,0,0.174,0.041,0.215,0,0.25999999999999995,0.025,0.285
emerging_haplotype,vic,region,2026-02-19,2026-02-26,7,North America,C.3.1,0.832,0.624,0.20799999999999996,0.15647142857142857,8,0,0.06999999999999995,0.794,0.864,0,0.128,0.758,0.886,0,0.17400000000000004,0.729,0.903
emerging_haplotype,vic,region,2026-02-19,2026-03-05,14,North America,C.3.1,0.838,0.613,0.22499999999999998,0.17030714285714285,8,0,0.07399999999999995,0.798,0.872,0,0.135,0.76,0.895,0,0.18300000000000005,0.728,0.911
emerging_haplotype,vic,region,2026-02-19,2026-03-12,21,North America,C.3.1,0.844,0.598,0.246,0.18615714285714288,8,0,0.07699999999999996,0.802,0.879,0,0.14400000000000002,0.759,0.903,0,0.19600000000000006,0.723,0.919
emerging_haplotype,vic,region,2026-02-19,2026-03-19,28,North America,C.3.1,0.85,0.574,0.276,0.21041428571428572,8,0,0.08099999999999996,0.804,0.885,0,0.15000000000000002,0.758,0.908,0,0.20800000000000007,0.718,0.926
emerging_haplotype,vic,region,2026-02-19,2026-03-26,35,North America,C.3.1,0.855,0.59,0.265,0.19438571428571436,8,0,0.08699999999999997,0.804,0.891,0,0.15600000000000003,0.758,0.914,0,0.22000000000000008,0.713,0.933
emerging_haplotype,vic,region,2026-02-19,2026-02-26,7,North America,C.3:255P-197N,0.0,0.017,0.017,0.0146,8,0,0.001,0.0,0.001,0,0.002,0.0,0.002,0,0.006,0.0,0.006
emerging_haplotype,vic,region,2026-02-19,2026-03-05,14,North America,C.3:255P-197N,0.0,0.015,0.015,0.012599999999999998,8,0,0.001,0.0,0.001,0,0.002,0.0,0.002,0,0.006,0.0,0.006
emerging_haplotype,vic,region,2026-02-19,2026-03-12,21,North America,C.3:255P-197N,0.0,0.016,0.016,0.0136,8,0,0.001,0.0,0.001,0,0.002,0.0,0.002,0,0.006,0.0,0.006
emerging_haplotype,vic,region,2026-02-19,2026-03-19,28,North America,C.3:255P-197N,0.0,0.02,0.02,0.017535714285714286,8,0,0.0,0.0,0.0,0,0.002,0.0,0.002,0,0.007,0.0,0.007
emerging_haplotype,vic,region,2026-02-19,2026-03-26,35,North America,C.3:255P-197N,0.0,0.024,0.024,0.021535714285714287,8,0,0.0,0.0,0.0,0,0.002,0.0,0.002,0,0.007,0.0,0.007
emerging_haplotype,vic,region,2026-02-19,2026-02-26,7,North America,C.5.1,0.013,0.084,0.07100000000000001,0.06047857142857144,8,0,0.01,0.009,0.019,0,0.019,0.007,0.026,0,0.030999999999999996,0.005,0.036
emerging_haplotype,vic,region,2026-02-19,2026-03-05,14,North America,C.5.1,0.011,0.091,0.08,0.07037857142857143,8,0,0.008,0.008,0.016,0,0.016,0.006,0.022,0,0.029,0.004,0.033
emerging_haplotype,vic,region,2026-02-19,2026-03-12,21,North America,C.5.1,0.009,0.099,0.09000000000000001,0.08065,8,0,0.008,0.006,0.014,0,0.016,0.004,0.02,0,0.027,0.003,0.03
emerging_haplotype,vic,region,2026-02-19,2026-03-19,28,North America,C.5.1,0.008,0.119,0.11099999999999999,0.10262857142857142,8,0,0.007,0.005,0.012,0,0.013000000000000001,0.004,0.017,0,0.026000000000000002,0.002,0.028
emerging_haplotype,vic,region,2026-02-19,2026-03-26,35,North America,C.5.1,0.007,0.142,0.13499999999999998,0.12764999999999999,8,0,0.006,0.004,0.01,0,0.012,0.003,0.015,0,0.023,0.002,0.025
emerging_haplotype,vic,region,2026-02-19,2026-02-26,7,North America,C.5.6.1,0.115,0.21,0.09499999999999999,0.04519285714285714,8,0,0.063,0.09,0.153,0,0.116,0.072,0.188,1,0.17300000000000001,0.054,0.227
emerging_haplotype,vic,region,2026-02-19,2026-03-05,14,North America,C.5.6.1,0.115,0.218,0.103,0.04968571428571429,8,0,0.065,0.089,0.154,0,0.125,0.068,0.193,1,0.186,0.05,0.236
emerging_haplotype,vic,region,2026-02-19,2026-03-12,21,North America,C.5.6.1,0.113,0.224,0.111,0.05288571428571429,8,0,0.07,0.086,0.156,0,0.132,0.066,0.198,1,0.196,0.047,0.243
emerging_haplotype,vic,region,2026-02-19,2026-03-19,28,North America,C.5.6.1,0.112,0.227,0.115,0.05300000000000001,8,0,0.075,0.084,0.159,0,0.141,0.064,0.205,1,0.20600000000000002,0.044,0.25
emerging_haplotype,vic,region,2026-02-19,2026-03-26,35,North America,C.5.6.1,0.111,0.189,0.078,0.03047142857142857,8,0,0.081,0.081,0.162,1,0.15,0.062,0.212,1,0.216,0.041,0.257
emerging_haplotype,vic,region,2026-02-19,2026-02-26,7,North America,C.5.6:75E,0.001,0.001,0.0,0.00025714285714285715,8,1,0.002,0.0,0.002,1,0.003,0.0,0.003,1,0.004,0.0,0.004
emerging_haplotype,vic,region,2026-02-19,2026-03-05,14,North America,C.5.6:75E,0.001,0.001,0.0,0.00018571428571428572,8,1,0.001,0.0,0.001,1,0.003,0.0,0.003,1,0.004,0.0,0.004
emerging_haplotype,vic,region,2026-02-19,2026-03-12,21,North America,C.5.6:75E,0.001,0.001,0.0,0.00015714285714285716,8,1,0.001,0.0,0.001,1,0.002,0.0,0.002,1,0.004,0.0,0.004
emerging_haplotype,vic,region,2026-02-19,2026-03-19,28,North America,C.5.6:75E,0.0,0.002,0.002,0.0007285714285714288,8,0,0.001,0.0,0.001,1,0.002,0.0,0.002,1,0.004,0.0,0.004
emerging_haplotype,vic,region,2026-02-19,2026-03-26,35,North America,C.5.6:75E,0.0,0.003,0.003,0.001435714285714286,8,0,0.001,0.0,0.001,0,0.002,0.0,0.002,1,0.003,0.0,0.003
emerging_haplotype,vic,region,2026-02-19,2026-02-26,7,North America,C.5.7,0.011,0.028,0.017,0.007614285714285714,8,0,0.009999999999999998,0.008,0.018,0,0.019000000000000003,0.006,0.025,1,0.030000000000000002,0.004,0.034
emerging_haplotype,vic,region,2026-02-19,2026-03-05,14,North America,C.5.7,0.01,0.025,0.015000000000000001,0.006178571428571429,8,0,0.010000000000000002,0.007,0.017,0,0.019,0.005,0.024,1,0.029,0.003,0.032
emerging_haplotype,vic,region,2026-02-19,2026-03-12,21,North America,C.5.7,0.009,0.027,0.018000000000000002,0.008571428571428572,8,0,0.01,0.006,0.016,0,0.018,0.004,0.022,1,0.028,0.003,0.031
emerging_haplotype,vic,region,2026-02-19,2026-03-19,28,North America,C.5.7,0.008,0.023,0.015,0.006892857142857143,8,0,0.009000000000000001,0.005,0.014,0,0.017,0.003,0.02,1,0.027000000000000003,0.002,0.029
emerging_haplotype,vic,region,2026-02-19,2026-03-26,35,North America,C.5.7,0.007,0.018,0.011,0.004214285714285714,8,0,0.008,0.005,0.013,1,0.016,0.003,0.019,1,0.026000000000000002,0.002,0.028
emerging_haplotype,vic,region,2026-02-19,2026-02-26,7,North America,C.5.6,0.013,0.035,0.022000000000000006,0.015164285714285719,8,0,0.008000000000000002,0.009,0.017,0,0.015,0.007,0.022,0,0.023,0.005,0.028
emerging_haplotype,vic,region,2026-02-19,2026-03-05,14,North America,C.5.6,0.011,0.036,0.024999999999999998,0.018335714285714285,8,0,0.006999999999999999,0.008,0.015,0,0.014,0.006,0.02,0,0.021,0.004,0.025
emerging_haplotype,vic,region,2026-02-19,2026-03-12,21,North America,C.5.6,0.01,0.035,0.025,0.018942857142857143,8,0,0.008,0.006,0.014,0,0.012999999999999998,0.005,0.018,0,0.02,0.003,0.023
emerging_haplotype,vic,region,2026-02-19,2026-03-19,28,North America,C.5.6,0.008,0.035,0.027000000000000003,0.02082857142857143,8,0,0.007,0.005,0.012,0,0.012,0.004,0.016,0,0.018000000000000002,0.003,0.021
emerging_haplotype,vic,region,2026-02-19,2026-03-26,35,North America,C.5.6,0.007,0.035,0.028000000000000004,0.02222142857142858,8,0,0.005,0.005,0.01,0,0.011,0.004,0.015,0,0.017,0.002,0.019
emerging_haplotype,vic,region,2026-02-19,2026-02-26,7,Oceania,C.3.1,0.06,0.0,0.06,0.03331428571428572,8,0,0.08199999999999999,0.023,0.105,0,0.17099999999999999,0.012,0.183,0,0.27999999999999997,0.007,0.287
emerging_haplotype,vic,region,2026-02-19,2026-03-05,14,Oceania,C.3.1,0.059,0.0,0.059,0.032807142857142854,8,0,0.088,0.021,0.109,0,0.178,0.011,0.189,0,0.301,0.006,0.307
emerging_haplotype,vic,region,2026-02-19,2026-03-12,21,Oceania,C.3.1,0.057,0.0,0.057,0.03225714285714286,8,0,0.091,0.02,0.111,0,0.186,0.01,0.196,0,0.322,0.005,0.327
emerging_haplotype,vic,region,2026-02-19,2026-03-19,28,Oceania,C.3.1,0.056,0.0,0.056,0.03189285714285714,8,0,0.095,0.018,0.113,0,0.193,0.009,0.202,0,0.34299999999999997,0.005,0.348
emerging_haplotype,vic,region,2026-02-19,2026-02-26,7,Oceania,C.3:255P-197N,0.0,0.143,0.143,0.13860714285714285,8,0,0.0,0.0,0.0,0,0.003,0.0,0.003,0,0.013,0.0,0.013
emerging_haplotype,vic,region,2026-02-19,2026-03-05,14,Oceania,C.3:255P-197N,0.0,0.333,0.333,0.32830714285714285,8,0,0.0,0.0,0.0,0,0.002,0.0,0.002,0,0.015,0.0,0.015
emerging_haplotype,vic,region,2026-02-19,2026-03-12,21,Oceania,C.3:255P-197N,0.0,0.0,0.0,0.00017857142857142868,8,1,0.0,0.0,0.0,1,0.002,0.0,0.002,1,0.017,0.0,0.017
emerging_haplotype,vic,region,2026-02-19,2026-03-19,28,Oceania,C.3:255P-197N,0.0,0.0,0.0,0.00019285714285714297,8,1,0.0,0.0,0.0,1,0.002,0.0,0.002,1,0.019,0.0,0.019
emerging_haplotype,vic,region,2026-02-19,2026-02-26,7,Oceania,C.5.1,0.001,0.143,0.142,0.13760714285714284,8,0,0.003,0.0,0.003,0,0.006,0.0,0.006,0,0.011,0.0,0.011
emerging_haplotype,vic,region,2026-02-19,2026-03-05,14,Oceania,C.5.1,0.001,0.0,0.001,0.0005714285714285715,8,1,0.003,0.0,0.003,1,0.005,0.0,0.005,1,0.01,0.0,0.01
emerging_haplotype,vic,region,2026-02-19,2026-03-12,21,Oceania,C.5.1,0.001,0.0,0.001,0.00046428571428571433,8,1,0.002,0.0,0.002,1,0.004,0.0,0.004,1,0.009,0.0,0.009
emerging_haplotype,vic,region,2026-02-19,2026-03-19,28,Oceania,C.5.1,0.001,0.0,0.001,0.0004571428571428572,8,1,0.002,0.0,0.002,1,0.004,0.0,0.004,1,0.008,0.0,0.008
emerging_haplotype,vic,region,2026-02-19,2026-02-26,7,Oceania,C.5.6.1,0.249,0.143,0.10600000000000001,0.052435714285714294,8,0,0.19999999999999998,0.166,0.366,1,0.41300000000000003,0.091,0.504,1,0.649,0.064,0.713
emerging_haplotype,vic,region,2026-02-19,2026-03-05,14,Oceania,C.5.6.1,0.256,0.333,0.07700000000000001,0.04348571428571429,8,1,0.212,0.169,0.381,1,0.43800000000000006,0.092,0.53,1,0.6759999999999999,0.062,0.738
emerging_haplotype,vic,region,2026-02-19,2026-03-12,21,Oceania,C.5.6.1,0.263,0.5,0.237,0.09781428571428571,8,0,0.228,0.169,0.397,1,0.4630000000000001,0.093,0.556,1,0.702,0.06,0.762
emerging_haplotype,vic,region,2026-02-19,2026-03-19,28,Oceania,C.5.6.1,0.271,1.0,0.729,0.49005,8,0,0.24299999999999997,0.169,0.412,0,0.488,0.094,0.582,0,0.725,0.058,0.783
emerging_haplotype,vic,region,2026-02-19,2026-02-26,7,Oceania,C.5.6:75E,0.469,0.143,0.32599999999999996,0.18005000000000002,8,0,0.22499999999999998,0.358,0.583,0,0.403,0.274,0.677,0,0.585,0.153,0.738
emerging_haplotype,vic,region,2026-02-19,2026-03-05,14,Oceania,C.5.6:75E,0.472,0.333,0.13899999999999996,0.05927142857142855,8,0,0.236,0.354,0.59,1,0.42600000000000005,0.26,0.686,1,0.614,0.138,0.752
emerging_haplotype,vic,region,2026-02-19,2026-03-12,21,Oceania,C.5.6:75E,0.473,0.5,0.027000000000000024,0.03907857142857143,8,1,0.248,0.349,0.597,1,0.45199999999999996,0.246,0.698,1,0.643,0.123,0.766
emerging_haplotype,vic,region,2026-02-19,2026-03-19,28,Oceania,C.5.6:75E,0.466,0.0,0.466,0.3001785714285714,8,0,0.26099999999999995,0.342,0.603,0,0.478,0.231,0.709,0,0.663,0.115,0.778
emerging_haplotype,vic,region,2026-02-19,2026-02-26,7,Oceania,C.5.7,0.03,0.143,0.11299999999999999,0.06177857142857142,8,0,0.037,0.016,0.053,0,0.087,0.008,0.095,1,0.151,0.004,0.155
emerging_haplotype,vic,region,2026-02-19,2026-03-05,14,Oceania,C.5.7,0.027,0.0,0.027,0.01672142857142857,8,0,0.035,0.014,0.049,0,0.08499999999999999,0.007,0.092,0,0.151,0.003,0.154
emerging_haplotype,vic,region,2026-02-19,2026-03-12,21,Oceania,C.5.7,0.024,0.0,0.024,0.015007142857142858,8,0,0.034,0.012,0.046,0,0.08299999999999999,0.006,0.089,0,0.149,0.002,0.151
emerging_haplotype,vic,region,2026-02-19,2026-03-19,28,Oceania,C.5.7,0.022,0.0,0.022,0.013578571428571428,8,0,0.032,0.01,0.042,0,0.08,0.005,0.085,0,0.141,0.002,0.143
emerging_haplotype,vic,region,2026-02-19,2026-02-26,7,Oceania,C.5.6,0.123,0.286,0.16299999999999998,0.09112857142857142,8,0,0.08,0.083,0.163,0,0.16,0.054,0.214,1,0.258,0.039,0.297
emerging_haplotype,vic,region,2026-02-19,2026-03-05,14,Oceania,C.5.6,0.113,0.0,0.113,0.07187142857142857,8,0,0.08,0.074,0.154,0,0.15600000000000003,0.047,0.203,0,0.258,0.032,0.29
emerging_haplotype,vic,region,2026-02-19,2026-03-12,21,Oceania,C.5.6,0.104,0.0,0.104,0.06524285714285714,8,0,0.07899999999999999,0.066,0.145,0,0.152,0.042,0.194,0,0.25599999999999995,0.027,0.283
emerging_haplotype,vic,region,2026-02-19,2026-03-19,28,Oceania,C.5.6,0.096,0.0,0.096,0.05924285714285714,8,0,0.07700000000000001,0.059,0.136,0,0.148,0.037,0.185,0,0.252,0.023,0.275
emerging_haplotype,vic,region,2026-02-19,2026-02-26,7,South America,C.3.1,0.395,0.125,0.27,0.17005,8,0,0.15599999999999997,0.319,0.475,0,0.32699999999999996,0.246,0.573,0,0.459,0.187,0.646
emerging_haplotype,vic,region,2026-02-19,2026-03-05,14,South America,C.3.1,0.406,0.0,0.406,0.29891428571428574,8,0,0.16499999999999998,0.323,0.488,0,0.348,0.247,0.595,0,0.48600000000000004,0.185,0.671
emerging_haplotype,vic,region,2026-02-19,2026-03-12,21,South America,C.3.1,0.416,0.0,0.416,0.3022357142857142,8,0,0.175,0.327,0.502,0,0.373,0.247,0.62,0,0.5109999999999999,0.182,0.693
emerging_haplotype,vic,region,2026-02-19,2026-03-19,28,South America,C.3.1,0.426,0.0,0.426,0.30474285714285715,8,0,0.188,0.331,0.519,0,0.392,0.245,0.637,0,0.536,0.178,0.714
emerging_haplotype,vic,region,2026-02-19,2026-02-26,7,South America,C.3:255P-197N,0.0,0.0,0.0,0.00015000000000000004,8,1,0.0,0.0,0.0,1,0.002,0.0,0.002,1,0.013,0.0,0.013
emerging_haplotype,vic,region,2026-02-19,2026-03-05,14,South America,C.3:255P-197N,0.0,0.0,0.0,0.00015714285714285721,8,1,0.0,0.0,0.0,1,0.002,0.0,0.002,1,0.014,0.0,0.014
emerging_haplotype,vic,region,2026-02-19,2026-03-12,21,South America,C.3:255P-197N,0.0,0.0,0.0,0.0001714285714285715,8,1,0.0,0.0,0.0,1,0.002,0.0,0.002,1,0.016,0.0,0.016
emerging_haplotype,vic,region,2026-02-19,2026-03-19,28,South America,C.3:255P-197N,0.0,0.0,0.0,0.00017857142857142868,8,1,0.0,0.0,0.0,1,0.002,0.0,0.002,1,0.017,0.0,0.017
emerging_haplotype,vic,region,2026-02-19,2026-02-26,7,South America,C.5.1,0.107,0.125,0.018000000000000002,0.010950000000000001,8,1,0.05800000000000001,0.078,0.136,1,0.10700000000000001,0.058,0.165,1,0.16499999999999998,0.044,0.209
emerging_haplotype,vic,region,2026-02-19,2026-03-05,14,South America,C.5.1,0.096,0.0,0.096,0.06667142857142858,8,0,0.055999999999999994,0.069,0.125,0,0.103,0.05,0.153,0,0.162,0.038,0.2
emerging_haplotype,vic,region,2026-02-19,2026-03-12,21,South America,C.5.1,0.085,0.0,0.085,0.05858571428571428,8,0,0.05500000000000001,0.06,0.115,0,0.09799999999999999,0.043,0.141,0,0.16,0.032,0.192
emerging_haplotype,vic,region,2026-02-19,2026-03-19,28,South America,C.5.1,0.076,0.0,0.076,0.05170000000000001,8,0,0.051,0.053,0.104,0,0.093,0.037,0.13,0,0.156,0.027,0.183
emerging_haplotype,vic,region,2026-02-19,2026-02-26,7,South America,C.5.6.1,0.272,0.125,0.14700000000000002,0.07407857142857144,8,0,0.16299999999999998,0.2,0.363,0,0.28400000000000003,0.157,0.441,1,0.385,0.109,0.494
emerging_haplotype,vic,region,2026-02-19,2026-03-05,14,South America,C.5.6.1,0.273,0.0,0.273,0.19119285714285714,8,0,0.16999999999999998,0.198,0.368,0,0.30000000000000004,0.15,0.45,0,0.40700000000000003,0.102,0.509
emerging_haplotype,vic,region,2026-02-19,2026-03-12,21,South America,C.5.6.1,0.271,0.0,0.271,0.18722857142857144,8,0,0.179,0.194,0.373,0,0.31300000000000006,0.145,0.458,0,0.43000000000000005,0.094,0.524
emerging_haplotype,vic,region,2026-02-19,2026-03-19,28,South America,C.5.6.1,0.271,0.0,0.271,0.1843357142857143,8,0,0.191,0.188,0.379,0,0.32700000000000007,0.141,0.468,0,0.44900000000000007,0.089,0.538
emerging_haplotype,vic,region,2026-02-19,2026-02-26,7,South America,C.5.6:75E,0.055,0.0,0.055,0.03562857142857143,8,0,0.071,0.033,0.104,0,0.131,0.019,0.15,0,0.214,0.009,0.223
emerging_haplotype,vic,region,2026-02-19,2026-03-05,14,South America,C.5.6:75E,0.055,0.0,0.055,0.03591428571428572,8,0,0.076,0.033,0.109,0,0.14400000000000002,0.018,0.162,0,0.23199999999999998,0.008,0.24
emerging_haplotype,vic,region,2026-02-19,2026-03-12,21,South America,C.5.6:75E,0.055,0.0,0.055,0.036178571428571435,8,0,0.081,0.033,0.114,0,0.15599999999999997,0.017,0.173,0,0.251,0.007,0.258
emerging_haplotype,vic,region,2026-02-19,2026-03-19,28,South America,C.5.6:75E,0.055,0.0,0.055,0.0369,8,0,0.088,0.032,0.12,0,0.16899999999999998,0.017,0.186,0,0.27,0.007,0.277
emerging_haplotype,vic,region,2026-02-19,2026-02-26,7,South America,C.5.7,0.068,0.125,0.056999999999999995,0.02326428571428571,8,0,0.052000000000000005,0.049,0.101,1,0.11399999999999999,0.031,0.145,1,0.18100000000000002,0.019,0.2
emerging_haplotype,vic,region,2026-02-19,2026-03-05,14,South America,C.5.7,0.063,0.333,0.27,0.20870000000000002,8,0,0.051000000000000004,0.044,0.095,0,0.11200000000000002,0.028,0.14,0,0.18,0.017,0.197
emerging_haplotype,vic,region,2026-02-19,2026-03-12,21,South America,C.5.7,0.058,0.0,0.058,0.038642857142857145,8,0,0.051,0.04,0.091,0,0.11000000000000001,0.024,0.134,0,0.18,0.014,0.194
emerging_haplotype,vic,region,2026-02-19,2026-03-19,28,South America,C.5.7,0.054,0.0,0.054,0.035500000000000004,8,0,0.052,0.036,0.088,0,0.108,0.021,0.129,0,0.178,0.012,0.19
emerging_haplotype,vic,region,2026-02-19,2026-02-26,7,South America,C.5.6,0.036,0.5,0.464,0.43155714285714286,8,0,0.026999999999999996,0.024,0.051,0,0.05,0.017,0.067,0,0.108,0.01,0.118
emerging_haplotype,vic,region,2026-02-19,2026-03-05,14,South America,C.5.6,0.034,0.667,0.633,0.598057142857143,8,0,0.027000000000000003,0.022,0.049,0,0.051000000000000004,0.016,0.067,0,0.114,0.009,0.123
emerging_haplotype,vic,region,2026-02-19,2026-03-12,21,South America,C.5.6,0.033,1.0,0.967,0.9304142857142857,8,0,0.027,0.021,0.048,0,0.052000000000000005,0.014,0.066,0,0.12,0.008,0.128
emerging_haplotype,vic,region,2026-02-19,2026-03-19,28,South America,C.5.6,0.031,1.0,0.969,0.9296714285714286,8,0,0.028,0.02,0.048,0,0.052000000000000005,0.013,0.065,0,0.126,0.007,0.133
emerging_haplotype,vic,region,2026-02-19,2026-02-26,7,Southeast Asia,C.3.1,0.001,0.0,0.001,0.0011285714285714287,8,1,0.004,0.0,0.004,1,0.012,0.0,0.012,1,0.05,0.0,0.05
emerging_haplotype,vic,region,2026-02-19,2026-03-05,14,Southeast Asia,C.3.1,0.001,0.0,0.001,0.0012071428571428576,8,1,0.004,0.0,0.004,1,0.014,0.0,0.014,1,0.053,0.0,0.053
emerging_haplotype,vic,region,2026-02-19,2026-03-12,21,Southeast Asia,C.3.1,0.001,0.0,0.001,0.0013642857142857148,8,1,0.005,0.0,0.005,1,0.016,0.0,0.016,1,0.057,0.0,0.057
emerging_haplotype,vic,region,2026-02-19,2026-03-19,28,Southeast Asia,C.3.1,0.001,0.0,0.001,0.0014500000000000001,8,1,0.005,0.0,0.005,1,0.018,0.0,0.018,1,0.061,0.0,0.061
emerging_haplotype,vic,region,2026-02-19,2026-03-26,35,Southeast Asia,C.3.1,0.001,0.0,0.001,0.0016071428571428575,8,1,0.006,0.0,0.006,1,0.02,0.0,0.02,1,0.065,0.0,0.065
emerging_haplotype,vic,region,2026-02-19,2026-02-26,7,Southeast Asia,C.3:255P-197N,0.0,0.035,0.035,0.02957857142857143,8,0,0.001,0.0,0.001,0,0.004,0.0,0.004,0,0.015,0.0,0.015
emerging_haplotype,vic,region,2026-02-19,2026-03-05,14,Southeast Asia,C.3:255P-197N,0.0,0.031,0.031,0.024742857142857143,8,0,0.001,0.0,0.001,0,0.004,0.0,0.004,0,0.018,0.0,0.018
emerging_haplotype,vic,region,2026-02-19,2026-03-12,21,Southeast Asia,C.3:255P-197N,0.0,0.038,0.038,0.030907142857142855,8,0,0.001,0.0,0.001,0,0.004,0.0,0.004,0,0.021,0.0,0.021
emerging_haplotype,vic,region,2026-02-19,2026-03-19,28,Southeast Asia,C.3:255P-197N,0.0,0.022,0.022,0.014642857142857143,8,0,0.001,0.0,0.001,0,0.004,0.0,0.004,1,0.024,0.0,0.024
emerging_haplotype,vic,region,2026-02-19,2026-03-26,35,Southeast Asia,C.3:255P-197N,0.0,0.0,0.0,0.00038571428571428584,8,1,0.001,0.0,0.001,1,0.004,0.0,0.004,1,0.028,0.0,0.028
emerging_haplotype,vic,region,2026-02-19,2026-02-26,7,Southeast Asia,C.5.1,0.0,0.047,0.047,0.04618571428571429,8,0,0.0,0.0,0.0,0,0.001,0.0,0.001,0,0.002,0.0,0.002
emerging_haplotype,vic,region,2026-02-19,2026-03-05,14,Southeast Asia,C.5.1,0.0,0.062,0.062,0.06116428571428571,8,0,0.0,0.0,0.0,0,0.0,0.0,0.0,0,0.003,0.0,0.003
emerging_haplotype,vic,region,2026-02-19,2026-03-12,21,Southeast Asia,C.5.1,0.0,0.077,0.077,0.07616428571428571,8,0,0.0,0.0,0.0,0,0.0,0.0,0.0,0,0.003,0.0,0.003
emerging_haplotype,vic,region,2026-02-19,2026-03-19,28,Southeast Asia,C.5.1,0.0,0.089,0.089,0.08816428571428571,8,0,0.0,0.0,0.0,0,0.0,0.0,0.0,0,0.003,0.0,0.003
emerging_haplotype,vic,region,2026-02-19,2026-03-26,35,Southeast Asia,C.5.1,0.0,0.125,0.125,0.12416428571428571,8,0,0.0,0.0,0.0,0,0.0,0.0,0.0,0,0.003,0.0,0.003
emerging_haplotype,vic,region,2026-02-19,2026-02-26,7,Southeast Asia,C.5.6.1,0.085,0.058,0.027000000000000003,0.015,8,1,0.08,0.048,0.128,1,0.141,0.033,0.174,1,0.196,0.02,0.216
emerging_haplotype,vic,region,2026-02-19,2026-03-05,14,Southeast Asia,C.5.6.1,0.081,0.046,0.035,0.016514285714285714,8,1,0.083,0.045,0.128,1,0.144,0.03,0.174,1,0.20600000000000002,0.017,0.223
emerging_haplotype,vic,region,2026-02-19,2026-03-12,21,Southeast Asia,C.5.6.1,0.077,0.019,0.057999999999999996,0.029214285714285717,8,0,0.085,0.043,0.128,0,0.148,0.027,0.175,1,0.20800000000000002,0.015,0.223
emerging_haplotype,vic,region,2026-02-19,2026-03-19,28,Southeast Asia,C.5.6.1,0.075,0.022,0.053,0.025764285714285715,8,0,0.086,0.041,0.127,0,0.15,0.025,0.175,1,0.207,0.014,0.221
emerging_haplotype,vic,region,2026-02-19,2026-03-26,35,Southeast Asia,C.5.6.1,0.072,0.031,0.040999999999999995,0.019942857142857144,8,0,0.087,0.038,0.125,1,0.153,0.023,0.176,1,0.21,0.012,0.222
emerging_haplotype,vic,region,2026-02-19,2026-02-26,7,Southeast Asia,C.5.6:75E,0.043,0.012,0.030999999999999996,0.01742857142857143,8,0,0.049,0.027,0.076,0,0.111,0.015,0.126,1,0.16599999999999998,0.007,0.173
emerging_haplotype,vic,region,2026-02-19,2026-03-05,14,Southeast Asia,C.5.6:75E,0.042,0.0,0.042,0.027614285714285713,8,0,0.05,0.026,0.076,0,0.117,0.014,0.131,0,0.178,0.007,0.185
emerging_haplotype,vic,region,2026-02-19,2026-03-12,21,Southeast Asia,C.5.6:75E,0.04,0.0,0.04,0.02689285714285714,8,0,0.052,0.025,0.077,0,0.12300000000000001,0.013,0.136,0,0.193,0.006,0.199
emerging_haplotype,vic,region,2026-02-19,2026-03-19,28,Southeast Asia,C.5.6:75E,0.039,0.0,0.039,0.026271428571428567,8,0,0.054,0.024,0.078,0,0.128,0.012,0.14,0,0.206,0.005,0.211
emerging_haplotype,vic,region,2026-02-19,2026-03-26,35,Southeast Asia,C.5.6:75E,0.039,0.0,0.039,0.026078571428571427,8,0,0.056,0.023,0.079,0,0.13399999999999998,0.011,0.145,0,0.215,0.005,0.22
emerging_haplotype,vic,region,2026-02-19,2026-02-26,7,Southeast Asia,C.5.7,0.582,0.372,0.20999999999999996,0.10875714285714286,8,0,0.124,0.514,0.638,0,0.26999999999999996,0.436,0.706,0,0.386,0.374,0.76
emerging_haplotype,vic,region,2026-02-19,2026-03-05,14,Southeast Asia,C.5.7,0.581,0.338,0.24299999999999994,0.1396785714285714,8,0,0.129,0.513,0.642,0,0.27999999999999997,0.433,0.713,0,0.405,0.365,0.77
emerging_haplotype,vic,region,2026-02-19,2026-03-12,21,Southeast Asia,C.5.7,0.584,0.346,0.238,0.1291571428571429,8,0,0.136,0.514,0.65,0,0.295,0.425,0.72,0,0.42200000000000004,0.358,0.78
emerging_haplotype,vic,region,2026-02-19,2026-03-19,28,Southeast Asia,C.5.7,0.586,0.356,0.22999999999999998,0.11727142857142858,8,0,0.14700000000000002,0.51,0.657,0,0.307,0.419,0.726,1,0.44000000000000006,0.35,0.79
emerging_haplotype,vic,region,2026-02-19,2026-03-26,35,Southeast Asia,C.5.7,0.589,0.375,0.21399999999999997,0.10337857142857142,8,0,0.15800000000000003,0.506,0.664,0,0.319,0.416,0.735,1,0.457,0.342,0.799
emerging_haplotype,vic,region,2026-02-19,2026-02-26,7,Southeast Asia,C.5.6,0.239,0.477,0.238,0.1614357142857143,8,0,0.11299999999999999,0.18,0.293,0,0.19599999999999998,0.151,0.347,0,0.28700000000000003,0.113,0.4
emerging_haplotype,vic,region,2026-02-19,2026-03-05,14,Southeast Asia,C.5.6,0.234,0.523,0.28900000000000003,0.2082571428571429,8,0,0.118,0.173,0.291,0,0.205,0.144,0.349,0,0.29600000000000004,0.106,0.402
emerging_haplotype,vic,region,2026-02-19,2026-03-12,21,Southeast Asia,C.5.6,0.229,0.519,0.29000000000000004,0.20605,8,0,0.12099999999999997,0.166,0.287,0,0.21299999999999997,0.137,0.35,0,0.30500000000000005,0.098,0.403
emerging_haplotype,vic,region,2026-02-19,2026-03-19,28,Southeast Asia,C.5.6,0.224,0.511,0.28700000000000003,0.1987357142857143,8,0,0.12399999999999997,0.161,0.285,0,0.22199999999999998,0.13,0.352,0,0.31500000000000006,0.09,0.405
emerging_haplotype,vic,region,2026-02-19,2026-03-26,35,Southeast Asia,C.5.6,0.22,0.469,0.24899999999999997,0.1572642857142857,8,0,0.13099999999999998,0.154,0.285,0,0.23099999999999998,0.123,0.354,0,0.323,0.083,0.406
emerging_haplotype,vic,region,2026-05-07,2026-05-14,7,Europe,C.3.1,0.085,0.124,0.03899999999999999,0.016007142857142855,9,1,0.066,0.06,0.126,1,0.143,0.036,0.179,1,0.229,0.022,0.251
emerging_haplotype,vic,region,2026-05-07,2026-05-21,14,Europe,C.3.1,0.082,0.114,0.032,0.015742857142857145,9,1,0.07100000000000001,0.057,0.128,1,0.152,0.033,0.185,1,0.24600000000000002,0.021,0.267
emerging_haplotype,vic,region,2026-05-07,2026-05-28,21,Europe,C.3.1,0.078,0.113,0.035,0.01685714285714286,9,1,0.07600000000000001,0.055,0.131,1,0.158,0.03,0.188,1,0.26799999999999996,0.019,0.287
emerging_haplotype,vic,region,2026-05-07,2026-06-04,28,Europe,C.3.1,0.074,0.137,0.06300000000000001,0.023350000000000003,9,0,0.081,0.05,0.131,1,0.167,0.027,0.194,1,0.291,0.017,0.308
emerging_haplotype,vic,region,2026-05-07,2026-06-11,35,Europe,C.3.1,0.073,0.148,0.075,0.028478571428571426,9,0,0.084,0.048,0.132,1,0.17300000000000001,0.024,0.197,1,0.315,0.015,0.33
emerging_haplotype,vic,region,2026-05-07,2026-06-18,42,Europe,C.3.1,0.069,0.15,0.08099999999999999,0.030857142857142854,9,0,0.08700000000000001,0.044,0.131,1,0.183,0.022,0.205,1,0.33799999999999997,0.013,0.351
emerging_haplotype,vic,region,2026-05-07,2026-06-25,49,Europe,C.3.1,0.067,0.227,0.16,0.06919285714285714,9,0,0.091,0.039,0.13,0,0.194,0.019,0.213,1,0.361,0.011,0.372
emerging_haplotype,vic,region,2026-05-07,2026-07-02,56,Europe,C.3.1,0.062,0.294,0.23199999999999998,0.11736428571428571,9,0,0.093,0.035,0.128,0,0.202,0.016,0.218,1,0.373,0.008,0.381
emerging_haplotype,vic,region,2026-05-07,2026-07-09,63,Europe,C.3.1,0.058,0.267,0.20900000000000002,0.0980857142857143,9,0,0.093,0.032,0.125,0,0.21,0.014,0.224,1,0.382,0.006,0.388
emerging_haplotype,vic,region,2026-05-07,2026-07-16,70,Europe,C.3.1,0.055,0.273,0.21800000000000003,0.10022857142857144,9,0,0.093,0.029,0.122,0,0.22499999999999998,0.013,0.238,1,0.40199999999999997,0.005,0.407
emerging_haplotype,vic,region,2026-05-07,2026-07-23,77,Europe,C.3.1,0.053,0.3,0.247,0.11832142857142856,9,0,0.094,0.026,0.12,0,0.235,0.012,0.247,1,0.425,0.004,0.429
emerging_haplotype,vic,region,2026-05-07,2026-07-30,84,Europe,C.3.1,0.051,0.375,0.324,0.17137142857142856,9,0,0.092,0.023,0.115,0,0.246,0.01,0.256,1,0.448,0.003,0.451
emerging_haplotype,vic,region,2026-05-07,2026-08-06,91,Europe,C.3.1,0.049,0.286,0.237,0.10872142857142857,9,0,0.089,0.021,0.11,0,0.25,0.009,0.259,1,0.471,0.002,0.473
emerging_haplotype,vic,region,2026-05-07,2026-08-13,98,Europe,C.3.1,0.046,0.167,0.12100000000000001,0.05105,9,0,0.091,0.018,0.109,1,0.251,0.008,0.259,1,0.493,0.002,0.495
emerging_haplotype,vic,region,2026-05-07,2026-05-14,7,Europe,C.3.3,0.204,0.031,0.173,0.09814285714285713,9,0,0.189,0.132,0.321,0,0.376,0.083,0.459,0,0.5259999999999999,0.037,0.563
emerging_haplotype,vic,region,2026-05-07,2026-05-21,14,Europe,C.3.3,0.224,0.026,0.198,0.11292142857142858,9,0,0.21399999999999997,0.14,0.354,0,0.42000000000000004,0.088,0.508,0,0.589,0.036,0.625
emerging_haplotype,vic,region,2026-05-07,2026-05-28,21,Europe,C.3.3,0.245,0.041,0.204,0.11020714285714285,9,0,0.24100000000000002,0.15,0.391,0,0.4640000000000001,0.093,0.557,1,0.643,0.036,0.679
emerging_haplotype,vic,region,2026-05-07,2026-06-04,28,Europe,C.3.3,0.268,0.041,0.227,0.1206142857142857,9,0,0.266,0.159,0.425,0,0.508,0.097,0.605,1,0.694,0.036,0.73
emerging_haplotype,vic,region,2026-05-07,2026-06-11,35,Europe,C.3.3,0.296,0.056,0.24,0.12040714285714287,9,0,0.29200000000000004,0.166,0.458,0,0.559,0.1,0.659,1,0.741,0.035,0.776
emerging_haplotype,vic,region,2026-05-07,2026-06-18,42,Europe,C.3.3,0.323,0.075,0.248,0.11614285714285714,9,0,0.317,0.174,0.491,0,0.597,0.1,0.697,1,0.7819999999999999,0.035,0.817
emerging_haplotype,vic,region,2026-05-07,2026-06-25,49,Europe,C.3.3,0.349,0.091,0.258,0.11448571428571429,9,0,0.34400000000000003,0.183,0.527,0,0.633,0.101,0.734,1,0.816,0.035,0.851
emerging_haplotype,vic,region,2026-05-07,2026-07-02,56,Europe,C.3.3,0.374,0.118,0.256,0.10925714285714286,9,0,0.37299999999999994,0.191,0.564,1,0.67,0.101,0.771,1,0.846,0.034,0.88
emerging_haplotype,vic,region,2026-05-07,2026-07-09,63,Europe,C.3.3,0.4,0.133,0.267,0.11273571428571429,9,0,0.39599999999999996,0.203,0.599,1,0.7030000000000001,0.101,0.804,1,0.871,0.033,0.904
emerging_haplotype,vic,region,2026-05-07,2026-07-16,70,Europe,C.3.3,0.425,0.0,0.425,0.21657142857142858,9,0,0.42000000000000004,0.212,0.632,0,0.732,0.101,0.833,0,0.892,0.032,0.924
emerging_haplotype,vic,region,2026-05-07,2026-07-23,77,Europe,C.3.3,0.448,0.0,0.448,0.2265714285714286,9,0,0.43600000000000005,0.226,0.662,0,0.753,0.105,0.858,0,0.9079999999999999,0.031,0.939
emerging_haplotype,vic,region,2026-05-07,2026-07-30,84,Europe,C.3.3,0.471,0.0,0.471,0.23567142857142853,9,0,0.45599999999999996,0.238,0.694,0,0.773,0.107,0.88,0,0.9219999999999999,0.03,0.952
emerging_haplotype,vic,region,2026-05-07,2026-08-06,91,Europe,C.3.3,0.492,0.0,0.492,0.24394285714285716,9,0,0.472,0.252,0.724,0,0.795,0.105,0.9,0,0.9319999999999999,0.03,0.962
emerging_haplotype,vic,region,2026-05-07,2026-08-13,98,Europe,C.3.3,0.513,0.0,0.513,0.25205,9,0,0.489,0.263,0.752,0,0.809,0.107,0.916,0,0.941,0.029,0.97
emerging_haplotype,vic,region,2026-05-07,2026-05-14,7,Europe,C.5.1,0.064,0.124,0.06,0.02524285714285714,9,0,0.048,0.045,0.093,1,0.11299999999999999,0.028,0.141,1,0.162,0.022,0.184
emerging_haplotype,vic,region,2026-05-07,2026-05-21,14,Europe,C.5.1,0.058,0.123,0.065,0.02747142857142857,9,0,0.04599999999999999,0.04,0.086,1,0.11100000000000002,0.024,0.135,1,0.162,0.018,0.18
emerging_haplotype,vic,region,2026-05-07,2026-05-28,21,Europe,C.5.1,0.053,0.134,0.08100000000000002,0.03544285714285715,9,0,0.04700000000000001,0.036,0.083,0,0.108,0.02,0.128,1,0.15999999999999998,0.015,0.175
emerging_haplotype,vic,region,2026-05-07,2026-06-04,28,Europe,C.5.1,0.048,0.123,0.075,0.031135714285714287,9,0,0.048,0.031,0.079,0,0.105,0.017,0.122,1,0.159,0.012,0.171
emerging_haplotype,vic,region,2026-05-07,2026-06-11,35,Europe,C.5.1,0.043,0.093,0.05,0.020050000000000002,9,0,0.047,0.027,0.074,1,0.105,0.015,0.12,1,0.157,0.009,0.166
emerging_haplotype,vic,region,2026-05-07,2026-06-18,42,Europe,C.5.1,0.038,0.075,0.037,0.014478571428571426,9,0,0.044000000000000004,0.024,0.068,1,0.10300000000000001,0.013,0.116,1,0.155,0.007,0.162
emerging_haplotype,vic,region,2026-05-07,2026-06-25,49,Europe,C.5.1,0.035,0.091,0.055999999999999994,0.02299285714285714,9,0,0.041999999999999996,0.021,0.063,1,0.10200000000000001,0.011,0.113,1,0.151,0.006,0.157
emerging_haplotype,vic,region,2026-05-07,2026-07-02,56,Europe,C.5.1,0.032,0.118,0.086,0.03934285714285714,9,0,0.040999999999999995,0.018,0.059,0,0.097,0.009,0.106,1,0.15,0.004,0.154
emerging_haplotype,vic,region,2026-05-07,2026-07-09,63,Europe,C.5.1,0.029,0.133,0.10400000000000001,0.052392857142857144,9,0,0.041,0.015,0.056,0,0.09499999999999999,0.007,0.102,1,0.145,0.003,0.148
emerging_haplotype,vic,region,2026-05-07,2026-07-16,70,Europe,C.5.1,0.026,0.091,0.065,0.027021428571428575,9,0,0.038,0.013,0.051,1,0.091,0.006,0.097,1,0.13899999999999998,0.002,0.141
emerging_haplotype,vic,region,2026-05-07,2026-07-23,77,Europe,C.5.1,0.023,0.1,0.07700000000000001,0.03448571428571429,9,0,0.037000000000000005,0.011,0.048,0,0.086,0.005,0.091,1,0.134,0.002,0.136
emerging_haplotype,vic,region,2026-05-07,2026-07-30,84,Europe,C.5.1,0.021,0.0,0.021,0.012714285714285714,9,0,0.034999999999999996,0.009,0.044,0,0.08,0.004,0.084,0,0.13,0.001,0.131
emerging_haplotype,vic,region,2026-05-07,2026-08-06,91,Europe,C.5.1,0.018,0.0,0.018,0.011285714285714288,9,0,0.032,0.008,0.04,0,0.074,0.003,0.077,0,0.124,0.001,0.125
emerging_haplotype,vic,region,2026-05-07,2026-08-13,98,Europe,C.5.1,0.015,0.0,0.015,0.010150000000000001,9,0,0.028999999999999998,0.007,0.036,0,0.06799999999999999,0.003,0.071,0,0.119,0.001,0.12
emerging_haplotype,vic,region,2026-05-07,2026-05-14,7,Europe,C.5.6.1,0.148,0.279,0.13100000000000003,0.05730714285714288,9,0,0.10899999999999999,0.099,0.208,0,0.199,0.07,0.269,1,0.277,0.049,0.326
emerging_haplotype,vic,region,2026-05-07,2026-05-21,14,Europe,C.5.6.1,0.141,0.307,0.166,0.08057142857142856,9,0,0.11299999999999999,0.091,0.204,0,0.20500000000000002,0.062,0.267,1,0.29000000000000004,0.042,0.332
emerging_haplotype,vic,region,2026-05-07,2026-05-28,21,Europe,C.5.6.1,0.134,0.34,0.20600000000000002,0.10945714285714288,9,0,0.116,0.083,0.199,0,0.20500000000000002,0.055,0.26,0,0.30400000000000005,0.034,0.338
emerging_haplotype,vic,region,2026-05-07,2026-06-04,28,Europe,C.5.6.1,0.127,0.315,0.188,0.09357857142857143,9,0,0.117,0.076,0.193,0,0.21400000000000002,0.048,0.262,1,0.315,0.027,0.342
emerging_haplotype,vic,region,2026-05-07,2026-06-11,35,Europe,C.5.6.1,0.119,0.259,0.14,0.057164285714285716,9,0,0.117,0.071,0.188,1,0.217,0.042,0.259,1,0.32499999999999996,0.022,0.347
emerging_haplotype,vic,region,2026-05-07,2026-06-18,42,Europe,C.5.6.1,0.112,0.225,0.113,0.04543571428571429,9,0,0.118,0.064,0.182,1,0.217,0.037,0.254,1,0.33299999999999996,0.017,0.35
emerging_haplotype,vic,region,2026-05-07,2026-06-25,49,Europe,C.5.6.1,0.105,0.182,0.077,0.029828571428571433,9,0,0.123,0.054,0.177,1,0.217,0.031,0.248,1,0.33799999999999997,0.013,0.351
emerging_haplotype,vic,region,2026-05-07,2026-07-02,56,Europe,C.5.6.1,0.099,0.235,0.13599999999999998,0.0553642857142857,9,0,0.12300000000000001,0.047,0.17,1,0.215,0.025,0.24,1,0.34099999999999997,0.01,0.351
emerging_haplotype,vic,region,2026-05-07,2026-07-09,63,Europe,C.5.6.1,0.091,0.2,0.10900000000000001,0.043285714285714295,9,0,0.122,0.042,0.164,1,0.218,0.021,0.239,1,0.348,0.008,0.356
emerging_haplotype,vic,region,2026-05-07,2026-07-16,70,Europe,C.5.6.1,0.085,0.091,0.0059999999999999915,0.017978571428571427,9,1,0.11699999999999999,0.038,0.155,1,0.219,0.018,0.237,1,0.351,0.006,0.357
emerging_haplotype,vic,region,2026-05-07,2026-07-23,77,Europe,C.5.6.1,0.077,0.0,0.077,0.043128571428571426,9,0,0.11099999999999999,0.034,0.145,0,0.21900000000000003,0.015,0.234,0,0.352,0.005,0.357
emerging_haplotype,vic,region,2026-05-07,2026-07-30,84,Europe,C.5.6.1,0.071,0.0,0.071,0.03977142857142857,9,0,0.10800000000000001,0.03,0.138,0,0.219,0.012,0.231,0,0.352,0.004,0.356
emerging_haplotype,vic,region,2026-05-07,2026-08-06,91,Europe,C.5.6.1,0.063,0.0,0.063,0.03638571428571429,9,0,0.10300000000000001,0.027,0.13,0,0.213,0.01,0.223,0,0.352,0.003,0.355
emerging_haplotype,vic,region,2026-05-07,2026-08-13,98,Europe,C.5.6.1,0.057,0.0,0.057,0.03357857142857142,9,0,0.101,0.023,0.124,0,0.21,0.009,0.219,0,0.351,0.002,0.353
emerging_haplotype,vic,region,2026-05-07,2026-05-14,7,Europe,C.5.6.1:241Q,0.041,0.07,0.029000000000000005,0.011557142857142858,9,0,0.043000000000000003,0.023,0.066,1,0.078,0.015,0.093,1,0.13599999999999998,0.007,0.143
emerging_haplotype,vic,region,2026-05-07,2026-05-21,14,Europe,C.5.6.1:241Q,0.039,0.07,0.031000000000000007,0.01255714285714286,9,0,0.044,0.02,0.064,1,0.079,0.014,0.093,1,0.142,0.006,0.148
emerging_haplotype,vic,region,2026-05-07,2026-05-28,21,Europe,C.5.6.1:241Q,0.035,0.052,0.016999999999999994,0.008964285714285715,9,1,0.044,0.018,0.062,1,0.082,0.012,0.094,1,0.147,0.005,0.152
emerging_haplotype,vic,region,2026-05-07,2026-06-04,28,Europe,C.5.6.1:241Q,0.033,0.082,0.049,0.019921428571428573,9,0,0.044,0.016,0.06,1,0.084,0.011,0.095,1,0.153,0.004,0.157
emerging_haplotype,vic,region,2026-05-07,2026-06-11,35,Europe,C.5.6.1:241Q,0.03,0.111,0.081,0.03805714285714286,9,0,0.045,0.014,0.059,0,0.085,0.009,0.094,1,0.158,0.003,0.161
emerging_haplotype,vic,region,2026-05-07,2026-06-18,42,Europe,C.5.6.1:241Q,0.027,0.125,0.098,0.04937142857142857,9,0,0.045,0.012,0.057,0,0.08499999999999999,0.008,0.093,1,0.162,0.003,0.165
emerging_haplotype,vic,region,2026-05-07,2026-06-25,49,Europe,C.5.6.1:241Q,0.026,0.091,0.065,0.026214285714285718,9,0,0.045,0.011,0.056,1,0.088,0.006,0.094,1,0.168,0.002,0.17
emerging_haplotype,vic,region,2026-05-07,2026-07-02,56,Europe,C.5.6.1:241Q,0.023,0.118,0.095,0.04545,9,0,0.045,0.009,0.054,0,0.09,0.005,0.095,1,0.173,0.002,0.175
emerging_haplotype,vic,region,2026-05-07,2026-07-09,63,Europe,C.5.6.1:241Q,0.021,0.067,0.046,0.017814285714285717,9,0,0.044,0.008,0.052,1,0.089,0.004,0.093,1,0.178,0.001,0.179
emerging_haplotype,vic,region,2026-05-07,2026-07-16,70,Europe,C.5.6.1:241Q,0.019,0.182,0.163,0.09462142857142856,9,0,0.042,0.007,0.049,0,0.086,0.003,0.089,1,0.183,0.001,0.184
emerging_haplotype,vic,region,2026-05-07,2026-07-23,77,Europe,C.5.6.1:241Q,0.017,0.2,0.183,0.11249285714285717,9,0,0.04,0.006,0.046,0,0.086,0.003,0.089,0,0.185,0.001,0.186
emerging_haplotype,vic,region,2026-05-07,2026-07-30,84,Europe,C.5.6.1:241Q,0.016,0.25,0.23399999999999999,0.1615142857142857,9,0,0.039,0.005,0.044,0,0.088,0.002,0.09,0,0.19,0.001,0.191
emerging_haplotype,vic,region,2026-05-07,2026-08-06,91,Europe,C.5.6.1:241Q,0.014,0.286,0.27199999999999996,0.19793571428571424,9,0,0.038000000000000006,0.004,0.042,0,0.08399999999999999,0.002,0.086,0,0.195,0.001,0.196
emerging_haplotype,vic,region,2026-05-07,2026-08-13,98,Europe,C.5.6.1:241Q,0.012,0.333,0.321,0.24480714285714283,9,0,0.036000000000000004,0.004,0.04,0,0.083,0.001,0.084,0,0.201,0.0,0.201
emerging_haplotype,vic,region,2026-05-07,2026-05-14,7,Europe,C.5.6:75E,0.02,0.031,0.011,0.005871428571428571,9,1,0.026,0.012,0.038,1,0.056,0.008,0.064,1,0.118,0.004,0.122
emerging_haplotype,vic,region,2026-05-07,2026-05-21,14,Europe,C.5.6:75E,0.019,0.026,0.006999999999999999,0.005271428571428572,9,1,0.024999999999999998,0.011,0.036,1,0.057,0.007,0.064,1,0.12,0.003,0.123
emerging_haplotype,vic,region,2026-05-07,2026-05-28,21,Europe,C.5.6:75E,0.018,0.031,0.013000000000000001,0.00625,9,1,0.026000000000000002,0.009,0.035,1,0.059000000000000004,0.006,0.065,1,0.119,0.003,0.122
emerging_haplotype,vic,region,2026-05-07,2026-06-04,28,Europe,C.5.6:75E,0.016,0.014,0.002,0.0048000000000000004,9,1,0.026000000000000002,0.008,0.034,1,0.062000000000000006,0.005,0.067,1,0.124,0.002,0.126
emerging_haplotype,vic,region,2026-05-07,2026-06-11,35,Europe,C.5.6:75E,0.015,0.019,0.004,0.005164285714285716,9,1,0.026000000000000002,0.007,0.033,1,0.064,0.004,0.068,1,0.127,0.002,0.129
emerging_haplotype,vic,region,2026-05-07,2026-06-18,42,Europe,C.5.6:75E,0.014,0.025,0.011000000000000001,0.00622857142857143,9,1,0.026000000000000002,0.006,0.032,1,0.065,0.004,0.069,1,0.132,0.002,0.134
emerging_haplotype,vic,region,2026-05-07,2026-06-25,49,Europe,C.5.6:75E,0.012,0.0,0.012,0.008892857142857145,9,0,0.024,0.005,0.029,0,0.067,0.003,0.07,0,0.137,0.001,0.138
emerging_haplotype,vic,region,2026-05-07,2026-07-02,56,Europe,C.5.6:75E,0.011,0.0,0.011,0.008385714285714286,9,0,0.022,0.005,0.027,0,0.068,0.002,0.07,0,0.142,0.001,0.143
emerging_haplotype,vic,region,2026-05-07,2026-07-09,63,Europe,C.5.6:75E,0.01,0.0,0.01,0.007757142857142857,9,0,0.02,0.004,0.024,0,0.065,0.002,0.067,0,0.146,0.001,0.147
emerging_haplotype,vic,region,2026-05-07,2026-07-16,70,Europe,C.5.6:75E,0.009,0.0,0.009,0.006914285714285716,9,0,0.02,0.003,0.023,0,0.059,0.002,0.061,1,0.152,0.0,0.152
emerging_haplotype,vic,region,2026-05-07,2026-07-23,77,Europe,C.5.6:75E,0.008,0.0,0.008,0.006300000000000001,9,0,0.019,0.003,0.022,0,0.054,0.001,0.055,1,0.156,0.0,0.156
emerging_haplotype,vic,region,2026-05-07,2026-07-30,84,Europe,C.5.6:75E,0.007,0.0,0.007,0.005871428571428572,9,0,0.019000000000000003,0.002,0.021,0,0.053,0.001,0.054,1,0.16,0.0,0.16
emerging_haplotype,vic,region,2026-05-07,2026-08-06,91,Europe,C.5.6:75E,0.006,0.0,0.006,0.005621428571428573,9,0,0.017,0.002,0.019,0,0.054,0.001,0.055,1,0.161,0.0,0.161
emerging_haplotype,vic,region,2026-05-07,2026-08-13,98,Europe,C.5.6:75E,0.006,0.0,0.006,0.00557857142857143,9,0,0.016,0.002,0.018,0,0.054,0.001,0.055,1,0.165,0.0,0.165
emerging_haplotype,vic,region,2026-05-07,2026-05-14,7,Europe,C.5.7,0.065,0.016,0.049,0.02715714285714286,9,0,0.07,0.039,0.109,0,0.136,0.026,0.162,1,0.258,0.015,0.273
emerging_haplotype,vic,region,2026-05-07,2026-05-21,14,Europe,C.5.7,0.062,0.009,0.053,0.0317,9,0,0.07300000000000001,0.036,0.109,0,0.14300000000000002,0.023,0.166,0,0.27599999999999997,0.013,0.289
emerging_haplotype,vic,region,2026-05-07,2026-05-28,21,Europe,C.5.7,0.061,0.01,0.051,0.029235714285714285,9,0,0.072,0.034,0.106,0,0.14500000000000002,0.021,0.166,0,0.293,0.012,0.305
emerging_haplotype,vic,region,2026-05-07,2026-06-04,28,Europe,C.5.7,0.059,0.014,0.045,0.024414285714285715,9,0,0.075,0.03,0.105,0,0.154,0.019,0.173,1,0.312,0.01,0.322
emerging_haplotype,vic,region,2026-05-07,2026-06-11,35,Europe,C.5.7,0.056,0.019,0.037000000000000005,0.020350000000000004,9,0,0.074,0.029,0.103,1,0.15999999999999998,0.017,0.177,1,0.329,0.009,0.338
emerging_haplotype,vic,region,2026-05-07,2026-06-18,42,Europe,C.5.7,0.054,0.025,0.028999999999999998,0.0174,9,0,0.077,0.027,0.104,1,0.16499999999999998,0.015,0.18,1,0.346,0.007,0.353
emerging_haplotype,vic,region,2026-05-07,2026-06-25,49,Europe,C.5.7,0.052,0.045,0.006999999999999999,0.013764285714285715,9,1,0.07400000000000001,0.026,0.1,1,0.17099999999999999,0.013,0.184,1,0.363,0.006,0.369
emerging_haplotype,vic,region,2026-05-07,2026-07-02,56,Europe,C.5.7,0.049,0.0,0.049,0.03163571428571429,9,0,0.07700000000000001,0.023,0.1,0,0.175,0.012,0.187,0,0.379,0.005,0.384
emerging_haplotype,vic,region,2026-05-07,2026-07-09,63,Europe,C.5.7,0.046,0.0,0.046,0.029807142857142862,9,0,0.073,0.021,0.094,0,0.182,0.01,0.192,0,0.395,0.004,0.399
emerging_haplotype,vic,region,2026-05-07,2026-07-16,70,Europe,C.5.7,0.044,0.0,0.044,0.02852857142857143,9,0,0.074,0.019,0.093,0,0.191,0.008,0.199,0,0.41,0.003,0.413
emerging_haplotype,vic,region,2026-05-07,2026-07-23,77,Europe,C.5.7,0.042,0.0,0.042,0.027542857142857147,9,0,0.076,0.016,0.092,0,0.19799999999999998,0.007,0.205,0,0.424,0.003,0.427
emerging_haplotype,vic,region,2026-05-07,2026-07-30,84,Europe,C.5.7,0.039,0.0,0.039,0.02655714285714286,9,0,0.076,0.015,0.091,0,0.205,0.006,0.211,0,0.438,0.002,0.44
emerging_haplotype,vic,region,2026-05-07,2026-08-06,91,Europe,C.5.7,0.036,0.0,0.036,0.02510714285714286,9,0,0.074,0.013,0.087,0,0.211,0.005,0.216,0,0.451,0.001,0.452
emerging_haplotype,vic,region,2026-05-07,2026-08-13,98,Europe,C.5.7,0.034,0.0,0.034,0.024214285714285712,9,0,0.07200000000000001,0.012,0.084,0,0.212,0.004,0.216,0,0.462,0.001,0.463
emerging_haplotype,vic,region,2026-05-07,2026-05-14,7,Europe,C.5.6,0.262,0.326,0.064,0.03025714285714286,9,0,0.11499999999999999,0.195,0.31,1,0.215,0.159,0.374,1,0.306,0.112,0.418
emerging_haplotype,vic,region,2026-05-07,2026-05-21,14,Europe,C.5.6,0.248,0.325,0.07700000000000001,0.03447142857142858,9,0,0.121,0.183,0.304,1,0.227,0.145,0.372,1,0.32799999999999996,0.092,0.42
emerging_haplotype,vic,region,2026-05-07,2026-05-28,21,Europe,C.5.6,0.238,0.278,0.040000000000000036,0.023650000000000004,9,1,0.121,0.172,0.293,1,0.241,0.128,0.369,1,0.33699999999999997,0.079,0.416
emerging_haplotype,vic,region,2026-05-07,2026-06-04,28,Europe,C.5.6,0.225,0.274,0.049000000000000016,0.025357142857142856,9,1,0.12299999999999997,0.161,0.284,1,0.248,0.112,0.36,1,0.348,0.068,0.416
emerging_haplotype,vic,region,2026-05-07,2026-06-11,35,Europe,C.5.6,0.209,0.296,0.087,0.036678571428571415,9,0,0.13000000000000003,0.148,0.278,1,0.254,0.099,0.353,1,0.359,0.058,0.417
emerging_haplotype,vic,region,2026-05-07,2026-06-18,42,Europe,C.5.6,0.199,0.3,0.10099999999999998,0.043157142857142845,9,0,0.132,0.136,0.268,1,0.262,0.087,0.349,1,0.374,0.047,0.421
emerging_haplotype,vic,region,2026-05-07,2026-06-25,49,Europe,C.5.6,0.187,0.273,0.08600000000000002,0.036242857142857146,9,0,0.137,0.123,0.26,1,0.27099999999999996,0.075,0.346,1,0.38,0.036,0.416
emerging_haplotype,vic,region,2026-05-07,2026-07-02,56,Europe,C.5.6,0.174,0.118,0.055999999999999994,0.028657142857142857,9,1,0.14100000000000001,0.11,0.251,1,0.274,0.064,0.338,1,0.38599999999999995,0.029,0.415
emerging_haplotype,vic,region,2026-05-07,2026-07-09,63,Europe,C.5.6,0.161,0.2,0.03900000000000001,0.02639285714285714,9,1,0.142,0.099,0.241,1,0.276,0.053,0.329,1,0.39099999999999996,0.023,0.414
emerging_haplotype,vic,region,2026-05-07,2026-07-16,70,Europe,C.5.6,0.151,0.364,0.213,0.10224999999999998,9,0,0.14,0.089,0.229,0,0.275,0.045,0.32,1,0.39499999999999996,0.018,0.413
emerging_haplotype,vic,region,2026-05-07,2026-07-23,77,Europe,C.5.6,0.139,0.4,0.261,0.13519285714285714,9,0,0.137,0.08,0.217,0,0.275,0.037,0.312,1,0.39699999999999996,0.015,0.412
emerging_haplotype,vic,region,2026-05-07,2026-07-30,84,Europe,C.5.6,0.129,0.375,0.246,0.12517857142857142,9,0,0.132,0.07,0.202,0,0.272,0.031,0.303,1,0.39699999999999996,0.012,0.409
emerging_haplotype,vic,region,2026-05-07,2026-08-06,91,Europe,C.5.6,0.118,0.429,0.311,0.1779642857142857,9,0,0.131,0.062,0.193,0,0.26799999999999996,0.026,0.294,0,0.393,0.009,0.402
emerging_haplotype,vic,region,2026-05-07,2026-08-13,98,Europe,C.5.6,0.107,0.5,0.393,0.2574071428571429,9,0,0.129,0.055,0.184,0,0.26499999999999996,0.021,0.286,0,0.387,0.007,0.394
emerging_haplotype,vic,region,2026-05-07,2026-05-14,7,Japan Korea,C.3.1,0.009,0.091,0.082,0.06092857142857142,9,0,0.015,0.004,0.019,0,0.031,0.002,0.033,0,0.056,0.001,0.057
emerging_haplotype,vic,region,2026-05-07,2026-05-21,14,Japan Korea,C.3.1,0.009,0.095,0.08600000000000001,0.06402857142857142,9,0,0.013999999999999999,0.004,0.018,0,0.031,0.002,0.033,0,0.06,0.001,0.061
emerging_haplotype,vic,region,2026-05-07,2026-05-28,21,Japan Korea,C.3.1,0.009,0.133,0.12400000000000001,0.10075714285714286,9,0,0.015,0.003,0.018,0,0.033,0.001,0.034,0,0.064,0.001,0.065
emerging_haplotype,vic,region,2026-05-07,2026-06-04,28,Japan Korea,C.3.1,0.008,0.083,0.07500000000000001,0.04952857142857143,9,0,0.015,0.003,0.018,0,0.034,0.001,0.035,0,0.068,0.001,0.069
emerging_haplotype,vic,region,2026-05-07,2026-06-11,35,Japan Korea,C.3.1,0.008,0.2,0.192,0.16516428571428574,9,0,0.015,0.003,0.018,0,0.034999999999999996,0.001,0.036,0,0.073,0.0,0.073
emerging_haplotype,vic,region,2026-05-07,2026-06-18,42,Japan Korea,C.3.1,0.008,0.333,0.325,0.2976357142857143,9,0,0.015000000000000001,0.002,0.017,0,0.036,0.001,0.037,0,0.075,0.0,0.075
emerging_haplotype,vic,region,2026-05-07,2026-06-25,49,Japan Korea,C.3.1,0.007,0.0,0.007,0.004542857142857143,9,0,0.015000000000000001,0.002,0.017,0,0.037,0.001,0.038,1,0.078,0.0,0.078
emerging_haplotype,vic,region,2026-05-07,2026-07-02,56,Japan Korea,C.3.1,0.007,0.0,0.007,0.004564285714285714,9,0,0.015000000000000001,0.002,0.017,0,0.037,0.001,0.038,1,0.081,0.0,0.081
emerging_haplotype,vic,region,2026-05-07,2026-05-14,7,Japan Korea,C.3.3,0.971,0.727,0.244,0.21494285714285716,9,0,0.027000000000000024,0.955,0.982,0,0.05399999999999994,0.935,0.989,0,0.08599999999999997,0.907,0.993
emerging_haplotype,vic,region,2026-05-07,2026-05-21,14,Japan Korea,C.3.3,0.971,0.714,0.257,0.22742857142857145,9,0,0.027000000000000024,0.956,0.983,0,0.05499999999999994,0.935,0.99,0,0.08999999999999997,0.904,0.994
emerging_haplotype,vic,region,2026-05-07,2026-05-28,21,Japan Korea,C.3.3,0.973,0.6,0.373,0.34099285714285715,9,0,0.028000000000000025,0.957,0.985,0,0.05599999999999994,0.935,0.991,0,0.09499999999999997,0.9,0.995
emerging_haplotype,vic,region,2026-05-07,2026-06-04,28,Japan Korea,C.3.3,0.975,0.667,0.30799999999999994,0.2734857142857142,9,0,0.028000000000000025,0.958,0.986,0,0.05699999999999994,0.935,0.992,0,0.09999999999999998,0.896,0.996
emerging_haplotype,vic,region,2026-05-07,2026-06-11,35,Japan Korea,C.3.3,0.976,0.6,0.376,0.3404071428571429,9,0,0.028000000000000025,0.959,0.987,0,0.05899999999999994,0.934,0.993,0,0.10099999999999998,0.895,0.996
emerging_haplotype,vic,region,2026-05-07,2026-06-18,42,Japan Korea,C.3.3,0.977,0.333,0.6439999999999999,0.6073142857142856,9,0,0.028000000000000025,0.96,0.988,0,0.05999999999999994,0.934,0.994,0,0.10399999999999998,0.893,0.997
emerging_haplotype,vic,region,2026-05-07,2026-06-25,49,Japan Korea,C.3.3,0.978,0.0,0.978,0.9401928571428569,9,0,0.028000000000000025,0.961,0.989,0,0.05999999999999994,0.935,0.995,0,0.10699999999999998,0.89,0.997
emerging_haplotype,vic,region,2026-05-07,2026-07-02,56,Japan Korea,C.3.3,0.979,0.0,0.979,0.9392357142857143,9,0,0.028000000000000025,0.962,0.99,0,0.05999999999999994,0.935,0.995,0,0.11299999999999999,0.885,0.998
emerging_haplotype,vic,region,2026-05-07,2026-05-14,7,Japan Korea,C.5.1,0.0,0.0,0.0,0.0001642857142857143,9,1,0.001,0.0,0.001,1,0.002,0.0,0.002,1,0.005,0.0,0.005
emerging_haplotype,vic,region,2026-05-07,2026-05-21,14,Japan Korea,C.5.1,0.0,0.0,0.0,0.0001642857142857143,9,1,0.001,0.0,0.001,1,0.002,0.0,0.002,1,0.005,0.0,0.005
emerging_haplotype,vic,region,2026-05-07,2026-05-28,21,Japan Korea,C.5.1,0.0,0.0,0.0,0.00015714285714285716,9,1,0.001,0.0,0.001,1,0.002,0.0,0.002,1,0.004,0.0,0.004
emerging_haplotype,vic,region,2026-05-07,2026-06-04,28,Japan Korea,C.5.1,0.0,0.0,0.0,0.00015714285714285716,9,1,0.001,0.0,0.001,1,0.002,0.0,0.002,1,0.004,0.0,0.004
emerging_haplotype,vic,region,2026-05-07,2026-06-11,35,Japan Korea,C.5.1,0.0,0.0,0.0,0.00015714285714285716,9,1,0.001,0.0,0.001,1,0.002,0.0,0.002,1,0.004,0.0,0.004
emerging_haplotype,vic,region,2026-05-07,2026-06-18,42,Japan Korea,C.5.1,0.0,0.0,0.0,0.00015714285714285716,9,1,0.001,0.0,0.001,1,0.002,0.0,0.002,1,0.004,0.0,0.004
emerging_haplotype,vic,region,2026-05-07,2026-06-25,49,Japan Korea,C.5.1,0.0,0.0,0.0,0.00012142857142857146,9,1,0.001,0.0,0.001,1,0.001,0.0,0.001,1,0.003,0.0,0.003
emerging_haplotype,vic,region,2026-05-07,2026-07-02,56,Japan Korea,C.5.1,0.0,0.0,0.0,0.00012142857142857146,9,1,0.001,0.0,0.001,1,0.001,0.0,0.001,1,0.003,0.0,0.003
emerging_haplotype,vic,region,2026-05-07,2026-05-14,7,Japan Korea,C.5.6.1,0.002,0.045,0.043,0.03596428571428571,9,0,0.004,0.001,0.005,0,0.009,0.0,0.009,0,0.019,0.0,0.019
emerging_haplotype,vic,region,2026-05-07,2026-05-21,14,Japan Korea,C.5.6.1,0.002,0.0,0.002,0.0011714285714285715,9,0,0.003,0.001,0.004,1,0.009,0.0,0.009,1,0.018,0.0,0.018
emerging_haplotype,vic,region,2026-05-07,2026-05-28,21,Japan Korea,C.5.6.1,0.002,0.0,0.002,0.001142857142857143,9,0,0.003,0.001,0.004,1,0.008,0.0,0.008,1,0.018,0.0,0.018
emerging_haplotype,vic,region,2026-05-07,2026-06-04,28,Japan Korea,C.5.6.1,0.001,0.0,0.001,0.000892857142857143,9,0,0.002,0.001,0.003,1,0.007,0.0,0.007,1,0.017,0.0,0.017
emerging_haplotype,vic,region,2026-05-07,2026-06-11,35,Japan Korea,C.5.6.1,0.001,0.0,0.001,0.0006857142857142858,9,1,0.003,0.0,0.003,1,0.007,0.0,0.007,1,0.018,0.0,0.018
emerging_haplotype,vic,region,2026-05-07,2026-06-18,42,Japan Korea,C.5.6.1,0.001,0.0,0.001,0.0006571428571428572,9,1,0.003,0.0,0.003,1,0.006,0.0,0.006,1,0.018,0.0,0.018
emerging_haplotype,vic,region,2026-05-07,2026-06-25,49,Japan Korea,C.5.6.1,0.001,0.0,0.001,0.0005785714285714286,9,1,0.002,0.0,0.002,1,0.006,0.0,0.006,1,0.017,0.0,0.017
emerging_haplotype,vic,region,2026-05-07,2026-07-02,56,Japan Korea,C.5.6.1,0.001,0.0,0.001,0.000542857142857143,9,1,0.002,0.0,0.002,1,0.005,0.0,0.005,1,0.016,0.0,0.016
emerging_haplotype,vic,region,2026-05-07,2026-05-14,7,Japan Korea,C.5.6.1:241Q,0.005,0.136,0.131,0.11668571428571428,9,0,0.008,0.002,0.01,0,0.019,0.001,0.02,0,0.04,0.0,0.04
emerging_haplotype,vic,region,2026-05-07,2026-05-21,14,Japan Korea,C.5.6.1:241Q,0.004,0.19,0.186,0.17052857142857142,9,0,0.008,0.002,0.01,0,0.018,0.001,0.019,0,0.042,0.0,0.042
emerging_haplotype,vic,region,2026-05-07,2026-05-28,21,Japan Korea,C.5.6.1:241Q,0.004,0.267,0.263,0.24774285714285713,9,0,0.006999999999999999,0.002,0.009,0,0.018,0.001,0.019,0,0.042,0.0,0.042
emerging_haplotype,vic,region,2026-05-07,2026-06-04,28,Japan Korea,C.5.6.1:241Q,0.004,0.25,0.246,0.231,9,0,0.006999999999999999,0.002,0.009,0,0.016999999999999998,0.001,0.018,0,0.042,0.0,0.042
emerging_haplotype,vic,region,2026-05-07,2026-06-11,35,Japan Korea,C.5.6.1:241Q,0.003,0.2,0.197,0.18093571428571428,9,0,0.008,0.001,0.009,0,0.016999999999999998,0.001,0.018,0,0.043,0.0,0.043
emerging_haplotype,vic,region,2026-05-07,2026-06-18,42,Japan Korea,C.5.6.1:241Q,0.003,0.333,0.33,0.3133214285714286,9,0,0.007,0.001,0.008,0,0.017,0.0,0.017,0,0.047,0.0,0.047
emerging_haplotype,vic,region,2026-05-07,2026-06-25,49,Japan Korea,C.5.6.1:241Q,0.003,1.0,0.997,0.9797642857142856,9,0,0.007,0.001,0.008,0,0.017,0.0,0.017,0,0.049,0.0,0.049
emerging_haplotype,vic,region,2026-05-07,2026-07-02,56,Japan Korea,C.5.6.1:241Q,0.003,1.0,0.997,0.9792285714285713,9,0,0.007,0.001,0.008,0,0.018,0.0,0.018,0,0.05,0.0,0.05
emerging_haplotype,vic,region,2026-05-07,2026-05-14,7,Japan Korea,C.5.6:75E,0.0,0.0,0.0,7.142857142857149e-06,9,1,0.0,0.0,0.0,1,0.0,0.0,0.0,1,0.001,0.0,0.001
emerging_haplotype,vic,region,2026-05-07,2026-05-21,14,Japan Korea,C.5.6:75E,0.0,0.0,0.0,7.142857142857149e-06,9,1,0.0,0.0,0.0,1,0.0,0.0,0.0,1,0.001,0.0,0.001
emerging_haplotype,vic,region,2026-05-07,2026-05-28,21,Japan Korea,C.5.6:75E,0.0,0.0,0.0,7.142857142857149e-06,9,1,0.0,0.0,0.0,1,0.0,0.0,0.0,1,0.001,0.0,0.001
emerging_haplotype,vic,region,2026-05-07,2026-06-04,28,Japan Korea,C.5.6:75E,0.0,0.0,0.0,7.142857142857149e-06,9,1,0.0,0.0,0.0,1,0.0,0.0,0.0,1,0.001,0.0,0.001
emerging_haplotype,vic,region,2026-05-07,2026-06-11,35,Japan Korea,C.5.6:75E,0.0,0.0,0.0,0.0,9,1,0.0,0.0,0.0,1,0.0,0.0,0.0,1,0.0,0.0,0.0
emerging_haplotype,vic,region,2026-05-07,2026-06-18,42,Japan Korea,C.5.6:75E,0.0,0.0,0.0,0.0,9,1,0.0,0.0,0.0,1,0.0,0.0,0.0,1,0.0,0.0,0.0
emerging_haplotype,vic,region,2026-05-07,2026-06-25,49,Japan Korea,C.5.6:75E,0.0,0.0,0.0,0.0,9,1,0.0,0.0,0.0,1,0.0,0.0,0.0,1,0.0,0.0,0.0
emerging_haplotype,vic,region,2026-05-07,2026-07-02,56,Japan Korea,C.5.6:75E,0.0,0.0,0.0,0.0,9,1,0.0,0.0,0.0,1,0.0,0.0,0.0,1,0.0,0.0,0.0
emerging_haplotype,vic,region,2026-05-07,2026-05-14,7,Japan Korea,C.5.7,0.002,0.0,0.002,0.001142857142857143,9,0,0.003,0.001,0.004,1,0.008,0.0,0.008,1,0.018,0.0,0.018
emerging_haplotype,vic,region,2026-05-07,2026-05-21,14,Japan Korea,C.5.7,0.002,0.0,0.002,0.001142857142857143,9,0,0.003,0.001,0.004,1,0.008,0.0,0.008,1,0.018,0.0,0.018
emerging_haplotype,vic,region,2026-05-07,2026-05-28,21,Japan Korea,C.5.7,0.001,0.0,0.001,0.0007857142857142857,9,1,0.004,0.0,0.004,1,0.008,0.0,0.008,1,0.018,0.0,0.018
emerging_haplotype,vic,region,2026-05-07,2026-06-04,28,Japan Korea,C.5.7,0.001,0.0,0.001,0.0007142857142857143,9,1,0.003,0.0,0.003,1,0.008,0.0,0.008,1,0.018,0.0,0.018
emerging_haplotype,vic,region,2026-05-07,2026-06-11,35,Japan Korea,C.5.7,0.001,0.0,0.001,0.0006857142857142858,9,1,0.003,0.0,0.003,1,0.007,0.0,0.007,1,0.018,0.0,0.018
emerging_haplotype,vic,region,2026-05-07,2026-06-18,42,Japan Korea,C.5.7,0.001,0.0,0.001,0.0006857142857142858,9,1,0.003,0.0,0.003,1,0.007,0.0,0.007,1,0.018,0.0,0.018
emerging_haplotype,vic,region,2026-05-07,2026-06-25,49,Japan Korea,C.5.7,0.001,0.0,0.001,0.0006857142857142858,9,1,0.003,0.0,0.003,1,0.007,0.0,0.007,1,0.018,0.0,0.018
emerging_haplotype,vic,region,2026-05-07,2026-07-02,56,Japan Korea,C.5.7,0.001,0.0,0.001,0.0006142857142857145,9,1,0.002,0.0,0.002,1,0.007,0.0,0.007,1,0.018,0.0,0.018
emerging_haplotype,vic,region,2026-05-07,2026-05-14,7,Japan Korea,C.5.6,0.002,0.0,0.002,0.001042857142857143,9,0,0.003,0.001,0.004,1,0.006,0.0,0.006,1,0.012,0.0,0.012
emerging_haplotype,vic,region,2026-05-07,2026-05-21,14,Japan Korea,C.5.6,0.002,0.0,0.002,0.0009642857142857143,9,0,0.002,0.001,0.003,1,0.006,0.0,0.006,1,0.011,0.0,0.011
emerging_haplotype,vic,region,2026-05-07,2026-05-28,21,Japan Korea,C.5.6,0.001,0.0,0.001,0.0007928571428571429,9,0,0.002,0.001,0.003,1,0.005,0.0,0.005,1,0.011,0.0,0.011
emerging_haplotype,vic,region,2026-05-07,2026-06-04,28,Japan Korea,C.5.6,0.001,0.0,0.001,0.0007928571428571429,9,0,0.002,0.001,0.003,1,0.005,0.0,0.005,1,0.011,0.0,0.011
emerging_haplotype,vic,region,2026-05-07,2026-06-11,35,Japan Korea,C.5.6,0.001,0.0,0.001,0.0007928571428571429,9,0,0.002,0.001,0.003,1,0.005,0.0,0.005,1,0.011,0.0,0.011
emerging_haplotype,vic,region,2026-05-07,2026-06-18,42,Japan Korea,C.5.6,0.001,0.0,0.001,0.0004714285714285715,9,1,0.002,0.0,0.002,1,0.004,0.0,0.004,1,0.01,0.0,0.01
emerging_haplotype,vic,region,2026-05-07,2026-06-25,49,Japan Korea,C.5.6,0.001,0.0,0.001,0.0004714285714285715,9,1,0.002,0.0,0.002,1,0.004,0.0,0.004,1,0.01,0.0,0.01
emerging_haplotype,vic,region,2026-05-07,2026-07-02,56,Japan Korea,C.5.6,0.001,0.0,0.001,0.0004714285714285715,9,1,0.002,0.0,0.002,1,0.004,0.0,0.004,1,0.01,0.0,0.01
emerging_haplotype,vic,region,2026-05-07,2026-05-14,7,North America,C.3.1,0.481,0.396,0.08499999999999996,0.05775714285714284,9,0,0.04099999999999998,0.46,0.501,0,0.08400000000000002,0.441,0.525,0,0.12000000000000005,0.425,0.545
emerging_haplotype,vic,region,2026-05-07,2026-05-21,14,North America,C.3.1,0.464,0.344,0.12000000000000005,0.09115714285714287,9,0,0.043999999999999984,0.442,0.486,0,0.08900000000000002,0.421,0.51,0,0.126,0.405,0.531
emerging_haplotype,vic,region,2026-05-07,2026-05-28,21,North America,C.3.1,0.447,0.331,0.11599999999999999,0.08547142857142856,9,0,0.045999999999999985,0.423,0.469,0,0.09299999999999997,0.403,0.496,0,0.134,0.384,0.518
emerging_haplotype,vic,region,2026-05-07,2026-06-04,28,North America,C.3.1,0.43,0.286,0.14400000000000002,0.11240714285714289,9,0,0.04899999999999999,0.405,0.454,0,0.09699999999999998,0.384,0.481,0,0.139,0.365,0.504
emerging_haplotype,vic,region,2026-05-07,2026-06-11,35,North America,C.3.1,0.412,0.27,0.14199999999999996,0.10984999999999998,9,0,0.05099999999999999,0.387,0.438,0,0.10100000000000003,0.365,0.466,0,0.14500000000000002,0.345,0.49
emerging_haplotype,vic,region,2026-05-07,2026-06-18,42,North America,C.3.1,0.396,0.268,0.128,0.09282142857142854,9,0,0.05399999999999999,0.368,0.422,0,0.10600000000000004,0.344,0.45,0,0.15099999999999997,0.325,0.476
emerging_haplotype,vic,region,2026-05-07,2026-06-25,49,North America,C.3.1,0.38,0.255,0.125,0.08777857142857141,9,0,0.05500000000000005,0.35,0.405,0,0.11099999999999999,0.324,0.435,0,0.15500000000000003,0.307,0.462
emerging_haplotype,vic,region,2026-05-07,2026-07-02,56,North America,C.3.1,0.364,0.269,0.09499999999999997,0.056349999999999976,9,0,0.056999999999999995,0.333,0.39,0,0.11499999999999999,0.305,0.42,0,0.15900000000000003,0.289,0.448
emerging_haplotype,vic,region,2026-05-07,2026-07-09,63,North America,C.3.1,0.348,0.351,0.0030000000000000027,0.009214285714285715,9,1,0.059,0.316,0.375,1,0.11900000000000005,0.286,0.405,1,0.16399999999999998,0.27,0.434
emerging_haplotype,vic,region,2026-05-07,2026-07-16,70,North America,C.3.1,0.332,0.341,0.009000000000000008,0.010271428571428572,9,1,0.06,0.299,0.359,1,0.123,0.268,0.391,1,0.16599999999999998,0.253,0.419
emerging_haplotype,vic,region,2026-05-07,2026-07-23,77,North America,C.3.1,0.315,0.31,0.0050000000000000044,0.009850000000000006,9,1,0.061000000000000054,0.282,0.343,1,0.125,0.252,0.377,1,0.16900000000000004,0.236,0.405
emerging_haplotype,vic,region,2026-05-07,2026-07-30,84,North America,C.3.1,0.299,0.368,0.069,0.032357142857142855,9,0,0.063,0.265,0.328,0,0.127,0.235,0.362,1,0.17200000000000001,0.22,0.392
emerging_haplotype,vic,region,2026-05-07,2026-08-06,91,North America,C.3.1,0.284,0.4,0.11600000000000005,0.07205000000000003,9,0,0.064,0.249,0.313,0,0.12799999999999997,0.22,0.348,0,0.175,0.203,0.378
emerging_haplotype,vic,region,2026-05-07,2026-08-13,98,North America,C.3.1,0.269,0.667,0.398,0.3536214285714286,9,0,0.06499999999999997,0.233,0.298,0,0.13000000000000003,0.204,0.334,0,0.177,0.187,0.364
emerging_haplotype,vic,region,2026-05-07,2026-05-14,7,North America,C.3.3,0.028,0.009,0.019000000000000003,0.011550000000000001,9,0,0.013000000000000005,0.022,0.035,0,0.026999999999999996,0.017,0.044,0,0.03899999999999999,0.012,0.051
emerging_haplotype,vic,region,2026-05-07,2026-05-21,14,North America,C.3.3,0.03,0.015,0.015,0.006885714285714286,9,0,0.013999999999999999,0.022,0.036,0,0.03,0.017,0.047,1,0.044,0.012,0.056
emerging_haplotype,vic,region,2026-05-07,2026-05-28,21,North America,C.3.3,0.031,0.008,0.023,0.013735714285714285,9,0,0.016,0.023,0.039,0,0.033,0.017,0.05,0,0.051000000000000004,0.012,0.063
emerging_haplotype,vic,region,2026-05-07,2026-06-04,28,North America,C.3.3,0.032,0.011,0.021,0.010878571428571432,9,0,0.018000000000000002,0.023,0.041,0,0.036,0.017,0.053,1,0.05900000000000001,0.011,0.07
emerging_haplotype,vic,region,2026-05-07,2026-06-11,35,North America,C.3.3,0.033,0.015,0.018000000000000002,0.008471428571428572,9,0,0.019999999999999997,0.023,0.043,0,0.04,0.017,0.057,1,0.066,0.011,0.077
emerging_haplotype,vic,region,2026-05-07,2026-06-18,42,North America,C.3.3,0.034,0.015,0.019000000000000003,0.009221428571428571,9,0,0.022,0.024,0.046,0,0.045,0.017,0.062,1,0.07100000000000001,0.011,0.082
emerging_haplotype,vic,region,2026-05-07,2026-06-25,49,North America,C.3.3,0.035,0.027,0.008000000000000004,0.004807142857142858,9,1,0.024,0.024,0.048,1,0.049,0.018,0.067,1,0.077,0.01,0.087
emerging_haplotype,vic,region,2026-05-07,2026-07-02,56,North America,C.3.3,0.036,0.037,0.0010000000000000009,0.004078571428571429,9,1,0.025,0.025,0.05,1,0.05399999999999999,0.017,0.071,1,0.085,0.01,0.095
emerging_haplotype,vic,region,2026-05-07,2026-07-09,63,North America,C.3.3,0.037,0.013,0.024,0.012257142857142859,9,0,0.026999999999999996,0.025,0.052,0,0.057999999999999996,0.017,0.075,1,0.094,0.009,0.103
emerging_haplotype,vic,region,2026-05-07,2026-07-16,70,North America,C.3.3,0.038,0.023,0.015,0.0075785714285714284,9,0,0.029,0.026,0.055,1,0.062,0.017,0.079,1,0.10300000000000001,0.009,0.112
emerging_haplotype,vic,region,2026-05-07,2026-07-23,77,North America,C.3.3,0.04,0.034,0.005999999999999998,0.0057857142857142855,9,1,0.031000000000000003,0.026,0.057,1,0.067,0.017,0.084,1,0.112,0.009,0.121
emerging_haplotype,vic,region,2026-05-07,2026-07-30,84,North America,C.3.3,0.042,0.053,0.010999999999999996,0.006835714285714285,9,1,0.033,0.026,0.059,1,0.071,0.017,0.088,1,0.123,0.008,0.131
emerging_haplotype,vic,region,2026-05-07,2026-08-06,91,North America,C.3.3,0.043,0.1,0.05700000000000001,0.026950000000000005,9,0,0.036000000000000004,0.026,0.062,0,0.075,0.017,0.092,1,0.13299999999999998,0.008,0.141
emerging_haplotype,vic,region,2026-05-07,2026-08-13,98,North America,C.3.3,0.043,0.0,0.043,0.02667142857142857,9,0,0.037000000000000005,0.027,0.064,0,0.08,0.016,0.096,0,0.144,0.008,0.152
emerging_haplotype,vic,region,2026-05-07,2026-05-14,7,North America,C.5.1,0.112,0.092,0.020000000000000004,0.008692857142857145,9,0,0.031,0.097,0.128,1,0.05500000000000001,0.085,0.14,1,0.08700000000000001,0.072,0.159
emerging_haplotype,vic,region,2026-05-07,2026-05-21,14,North America,C.5.1,0.114,0.094,0.020000000000000004,0.008885714285714287,9,0,0.035,0.098,0.133,1,0.059999999999999984,0.085,0.145,1,0.09400000000000001,0.072,0.166
emerging_haplotype,vic,region,2026-05-07,2026-05-28,21,North America,C.5.1,0.117,0.091,0.02600000000000001,0.011478571428571432,9,0,0.037000000000000005,0.1,0.137,1,0.064,0.086,0.15,1,0.10099999999999999,0.072,0.173
emerging_haplotype,vic,region,2026-05-07,2026-06-04,28,North America,C.5.1,0.119,0.1,0.01899999999999999,0.008385714285714283,9,1,0.04099999999999998,0.1,0.141,1,0.069,0.086,0.155,1,0.108,0.072,0.18
emerging_haplotype,vic,region,2026-05-07,2026-06-11,35,North America,C.5.1,0.121,0.072,0.049,0.02539285714285714,9,0,0.043999999999999984,0.101,0.145,0,0.07500000000000001,0.086,0.161,1,0.115,0.072,0.187
emerging_haplotype,vic,region,2026-05-07,2026-06-18,42,North America,C.5.1,0.122,0.071,0.051000000000000004,0.026592857142857144,9,0,0.045999999999999985,0.101,0.147,0,0.08000000000000002,0.086,0.166,1,0.12300000000000001,0.071,0.194
emerging_haplotype,vic,region,2026-05-07,2026-06-25,49,North America,C.5.1,0.124,0.04,0.08399999999999999,0.05801428571428572,9,0,0.049,0.102,0.151,0,0.08500000000000002,0.086,0.171,0,0.132,0.069,0.201
emerging_haplotype,vic,region,2026-05-07,2026-07-02,56,North America,C.5.1,0.126,0.037,0.089,0.06117142857142858,9,0,0.052000000000000005,0.103,0.155,0,0.09099999999999998,0.085,0.176,0,0.13999999999999999,0.067,0.207
emerging_haplotype,vic,region,2026-05-07,2026-07-09,63,North America,C.5.1,0.127,0.039,0.088,0.05892857142857143,9,0,0.05500000000000001,0.103,0.158,0,0.09799999999999999,0.084,0.182,0,0.148,0.065,0.213
emerging_haplotype,vic,region,2026-05-07,2026-07-16,70,North America,C.5.1,0.128,0.045,0.083,0.05306428571428572,9,0,0.05600000000000001,0.104,0.16,0,0.103,0.084,0.187,0,0.157,0.063,0.22
emerging_haplotype,vic,region,2026-05-07,2026-07-23,77,North America,C.5.1,0.129,0.034,0.095,0.06386428571428572,9,0,0.06000000000000001,0.103,0.163,0,0.109,0.083,0.192,0,0.165,0.062,0.227
emerging_haplotype,vic,region,2026-05-07,2026-07-30,84,North America,C.5.1,0.13,0.0,0.13,0.09785,9,0,0.06300000000000001,0.103,0.166,0,0.114,0.082,0.196,0,0.17300000000000001,0.061,0.234
emerging_haplotype,vic,region,2026-05-07,2026-08-06,91,North America,C.5.1,0.131,0.0,0.131,0.09725714285714285,9,0,0.06600000000000002,0.102,0.168,0,0.11900000000000001,0.08,0.199,0,0.18,0.06,0.24
emerging_haplotype,vic,region,2026-05-07,2026-08-13,98,North America,C.5.1,0.132,0.0,0.132,0.09679285714285715,9,0,0.07099999999999998,0.101,0.172,0,0.12300000000000001,0.079,0.202,0,0.189,0.058,0.247
emerging_haplotype,vic,region,2026-05-07,2026-05-14,7,North America,C.5.6.1,0.008,0.026,0.018,0.014314285714285713,9,0,0.004,0.006,0.01,0,0.008,0.005,0.013,0,0.012,0.004,0.016
emerging_haplotype,vic,region,2026-05-07,2026-05-21,14,North America,C.5.6.1,0.007,0.031,0.024,0.01975,9,0,0.004,0.006,0.01,0,0.008,0.004,0.012,0,0.013000000000000001,0.003,0.016
emerging_haplotype,vic,region,2026-05-07,2026-05-28,21,North America,C.5.6.1,0.007,0.023,0.016,0.012035714285714285,9,0,0.003999999999999999,0.005,0.009,0,0.008,0.004,0.012,0,0.013000000000000001,0.003,0.016
emerging_haplotype,vic,region,2026-05-07,2026-06-04,28,North America,C.5.6.1,0.006,0.019,0.013,0.008457142857142856,9,0,0.003999999999999999,0.005,0.009,0,0.008,0.004,0.012,0,0.012,0.003,0.015
emerging_haplotype,vic,region,2026-05-07,2026-06-11,35,North America,C.5.6.1,0.006,0.019,0.013,0.009035714285714286,9,0,0.004,0.004,0.008,0,0.008,0.003,0.011,0,0.013,0.002,0.015
emerging_haplotype,vic,region,2026-05-07,2026-06-18,42,North America,C.5.6.1,0.005,0.01,0.005,0.0018928571428571427,9,0,0.004,0.004,0.008,1,0.008,0.003,0.011,1,0.013,0.002,0.015
emerging_haplotype,vic,region,2026-05-07,2026-06-25,49,North America,C.5.6.1,0.005,0.013,0.008,0.003957142857142857,9,0,0.003,0.004,0.007,0,0.008,0.003,0.011,1,0.012,0.002,0.014
emerging_haplotype,vic,region,2026-05-07,2026-07-02,56,North America,C.5.6.1,0.005,0.009,0.003999999999999999,0.0017428571428571426,9,0,0.004,0.003,0.007,1,0.008,0.002,0.01,1,0.012,0.002,0.014
emerging_haplotype,vic,region,2026-05-07,2026-07-09,63,North America,C.5.6.1,0.004,0.013,0.009,0.004928571428571429,9,0,0.003,0.003,0.006,0,0.006999999999999999,0.002,0.009,1,0.012,0.001,0.013
emerging_haplotype,vic,region,2026-05-07,2026-07-16,70,North America,C.5.6.1,0.004,0.023,0.019,0.01492857142857143,9,0,0.003,0.003,0.006,0,0.006999999999999999,0.002,0.009,0,0.012,0.001,0.013
emerging_haplotype,vic,region,2026-05-07,2026-07-23,77,North America,C.5.6.1,0.004,0.034,0.030000000000000002,0.026185714285714288,9,0,0.003,0.003,0.006,0,0.006,0.002,0.008,0,0.012,0.001,0.013
emerging_haplotype,vic,region,2026-05-07,2026-07-30,84,North America,C.5.6.1,0.003,0.0,0.003,0.0023214285714285715,9,0,0.003,0.002,0.005,0,0.006,0.002,0.008,0,0.011,0.001,0.012
emerging_haplotype,vic,region,2026-05-07,2026-08-06,91,North America,C.5.6.1,0.003,0.0,0.003,0.0020357142857142857,9,0,0.003,0.002,0.005,0,0.006,0.001,0.007,0,0.011,0.001,0.012
emerging_haplotype,vic,region,2026-05-07,2026-08-13,98,North America,C.5.6.1,0.003,0.0,0.003,0.0020285714285714286,9,0,0.003,0.002,0.005,0,0.006,0.001,0.007,0,0.009999999999999998,0.001,0.011
emerging_haplotype,vic,region,2026-05-07,2026-05-14,7,North America,C.5.6.1:241Q,0.324,0.417,0.09299999999999997,0.06247857142857142,9,0,0.03899999999999998,0.307,0.346,0,0.07500000000000001,0.29,0.365,0,0.11699999999999999,0.271,0.388
emerging_haplotype,vic,region,2026-05-07,2026-05-21,14,North America,C.5.6.1:241Q,0.339,0.447,0.10799999999999998,0.07420714285714289,9,0,0.043999999999999984,0.32,0.364,0,0.08500000000000002,0.299,0.384,0,0.12899999999999995,0.281,0.41
emerging_haplotype,vic,region,2026-05-07,2026-05-28,21,North America,C.5.6.1:241Q,0.353,0.477,0.124,0.08620714285714283,9,0,0.04799999999999999,0.333,0.381,0,0.09200000000000003,0.311,0.403,0,0.14100000000000001,0.291,0.432
emerging_haplotype,vic,region,2026-05-07,2026-06-04,28,North America,C.5.6.1:241Q,0.367,0.503,0.136,0.0943857142857143,9,0,0.050000000000000044,0.347,0.397,0,0.09999999999999998,0.322,0.422,0,0.15400000000000003,0.3,0.454
emerging_haplotype,vic,region,2026-05-07,2026-06-11,35,North America,C.5.6.1:241Q,0.382,0.532,0.15000000000000002,0.1054071428571429,9,0,0.05299999999999999,0.361,0.414,0,0.10499999999999998,0.334,0.439,0,0.16699999999999998,0.31,0.477
emerging_haplotype,vic,region,2026-05-07,2026-06-18,42,North America,C.5.6.1:241Q,0.397,0.525,0.128,0.08057142857142859,9,0,0.056999999999999995,0.374,0.431,0,0.11300000000000004,0.344,0.457,0,0.178,0.321,0.499
emerging_haplotype,vic,region,2026-05-07,2026-06-25,49,North America,C.5.6.1:241Q,0.412,0.537,0.12500000000000006,0.07556428571428575,9,0,0.061,0.386,0.447,0,0.12,0.354,0.474,0,0.189,0.331,0.52
emerging_haplotype,vic,region,2026-05-07,2026-07-02,56,North America,C.5.6.1:241Q,0.427,0.519,0.09200000000000003,0.046678571428571444,9,0,0.063,0.399,0.462,0,0.126,0.366,0.492,1,0.201,0.341,0.542
emerging_haplotype,vic,region,2026-05-07,2026-07-09,63,North America,C.5.6.1:241Q,0.441,0.455,0.014000000000000012,0.01216428571428572,9,1,0.068,0.411,0.479,1,0.133,0.377,0.51,1,0.21100000000000008,0.35,0.561
emerging_haplotype,vic,region,2026-05-07,2026-07-16,70,North America,C.5.6.1:241Q,0.456,0.409,0.04700000000000004,0.021714285714285724,9,0,0.07100000000000001,0.424,0.495,1,0.14300000000000002,0.386,0.529,1,0.21799999999999997,0.361,0.579
emerging_haplotype,vic,region,2026-05-07,2026-07-23,77,North America,C.5.6.1:241Q,0.471,0.448,0.022999999999999965,0.014685714285714283,9,1,0.07600000000000001,0.436,0.512,1,0.15200000000000002,0.395,0.547,1,0.22799999999999998,0.37,0.598
emerging_haplotype,vic,region,2026-05-07,2026-07-30,84,North America,C.5.6.1:241Q,0.485,0.421,0.064,0.028757142857142867,9,0,0.08000000000000002,0.448,0.528,1,0.15699999999999997,0.407,0.564,1,0.238,0.38,0.618
emerging_haplotype,vic,region,2026-05-07,2026-08-06,91,North America,C.5.6.1:241Q,0.5,0.3,0.2,0.1448714285714286,9,0,0.08200000000000002,0.459,0.541,0,0.16299999999999998,0.418,0.581,0,0.25,0.387,0.637
emerging_haplotype,vic,region,2026-05-07,2026-08-13,98,North America,C.5.6.1:241Q,0.515,0.0,0.515,0.45674999999999993,9,0,0.08700000000000008,0.47,0.557,0,0.16899999999999998,0.43,0.599,0,0.259,0.396,0.655
emerging_haplotype,vic,region,2026-05-07,2026-05-14,7,North America,C.5.6:75E,0.0,0.001,0.001,0.00025714285714285715,9,1,0.001,0.0,0.001,1,0.001,0.0,0.001,1,0.002,0.0,0.002
emerging_haplotype,vic,region,2026-05-07,2026-05-21,14,North America,C.5.6:75E,0.0,0.002,0.002,0.0011857142857142858,9,0,0.0,0.0,0.0,0,0.001,0.0,0.001,1,0.002,0.0,0.002
emerging_haplotype,vic,region,2026-05-07,2026-05-28,21,North America,C.5.6:75E,0.0,0.002,0.002,0.0011857142857142858,9,0,0.0,0.0,0.0,0,0.001,0.0,0.001,1,0.002,0.0,0.002
emerging_haplotype,vic,region,2026-05-07,2026-06-04,28,North America,C.5.6:75E,0.0,0.003,0.003,0.002185714285714286,9,0,0.0,0.0,0.0,0,0.001,0.0,0.001,0,0.002,0.0,0.002
emerging_haplotype,vic,region,2026-05-07,2026-06-11,35,North America,C.5.6:75E,0.0,0.004,0.004,0.0031857142857142856,9,0,0.0,0.0,0.0,0,0.001,0.0,0.001,0,0.002,0.0,0.002
emerging_haplotype,vic,region,2026-05-07,2026-06-18,42,North America,C.5.6:75E,0.0,0.005,0.005,0.004185714285714286,9,0,0.0,0.0,0.0,0,0.001,0.0,0.001,0,0.002,0.0,0.002
emerging_haplotype,vic,region,2026-05-07,2026-06-25,49,North America,C.5.6:75E,0.0,0.0,0.0,4.285714285714286e-05,9,1,0.0,0.0,0.0,1,0.001,0.0,0.001,1,0.002,0.0,0.002
emerging_haplotype,vic,region,2026-05-07,2026-07-02,56,North America,C.5.6:75E,0.0,0.0,0.0,4.285714285714286e-05,9,1,0.0,0.0,0.0,1,0.001,0.0,0.001,1,0.002,0.0,0.002
emerging_haplotype,vic,region,2026-05-07,2026-07-09,63,North America,C.5.6:75E,0.0,0.013,0.013,0.012185714285714286,9,0,0.0,0.0,0.0,0,0.001,0.0,0.001,0,0.002,0.0,0.002
emerging_haplotype,vic,region,2026-05-07,2026-07-16,70,North America,C.5.6:75E,0.0,0.023,0.023,0.022185714285714284,9,0,0.0,0.0,0.0,0,0.001,0.0,0.001,0,0.002,0.0,0.002
emerging_haplotype,vic,region,2026-05-07,2026-07-23,77,North America,C.5.6:75E,0.0,0.034,0.034,0.033185714285714284,9,0,0.0,0.0,0.0,0,0.001,0.0,0.001,0,0.002,0.0,0.002
emerging_haplotype,vic,region,2026-05-07,2026-07-30,84,North America,C.5.6:75E,0.0,0.053,0.053,0.05218571428571428,9,0,0.0,0.0,0.0,0,0.001,0.0,0.001,0,0.002,0.0,0.002
emerging_haplotype,vic,region,2026-05-07,2026-08-06,91,North America,C.5.6:75E,0.0,0.1,0.1,0.0991857142857143,9,0,0.0,0.0,0.0,0,0.001,0.0,0.001,0,0.002,0.0,0.002
emerging_haplotype,vic,region,2026-05-07,2026-08-13,98,North America,C.5.6:75E,0.0,0.167,0.167,0.1661857142857143,9,0,0.0,0.0,0.0,0,0.001,0.0,0.001,0,0.002,0.0,0.002
emerging_haplotype,vic,region,2026-05-07,2026-05-14,7,North America,C.5.7,0.013,0.003,0.009999999999999998,0.007064285714285713,9,0,0.007000000000000001,0.01,0.017,0,0.015,0.008,0.023,0,0.019,0.007,0.026
emerging_haplotype,vic,region,2026-05-07,2026-05-21,14,North America,C.5.7,0.013,0.002,0.011,0.007678571428571429,9,0,0.006,0.01,0.016,0,0.013999999999999999,0.008,0.022,0,0.019000000000000003,0.006,0.025
emerging_haplotype,vic,region,2026-05-07,2026-05-28,21,North America,C.5.7,0.012,0.002,0.01,0.0067571428571428565,9,0,0.007000000000000001,0.009,0.016,0,0.014000000000000002,0.007,0.021,0,0.02,0.005,0.025
emerging_haplotype,vic,region,2026-05-07,2026-06-04,28,North America,C.5.7,0.011,0.003,0.008,0.005328571428571428,9,0,0.006999999999999999,0.008,0.015,0,0.014000000000000002,0.007,0.021,0,0.02,0.005,0.025
emerging_haplotype,vic,region,2026-05-07,2026-06-11,35,North America,C.5.7,0.01,0.004,0.006,0.003821428571428572,9,0,0.006,0.008,0.014,0,0.014,0.006,0.02,0,0.019,0.005,0.024
emerging_haplotype,vic,region,2026-05-07,2026-06-18,42,North America,C.5.7,0.01,0.0,0.01,0.0073,9,0,0.007,0.007,0.014,0,0.013,0.006,0.019,0,0.02,0.004,0.024
emerging_haplotype,vic,region,2026-05-07,2026-06-25,49,North America,C.5.7,0.009,0.0,0.009,0.006828571428571429,9,0,0.005999999999999999,0.007,0.013,0,0.013999999999999999,0.005,0.019,0,0.02,0.004,0.024
emerging_haplotype,vic,region,2026-05-07,2026-07-02,56,North America,C.5.7,0.008,0.0,0.008,0.006085714285714285,9,0,0.006,0.006,0.012,0,0.012999999999999998,0.005,0.018,0,0.02,0.003,0.023
emerging_haplotype,vic,region,2026-05-07,2026-07-09,63,North America,C.5.7,0.008,0.0,0.008,0.0058,9,0,0.006,0.006,0.012,0,0.013000000000000001,0.004,0.017,0,0.02,0.003,0.023
emerging_haplotype,vic,region,2026-05-07,2026-07-16,70,North America,C.5.7,0.007,0.0,0.007,0.005371428571428571,9,0,0.005999999999999999,0.005,0.011,0,0.013000000000000001,0.004,0.017,0,0.02,0.003,0.023
emerging_haplotype,vic,region,2026-05-07,2026-07-23,77,North America,C.5.7,0.007,0.0,0.007,0.0048000000000000004,9,0,0.005999999999999999,0.005,0.011,0,0.013000000000000001,0.003,0.016,0,0.019999999999999997,0.002,0.022
emerging_haplotype,vic,region,2026-05-07,2026-07-30,84,North America,C.5.7,0.006,0.0,0.006,0.004342857142857143,9,0,0.006,0.004,0.01,0,0.012,0.003,0.015,0,0.019999999999999997,0.002,0.022
emerging_haplotype,vic,region,2026-05-07,2026-08-06,91,North America,C.5.7,0.006,0.0,0.006,0.004335714285714286,9,0,0.006,0.004,0.01,0,0.012,0.003,0.015,0,0.019000000000000003,0.002,0.021
emerging_haplotype,vic,region,2026-05-07,2026-08-13,98,North America,C.5.7,0.005,0.0,0.005,0.0038357142857142856,9,0,0.004999999999999999,0.004,0.009,0,0.012,0.002,0.014,0,0.019000000000000003,0.002,0.021
emerging_haplotype,vic,region,2026-05-07,2026-05-14,7,North America,C.5.6,0.025,0.054,0.028999999999999998,0.022742857142857145,9,0,0.008,0.021,0.029,0,0.015000000000000003,0.019,0.034,0,0.024,0.014,0.038
emerging_haplotype,vic,region,2026-05-07,2026-05-21,14,North America,C.5.6,0.024,0.063,0.039,0.032235714285714284,9,0,0.008,0.02,0.028,0,0.017,0.017,0.034,0,0.025,0.013,0.038
emerging_haplotype,vic,region,2026-05-07,2026-05-28,21,North America,C.5.6,0.023,0.063,0.04,0.03274285714285714,9,0,0.009000000000000001,0.019,0.028,0,0.017,0.016,0.033,0,0.026,0.012,0.038
emerging_haplotype,vic,region,2026-05-07,2026-06-04,28,North America,C.5.6,0.022,0.076,0.054,0.04635714285714286,9,0,0.008,0.019,0.027,0,0.016,0.016,0.032,0,0.026,0.012,0.038
emerging_haplotype,vic,region,2026-05-07,2026-06-11,35,North America,C.5.6,0.022,0.084,0.062000000000000006,0.05493571428571429,9,0,0.008,0.018,0.026,0,0.016,0.015,0.031,0,0.027,0.011,0.038
emerging_haplotype,vic,region,2026-05-07,2026-06-18,42,North America,C.5.6,0.021,0.106,0.08499999999999999,0.07767857142857142,9,0,0.008,0.017,0.025,0,0.017,0.014,0.031,0,0.026999999999999996,0.01,0.037
emerging_haplotype,vic,region,2026-05-07,2026-06-25,49,North America,C.5.6,0.02,0.128,0.108,0.1004,9,0,0.008,0.016,0.024,0,0.017,0.013,0.03,0,0.027999999999999997,0.009,0.037
emerging_haplotype,vic,region,2026-05-07,2026-07-02,56,North America,C.5.6,0.019,0.13,0.111,0.1034,9,0,0.008,0.015,0.023,0,0.017,0.012,0.029,0,0.027999999999999997,0.008,0.036
emerging_haplotype,vic,region,2026-05-07,2026-07-09,63,North America,C.5.6,0.018,0.117,0.099,0.09117857142857143,9,0,0.009,0.014,0.023,0,0.017,0.011,0.028,0,0.027000000000000003,0.008,0.035
emerging_haplotype,vic,region,2026-05-07,2026-07-16,70,North America,C.5.6,0.017,0.136,0.11900000000000001,0.11087142857142858,9,0,0.009,0.013,0.022,0,0.016,0.011,0.027,0,0.028000000000000004,0.007,0.035
emerging_haplotype,vic,region,2026-05-07,2026-07-23,77,North America,C.5.6,0.016,0.103,0.087,0.0788,9,0,0.008000000000000002,0.013,0.021,0,0.016,0.01,0.026,0,0.028000000000000004,0.006,0.034
emerging_haplotype,vic,region,2026-05-07,2026-07-30,84,North America,C.5.6,0.016,0.105,0.089,0.08139285714285714,9,0,0.008,0.012,0.02,0,0.017,0.009,0.026,0,0.027000000000000003,0.006,0.033
emerging_haplotype,vic,region,2026-05-07,2026-08-06,91,North America,C.5.6,0.015,0.1,0.085,0.07715000000000001,9,0,0.009000000000000001,0.011,0.02,0,0.016,0.009,0.025,0,0.027,0.005,0.032
emerging_haplotype,vic,region,2026-05-07,2026-08-13,98,North America,C.5.6,0.014,0.167,0.153,0.14486428571428572,9,0,0.009,0.01,0.019,0,0.016,0.008,0.024,0,0.027,0.005,0.032
emerging_haplotype,vic,region,2026-05-07,2026-05-14,7,South America,C.3.1,0.18,0.668,0.48800000000000004,0.3587714285714286,9,0,0.16600000000000004,0.113,0.279,0,0.282,0.069,0.351,0,0.4,0.042,0.442
emerging_haplotype,vic,region,2026-05-07,2026-05-21,14,South America,C.3.1,0.173,0.68,0.5070000000000001,0.37336428571428576,9,0,0.16900000000000004,0.102,0.271,0,0.288,0.063,0.351,0,0.40900000000000003,0.037,0.446
emerging_haplotype,vic,region,2026-05-07,2026-05-28,21,South America,C.3.1,0.164,0.679,0.515,0.37441428571428576,9,0,0.17200000000000001,0.094,0.266,0,0.295,0.056,0.351,0,0.41800000000000004,0.032,0.45
emerging_haplotype,vic,region,2026-05-07,2026-06-04,28,South America,C.3.1,0.157,0.647,0.49,0.34410714285714283,9,0,0.17500000000000002,0.088,0.263,0,0.3,0.05,0.35,0,0.425,0.028,0.453
emerging_haplotype,vic,region,2026-05-07,2026-06-11,35,South America,C.3.1,0.15,0.642,0.492,0.34130000000000005,9,0,0.173,0.081,0.254,0,0.304,0.044,0.348,0,0.436,0.024,0.46
emerging_haplotype,vic,region,2026-05-07,2026-06-18,42,South America,C.3.1,0.143,0.629,0.486,0.3316928571428571,9,0,0.173,0.074,0.247,0,0.307,0.04,0.347,0,0.439,0.021,0.46
emerging_haplotype,vic,region,2026-05-07,2026-06-25,49,South America,C.3.1,0.136,0.595,0.45899999999999996,0.3011142857142857,9,0,0.174,0.067,0.241,0,0.308,0.036,0.344,0,0.444,0.017,0.461
emerging_haplotype,vic,region,2026-05-07,2026-07-02,56,South America,C.3.1,0.127,0.555,0.42800000000000005,0.2656071428571429,9,0,0.171,0.062,0.233,0,0.30700000000000005,0.032,0.339,0,0.447,0.015,0.462
emerging_haplotype,vic,region,2026-05-07,2026-07-09,63,South America,C.3.1,0.119,0.535,0.41600000000000004,0.24887857142857145,9,0,0.168,0.057,0.225,0,0.308,0.029,0.337,0,0.451,0.013,0.464
emerging_haplotype,vic,region,2026-05-07,2026-07-16,70,South America,C.3.1,0.111,0.519,0.40800000000000003,0.23589285714285713,9,0,0.16899999999999998,0.049,0.218,0,0.31,0.026,0.336,0,0.455,0.011,0.466
emerging_haplotype,vic,region,2026-05-07,2026-07-23,77,South America,C.3.1,0.105,0.565,0.45999999999999996,0.2841357142857142,9,0,0.16699999999999998,0.045,0.212,0,0.313,0.023,0.336,0,0.457,0.01,0.467
emerging_haplotype,vic,region,2026-05-07,2026-07-30,84,South America,C.3.1,0.097,0.5,0.403,0.2221857142857143,9,0,0.16499999999999998,0.041,0.206,0,0.314,0.02,0.334,0,0.46,0.008,0.468
emerging_haplotype,vic,region,2026-05-07,2026-08-06,91,South America,C.3.1,0.09,0.462,0.372,0.18880714285714287,9,0,0.163,0.037,0.2,0,0.315,0.018,0.333,1,0.46299999999999997,0.006,0.469
emerging_haplotype,vic,region,2026-05-07,2026-08-13,98,South America,C.3.1,0.085,1.0,0.915,0.7281857142857143,9,0,0.161,0.033,0.194,0,0.313,0.016,0.329,0,0.46399999999999997,0.005,0.469
emerging_haplotype,vic,region,2026-05-07,2026-05-14,7,South America,C.3.3,0.002,0.043,0.040999999999999995,0.01770714285714286,9,0,0.015,0.0,0.015,1,0.053,0.0,0.053,1,0.177,0.0,0.177
emerging_haplotype,vic,region,2026-05-07,2026-05-21,14,South America,C.3.3,0.002,0.039,0.037,0.01597142857142857,9,0,0.017,0.0,0.017,1,0.062,0.0,0.062,1,0.198,0.0,0.198
emerging_haplotype,vic,region,2026-05-07,2026-05-28,21,South America,C.3.3,0.003,0.032,0.029,0.012935714285714286,9,0,0.019,0.0,0.019,1,0.075,0.0,0.075,1,0.221,0.0,0.221
emerging_haplotype,vic,region,2026-05-07,2026-06-04,28,South America,C.3.3,0.003,0.045,0.041999999999999996,0.018557142857142855,9,0,0.022,0.0,0.022,1,0.093,0.0,0.093,1,0.246,0.0,0.246
emerging_haplotype,vic,region,2026-05-07,2026-06-11,35,South America,C.3.3,0.003,0.042,0.039,0.016971428571428575,9,0,0.026,0.0,0.026,1,0.106,0.0,0.106,1,0.272,0.0,0.272
emerging_haplotype,vic,region,2026-05-07,2026-06-18,42,South America,C.3.3,0.003,0.059,0.055999999999999994,0.024392857142857143,9,0,0.029,0.0,0.029,1,0.121,0.0,0.121,1,0.321,0.0,0.321
emerging_haplotype,vic,region,2026-05-07,2026-06-25,49,South America,C.3.3,0.003,0.054,0.051,0.022092857142857143,9,0,0.033,0.0,0.033,1,0.135,0.0,0.135,1,0.363,0.0,0.363
emerging_haplotype,vic,region,2026-05-07,2026-07-02,56,South America,C.3.3,0.004,0.064,0.06,0.026164285714285716,9,0,0.037,0.0,0.037,1,0.153,0.0,0.153,1,0.401,0.0,0.401
emerging_haplotype,vic,region,2026-05-07,2026-07-09,63,South America,C.3.3,0.004,0.071,0.06699999999999999,0.02901428571428571,9,0,0.041,0.0,0.041,1,0.167,0.0,0.167,1,0.444,0.0,0.444
emerging_haplotype,vic,region,2026-05-07,2026-07-16,70,South America,C.3.3,0.004,0.076,0.072,0.030978571428571428,9,0,0.046,0.0,0.046,1,0.182,0.0,0.182,1,0.509,0.0,0.509
emerging_haplotype,vic,region,2026-05-07,2026-07-23,77,South America,C.3.3,0.004,0.043,0.03899999999999999,0.018964285714285715,9,1,0.051,0.0,0.051,1,0.198,0.0,0.198,1,0.573,0.0,0.573
emerging_haplotype,vic,region,2026-05-07,2026-07-30,84,South America,C.3.3,0.005,0.077,0.072,0.030792857142857146,9,0,0.057,0.0,0.057,1,0.223,0.0,0.223,1,0.609,0.0,0.609
emerging_haplotype,vic,region,2026-05-07,2026-08-06,91,South America,C.3.3,0.005,0.0,0.005,0.016964285714285716,9,1,0.064,0.0,0.064,1,0.249,0.0,0.249,1,0.639,0.0,0.639
emerging_haplotype,vic,region,2026-05-07,2026-08-13,98,South America,C.3.3,0.005,0.0,0.005,0.01875714285714286,9,1,0.073,0.0,0.073,1,0.282,0.0,0.282,1,0.668,0.0,0.668
emerging_haplotype,vic,region,2026-05-07,2026-05-14,7,South America,C.5.1,0.079,0.013,0.066,0.03707857142857144,9,0,0.074,0.046,0.12,0,0.148,0.032,0.18,0,0.219,0.019,0.238
emerging_haplotype,vic,region,2026-05-07,2026-05-21,14,South America,C.5.1,0.071,0.013,0.057999999999999996,0.03186428571428572,9,0,0.07300000000000001,0.04,0.113,0,0.139,0.028,0.167,0,0.21500000000000002,0.016,0.231
emerging_haplotype,vic,region,2026-05-07,2026-05-28,21,South America,C.5.1,0.064,0.009,0.055,0.030771428571428568,9,0,0.068,0.036,0.104,0,0.129,0.023,0.152,0,0.212,0.013,0.225
emerging_haplotype,vic,region,2026-05-07,2026-06-04,28,South America,C.5.1,0.058,0.0,0.058,0.03559285714285714,9,0,0.063,0.032,0.095,0,0.126,0.019,0.145,0,0.209,0.011,0.22
emerging_haplotype,vic,region,2026-05-07,2026-06-11,35,South America,C.5.1,0.052,0.0,0.052,0.03177857142857143,9,0,0.06,0.028,0.088,0,0.12100000000000001,0.016,0.137,0,0.205,0.009,0.214
emerging_haplotype,vic,region,2026-05-07,2026-06-18,42,South America,C.5.1,0.047,0.0,0.047,0.028542857142857144,9,0,0.055,0.025,0.08,0,0.116,0.014,0.13,0,0.20199999999999999,0.007,0.209
emerging_haplotype,vic,region,2026-05-07,2026-06-25,49,South America,C.5.1,0.042,0.0,0.042,0.02553571428571429,9,0,0.05299999999999999,0.021,0.074,0,0.112,0.012,0.124,0,0.197,0.006,0.203
emerging_haplotype,vic,region,2026-05-07,2026-07-02,56,South America,C.5.1,0.038,0.0,0.038,0.022692857142857143,9,0,0.048,0.018,0.066,0,0.10600000000000001,0.01,0.116,0,0.193,0.005,0.198
emerging_haplotype,vic,region,2026-05-07,2026-07-09,63,South America,C.5.1,0.034,0.0,0.034,0.020114285714285713,9,0,0.046,0.015,0.061,0,0.10200000000000001,0.008,0.11,0,0.188,0.004,0.192
emerging_haplotype,vic,region,2026-05-07,2026-07-16,70,South America,C.5.1,0.031,0.0,0.031,0.018321428571428572,9,0,0.041,0.013,0.054,0,0.09799999999999999,0.007,0.105,0,0.183,0.004,0.187
emerging_haplotype,vic,region,2026-05-07,2026-07-23,77,South America,C.5.1,0.027,0.0,0.027,0.016171428571428573,9,0,0.037000000000000005,0.011,0.048,0,0.094,0.006,0.1,0,0.178,0.003,0.181
emerging_haplotype,vic,region,2026-05-07,2026-07-30,84,South America,C.5.1,0.024,0.0,0.024,0.014314285714285713,9,0,0.034999999999999996,0.009,0.044,0,0.09,0.005,0.095,0,0.174,0.002,0.176
emerging_haplotype,vic,region,2026-05-07,2026-08-06,91,South America,C.5.1,0.021,0.0,0.021,0.012885714285714289,9,0,0.032,0.008,0.04,0,0.08399999999999999,0.004,0.088,0,0.168,0.002,0.17
emerging_haplotype,vic,region,2026-05-07,2026-08-13,98,South America,C.5.1,0.018,0.0,0.018,0.011471428571428573,9,0,0.028999999999999998,0.007,0.036,0,0.078,0.004,0.082,0,0.164,0.001,0.165
emerging_haplotype,vic,region,2026-05-07,2026-05-14,7,South America,C.5.6.1,0.018,0.03,0.012,0.005721428571428572,9,1,0.026000000000000002,0.009,0.035,1,0.052000000000000005,0.005,0.057,1,0.093,0.003,0.096
emerging_haplotype,vic,region,2026-05-07,2026-05-21,14,South America,C.5.6.1,0.015,0.03,0.015,0.005864285714285713,9,1,0.024,0.008,0.032,1,0.048,0.004,0.052,1,0.089,0.002,0.091
emerging_haplotype,vic,region,2026-05-07,2026-05-28,21,South America,C.5.6.1,0.013,0.032,0.019000000000000003,0.007,9,0,0.022000000000000002,0.007,0.029,1,0.044,0.004,0.048,1,0.08399999999999999,0.002,0.086
emerging_haplotype,vic,region,2026-05-07,2026-06-04,28,South America,C.5.6.1,0.011,0.036,0.024999999999999998,0.009607142857142856,9,0,0.019999999999999997,0.006,0.026,1,0.040999999999999995,0.003,0.044,1,0.081,0.001,0.082
emerging_haplotype,vic,region,2026-05-07,2026-06-11,35,South America,C.5.6.1,0.01,0.024,0.014,0.005021428571428572,9,1,0.019,0.005,0.024,1,0.039,0.003,0.042,1,0.077,0.001,0.078
emerging_haplotype,vic,region,2026-05-07,2026-06-18,42,South America,C.5.6.1,0.009,0.032,0.023,0.008971428571428573,9,0,0.018,0.004,0.022,1,0.036,0.002,0.038,1,0.072,0.001,0.073
emerging_haplotype,vic,region,2026-05-07,2026-06-25,49,South America,C.5.6.1,0.007,0.034,0.027000000000000003,0.010714285714285714,9,0,0.016,0.003,0.019,1,0.033,0.002,0.035,1,0.068,0.001,0.069
emerging_haplotype,vic,region,2026-05-07,2026-07-02,56,South America,C.5.6.1,0.006,0.018,0.011999999999999999,0.00435,9,0,0.014000000000000002,0.003,0.017,1,0.031,0.001,0.032,1,0.065,0.0,0.065
emerging_haplotype,vic,region,2026-05-07,2026-07-09,63,South America,C.5.6.1,0.005,0.02,0.015,0.005742857142857144,9,0,0.013,0.002,0.015,1,0.028,0.001,0.029,1,0.062,0.0,0.062
emerging_haplotype,vic,region,2026-05-07,2026-07-16,70,South America,C.5.6.1,0.005,0.025,0.02,0.007985714285714285,9,0,0.012,0.002,0.014,1,0.024999999999999998,0.001,0.026,1,0.058,0.0,0.058
emerging_haplotype,vic,region,2026-05-07,2026-07-23,77,South America,C.5.6.1,0.004,0.022,0.018,0.007164285714285714,9,0,0.01,0.002,0.012,1,0.022,0.001,0.023,1,0.055,0.0,0.055
emerging_haplotype,vic,region,2026-05-07,2026-07-30,84,South America,C.5.6.1,0.004,0.038,0.034,0.019078571428571427,9,0,0.009999999999999998,0.001,0.011,0,0.02,0.001,0.021,1,0.051,0.0,0.051
emerging_haplotype,vic,region,2026-05-07,2026-08-06,91,South America,C.5.6.1,0.003,0.0,0.003,0.0022428571428571432,9,0,0.009000000000000001,0.001,0.01,1,0.019,0.0,0.019,1,0.048,0.0,0.048
emerging_haplotype,vic,region,2026-05-07,2026-08-13,98,South America,C.5.6.1,0.003,0.0,0.003,0.0020928571428571433,9,0,0.008,0.001,0.009,1,0.017,0.0,0.017,1,0.045,0.0,0.045
emerging_haplotype,vic,region,2026-05-07,2026-05-14,7,South America,C.5.6.1:241Q,0.0,0.043,0.043,0.027849999999999996,9,0,0.002,0.0,0.002,0,0.011,0.0,0.011,1,0.055,0.0,0.055
emerging_haplotype,vic,region,2026-05-07,2026-05-21,14,South America,C.5.6.1:241Q,0.0,0.048,0.048,0.03121428571428572,9,0,0.002,0.0,0.002,0,0.012,0.0,0.012,1,0.062,0.0,0.062
emerging_haplotype,vic,region,2026-05-07,2026-05-28,21,South America,C.5.6.1:241Q,0.0,0.054,0.054,0.035042857142857146,9,0,0.002,0.0,0.002,0,0.014,0.0,0.014,1,0.07,0.0,0.07
emerging_haplotype,vic,region,2026-05-07,2026-06-04,28,South America,C.5.6.1:241Q,0.0,0.063,0.063,0.04080714285714286,9,0,0.003,0.0,0.003,0,0.016,0.0,0.016,1,0.079,0.0,0.079
emerging_haplotype,vic,region,2026-05-07,2026-06-11,35,South America,C.5.6.1:241Q,0.0,0.075,0.075,0.049185714285714284,9,0,0.003,0.0,0.003,0,0.017,0.0,0.017,1,0.088,0.0,0.088
emerging_haplotype,vic,region,2026-05-07,2026-06-18,42,South America,C.5.6.1:241Q,0.0,0.065,0.065,0.04135,9,0,0.003,0.0,0.003,0,0.02,0.0,0.02,1,0.099,0.0,0.099
emerging_haplotype,vic,region,2026-05-07,2026-06-25,49,South America,C.5.6.1:241Q,0.0,0.074,0.074,0.04732857142857143,9,0,0.003,0.0,0.003,0,0.022,0.0,0.022,1,0.108,0.0,0.108
emerging_haplotype,vic,region,2026-05-07,2026-07-02,56,South America,C.5.6.1:241Q,0.0,0.082,0.082,0.05260714285714286,9,0,0.003,0.0,0.003,0,0.024,0.0,0.024,1,0.119,0.0,0.119
emerging_haplotype,vic,region,2026-05-07,2026-07-09,63,South America,C.5.6.1:241Q,0.0,0.081,0.081,0.05094285714285714,9,0,0.003,0.0,0.003,0,0.028,0.0,0.028,1,0.13,0.0,0.13
emerging_haplotype,vic,region,2026-05-07,2026-07-16,70,South America,C.5.6.1:241Q,0.0,0.076,0.076,0.04668571428571428,9,0,0.003,0.0,0.003,0,0.031,0.0,0.031,1,0.142,0.0,0.142
emerging_haplotype,vic,region,2026-05-07,2026-07-23,77,South America,C.5.6.1:241Q,0.0,0.087,0.087,0.054371428571428564,9,0,0.003,0.0,0.003,0,0.032,0.0,0.032,1,0.154,0.0,0.154
emerging_haplotype,vic,region,2026-05-07,2026-07-30,84,South America,C.5.6.1:241Q,0.0,0.038,0.038,0.018914285714285717,9,0,0.004,0.0,0.004,0,0.033,0.0,0.033,1,0.156,0.0,0.156
emerging_haplotype,vic,region,2026-05-07,2026-08-06,91,South America,C.5.6.1:241Q,0.0,0.077,0.077,0.04649999999999999,9,0,0.004,0.0,0.004,0,0.034,0.0,0.034,1,0.154,0.0,0.154
emerging_haplotype,vic,region,2026-05-07,2026-08-13,98,South America,C.5.6.1:241Q,0.0,0.0,0.0,0.002578571428571429,9,1,0.004,0.0,0.004,1,0.038,0.0,0.038,1,0.169,0.0,0.169
emerging_haplotype,vic,region,2026-05-07,2026-05-14,7,South America,C.5.6:75E,0.028,0.064,0.036000000000000004,0.0159,9,1,0.06,0.012,0.072,1,0.148,0.005,0.153,1,0.314,0.002,0.316
emerging_haplotype,vic,region,2026-05-07,2026-05-21,14,South America,C.5.6:75E,0.027,0.056,0.029,0.015192857142857145,9,1,0.061,0.011,0.072,1,0.152,0.004,0.156,1,0.329,0.001,0.33
emerging_haplotype,vic,region,2026-05-07,2026-05-28,21,South America,C.5.6:75E,0.026,0.05,0.024000000000000004,0.01477857142857143,9,1,0.06099999999999999,0.01,0.071,1,0.158,0.004,0.162,1,0.347,0.001,0.348
emerging_haplotype,vic,region,2026-05-07,2026-06-04,28,South America,C.5.6:75E,0.024,0.063,0.039,0.017392857142857147,9,1,0.063,0.009,0.072,1,0.165,0.003,0.168,1,0.365,0.001,0.366
emerging_haplotype,vic,region,2026-05-07,2026-06-11,35,South America,C.5.6:75E,0.023,0.057,0.034,0.016992857142857143,9,1,0.064,0.008,0.072,1,0.17099999999999999,0.003,0.174,1,0.375,0.001,0.376
emerging_haplotype,vic,region,2026-05-07,2026-06-18,42,South America,C.5.6:75E,0.022,0.054,0.032,0.01690714285714286,9,1,0.063,0.007,0.07,1,0.178,0.002,0.18,1,0.385,0.001,0.386
emerging_haplotype,vic,region,2026-05-07,2026-06-25,49,South America,C.5.6:75E,0.02,0.074,0.05399999999999999,0.022049999999999997,9,0,0.060000000000000005,0.007,0.067,1,0.181,0.002,0.183,1,0.403,0.001,0.404
emerging_haplotype,vic,region,2026-05-07,2026-07-02,56,South America,C.5.6:75E,0.019,0.1,0.081,0.03406428571428572,9,0,0.059000000000000004,0.006,0.065,1,0.184,0.002,0.186,1,0.423,0.0,0.423
emerging_haplotype,vic,region,2026-05-07,2026-07-09,63,South America,C.5.6:75E,0.018,0.111,0.093,0.03975,9,0,0.058,0.005,0.063,1,0.191,0.001,0.192,1,0.441,0.0,0.441
emerging_haplotype,vic,region,2026-05-07,2026-07-16,70,South America,C.5.6:75E,0.017,0.127,0.11,0.04763571428571429,9,0,0.055,0.005,0.06,1,0.195,0.001,0.196,1,0.459,0.0,0.459
emerging_haplotype,vic,region,2026-05-07,2026-07-23,77,South America,C.5.6:75E,0.016,0.087,0.071,0.03177857142857143,9,0,0.052000000000000005,0.004,0.056,1,0.198,0.001,0.199,1,0.477,0.0,0.477
emerging_haplotype,vic,region,2026-05-07,2026-07-30,84,South America,C.5.6:75E,0.015,0.115,0.1,0.044578571428571426,9,0,0.05,0.004,0.054,1,0.202,0.001,0.203,1,0.493,0.0,0.493
emerging_haplotype,vic,region,2026-05-07,2026-08-06,91,South America,C.5.6:75E,0.014,0.154,0.13999999999999999,0.061842857142857144,9,0,0.049,0.004,0.053,1,0.205,0.001,0.206,1,0.508,0.0,0.508
emerging_haplotype,vic,region,2026-05-07,2026-08-13,98,South America,C.5.6:75E,0.013,0.0,0.013,0.016142857142857143,9,0,0.048999999999999995,0.003,0.052,0,0.207,0.001,0.208,1,0.522,0.0,0.522
emerging_haplotype,vic,region,2026-05-07,2026-05-14,7,South America,C.5.7,0.463,0.081,0.382,0.2471357142857143,9,0,0.22999999999999998,0.349,0.579,0,0.405,0.26,0.665,0,0.5589999999999999,0.196,0.755
emerging_haplotype,vic,region,2026-05-07,2026-05-21,14,South America,C.5.7,0.471,0.078,0.39299999999999996,0.2502785714285714,9,0,0.243,0.351,0.594,0,0.43100000000000005,0.254,0.685,0,0.585,0.19,0.775
emerging_haplotype,vic,region,2026-05-07,2026-05-28,21,South America,C.5.7,0.476,0.081,0.39499999999999996,0.2476285714285714,9,0,0.25,0.355,0.605,0,0.45499999999999996,0.248,0.703,0,0.6080000000000001,0.186,0.794
emerging_haplotype,vic,region,2026-05-07,2026-06-04,28,South America,C.5.7,0.485,0.081,0.40399999999999997,0.2453642857142857,9,0,0.263,0.354,0.617,0,0.481,0.241,0.722,0,0.637,0.175,0.812
emerging_haplotype,vic,region,2026-05-07,2026-06-11,35,South America,C.5.7,0.493,0.085,0.408,0.24059999999999995,9,0,0.275,0.355,0.63,0,0.498,0.237,0.735,0,0.6619999999999999,0.166,0.828
emerging_haplotype,vic,region,2026-05-07,2026-06-18,42,South America,C.5.7,0.497,0.086,0.41100000000000003,0.2364928571428572,9,0,0.28800000000000003,0.354,0.642,0,0.521,0.227,0.748,0,0.6849999999999999,0.158,0.843
emerging_haplotype,vic,region,2026-05-07,2026-06-25,49,South America,C.5.7,0.507,0.074,0.433,0.24680714285714286,9,0,0.29900000000000004,0.355,0.654,0,0.539,0.219,0.758,0,0.707,0.149,0.856
emerging_haplotype,vic,region,2026-05-07,2026-07-02,56,South America,C.5.7,0.517,0.073,0.444,0.24614285714285716,9,0,0.30600000000000005,0.356,0.662,0,0.558,0.212,0.77,0,0.728,0.14,0.868
emerging_haplotype,vic,region,2026-05-07,2026-07-09,63,South America,C.5.7,0.526,0.061,0.465,0.25611428571428574,9,0,0.31500000000000006,0.357,0.672,0,0.5730000000000001,0.209,0.782,0,0.754,0.126,0.88
emerging_haplotype,vic,region,2026-05-07,2026-07-16,70,South America,C.5.7,0.523,0.051,0.47200000000000003,0.26197857142857145,9,0,0.31900000000000006,0.356,0.675,0,0.5880000000000001,0.205,0.793,0,0.775,0.115,0.89
emerging_haplotype,vic,region,2026-05-07,2026-07-23,77,South America,C.5.7,0.529,0.043,0.48600000000000004,0.2654357142857143,9,0,0.32500000000000007,0.354,0.679,0,0.609,0.195,0.804,0,0.795,0.104,0.899
emerging_haplotype,vic,region,2026-05-07,2026-07-30,84,South America,C.5.7,0.533,0.038,0.49500000000000005,0.26675714285714286,9,0,0.33599999999999997,0.354,0.69,0,0.6279999999999999,0.185,0.813,0,0.8140000000000001,0.094,0.908
emerging_haplotype,vic,region,2026-05-07,2026-08-06,91,South America,C.5.7,0.537,0.0,0.537,0.29744285714285706,9,0,0.352,0.346,0.698,0,0.6459999999999999,0.175,0.821,0,0.8380000000000001,0.078,0.916
emerging_haplotype,vic,region,2026-05-07,2026-08-13,98,South America,C.5.7,0.542,0.0,0.542,0.2918785714285715,9,0,0.36399999999999993,0.341,0.705,0,0.6609999999999999,0.167,0.828,0,0.859,0.064,0.923
emerging_haplotype,vic,region,2026-05-07,2026-05-14,7,South America,C.5.6,0.106,0.06,0.046,0.02285714285714286,9,0,0.099,0.067,0.166,1,0.177,0.05,0.227,1,0.30200000000000005,0.035,0.337
emerging_haplotype,vic,region,2026-05-07,2026-05-21,14,South America,C.5.6,0.104,0.056,0.047999999999999994,0.024357142857142855,9,0,0.10300000000000001,0.065,0.168,1,0.186,0.048,0.234,1,0.31599999999999995,0.033,0.349
emerging_haplotype,vic,region,2026-05-07,2026-05-28,21,South America,C.5.6,0.102,0.063,0.03899999999999999,0.021442857142857145,9,0,0.10799999999999998,0.064,0.172,1,0.193,0.046,0.239,1,0.32999999999999996,0.032,0.362
emerging_haplotype,vic,region,2026-05-07,2026-06-04,28,South America,C.5.6,0.102,0.063,0.03899999999999999,0.021785714285714287,9,1,0.11299999999999999,0.062,0.175,1,0.199,0.044,0.243,1,0.344,0.03,0.374
emerging_haplotype,vic,region,2026-05-07,2026-06-11,35,South America,C.5.6,0.101,0.075,0.02600000000000001,0.020592857142857142,9,1,0.11599999999999999,0.061,0.177,1,0.211,0.041,0.252,1,0.359,0.028,0.387
emerging_haplotype,vic,region,2026-05-07,2026-06-18,42,South America,C.5.6,0.101,0.07,0.031,0.02170714285714286,9,1,0.11699999999999999,0.059,0.176,1,0.219,0.039,0.258,1,0.373,0.026,0.399
emerging_haplotype,vic,region,2026-05-07,2026-06-25,49,South America,C.5.6,0.101,0.088,0.013000000000000012,0.019600000000000003,9,1,0.12,0.057,0.177,1,0.224,0.038,0.262,1,0.38799999999999996,0.023,0.411
emerging_haplotype,vic,region,2026-05-07,2026-07-02,56,South America,C.5.6,0.098,0.1,0.0020000000000000018,0.0187,9,1,0.124,0.055,0.179,1,0.234,0.036,0.27,1,0.40199999999999997,0.021,0.423
emerging_haplotype,vic,region,2026-05-07,2026-07-09,63,South America,C.5.6,0.096,0.111,0.015,0.02117142857142857,9,1,0.128,0.053,0.181,1,0.24200000000000002,0.034,0.276,1,0.416,0.019,0.435
emerging_haplotype,vic,region,2026-05-07,2026-07-16,70,South America,C.5.6,0.095,0.114,0.019000000000000003,0.02222857142857143,9,1,0.128,0.05,0.178,1,0.254,0.033,0.287,1,0.436,0.017,0.453
emerging_haplotype,vic,region,2026-05-07,2026-07-23,77,South America,C.5.6,0.093,0.13,0.037000000000000005,0.02522857142857143,9,1,0.131,0.048,0.179,1,0.257,0.03,0.287,1,0.45399999999999996,0.016,0.47
emerging_haplotype,vic,region,2026-05-07,2026-07-30,84,South America,C.5.6,0.092,0.154,0.062,0.029400000000000003,9,1,0.135,0.046,0.181,1,0.26299999999999996,0.029,0.292,1,0.474,0.014,0.488
emerging_haplotype,vic,region,2026-05-07,2026-08-06,91,South America,C.5.6,0.09,0.308,0.218,0.0920857142857143,9,0,0.136,0.043,0.179,0,0.26999999999999996,0.027,0.297,1,0.492,0.013,0.505
emerging_haplotype,vic,region,2026-05-07,2026-08-13,98,South America,C.5.6,0.088,0.0,0.088,0.05575000000000001,9,0,0.13699999999999998,0.041,0.178,0,0.27099999999999996,0.025,0.296,0,0.511,0.011,0.522
emerging_haplotype,vic,region,2026-05-07,2026-05-14,7,Southeast Asia,C.3.1,0.0,0.013,0.013,0.007449999999999999,9,0,0.001,0.0,0.001,0,0.007,0.0,0.007,1,0.025,0.0,0.025
emerging_haplotype,vic,region,2026-05-07,2026-05-21,14,Southeast Asia,C.3.1,0.0,0.013,0.013,0.007464285714285714,9,0,0.001,0.0,0.001,0,0.007,0.0,0.007,1,0.027,0.0,0.027
emerging_haplotype,vic,region,2026-05-07,2026-05-28,21,Southeast Asia,C.3.1,0.0,0.0,0.0,0.0005000000000000002,9,1,0.001,0.0,0.001,1,0.007,0.0,0.007,1,0.032,0.0,0.032
emerging_haplotype,vic,region,2026-05-07,2026-06-04,28,Southeast Asia,C.3.1,0.0,0.0,0.0,0.000542857142857143,9,1,0.001,0.0,0.001,1,0.007,0.0,0.007,1,0.038,0.0,0.038
emerging_haplotype,vic,region,2026-05-07,2026-06-11,35,Southeast Asia,C.3.1,0.0,0.0,0.0,0.0005857142857142859,9,1,0.001,0.0,0.001,1,0.007,0.0,0.007,1,0.044,0.0,0.044
emerging_haplotype,vic,region,2026-05-07,2026-06-18,42,Southeast Asia,C.3.1,0.0,0.0,0.0,0.0006000000000000004,9,1,0.001,0.0,0.001,1,0.007,0.0,0.007,1,0.046,0.0,0.046
emerging_haplotype,vic,region,2026-05-07,2026-06-25,49,Southeast Asia,C.3.1,0.0,0.0,0.0,0.0006285714285714287,9,1,0.001,0.0,0.001,1,0.008,0.0,0.008,1,0.046,0.0,0.046
emerging_haplotype,vic,region,2026-05-07,2026-07-02,56,Southeast Asia,C.3.1,0.0,0.0,0.0,0.0006285714285714287,9,1,0.001,0.0,0.001,1,0.008,0.0,0.008,1,0.046,0.0,0.046
emerging_haplotype,vic,region,2026-05-07,2026-07-09,63,Southeast Asia,C.3.1,0.0,0.0,0.0,0.0006285714285714287,9,1,0.001,0.0,0.001,1,0.008,0.0,0.008,1,0.046,0.0,0.046
emerging_haplotype,vic,region,2026-05-07,2026-07-16,70,Southeast Asia,C.3.1,0.0,0.0,0.0,0.0006571428571428573,9,1,0.001,0.0,0.001,1,0.008,0.0,0.008,1,0.05,0.0,0.05
emerging_haplotype,vic,region,2026-05-07,2026-07-23,77,Southeast Asia,C.3.1,0.0,0.0,0.0,0.0006500000000000003,9,1,0.001,0.0,0.001,1,0.008,0.0,0.008,1,0.049,0.0,0.049
emerging_haplotype,vic,region,2026-05-07,2026-07-30,84,Southeast Asia,C.3.1,0.0,0.0,0.0,0.0006428571428571431,9,1,0.001,0.0,0.001,1,0.008,0.0,0.008,1,0.048,0.0,0.048
emerging_haplotype,vic,region,2026-05-07,2026-08-06,91,Southeast Asia,C.3.1,0.0,0.0,0.0,0.000635714285714286,9,1,0.001,0.0,0.001,1,0.008,0.0,0.008,1,0.047,0.0,0.047
emerging_haplotype,vic,region,2026-05-07,2026-08-13,98,Southeast Asia,C.3.1,0.0,0.0,0.0,0.0006214285714285716,9,1,0.001,0.0,0.001,1,0.008,0.0,0.008,1,0.045,0.0,0.045
emerging_haplotype,vic,region,2026-05-07,2026-05-14,7,Southeast Asia,C.3.3,0.11,0.038,0.07200000000000001,0.03452857142857143,9,0,0.11000000000000001,0.061,0.171,1,0.255,0.031,0.286,1,0.354,0.017,0.371
emerging_haplotype,vic,region,2026-05-07,2026-05-21,14,Southeast Asia,C.3.3,0.12,0.027,0.093,0.045821428571428575,9,0,0.13,0.064,0.194,0,0.29300000000000004,0.032,0.325,1,0.40299999999999997,0.016,0.419
emerging_haplotype,vic,region,2026-05-07,2026-05-28,21,Southeast Asia,C.3.3,0.129,0.014,0.115,0.06088571428571428,9,0,0.149,0.068,0.217,0,0.32799999999999996,0.033,0.361,0,0.46199999999999997,0.015,0.477
emerging_haplotype,vic,region,2026-05-07,2026-06-04,28,Southeast Asia,C.3.3,0.14,0.016,0.12400000000000001,0.06472857142857143,9,0,0.16699999999999998,0.071,0.238,0,0.368,0.034,0.402,1,0.52,0.014,0.534
emerging_haplotype,vic,region,2026-05-07,2026-06-11,35,Southeast Asia,C.3.3,0.15,0.019,0.131,0.06825,9,0,0.185,0.076,0.261,0,0.41700000000000004,0.033,0.45,1,0.577,0.014,0.591
emerging_haplotype,vic,region,2026-05-07,2026-06-18,42,Southeast Asia,C.3.3,0.16,0.02,0.14,0.07302857142857143,9,0,0.20899999999999996,0.079,0.288,0,0.45499999999999996,0.033,0.488,1,0.634,0.013,0.647
emerging_haplotype,vic,region,2026-05-07,2026-06-25,49,Southeast Asia,C.3.3,0.177,0.0,0.177,0.09721428571428571,9,0,0.23399999999999999,0.082,0.316,0,0.49,0.033,0.523,0,0.69,0.012,0.702
emerging_haplotype,vic,region,2026-05-07,2026-07-02,56,Southeast Asia,C.3.3,0.191,0.031,0.16,0.07885714285714286,9,0,0.26,0.087,0.347,0,0.5349999999999999,0.034,0.569,1,0.74,0.012,0.752
emerging_haplotype,vic,region,2026-05-07,2026-07-09,63,Southeast Asia,C.3.3,0.204,0.038,0.16599999999999998,0.08105,9,0,0.28800000000000003,0.09,0.378,1,0.571,0.032,0.603,1,0.783,0.012,0.795
emerging_haplotype,vic,region,2026-05-07,2026-07-16,70,Southeast Asia,C.3.3,0.219,0.04,0.179,0.08613571428571429,9,0,0.31699999999999995,0.092,0.409,1,0.602,0.032,0.634,1,0.821,0.012,0.833
emerging_haplotype,vic,region,2026-05-07,2026-07-23,77,Southeast Asia,C.3.3,0.233,0.053,0.18000000000000002,0.08555,9,0,0.34099999999999997,0.093,0.434,1,0.63,0.031,0.661,1,0.847,0.012,0.859
emerging_haplotype,vic,region,2026-05-07,2026-07-30,84,Southeast Asia,C.3.3,0.248,0.056,0.192,0.08924285714285714,9,0,0.364,0.094,0.458,1,0.6569999999999999,0.031,0.688,1,0.866,0.011,0.877
emerging_haplotype,vic,region,2026-05-07,2026-08-06,91,Southeast Asia,C.3.3,0.262,0.083,0.179,0.08392857142857142,9,0,0.397,0.097,0.494,1,0.688,0.03,0.718,1,0.888,0.01,0.898
emerging_haplotype,vic,region,2026-05-07,2026-08-13,98,Southeast Asia,C.3.3,0.28,0.1,0.18000000000000002,0.08378571428571427,9,0,0.42500000000000004,0.103,0.528,1,0.713,0.029,0.742,1,0.908,0.009,0.917
emerging_haplotype,vic,region,2026-05-07,2026-05-14,7,Southeast Asia,C.5.1,0.106,0.0,0.106,0.06792142857142856,9,0,0.10799999999999998,0.064,0.172,0,0.26,0.038,0.298,0,0.38899999999999996,0.02,0.409
emerging_haplotype,vic,region,2026-05-07,2026-05-21,14,Southeast Asia,C.5.1,0.113,0.0,0.113,0.07159285714285714,9,0,0.122,0.066,0.188,0,0.29500000000000004,0.038,0.333,0,0.443,0.019,0.462
emerging_haplotype,vic,region,2026-05-07,2026-05-28,21,Southeast Asia,C.5.1,0.121,0.0,0.121,0.07519285714285716,9,0,0.13799999999999998,0.068,0.206,0,0.328,0.037,0.365,0,0.495,0.018,0.513
emerging_haplotype,vic,region,2026-05-07,2026-06-04,28,Southeast Asia,C.5.1,0.13,0.0,0.13,0.0786,9,0,0.14500000000000002,0.071,0.216,0,0.362,0.035,0.397,0,0.5459999999999999,0.018,0.564
emerging_haplotype,vic,region,2026-05-07,2026-06-11,35,Southeast Asia,C.5.1,0.137,0.0,0.137,0.08231428571428571,9,0,0.15600000000000003,0.073,0.229,0,0.41600000000000004,0.034,0.45,0,0.6,0.017,0.617
emerging_haplotype,vic,region,2026-05-07,2026-06-18,42,Southeast Asia,C.5.1,0.144,0.02,0.12399999999999999,0.06720714285714284,9,0,0.16499999999999998,0.077,0.242,0,0.45699999999999996,0.033,0.49,1,0.651,0.016,0.667
emerging_haplotype,vic,region,2026-05-07,2026-06-25,49,Southeast Asia,C.5.1,0.149,0.027,0.122,0.06472142857142858,9,0,0.178,0.078,0.256,0,0.486,0.031,0.517,1,0.697,0.015,0.712
emerging_haplotype,vic,region,2026-05-07,2026-07-02,56,Southeast Asia,C.5.1,0.155,0.031,0.124,0.06561428571428572,9,0,0.196,0.079,0.275,0,0.512,0.032,0.544,1,0.738,0.013,0.751
emerging_haplotype,vic,region,2026-05-07,2026-07-09,63,Southeast Asia,C.5.1,0.161,0.038,0.123,0.0657642857142857,9,0,0.21499999999999997,0.08,0.295,1,0.5359999999999999,0.032,0.568,1,0.773,0.012,0.785
emerging_haplotype,vic,region,2026-05-07,2026-07-16,70,Southeast Asia,C.5.1,0.163,0.04,0.123,0.06718571428571428,9,0,0.22699999999999998,0.08,0.307,1,0.568,0.032,0.6,1,0.8039999999999999,0.011,0.815
emerging_haplotype,vic,region,2026-05-07,2026-07-23,77,Southeast Asia,C.5.1,0.165,0.053,0.11200000000000002,0.06290714285714286,9,0,0.246,0.075,0.321,1,0.599,0.03,0.629,1,0.831,0.009,0.84
emerging_haplotype,vic,region,2026-05-07,2026-07-30,84,Southeast Asia,C.5.1,0.165,0.056,0.10900000000000001,0.06342857142857142,9,0,0.257,0.075,0.332,1,0.629,0.028,0.657,1,0.854,0.008,0.862
emerging_haplotype,vic,region,2026-05-07,2026-08-06,91,Southeast Asia,C.5.1,0.165,0.0,0.165,0.09872142857142858,9,0,0.27399999999999997,0.075,0.349,0,0.657,0.025,0.682,0,0.873,0.007,0.88
emerging_haplotype,vic,region,2026-05-07,2026-08-13,98,Southeast Asia,C.5.1,0.167,0.0,0.167,0.09974285714285713,9,0,0.287,0.075,0.362,0,0.6859999999999999,0.022,0.708,0,0.89,0.006,0.896
emerging_haplotype,vic,region,2026-05-07,2026-05-14,7,Southeast Asia,C.5.6.1,0.015,0.405,0.39,0.3724214285714286,9,0,0.016,0.009,0.025,0,0.032,0.004,0.036,0,0.051,0.003,0.054
emerging_haplotype,vic,region,2026-05-07,2026-05-21,14,Southeast Asia,C.5.6.1,0.013,0.413,0.39999999999999997,0.3828785714285714,9,0,0.015,0.007,0.022,0,0.031000000000000003,0.003,0.034,0,0.048999999999999995,0.002,0.051
emerging_haplotype,vic,region,2026-05-07,2026-05-28,21,Southeast Asia,C.5.6.1,0.011,0.457,0.446,0.4294857142857143,9,0,0.013,0.006,0.019,0,0.028,0.003,0.031,0,0.046,0.002,0.048
emerging_haplotype,vic,region,2026-05-07,2026-06-04,28,Southeast Asia,C.5.6.1,0.01,0.444,0.434,0.41823571428571427,9,0,0.012,0.005,0.017,0,0.027000000000000003,0.002,0.029,0,0.045,0.001,0.046
emerging_haplotype,vic,region,2026-05-07,2026-06-11,35,Southeast Asia,C.5.6.1,0.008,0.472,0.46399999999999997,0.44783571428571417,9,0,0.011,0.004,0.015,0,0.026000000000000002,0.002,0.028,0,0.043,0.001,0.044
emerging_haplotype,vic,region,2026-05-07,2026-06-18,42,Southeast Asia,C.5.6.1,0.007,0.51,0.503,0.48812857142857136,9,0,0.011,0.003,0.014,0,0.022,0.002,0.024,0,0.04,0.001,0.041
emerging_haplotype,vic,region,2026-05-07,2026-06-25,49,Southeast Asia,C.5.6.1,0.006,0.541,0.535,0.5210785714285715,9,0,0.009000000000000001,0.003,0.012,0,0.020999999999999998,0.001,0.022,0,0.037,0.001,0.038
emerging_haplotype,vic,region,2026-05-07,2026-07-02,56,Southeast Asia,C.5.6.1,0.005,0.531,0.526,0.5128642857142858,9,0,0.009,0.002,0.011,0,0.019,0.001,0.02,0,0.035,0.0,0.035
emerging_haplotype,vic,region,2026-05-07,2026-07-09,63,Southeast Asia,C.5.6.1,0.004,0.538,0.534,0.5212285714285715,9,0,0.006999999999999999,0.002,0.009,0,0.016999999999999998,0.001,0.018,0,0.034,0.0,0.034
emerging_haplotype,vic,region,2026-05-07,2026-07-16,70,Southeast Asia,C.5.6.1,0.003,0.48,0.477,0.46447142857142854,9,0,0.007,0.001,0.008,0,0.016,0.001,0.017,0,0.032,0.0,0.032
emerging_haplotype,vic,region,2026-05-07,2026-07-23,77,Southeast Asia,C.5.6.1,0.003,0.316,0.313,0.30262142857142854,9,0,0.006,0.001,0.007,0,0.015,0.0,0.015,0,0.027,0.0,0.027
emerging_haplotype,vic,region,2026-05-07,2026-07-30,84,Southeast Asia,C.5.6.1,0.002,0.278,0.276,0.26607142857142857,9,0,0.005,0.001,0.006,0,0.014,0.0,0.014,0,0.024,0.0,0.024
emerging_haplotype,vic,region,2026-05-07,2026-08-06,91,Southeast Asia,C.5.6.1,0.002,0.083,0.081,0.07235714285714286,9,0,0.004,0.001,0.005,0,0.012,0.0,0.012,0,0.022,0.0,0.022
emerging_haplotype,vic,region,2026-05-07,2026-08-13,98,Southeast Asia,C.5.6.1,0.002,0.1,0.098,0.09038571428571429,9,0,0.003,0.001,0.004,0,0.011,0.0,0.011,0,0.02,0.0,0.02
emerging_haplotype,vic,region,2026-05-07,2026-05-14,7,Southeast Asia,C.5.6.1:241Q,0.016,0.038,0.022,0.007999999999999998,9,1,0.031,0.007,0.038,1,0.06799999999999999,0.003,0.071,1,0.098,0.001,0.099
emerging_haplotype,vic,region,2026-05-07,2026-05-21,14,Southeast Asia,C.5.6.1:241Q,0.016,0.04,0.024,0.009021428571428573,9,0,0.032,0.007,0.039,1,0.077,0.003,0.08,1,0.115,0.001,0.116
emerging_haplotype,vic,region,2026-05-07,2026-05-28,21,Southeast Asia,C.5.6.1:241Q,0.017,0.043,0.025999999999999995,0.010428571428571428,9,0,0.032,0.007,0.039,1,0.082,0.003,0.085,1,0.132,0.001,0.133
emerging_haplotype,vic,region,2026-05-07,2026-06-04,28,Southeast Asia,C.5.6.1:241Q,0.017,0.048,0.031,0.012307142857142855,9,0,0.036000000000000004,0.006,0.042,1,0.088,0.003,0.091,1,0.151,0.001,0.152
emerging_haplotype,vic,region,2026-05-07,2026-06-11,35,Southeast Asia,C.5.6.1:241Q,0.017,0.057,0.04,0.016114285714285716,9,0,0.038,0.006,0.044,1,0.096,0.003,0.099,1,0.172,0.001,0.173
emerging_haplotype,vic,region,2026-05-07,2026-06-18,42,Southeast Asia,C.5.6.1:241Q,0.018,0.02,0.0020000000000000018,0.0076357142857142865,9,1,0.041,0.006,0.047,1,0.106,0.002,0.108,1,0.195,0.001,0.196
emerging_haplotype,vic,region,2026-05-07,2026-06-25,49,Southeast Asia,C.5.6.1:241Q,0.018,0.027,0.009000000000000001,0.009221428571428573,9,1,0.043000000000000003,0.006,0.049,1,0.11599999999999999,0.002,0.118,1,0.217,0.001,0.218
emerging_haplotype,vic,region,2026-05-07,2026-07-02,56,Southeast Asia,C.5.6.1:241Q,0.017,0.062,0.045,0.01802142857142857,9,0,0.046,0.005,0.051,1,0.122,0.002,0.124,1,0.235,0.001,0.236
emerging_haplotype,vic,region,2026-05-07,2026-07-09,63,Southeast Asia,C.5.6.1:241Q,0.016,0.077,0.061,0.024521428571428576,9,0,0.048,0.005,0.053,1,0.13,0.002,0.132,1,0.253,0.0,0.253
emerging_haplotype,vic,region,2026-05-07,2026-07-16,70,Southeast Asia,C.5.6.1:241Q,0.016,0.16,0.14400000000000002,0.06371428571428572,9,0,0.051000000000000004,0.005,0.056,0,0.145,0.002,0.147,1,0.27,0.0,0.27
emerging_haplotype,vic,region,2026-05-07,2026-07-23,77,Southeast Asia,C.5.6.1:241Q,0.015,0.211,0.196,0.09832857142857143,9,0,0.05499999999999999,0.004,0.059,0,0.152,0.001,0.153,1,0.288,0.0,0.288
emerging_haplotype,vic,region,2026-05-07,2026-07-30,84,Southeast Asia,C.5.6.1:241Q,0.015,0.222,0.20700000000000002,0.10512142857142857,9,0,0.055999999999999994,0.004,0.06,0,0.156,0.001,0.157,1,0.313,0.0,0.313
emerging_haplotype,vic,region,2026-05-07,2026-08-06,91,Southeast Asia,C.5.6.1:241Q,0.014,0.333,0.319,0.1827142857142857,9,0,0.055999999999999994,0.003,0.059,0,0.165,0.001,0.166,1,0.34,0.0,0.34
emerging_haplotype,vic,region,2026-05-07,2026-08-13,98,Southeast Asia,C.5.6.1:241Q,0.014,0.4,0.386,0.23925000000000002,9,0,0.056999999999999995,0.003,0.06,0,0.17,0.001,0.171,0,0.365,0.0,0.365
emerging_haplotype,vic,region,2026-05-07,2026-05-14,7,Southeast Asia,C.5.6:75E,0.003,0.114,0.111,0.10196428571428572,9,0,0.006,0.001,0.007,0,0.013000000000000001,0.001,0.014,0,0.023,0.0,0.023
emerging_haplotype,vic,region,2026-05-07,2026-05-21,14,Southeast Asia,C.5.6:75E,0.003,0.107,0.104,0.09574285714285713,9,0,0.005,0.001,0.006,0,0.013,0.0,0.013,0,0.022,0.0,0.022
emerging_haplotype,vic,region,2026-05-07,2026-05-28,21,Southeast Asia,C.5.6:75E,0.002,0.114,0.112,0.10391428571428572,9,0,0.004,0.001,0.005,0,0.012,0.0,0.012,0,0.02,0.0,0.02
emerging_haplotype,vic,region,2026-05-07,2026-06-04,28,Southeast Asia,C.5.6:75E,0.002,0.111,0.109,0.10172857142857142,9,0,0.004,0.001,0.005,0,0.011,0.0,0.011,0,0.018,0.0,0.018
emerging_haplotype,vic,region,2026-05-07,2026-06-11,35,Southeast Asia,C.5.6:75E,0.002,0.094,0.092,0.08547857142857143,9,0,0.003,0.001,0.004,0,0.01,0.0,0.01,0,0.017,0.0,0.017
emerging_haplotype,vic,region,2026-05-07,2026-06-18,42,Southeast Asia,C.5.6:75E,0.001,0.082,0.081,0.07450714285714287,9,0,0.004,0.0,0.004,0,0.009,0.0,0.009,0,0.015,0.0,0.015
emerging_haplotype,vic,region,2026-05-07,2026-06-25,49,Southeast Asia,C.5.6:75E,0.001,0.081,0.08,0.07425714285714287,9,0,0.003,0.0,0.003,0,0.008,0.0,0.008,0,0.014,0.0,0.014
emerging_haplotype,vic,region,2026-05-07,2026-07-02,56,Southeast Asia,C.5.6:75E,0.001,0.062,0.061,0.055792857142857144,9,0,0.003,0.0,0.003,0,0.007,0.0,0.007,0,0.013,0.0,0.013
emerging_haplotype,vic,region,2026-05-07,2026-07-09,63,Southeast Asia,C.5.6:75E,0.001,0.077,0.076,0.07154285714285714,9,0,0.002,0.0,0.002,0,0.006,0.0,0.006,0,0.012,0.0,0.012
emerging_haplotype,vic,region,2026-05-07,2026-07-16,70,Southeast Asia,C.5.6:75E,0.001,0.12,0.119,0.11507857142857143,9,0,0.002,0.0,0.002,0,0.005,0.0,0.005,0,0.011,0.0,0.011
emerging_haplotype,vic,region,2026-05-07,2026-07-23,77,Southeast Asia,C.5.6:75E,0.0,0.211,0.211,0.20671428571428566,9,0,0.001,0.0,0.001,0,0.005,0.0,0.005,0,0.01,0.0,0.01
emerging_haplotype,vic,region,2026-05-07,2026-07-30,84,Southeast Asia,C.5.6:75E,0.0,0.222,0.222,0.21797142857142854,9,0,0.001,0.0,0.001,0,0.004,0.0,0.004,0,0.01,0.0,0.01
emerging_haplotype,vic,region,2026-05-07,2026-08-06,91,Southeast Asia,C.5.6:75E,0.0,0.25,0.25,0.24625,9,0,0.001,0.0,0.001,0,0.004,0.0,0.004,0,0.009,0.0,0.009
emerging_haplotype,vic,region,2026-05-07,2026-08-13,98,Southeast Asia,C.5.6:75E,0.0,0.2,0.2,0.19706428571428572,9,0,0.001,0.0,0.001,0,0.003,0.0,0.003,0,0.007,0.0,0.007
emerging_haplotype,vic,region,2026-05-07,2026-05-14,7,Southeast Asia,C.5.7,0.154,0.152,0.0020000000000000018,0.012664285714285713,9,1,0.088,0.119,0.207,1,0.155,0.094,0.249,1,0.23299999999999998,0.07,0.303
emerging_haplotype,vic,region,2026-05-07,2026-05-21,14,Southeast Asia,C.5.7,0.139,0.133,0.006000000000000005,0.013071428571428572,9,1,0.08700000000000001,0.103,0.19,1,0.15200000000000002,0.08,0.232,1,0.23199999999999998,0.058,0.29
emerging_haplotype,vic,region,2026-05-07,2026-05-28,21,Southeast Asia,C.5.7,0.124,0.129,0.0050000000000000044,0.012614285714285717,9,1,0.08200000000000002,0.089,0.171,1,0.154,0.065,0.219,1,0.23000000000000004,0.048,0.278
emerging_haplotype,vic,region,2026-05-07,2026-06-04,28,Southeast Asia,C.5.7,0.111,0.111,0.0,0.011564285714285718,9,1,0.079,0.076,0.155,1,0.15000000000000002,0.052,0.202,1,0.229,0.038,0.267
emerging_haplotype,vic,region,2026-05-07,2026-06-11,35,Southeast Asia,C.5.7,0.098,0.113,0.015,0.013535714285714286,9,1,0.07899999999999999,0.064,0.143,1,0.14500000000000002,0.044,0.189,1,0.225,0.03,0.255
emerging_haplotype,vic,region,2026-05-07,2026-06-18,42,Southeast Asia,C.5.7,0.086,0.102,0.016,0.013257142857142858,9,1,0.07500000000000001,0.054,0.129,1,0.142,0.035,0.177,1,0.218,0.025,0.243
emerging_haplotype,vic,region,2026-05-07,2026-06-25,49,Southeast Asia,C.5.7,0.077,0.027,0.05,0.0236,9,0,0.074,0.045,0.119,0,0.138,0.029,0.167,1,0.21200000000000002,0.019,0.231
emerging_haplotype,vic,region,2026-05-07,2026-07-02,56,Southeast Asia,C.5.7,0.066,0.031,0.035,0.01688571428571429,9,0,0.07,0.037,0.107,1,0.13,0.024,0.154,1,0.20400000000000001,0.015,0.219
emerging_haplotype,vic,region,2026-05-07,2026-07-09,63,Southeast Asia,C.5.7,0.057,0.038,0.019000000000000003,0.012164285714285714,9,1,0.064,0.031,0.095,1,0.12199999999999998,0.019,0.141,1,0.19499999999999998,0.011,0.206
emerging_haplotype,vic,region,2026-05-07,2026-07-16,70,Southeast Asia,C.5.7,0.049,0.0,0.049,0.03008571428571429,9,0,0.05900000000000001,0.026,0.085,0,0.114,0.016,0.13,0,0.186,0.008,0.194
emerging_haplotype,vic,region,2026-05-07,2026-07-23,77,Southeast Asia,C.5.7,0.042,0.0,0.042,0.025271428571428577,9,0,0.056999999999999995,0.02,0.077,0,0.108,0.012,0.12,0,0.176,0.006,0.182
emerging_haplotype,vic,region,2026-05-07,2026-07-30,84,Southeast Asia,C.5.7,0.036,0.0,0.036,0.021185714285714287,9,0,0.052000000000000005,0.016,0.068,0,0.1,0.009,0.109,0,0.166,0.004,0.17
emerging_haplotype,vic,region,2026-05-07,2026-08-06,91,Southeast Asia,C.5.7,0.031,0.0,0.031,0.018050000000000004,9,0,0.046,0.013,0.059,0,0.093,0.007,0.1,0,0.155,0.003,0.158
emerging_haplotype,vic,region,2026-05-07,2026-08-13,98,Southeast Asia,C.5.7,0.026,0.0,0.026,0.015364285714285714,9,0,0.041999999999999996,0.01,0.052,0,0.087,0.005,0.092,0,0.143,0.003,0.146
emerging_haplotype,vic,region,2026-05-07,2026-05-14,7,Southeast Asia,C.5.6,0.507,0.241,0.266,0.1744214285714286,9,0,0.13099999999999995,0.44,0.571,0,0.247,0.384,0.631,0,0.40099999999999997,0.309,0.71
emerging_haplotype,vic,region,2026-05-07,2026-05-21,14,Southeast Asia,C.5.6,0.499,0.267,0.23199999999999998,0.12757857142857137,9,0,0.14999999999999997,0.418,0.568,0,0.28300000000000003,0.355,0.638,0,0.429,0.282,0.711
emerging_haplotype,vic,region,2026-05-07,2026-05-28,21,Southeast Asia,C.5.6,0.481,0.243,0.238,0.12809285714285717,9,0,0.16700000000000004,0.393,0.56,0,0.322,0.324,0.646,0,0.45499999999999996,0.256,0.711
emerging_haplotype,vic,region,2026-05-07,2026-06-04,28,Southeast Asia,C.5.6,0.471,0.27,0.20099999999999996,0.09020714285714283,9,0,0.18100000000000005,0.372,0.553,0,0.35000000000000003,0.291,0.641,1,0.479,0.228,0.707
emerging_haplotype,vic,region,2026-05-07,2026-06-11,35,Southeast Asia,C.5.6,0.454,0.245,0.20900000000000002,0.09156428571428572,9,0,0.19800000000000006,0.347,0.545,0,0.38,0.259,0.639,1,0.499,0.204,0.703
emerging_haplotype,vic,region,2026-05-07,2026-06-18,42,Southeast Asia,C.5.6,0.436,0.245,0.191,0.08066428571428573,9,0,0.21300000000000002,0.325,0.538,1,0.405,0.227,0.632,1,0.5229999999999999,0.179,0.702
emerging_haplotype,vic,region,2026-05-07,2026-06-25,49,Southeast Asia,C.5.6,0.42,0.297,0.123,0.05096428571428572,9,0,0.23100000000000004,0.299,0.53,1,0.434,0.196,0.63,1,0.5489999999999999,0.151,0.7
emerging_haplotype,vic,region,2026-05-07,2026-07-02,56,Southeast Asia,C.5.6,0.402,0.25,0.15200000000000002,0.06366428571428573,9,0,0.245,0.275,0.52,1,0.46099999999999997,0.165,0.626,1,0.579,0.127,0.706
emerging_haplotype,vic,region,2026-05-07,2026-07-09,63,Southeast Asia,C.5.6,0.375,0.192,0.183,0.07790714285714284,9,0,0.253,0.247,0.5,1,0.477,0.142,0.619,1,0.609,0.105,0.714
emerging_haplotype,vic,region,2026-05-07,2026-07-16,70,Southeast Asia,C.5.6,0.353,0.16,0.19299999999999998,0.08252142857142857,9,0,0.264,0.223,0.487,1,0.478,0.122,0.6,1,0.621,0.086,0.707
emerging_haplotype,vic,region,2026-05-07,2026-07-23,77,Southeast Asia,C.5.6,0.332,0.158,0.17400000000000002,0.0747,9,0,0.27199999999999996,0.201,0.473,1,0.476,0.103,0.579,1,0.6339999999999999,0.069,0.703
emerging_haplotype,vic,region,2026-05-07,2026-07-30,84,Southeast Asia,C.5.6,0.311,0.167,0.144,0.0621142857142857,9,0,0.278,0.178,0.456,1,0.48599999999999993,0.083,0.569,1,0.6519999999999999,0.055,0.707
emerging_haplotype,vic,region,2026-05-07,2026-08-06,91,Southeast Asia,C.5.6,0.291,0.25,0.04099999999999998,0.044814285714285716,9,1,0.28600000000000003,0.156,0.442,1,0.48400000000000004,0.067,0.551,1,0.6579999999999999,0.044,0.702
emerging_haplotype,vic,region,2026-05-07,2026-08-13,98,Southeast Asia,C.5.6,0.269,0.2,0.069,0.04920000000000001,9,1,0.29,0.136,0.426,1,0.48500000000000004,0.054,0.539,1,0.6679999999999999,0.035,0.703
emerging_haplotype,vic,region,2026-05-21,2026-05-28,7,Europe,C.3.1,0.102,0.113,0.01100000000000001,0.013314285714285714,9,1,0.08099999999999999,0.068,0.149,1,0.14600000000000002,0.043,0.189,1,0.25,0.026,0.276
emerging_haplotype,vic,region,2026-05-21,2026-06-04,14,Europe,C.3.1,0.101,0.137,0.036000000000000004,0.017607142857142856,9,1,0.086,0.067,0.153,1,0.154,0.041,0.195,1,0.26899999999999996,0.024,0.293
emerging_haplotype,vic,region,2026-05-21,2026-06-11,21,Europe,C.3.1,0.102,0.148,0.046,0.019578571428571428,9,1,0.09,0.065,0.155,1,0.158,0.04,0.198,1,0.289,0.021,0.31
emerging_haplotype,vic,region,2026-05-21,2026-06-18,28,Europe,C.3.1,0.101,0.15,0.04899999999999999,0.02062857142857143,9,1,0.093,0.063,0.156,1,0.16799999999999998,0.038,0.206,1,0.306,0.02,0.326
emerging_haplotype,vic,region,2026-05-21,2026-06-25,35,Europe,C.3.1,0.099,0.227,0.128,0.05639285714285715,9,0,0.098,0.06,0.158,0,0.176,0.037,0.213,1,0.33099999999999996,0.018,0.349
emerging_haplotype,vic,region,2026-05-21,2026-07-02,42,Europe,C.3.1,0.097,0.294,0.19699999999999998,0.10312857142857143,9,0,0.10500000000000001,0.056,0.161,0,0.183,0.035,0.218,1,0.356,0.016,0.372
emerging_haplotype,vic,region,2026-05-21,2026-07-09,49,Europe,C.3.1,0.096,0.267,0.171,0.08355000000000001,9,0,0.10600000000000001,0.054,0.16,0,0.189,0.033,0.222,1,0.381,0.015,0.396
emerging_haplotype,vic,region,2026-05-21,2026-07-16,56,Europe,C.3.1,0.095,0.273,0.17800000000000002,0.08632142857142856,9,0,0.10700000000000001,0.051,0.158,0,0.202,0.03,0.232,1,0.407,0.013,0.42
emerging_haplotype,vic,region,2026-05-21,2026-07-23,63,Europe,C.3.1,0.092,0.3,0.208,0.1041642857142857,9,0,0.11,0.048,0.158,0,0.214,0.027,0.241,1,0.427,0.011,0.438
emerging_haplotype,vic,region,2026-05-21,2026-07-30,70,Europe,C.3.1,0.091,0.375,0.28400000000000003,0.15597142857142857,9,0,0.113,0.046,0.159,0,0.225,0.024,0.249,1,0.446,0.01,0.456
emerging_haplotype,vic,region,2026-05-21,2026-08-06,77,Europe,C.3.1,0.089,0.286,0.19699999999999998,0.09087142857142853,9,0,0.11800000000000001,0.043,0.161,0,0.234,0.022,0.256,1,0.46599999999999997,0.008,0.474
emerging_haplotype,vic,region,2026-05-21,2026-08-13,84,Europe,C.3.1,0.086,0.167,0.08100000000000002,0.03222142857142858,9,0,0.12,0.041,0.161,1,0.24200000000000002,0.02,0.262,1,0.483,0.008,0.491
emerging_haplotype,vic,region,2026-05-21,2026-05-28,7,Europe,C.3.3,0.194,0.041,0.153,0.09200714285714286,9,0,0.118,0.14,0.258,0,0.231,0.101,0.332,0,0.357,0.066,0.423
emerging_haplotype,vic,region,2026-05-21,2026-06-04,14,Europe,C.3.3,0.209,0.041,0.16799999999999998,0.0985785714285714,9,0,0.13400000000000004,0.146,0.28,0,0.256,0.103,0.359,0,0.397,0.066,0.463
emerging_haplotype,vic,region,2026-05-21,2026-06-11,21,Europe,C.3.3,0.219,0.056,0.163,0.0889857142857143,9,0,0.152,0.152,0.304,0,0.281,0.104,0.385,0,0.434,0.065,0.499
emerging_haplotype,vic,region,2026-05-21,2026-06-18,28,Europe,C.3.3,0.232,0.075,0.15700000000000003,0.07967857142857145,9,0,0.168,0.159,0.327,0,0.305,0.107,0.412,1,0.47500000000000003,0.065,0.54
emerging_haplotype,vic,region,2026-05-21,2026-06-25,35,Europe,C.3.3,0.243,0.091,0.152,0.07402142857142857,9,0,0.17999999999999997,0.166,0.346,0,0.332,0.108,0.44,1,0.5149999999999999,0.064,0.579
emerging_haplotype,vic,region,2026-05-21,2026-07-02,42,Europe,C.3.3,0.256,0.118,0.138,0.06427142857142858,9,0,0.197,0.175,0.372,1,0.35800000000000004,0.11,0.468,1,0.556,0.062,0.618
emerging_haplotype,vic,region,2026-05-21,2026-07-09,49,Europe,C.3.3,0.272,0.133,0.139,0.06454285714285715,9,0,0.21300000000000002,0.183,0.396,1,0.383,0.113,0.496,1,0.5940000000000001,0.061,0.655
emerging_haplotype,vic,region,2026-05-21,2026-07-16,56,Europe,C.3.3,0.286,0.0,0.286,0.17772142857142859,9,0,0.22899999999999998,0.19,0.419,0,0.41000000000000003,0.116,0.526,0,0.631,0.059,0.69
emerging_haplotype,vic,region,2026-05-21,2026-07-23,63,Europe,C.3.3,0.301,0.0,0.301,0.1836357142857143,9,0,0.248,0.196,0.444,0,0.43600000000000005,0.117,0.553,0,0.6649999999999999,0.057,0.722
emerging_haplotype,vic,region,2026-05-21,2026-07-30,70,Europe,C.3.3,0.313,0.0,0.313,0.18920714285714288,9,0,0.264,0.203,0.467,0,0.46299999999999997,0.117,0.58,0,0.697,0.056,0.753
emerging_haplotype,vic,region,2026-05-21,2026-08-06,77,Europe,C.3.3,0.325,0.0,0.325,0.19382857142857143,9,0,0.28300000000000003,0.207,0.49,0,0.489,0.117,0.606,0,0.73,0.054,0.784
emerging_haplotype,vic,region,2026-05-21,2026-08-13,84,Europe,C.3.3,0.338,0.0,0.338,0.19852142857142857,9,0,0.30100000000000005,0.212,0.513,0,0.516,0.116,0.632,0,0.759,0.052,0.811
emerging_haplotype,vic,region,2026-05-21,2026-05-28,7,Europe,C.5.1,0.091,0.134,0.04300000000000001,0.017142857142857147,9,0,0.063,0.065,0.128,1,0.12000000000000001,0.048,0.168,1,0.19,0.036,0.226
emerging_haplotype,vic,region,2026-05-21,2026-06-04,14,Europe,C.5.1,0.087,0.123,0.036000000000000004,0.01467857142857143,9,1,0.064,0.06,0.124,1,0.125,0.043,0.168,1,0.195,0.032,0.227
emerging_haplotype,vic,region,2026-05-21,2026-06-11,21,Europe,C.5.1,0.083,0.093,0.009999999999999995,0.011042857142857144,9,1,0.063,0.057,0.12,1,0.129,0.038,0.167,1,0.2,0.029,0.229
emerging_haplotype,vic,region,2026-05-21,2026-06-18,28,Europe,C.5.1,0.079,0.075,0.0040000000000000036,0.01027857142857143,9,1,0.063,0.054,0.117,1,0.131,0.034,0.165,1,0.20500000000000002,0.025,0.23
emerging_haplotype,vic,region,2026-05-21,2026-06-25,35,Europe,C.5.1,0.074,0.091,0.017,0.012364285714285717,9,1,0.065,0.049,0.114,1,0.133,0.031,0.164,1,0.20900000000000002,0.022,0.231
emerging_haplotype,vic,region,2026-05-21,2026-07-02,42,Europe,C.5.1,0.07,0.118,0.04799999999999999,0.01907142857142857,9,0,0.065,0.045,0.11,1,0.132,0.028,0.16,1,0.21200000000000002,0.02,0.232
emerging_haplotype,vic,region,2026-05-21,2026-07-09,49,Europe,C.5.1,0.067,0.133,0.066,0.026892857142857145,9,0,0.067,0.04,0.107,1,0.13,0.025,0.155,1,0.21500000000000002,0.017,0.232
emerging_haplotype,vic,region,2026-05-21,2026-07-16,56,Europe,C.5.1,0.062,0.091,0.028999999999999998,0.014221428571428574,9,1,0.067,0.037,0.104,1,0.131,0.022,0.153,1,0.21700000000000003,0.015,0.232
emerging_haplotype,vic,region,2026-05-21,2026-07-23,63,Europe,C.5.1,0.058,0.1,0.042,0.016121428571428575,9,1,0.067,0.033,0.1,1,0.132,0.019,0.151,1,0.219,0.013,0.232
emerging_haplotype,vic,region,2026-05-21,2026-07-30,70,Europe,C.5.1,0.054,0.0,0.054,0.033999999999999996,9,0,0.066,0.03,0.096,0,0.13,0.016,0.146,0,0.22,0.011,0.231
emerging_haplotype,vic,region,2026-05-21,2026-08-06,77,Europe,C.5.1,0.051,0.0,0.051,0.03193571428571428,9,0,0.063,0.028,0.091,0,0.12999999999999998,0.014,0.144,0,0.221,0.01,0.231
emerging_haplotype,vic,region,2026-05-21,2026-08-13,84,Europe,C.5.1,0.048,0.0,0.048,0.029707142857142856,9,0,0.06199999999999999,0.025,0.087,0,0.12899999999999998,0.013,0.142,0,0.223,0.008,0.231
emerging_haplotype,vic,region,2026-05-21,2026-05-28,7,Europe,C.5.6.1,0.155,0.34,0.18500000000000003,0.10986428571428573,9,0,0.08600000000000001,0.114,0.2,0,0.151,0.093,0.244,0,0.257,0.07,0.327
emerging_haplotype,vic,region,2026-05-21,2026-06-04,14,Europe,C.5.6.1,0.15,0.315,0.165,0.09097857142857142,9,0,0.08600000000000001,0.109,0.195,0,0.15799999999999997,0.085,0.243,1,0.265,0.064,0.329
emerging_haplotype,vic,region,2026-05-21,2026-06-11,21,Europe,C.5.6.1,0.145,0.259,0.11400000000000002,0.05282142857142858,9,0,0.09100000000000001,0.103,0.194,0,0.16299999999999998,0.079,0.242,1,0.273,0.058,0.331
emerging_haplotype,vic,region,2026-05-21,2026-06-18,28,Europe,C.5.6.1,0.141,0.225,0.08400000000000002,0.03522857142857143,9,0,0.094,0.097,0.191,1,0.16799999999999998,0.073,0.241,1,0.28,0.052,0.332
emerging_haplotype,vic,region,2026-05-21,2026-06-25,35,Europe,C.5.6.1,0.135,0.182,0.046999999999999986,0.02054285714285714,9,1,0.097,0.091,0.188,1,0.16999999999999998,0.067,0.237,1,0.28600000000000003,0.046,0.332
emerging_haplotype,vic,region,2026-05-21,2026-07-02,42,Europe,C.5.6.1,0.128,0.235,0.10699999999999998,0.043999999999999984,9,0,0.1,0.086,0.186,0,0.17200000000000001,0.061,0.233,1,0.29200000000000004,0.04,0.332
emerging_haplotype,vic,region,2026-05-21,2026-07-09,49,Europe,C.5.6.1,0.121,0.2,0.07900000000000001,0.03122857142857144,9,0,0.10099999999999999,0.079,0.18,1,0.171,0.056,0.227,1,0.29800000000000004,0.034,0.332
emerging_haplotype,vic,region,2026-05-21,2026-07-16,56,Europe,C.5.6.1,0.115,0.091,0.024000000000000007,0.017885714285714286,9,1,0.10099999999999999,0.073,0.174,1,0.177,0.049,0.226,1,0.306,0.029,0.335
emerging_haplotype,vic,region,2026-05-21,2026-07-23,63,Europe,C.5.6.1,0.108,0.0,0.108,0.06901428571428571,9,0,0.099,0.068,0.167,0,0.179,0.044,0.223,0,0.316,0.025,0.341
emerging_haplotype,vic,region,2026-05-21,2026-07-30,70,Europe,C.5.6.1,0.103,0.0,0.103,0.06422857142857143,9,0,0.097,0.063,0.16,0,0.179,0.039,0.218,0,0.32599999999999996,0.021,0.347
emerging_haplotype,vic,region,2026-05-21,2026-08-06,77,Europe,C.5.6.1,0.096,0.0,0.096,0.0599,9,0,0.098,0.058,0.156,0,0.178,0.035,0.213,0,0.33399999999999996,0.018,0.352
emerging_haplotype,vic,region,2026-05-21,2026-08-13,84,Europe,C.5.6.1,0.09,0.0,0.09,0.05624285714285715,9,0,0.098,0.054,0.152,0,0.178,0.031,0.209,0,0.34199999999999997,0.016,0.358
emerging_haplotype,vic,region,2026-05-21,2026-05-28,7,Europe,C.5.6.1:241Q,0.042,0.052,0.009999999999999995,0.008385714285714286,9,1,0.046,0.027,0.073,1,0.093,0.016,0.109,1,0.142,0.008,0.15
emerging_haplotype,vic,region,2026-05-21,2026-06-04,14,Europe,C.5.6.1:241Q,0.04,0.082,0.042,0.01596428571428572,9,0,0.04699999999999999,0.025,0.072,1,0.094,0.015,0.109,1,0.149,0.007,0.156
emerging_haplotype,vic,region,2026-05-21,2026-06-11,21,Europe,C.5.6.1:241Q,0.039,0.111,0.07200000000000001,0.0292,9,0,0.046000000000000006,0.024,0.07,1,0.098,0.013,0.111,1,0.156,0.006,0.162
emerging_haplotype,vic,region,2026-05-21,2026-06-18,28,Europe,C.5.6.1:241Q,0.037,0.125,0.088,0.03963571428571428,9,0,0.04700000000000001,0.022,0.069,0,0.1,0.012,0.112,1,0.159,0.005,0.164
emerging_haplotype,vic,region,2026-05-21,2026-06-25,35,Europe,C.5.6.1:241Q,0.035,0.091,0.055999999999999994,0.022221428571428566,9,0,0.047,0.02,0.067,1,0.1,0.011,0.111,1,0.161,0.005,0.166
emerging_haplotype,vic,region,2026-05-21,2026-07-02,42,Europe,C.5.6.1:241Q,0.033,0.118,0.08499999999999999,0.03749285714285714,9,0,0.046,0.018,0.064,0,0.1,0.009,0.109,1,0.16899999999999998,0.004,0.173
emerging_haplotype,vic,region,2026-05-21,2026-07-09,49,Europe,C.5.6.1:241Q,0.032,0.067,0.035,0.013921428571428572,9,0,0.046,0.016,0.062,1,0.10300000000000001,0.008,0.111,1,0.177,0.003,0.18
emerging_haplotype,vic,region,2026-05-21,2026-07-16,56,Europe,C.5.6.1:241Q,0.031,0.182,0.151,0.08352142857142857,9,0,0.046,0.014,0.06,0,0.107,0.007,0.114,1,0.185,0.003,0.188
emerging_haplotype,vic,region,2026-05-21,2026-07-23,63,Europe,C.5.6.1:241Q,0.029,0.2,0.171,0.09867857142857143,9,0,0.045000000000000005,0.013,0.058,0,0.108,0.006,0.114,0,0.193,0.002,0.195
emerging_haplotype,vic,region,2026-05-21,2026-07-30,70,Europe,C.5.6.1:241Q,0.027,0.25,0.223,0.1476357142857143,9,0,0.046,0.011,0.057,0,0.107,0.005,0.112,0,0.201,0.002,0.203
emerging_haplotype,vic,region,2026-05-21,2026-08-06,77,Europe,C.5.6.1:241Q,0.026,0.286,0.25999999999999995,0.1811142857142857,9,0,0.046,0.01,0.056,0,0.112,0.004,0.116,0,0.208,0.002,0.21
emerging_haplotype,vic,region,2026-05-21,2026-08-13,84,Europe,C.5.6.1:241Q,0.024,0.333,0.309,0.22703571428571429,9,0,0.047,0.009,0.056,0,0.11,0.004,0.114,0,0.215,0.002,0.217
emerging_haplotype,vic,region,2026-05-21,2026-05-28,7,Europe,C.5.6:75E,0.034,0.031,0.0030000000000000027,0.006600000000000001,9,1,0.039999999999999994,0.021,0.061,1,0.084,0.013,0.097,1,0.128,0.008,0.136
emerging_haplotype,vic,region,2026-05-21,2026-06-04,14,Europe,C.5.6:75E,0.033,0.014,0.019000000000000003,0.010750000000000001,9,0,0.043,0.019,0.062,1,0.09,0.012,0.102,1,0.13499999999999998,0.007,0.142
emerging_haplotype,vic,region,2026-05-21,2026-06-11,21,Europe,C.5.6:75E,0.032,0.019,0.013000000000000001,0.008742857142857144,9,1,0.044,0.018,0.062,1,0.095,0.011,0.106,1,0.144,0.006,0.15
emerging_haplotype,vic,region,2026-05-21,2026-06-18,28,Europe,C.5.6:75E,0.032,0.025,0.006999999999999999,0.008035714285714287,9,1,0.044,0.017,0.061,1,0.099,0.01,0.109,1,0.149,0.005,0.154
emerging_haplotype,vic,region,2026-05-21,2026-06-25,35,Europe,C.5.6:75E,0.031,0.0,0.031,0.019999999999999997,9,0,0.045,0.016,0.061,0,0.10300000000000001,0.009,0.112,0,0.158,0.004,0.162
emerging_haplotype,vic,region,2026-05-21,2026-07-02,42,Europe,C.5.6:75E,0.03,0.0,0.03,0.019442857142857144,9,0,0.045,0.015,0.06,0,0.10600000000000001,0.008,0.114,0,0.16799999999999998,0.004,0.172
emerging_haplotype,vic,region,2026-05-21,2026-07-09,49,Europe,C.5.6:75E,0.029,0.0,0.029,0.01873571428571429,9,0,0.046,0.014,0.06,0,0.11099999999999999,0.007,0.118,0,0.179,0.003,0.182
emerging_haplotype,vic,region,2026-05-21,2026-07-16,56,Europe,C.5.6:75E,0.028,0.0,0.028,0.018878571428571432,9,0,0.047,0.014,0.061,0,0.11599999999999999,0.007,0.123,0,0.189,0.003,0.192
emerging_haplotype,vic,region,2026-05-21,2026-07-23,63,Europe,C.5.6:75E,0.027,0.0,0.027,0.017992857142857144,9,0,0.049,0.012,0.061,0,0.122,0.006,0.128,0,0.201,0.002,0.203
emerging_haplotype,vic,region,2026-05-21,2026-07-30,70,Europe,C.5.6:75E,0.026,0.0,0.026,0.017592857142857143,9,0,0.05,0.011,0.061,0,0.128,0.005,0.133,0,0.211,0.002,0.213
emerging_haplotype,vic,region,2026-05-21,2026-08-06,77,Europe,C.5.6:75E,0.025,0.0,0.025,0.01725,9,0,0.049999999999999996,0.01,0.06,0,0.128,0.005,0.133,0,0.223,0.002,0.225
emerging_haplotype,vic,region,2026-05-21,2026-08-13,84,Europe,C.5.6:75E,0.023,0.0,0.023,0.01645,9,0,0.052,0.009,0.061,0,0.132,0.004,0.136,0,0.235,0.001,0.236
emerging_haplotype,vic,region,2026-05-21,2026-05-28,7,Europe,C.5.7,0.072,0.01,0.06199999999999999,0.03816428571428571,9,0,0.057999999999999996,0.047,0.105,0,0.128,0.033,0.161,0,0.21100000000000002,0.02,0.231
emerging_haplotype,vic,region,2026-05-21,2026-06-04,14,Europe,C.5.7,0.07,0.014,0.05600000000000001,0.03255,9,0,0.061,0.045,0.106,0,0.132,0.031,0.163,0,0.219,0.018,0.237
emerging_haplotype,vic,region,2026-05-21,2026-06-11,21,Europe,C.5.7,0.069,0.019,0.05,0.026635714285714287,9,0,0.063,0.042,0.105,0,0.135,0.029,0.164,1,0.239,0.016,0.255
emerging_haplotype,vic,region,2026-05-21,2026-06-18,28,Europe,C.5.7,0.068,0.025,0.043000000000000003,0.02137857142857143,9,0,0.067,0.039,0.106,0,0.14200000000000002,0.027,0.169,1,0.255,0.015,0.27
emerging_haplotype,vic,region,2026-05-21,2026-06-25,35,Europe,C.5.7,0.066,0.045,0.021000000000000005,0.013842857142857145,9,1,0.067,0.037,0.104,1,0.14400000000000002,0.025,0.169,1,0.27199999999999996,0.013,0.285
emerging_haplotype,vic,region,2026-05-21,2026-07-02,42,Europe,C.5.7,0.064,0.0,0.064,0.039985714285714284,9,0,0.06899999999999999,0.034,0.103,0,0.14500000000000002,0.023,0.168,0,0.288,0.012,0.3
emerging_haplotype,vic,region,2026-05-21,2026-07-09,49,Europe,C.5.7,0.062,0.0,0.062,0.038592857142857144,9,0,0.071,0.031,0.102,0,0.14700000000000002,0.022,0.169,0,0.305,0.011,0.316
emerging_haplotype,vic,region,2026-05-21,2026-07-16,56,Europe,C.5.7,0.059,0.0,0.059,0.03698571428571429,9,0,0.07200000000000001,0.029,0.101,0,0.14900000000000002,0.02,0.169,0,0.322,0.01,0.332
emerging_haplotype,vic,region,2026-05-21,2026-07-23,63,Europe,C.5.7,0.057,0.0,0.057,0.03537857142857143,9,0,0.07100000000000001,0.027,0.098,0,0.15100000000000002,0.018,0.169,0,0.33899999999999997,0.009,0.348
emerging_haplotype,vic,region,2026-05-21,2026-07-30,70,Europe,C.5.7,0.055,0.0,0.055,0.034042857142857146,9,0,0.07,0.026,0.096,0,0.15300000000000002,0.016,0.169,0,0.354,0.008,0.362
emerging_haplotype,vic,region,2026-05-21,2026-08-06,77,Europe,C.5.7,0.052,0.0,0.052,0.03222857142857143,9,0,0.07200000000000001,0.023,0.095,0,0.157,0.014,0.171,0,0.364,0.007,0.371
emerging_haplotype,vic,region,2026-05-21,2026-08-13,84,Europe,C.5.7,0.05,0.0,0.05,0.03115714285714286,9,0,0.07100000000000001,0.022,0.093,0,0.15999999999999998,0.013,0.173,0,0.372,0.006,0.378
emerging_haplotype,vic,region,2026-05-21,2026-05-28,7,Europe,C.5.6,0.224,0.278,0.05400000000000002,0.023528571428571437,9,0,0.08600000000000002,0.182,0.268,1,0.17500000000000002,0.143,0.318,1,0.254,0.107,0.361
emerging_haplotype,vic,region,2026-05-21,2026-06-04,14,Europe,C.5.6,0.216,0.274,0.058000000000000024,0.025500000000000005,9,0,0.09,0.171,0.261,1,0.182,0.134,0.316,1,0.262,0.1,0.362
emerging_haplotype,vic,region,2026-05-21,2026-06-11,21,Europe,C.5.6,0.208,0.296,0.088,0.03780714285714285,9,0,0.095,0.162,0.257,1,0.188,0.124,0.312,1,0.271,0.092,0.363
emerging_haplotype,vic,region,2026-05-21,2026-06-18,28,Europe,C.5.6,0.199,0.3,0.10099999999999998,0.04295714285714285,9,0,0.1,0.152,0.252,1,0.198,0.114,0.312,1,0.282,0.082,0.364
emerging_haplotype,vic,region,2026-05-21,2026-06-25,35,Europe,C.5.6,0.191,0.273,0.08200000000000002,0.034892857142857156,9,0,0.1,0.145,0.245,1,0.20800000000000002,0.103,0.311,1,0.293,0.072,0.365
emerging_haplotype,vic,region,2026-05-21,2026-07-02,42,Europe,C.5.6,0.182,0.118,0.064,0.030000000000000002,9,0,0.10299999999999998,0.136,0.239,1,0.217,0.092,0.309,1,0.302,0.063,0.365
emerging_haplotype,vic,region,2026-05-21,2026-07-09,49,Europe,C.5.6,0.175,0.2,0.025000000000000022,0.019871428571428575,9,1,0.10800000000000001,0.126,0.234,1,0.22299999999999998,0.084,0.307,1,0.31,0.055,0.365
emerging_haplotype,vic,region,2026-05-21,2026-07-16,56,Europe,C.5.6,0.166,0.364,0.19799999999999998,0.10062142857142856,9,0,0.114,0.116,0.23,0,0.22799999999999998,0.076,0.304,1,0.315,0.049,0.364
emerging_haplotype,vic,region,2026-05-21,2026-07-23,63,Europe,C.5.6,0.158,0.4,0.24200000000000002,0.14169285714285718,9,0,0.117,0.108,0.225,0,0.22699999999999998,0.071,0.298,0,0.319,0.043,0.362
emerging_haplotype,vic,region,2026-05-21,2026-07-30,70,Europe,C.5.6,0.149,0.375,0.226,0.1221357142857143,9,0,0.11699999999999999,0.1,0.217,0,0.23199999999999998,0.064,0.296,0,0.321,0.037,0.358
emerging_haplotype,vic,region,2026-05-21,2026-08-06,77,Europe,C.5.6,0.141,0.429,0.28800000000000003,0.18142142857142857,9,0,0.11699999999999999,0.092,0.209,0,0.236,0.055,0.291,0,0.32499999999999996,0.032,0.357
emerging_haplotype,vic,region,2026-05-21,2026-08-13,84,Europe,C.5.6,0.135,0.5,0.365,0.25669285714285717,9,0,0.12000000000000001,0.083,0.203,0,0.237,0.049,0.286,0,0.32899999999999996,0.028,0.357
emerging_haplotype,vic,region,2026-05-21,2026-05-28,7,Japan Korea,C.3.1,0.028,0.133,0.10500000000000001,0.06375,9,0,0.03,0.015,0.045,0,0.058,0.009,0.067,1,0.133,0.004,0.137
emerging_haplotype,vic,region,2026-05-21,2026-06-04,14,Japan Korea,C.3.1,0.028,0.083,0.05500000000000001,0.026392857142857152,9,0,0.032,0.015,0.047,0,0.063,0.009,0.072,1,0.143,0.004,0.147
emerging_haplotype,vic,region,2026-05-21,2026-06-11,21,Japan Korea,C.3.1,0.028,0.2,0.17200000000000001,0.12010714285714287,9,0,0.034,0.015,0.049,0,0.07,0.008,0.078,0,0.155,0.003,0.158
emerging_haplotype,vic,region,2026-05-21,2026-06-18,28,Japan Korea,C.3.1,0.028,0.333,0.305,0.24781428571428574,9,0,0.036,0.015,0.051,0,0.07700000000000001,0.008,0.085,0,0.166,0.003,0.169
emerging_haplotype,vic,region,2026-05-21,2026-06-25,35,Japan Korea,C.3.1,0.028,0.0,0.028,0.017564285714285716,9,0,0.039,0.014,0.053,0,0.08299999999999999,0.008,0.091,0,0.177,0.003,0.18
emerging_haplotype,vic,region,2026-05-21,2026-07-02,42,Japan Korea,C.3.1,0.028,0.0,0.028,0.01742857142857143,9,0,0.041,0.014,0.055,0,0.09,0.007,0.097,0,0.19,0.002,0.192
emerging_haplotype,vic,region,2026-05-21,2026-05-28,7,Japan Korea,C.3.3,0.917,0.6,0.31700000000000006,0.24432142857142858,9,0,0.06399999999999995,0.879,0.943,0,0.14300000000000002,0.82,0.963,0,0.21299999999999997,0.762,0.975
emerging_haplotype,vic,region,2026-05-21,2026-06-04,14,Japan Korea,C.3.3,0.917,0.667,0.25,0.17195714285714284,9,0,0.06899999999999995,0.876,0.945,0,0.14900000000000002,0.815,0.964,0,0.22799999999999998,0.749,0.977
emerging_haplotype,vic,region,2026-05-21,2026-06-11,21,Japan Korea,C.3.3,0.918,0.6,0.31800000000000006,0.23267142857142858,9,0,0.07399999999999995,0.873,0.947,0,0.15699999999999992,0.809,0.966,0,0.246,0.733,0.979
emerging_haplotype,vic,region,2026-05-21,2026-06-18,28,Japan Korea,C.3.3,0.918,0.333,0.585,0.4919642857142857,9,0,0.07699999999999996,0.871,0.948,0,0.16399999999999992,0.803,0.967,0,0.269,0.712,0.981
emerging_haplotype,vic,region,2026-05-21,2026-06-25,35,Japan Korea,C.3.3,0.918,0.0,0.918,0.8166571428571429,9,0,0.07899999999999996,0.87,0.949,0,0.17199999999999993,0.796,0.968,0,0.29400000000000004,0.689,0.983
emerging_haplotype,vic,region,2026-05-21,2026-07-02,42,Japan Korea,C.3.3,0.919,0.0,0.919,0.8045714285714285,9,0,0.08199999999999996,0.869,0.951,0,0.18899999999999995,0.78,0.969,0,0.32399999999999995,0.66,0.984
emerging_haplotype,vic,region,2026-05-21,2026-05-28,7,Japan Korea,C.5.1,0.002,0.0,0.002,0.0008785714285714288,9,1,0.004,0.0,0.004,1,0.007,0.0,0.007,1,0.015,0.0,0.015
emerging_haplotype,vic,region,2026-05-21,2026-06-04,14,Japan Korea,C.5.1,0.002,0.0,0.002,0.0009142857142857144,9,1,0.004,0.0,0.004,1,0.008,0.0,0.008,1,0.016,0.0,0.016
emerging_haplotype,vic,region,2026-05-21,2026-06-11,21,Japan Korea,C.5.1,0.002,0.0,0.002,0.0009285714285714287,9,1,0.004,0.0,0.004,1,0.008,0.0,0.008,1,0.018,0.0,0.018
emerging_haplotype,vic,region,2026-05-21,2026-06-18,28,Japan Korea,C.5.1,0.002,0.0,0.002,0.0009285714285714287,9,1,0.004,0.0,0.004,1,0.008,0.0,0.008,1,0.018,0.0,0.018
emerging_haplotype,vic,region,2026-05-21,2026-06-25,35,Japan Korea,C.5.1,0.001,0.0,0.001,0.0007857142857142857,9,1,0.004,0.0,0.004,1,0.008,0.0,0.008,1,0.018,0.0,0.018
emerging_haplotype,vic,region,2026-05-21,2026-07-02,42,Japan Korea,C.5.1,0.001,0.0,0.001,0.0008214285714285716,9,1,0.004,0.0,0.004,1,0.009,0.0,0.009,1,0.019,0.0,0.019
emerging_haplotype,vic,region,2026-05-21,2026-05-28,7,Japan Korea,C.5.6.1,0.007,0.0,0.007,0.004364285714285715,9,0,0.008,0.004,0.012,0,0.017,0.002,0.019,0,0.043,0.001,0.044
emerging_haplotype,vic,region,2026-05-21,2026-06-04,14,Japan Korea,C.5.6.1,0.006,0.0,0.006,0.004028571428571429,9,0,0.009000000000000001,0.003,0.012,0,0.017,0.002,0.019,0,0.046,0.001,0.047
emerging_haplotype,vic,region,2026-05-21,2026-06-11,21,Japan Korea,C.5.6.1,0.006,0.0,0.006,0.0036857142857142857,9,0,0.008,0.003,0.011,0,0.016999999999999998,0.001,0.018,0,0.048,0.001,0.049
emerging_haplotype,vic,region,2026-05-21,2026-06-18,28,Japan Korea,C.5.6.1,0.005,0.0,0.005,0.003442857142857143,9,0,0.007,0.003,0.01,0,0.016,0.001,0.017,0,0.048,0.001,0.049
emerging_haplotype,vic,region,2026-05-21,2026-06-25,35,Japan Korea,C.5.6.1,0.005,0.0,0.005,0.002885714285714286,9,0,0.006999999999999999,0.002,0.009,0,0.016,0.001,0.017,1,0.05,0.0,0.05
emerging_haplotype,vic,region,2026-05-21,2026-07-02,42,Japan Korea,C.5.6.1,0.004,0.0,0.004,0.0027428571428571432,9,0,0.006999999999999999,0.002,0.009,0,0.016,0.001,0.017,1,0.05,0.0,0.05
emerging_haplotype,vic,region,2026-05-21,2026-05-28,7,Japan Korea,C.5.6.1:241Q,0.012,0.267,0.255,0.22242857142857145,9,0,0.015000000000000001,0.006,0.021,0,0.03899999999999999,0.004,0.043,0,0.094,0.002,0.096
emerging_haplotype,vic,region,2026-05-21,2026-06-04,14,Japan Korea,C.5.6.1:241Q,0.011,0.25,0.239,0.20235,9,0,0.015000000000000001,0.006,0.021,0,0.044,0.003,0.047,0,0.103,0.001,0.104
emerging_haplotype,vic,region,2026-05-21,2026-06-11,21,Japan Korea,C.5.6.1:241Q,0.011,0.2,0.189,0.14932857142857145,9,0,0.015000000000000001,0.006,0.021,0,0.046,0.003,0.049,0,0.112,0.001,0.113
emerging_haplotype,vic,region,2026-05-21,2026-06-18,28,Japan Korea,C.5.6.1:241Q,0.011,0.333,0.322,0.27944285714285716,9,0,0.016999999999999998,0.005,0.022,0,0.047999999999999994,0.003,0.051,0,0.12,0.001,0.121
emerging_haplotype,vic,region,2026-05-21,2026-06-25,35,Japan Korea,C.5.6.1:241Q,0.011,1.0,0.989,0.9407500000000001,9,0,0.018,0.005,0.023,0,0.052,0.002,0.054,0,0.137,0.001,0.138
emerging_haplotype,vic,region,2026-05-21,2026-07-02,42,Japan Korea,C.5.6.1:241Q,0.01,1.0,0.99,0.9331785714285713,9,0,0.018,0.005,0.023,0,0.056,0.002,0.058,0,0.161,0.001,0.162
emerging_haplotype,vic,region,2026-05-21,2026-05-28,7,Japan Korea,C.5.6:75E,0.0,0.0,0.0,8.571428571428573e-05,9,1,0.0,0.0,0.0,1,0.002,0.0,0.002,1,0.004,0.0,0.004
emerging_haplotype,vic,region,2026-05-21,2026-06-04,14,Japan Korea,C.5.6:75E,0.0,0.0,0.0,9.285714285714289e-05,9,1,0.0,0.0,0.0,1,0.002,0.0,0.002,1,0.005,0.0,0.005
emerging_haplotype,vic,region,2026-05-21,2026-06-11,21,Japan Korea,C.5.6:75E,0.0,0.0,0.0,9.285714285714289e-05,9,1,0.0,0.0,0.0,1,0.002,0.0,0.002,1,0.005,0.0,0.005
emerging_haplotype,vic,region,2026-05-21,2026-06-18,28,Japan Korea,C.5.6:75E,0.0,0.0,0.0,9.285714285714289e-05,9,1,0.0,0.0,0.0,1,0.002,0.0,0.002,1,0.005,0.0,0.005
emerging_haplotype,vic,region,2026-05-21,2026-06-25,35,Japan Korea,C.5.6:75E,0.0,0.0,0.0,9.285714285714289e-05,9,1,0.0,0.0,0.0,1,0.002,0.0,0.002,1,0.005,0.0,0.005
emerging_haplotype,vic,region,2026-05-21,2026-07-02,42,Japan Korea,C.5.6:75E,0.0,0.0,0.0,0.00010000000000000003,9,1,0.0,0.0,0.0,1,0.002,0.0,0.002,1,0.006,0.0,0.006
emerging_haplotype,vic,region,2026-05-21,2026-05-28,7,Japan Korea,C.5.7,0.008,0.0,0.008,0.005042857142857142,9,0,0.012,0.004,0.016,0,0.024,0.002,0.026,0,0.049999999999999996,0.001,0.051
emerging_haplotype,vic,region,2026-05-21,2026-06-04,14,Japan Korea,C.5.7,0.007,0.0,0.007,0.00485,9,0,0.011,0.004,0.015,0,0.024,0.002,0.026,0,0.053,0.001,0.054
emerging_haplotype,vic,region,2026-05-21,2026-06-11,21,Japan Korea,C.5.7,0.007,0.0,0.007,0.004864285714285715,9,0,0.011,0.004,0.015,0,0.024,0.002,0.026,0,0.055,0.001,0.056
emerging_haplotype,vic,region,2026-05-21,2026-06-18,28,Japan Korea,C.5.7,0.007,0.0,0.007,0.004671428571428571,9,0,0.012,0.003,0.015,0,0.024,0.002,0.026,0,0.057999999999999996,0.001,0.059
emerging_haplotype,vic,region,2026-05-21,2026-06-25,35,Japan Korea,C.5.7,0.006,0.0,0.006,0.004264285714285715,9,0,0.012,0.003,0.015,0,0.024,0.001,0.025,0,0.061,0.001,0.062
emerging_haplotype,vic,region,2026-05-21,2026-07-02,42,Japan Korea,C.5.7,0.006,0.0,0.006,0.003978571428571429,9,0,0.012,0.003,0.015,0,0.023,0.001,0.024,1,0.065,0.0,0.065
emerging_haplotype,vic,region,2026-05-21,2026-05-28,7,Japan Korea,C.5.6,0.013,0.0,0.013,0.008414285714285713,9,0,0.009999999999999998,0.008,0.018,0,0.023,0.005,0.028,0,0.046,0.004,0.05
emerging_haplotype,vic,region,2026-05-21,2026-06-04,14,Japan Korea,C.5.6,0.012,0.0,0.012,0.007771428571428572,9,0,0.009999999999999998,0.008,0.018,0,0.025,0.004,0.029,0,0.047999999999999994,0.003,0.051
emerging_haplotype,vic,region,2026-05-21,2026-06-11,21,Japan Korea,C.5.6,0.012,0.0,0.012,0.007557142857142858,9,0,0.011,0.007,0.018,0,0.025,0.004,0.029,0,0.047999999999999994,0.003,0.051
emerging_haplotype,vic,region,2026-05-21,2026-06-18,28,Japan Korea,C.5.6,0.011,0.0,0.011,0.007421428571428571,9,0,0.011,0.007,0.018,0,0.025,0.004,0.029,0,0.048999999999999995,0.003,0.052
emerging_haplotype,vic,region,2026-05-21,2026-06-25,35,Japan Korea,C.5.6,0.011,0.0,0.011,0.006685714285714286,9,0,0.011999999999999999,0.006,0.018,0,0.026000000000000002,0.003,0.029,0,0.052,0.002,0.054
emerging_haplotype,vic,region,2026-05-21,2026-07-02,42,Japan Korea,C.5.6,0.01,0.0,0.01,0.006500000000000001,9,0,0.011000000000000001,0.006,0.017,0,0.026000000000000002,0.003,0.029,0,0.056,0.002,0.058
emerging_haplotype,vic,region,2026-05-21,2026-05-28,7,North America,C.3.1,0.416,0.331,0.08499999999999996,0.05803571428571427,9,0,0.033999999999999975,0.399,0.433,0,0.07400000000000001,0.378,0.452,0,0.10900000000000004,0.358,0.467
emerging_haplotype,vic,region,2026-05-21,2026-06-04,14,North America,C.3.1,0.396,0.286,0.11000000000000004,0.08155000000000003,9,0,0.034999999999999976,0.378,0.413,0,0.07800000000000001,0.356,0.434,0,0.11499999999999999,0.335,0.45
emerging_haplotype,vic,region,2026-05-21,2026-06-11,21,North America,C.3.1,0.376,0.27,0.10599999999999998,0.07642142857142854,9,0,0.03700000000000003,0.357,0.394,0,0.08199999999999996,0.334,0.416,0,0.121,0.313,0.434
emerging_haplotype,vic,region,2026-05-21,2026-06-18,28,North America,C.3.1,0.357,0.268,0.08899999999999997,0.05792857142857142,9,0,0.03799999999999998,0.337,0.375,0,0.08600000000000002,0.313,0.399,0,0.126,0.291,0.417
emerging_haplotype,vic,region,2026-05-21,2026-06-25,35,North America,C.3.1,0.337,0.255,0.08200000000000002,0.05072142857142857,9,0,0.03799999999999998,0.317,0.355,0,0.08800000000000002,0.293,0.381,0,0.129,0.27,0.399
emerging_haplotype,vic,region,2026-05-21,2026-07-02,42,North America,C.3.1,0.318,0.269,0.04899999999999999,0.022521428571428564,9,0,0.040000000000000036,0.297,0.337,0,0.08999999999999997,0.273,0.363,1,0.133,0.249,0.382
emerging_haplotype,vic,region,2026-05-21,2026-07-09,49,North America,C.3.1,0.299,0.351,0.05199999999999999,0.024735714285714278,9,0,0.03999999999999998,0.278,0.318,0,0.09199999999999997,0.254,0.346,1,0.13499999999999998,0.23,0.365
emerging_haplotype,vic,region,2026-05-21,2026-07-16,56,North America,C.3.1,0.28,0.341,0.061,0.030471428571428587,9,0,0.04199999999999998,0.259,0.301,0,0.09200000000000003,0.236,0.328,1,0.13799999999999998,0.211,0.349
emerging_haplotype,vic,region,2026-05-21,2026-07-23,63,North America,C.3.1,0.263,0.31,0.046999999999999986,0.020800000000000006,9,0,0.04199999999999998,0.242,0.284,1,0.093,0.218,0.311,1,0.14,0.193,0.333
emerging_haplotype,vic,region,2026-05-21,2026-07-30,70,North America,C.3.1,0.245,0.368,0.123,0.08823571428571428,9,0,0.04200000000000001,0.225,0.267,0,0.09299999999999997,0.202,0.295,0,0.14100000000000001,0.177,0.318
emerging_haplotype,vic,region,2026-05-21,2026-08-06,77,North America,C.3.1,0.228,0.4,0.17200000000000001,0.13617142857142858,9,0,0.04300000000000001,0.208,0.251,0,0.09300000000000003,0.186,0.279,0,0.142,0.161,0.303
emerging_haplotype,vic,region,2026-05-21,2026-08-13,84,North America,C.3.1,0.213,0.667,0.45400000000000007,0.4183928571428572,9,0,0.04200000000000001,0.192,0.234,0,0.093,0.171,0.264,0,0.143,0.146,0.289
emerging_haplotype,vic,region,2026-05-21,2026-05-28,7,North America,C.3.3,0.017,0.008,0.009000000000000001,0.004735714285714287,9,0,0.01,0.013,0.023,0,0.019000000000000003,0.01,0.029,1,0.027000000000000003,0.008,0.035
emerging_haplotype,vic,region,2026-05-21,2026-06-04,14,North America,C.3.3,0.017,0.011,0.006000000000000002,0.0029928571428571435,9,0,0.011000000000000001,0.013,0.024,1,0.020000000000000004,0.009,0.029,1,0.028999999999999998,0.008,0.037
emerging_haplotype,vic,region,2026-05-21,2026-06-11,21,North America,C.3.3,0.017,0.015,0.0020000000000000018,0.0019714285714285715,9,1,0.012,0.012,0.024,1,0.020999999999999998,0.009,0.03,1,0.032,0.007,0.039
emerging_haplotype,vic,region,2026-05-21,2026-06-18,28,North America,C.3.3,0.016,0.015,0.0010000000000000009,0.0019000000000000002,9,1,0.012,0.012,0.024,1,0.023,0.008,0.031,1,0.034,0.007,0.041
emerging_haplotype,vic,region,2026-05-21,2026-06-25,35,North America,C.3.3,0.016,0.027,0.011,0.004214285714285715,9,0,0.012,0.012,0.024,1,0.023,0.008,0.031,1,0.038,0.006,0.044
emerging_haplotype,vic,region,2026-05-21,2026-07-02,42,North America,C.3.3,0.016,0.037,0.020999999999999998,0.010042857142857142,9,0,0.013000000000000001,0.011,0.024,0,0.024,0.008,0.032,1,0.04,0.006,0.046
emerging_haplotype,vic,region,2026-05-21,2026-07-09,49,North America,C.3.3,0.016,0.013,0.003000000000000001,0.0023785714285714287,9,1,0.013000000000000001,0.011,0.024,1,0.025,0.007,0.032,1,0.043000000000000003,0.005,0.048
emerging_haplotype,vic,region,2026-05-21,2026-07-16,56,North America,C.3.3,0.016,0.023,0.006999999999999999,0.002992857142857143,9,1,0.013000000000000001,0.011,0.024,1,0.026000000000000002,0.007,0.033,1,0.045000000000000005,0.005,0.05
emerging_haplotype,vic,region,2026-05-21,2026-07-23,63,North America,C.3.3,0.015,0.034,0.019000000000000003,0.007707142857142859,9,0,0.014,0.01,0.024,1,0.028000000000000004,0.006,0.034,1,0.047,0.005,0.052
emerging_haplotype,vic,region,2026-05-21,2026-07-30,70,North America,C.3.3,0.015,0.053,0.038,0.021300000000000003,9,0,0.014,0.01,0.024,0,0.028000000000000004,0.006,0.034,1,0.05,0.004,0.054
emerging_haplotype,vic,region,2026-05-21,2026-08-06,77,North America,C.3.3,0.014,0.1,0.08600000000000001,0.06765714285714287,9,0,0.014,0.009,0.023,0,0.030000000000000002,0.005,0.035,0,0.052000000000000005,0.004,0.056
emerging_haplotype,vic,region,2026-05-21,2026-08-13,84,North America,C.3.3,0.014,0.0,0.014,0.009378571428571429,9,0,0.014,0.009,0.023,0,0.030000000000000002,0.005,0.035,0,0.053000000000000005,0.004,0.057
emerging_haplotype,vic,region,2026-05-21,2026-05-28,7,North America,C.5.1,0.096,0.091,0.0050000000000000044,0.004178571428571428,9,1,0.023999999999999994,0.085,0.109,1,0.044,0.078,0.122,1,0.069,0.067,0.136
emerging_haplotype,vic,region,2026-05-21,2026-06-04,14,North America,C.5.1,0.096,0.1,0.0040000000000000036,0.00425,9,1,0.024999999999999994,0.085,0.11,1,0.048,0.077,0.125,1,0.07300000000000001,0.066,0.139
emerging_haplotype,vic,region,2026-05-21,2026-06-11,21,North America,C.5.1,0.097,0.072,0.02500000000000001,0.012135714285714291,9,0,0.026999999999999996,0.084,0.111,0,0.053000000000000005,0.076,0.129,1,0.07699999999999999,0.065,0.142
emerging_haplotype,vic,region,2026-05-21,2026-06-18,28,North America,C.5.1,0.097,0.071,0.02600000000000001,0.012728571428571435,9,0,0.027999999999999997,0.084,0.112,0,0.05500000000000001,0.075,0.13,1,0.08199999999999999,0.063,0.145
emerging_haplotype,vic,region,2026-05-21,2026-06-25,35,North America,C.5.1,0.097,0.04,0.057,0.04052857142857143,9,0,0.03,0.083,0.113,0,0.05700000000000001,0.074,0.131,0,0.086,0.061,0.147
emerging_haplotype,vic,region,2026-05-21,2026-07-02,42,North America,C.5.1,0.097,0.037,0.060000000000000005,0.04224285714285714,9,0,0.03,0.082,0.112,0,0.06100000000000001,0.072,0.133,0,0.09,0.059,0.149
emerging_haplotype,vic,region,2026-05-21,2026-07-09,49,North America,C.5.1,0.096,0.039,0.057,0.039150000000000004,9,0,0.031,0.081,0.112,0,0.06400000000000002,0.071,0.135,0,0.095,0.057,0.152
emerging_haplotype,vic,region,2026-05-21,2026-07-16,56,North America,C.5.1,0.095,0.045,0.05,0.03176428571428572,9,0,0.032,0.08,0.112,0,0.067,0.069,0.136,0,0.099,0.055,0.154
emerging_haplotype,vic,region,2026-05-21,2026-07-23,63,North America,C.5.1,0.094,0.034,0.06,0.041171428571428574,9,0,0.034,0.078,0.112,0,0.07,0.067,0.137,0,0.10400000000000001,0.053,0.157
emerging_haplotype,vic,region,2026-05-21,2026-07-30,70,North America,C.5.1,0.092,0.0,0.092,0.07335714285714286,9,0,0.035,0.076,0.111,0,0.07300000000000001,0.065,0.138,0,0.10800000000000001,0.051,0.159
emerging_haplotype,vic,region,2026-05-21,2026-08-06,77,North America,C.5.1,0.09,0.0,0.09,0.0718357142857143,9,0,0.036000000000000004,0.075,0.111,0,0.07600000000000001,0.063,0.139,0,0.113,0.049,0.162
emerging_haplotype,vic,region,2026-05-21,2026-08-13,84,North America,C.5.1,0.089,0.0,0.089,0.06992857142857142,9,0,0.038000000000000006,0.073,0.111,0,0.07800000000000001,0.061,0.139,0,0.11800000000000001,0.046,0.164
emerging_haplotype,vic,region,2026-05-21,2026-05-28,7,North America,C.5.6.1,0.006,0.023,0.017,0.01487857142857143,9,0,0.003,0.004,0.007,0,0.005999999999999999,0.003,0.009,0,0.009,0.002,0.011
emerging_haplotype,vic,region,2026-05-21,2026-06-04,14,North America,C.5.6.1,0.005,0.019,0.013999999999999999,0.011021428571428573,9,0,0.003,0.004,0.007,0,0.005999999999999999,0.003,0.009,0,0.009,0.002,0.011
emerging_haplotype,vic,region,2026-05-21,2026-06-11,21,North America,C.5.6.1,0.005,0.019,0.013999999999999999,0.01187857142857143,9,0,0.003,0.003,0.006,0,0.006,0.002,0.008,0,0.009000000000000001,0.001,0.01
emerging_haplotype,vic,region,2026-05-21,2026-06-18,28,North America,C.5.6.1,0.004,0.01,0.006,0.0035571428571428572,9,0,0.003,0.003,0.006,0,0.005,0.002,0.007,0,0.008,0.001,0.009
emerging_haplotype,vic,region,2026-05-21,2026-06-25,35,North America,C.5.6.1,0.004,0.013,0.009,0.0067714285714285715,9,0,0.002,0.003,0.005,0,0.005,0.002,0.007,0,0.008,0.001,0.009
emerging_haplotype,vic,region,2026-05-21,2026-07-02,42,North America,C.5.6.1,0.003,0.009,0.005999999999999999,0.003242857142857142,9,0,0.003,0.002,0.005,0,0.004,0.002,0.006,1,0.008,0.001,0.009
emerging_haplotype,vic,region,2026-05-21,2026-07-09,49,North America,C.5.6.1,0.003,0.013,0.009999999999999998,0.007764285714285714,9,0,0.002,0.002,0.004,0,0.005,0.001,0.006,0,0.007,0.001,0.008
emerging_haplotype,vic,region,2026-05-21,2026-07-16,56,North America,C.5.6.1,0.003,0.023,0.02,0.017764285714285715,9,0,0.002,0.002,0.004,0,0.005,0.001,0.006,0,0.007,0.001,0.008
emerging_haplotype,vic,region,2026-05-21,2026-07-23,63,North America,C.5.6.1,0.003,0.034,0.031000000000000003,0.029300000000000003,9,0,0.002,0.002,0.004,0,0.004,0.001,0.005,0,0.006,0.001,0.007
emerging_haplotype,vic,region,2026-05-21,2026-07-30,70,North America,C.5.6.1,0.002,0.0,0.002,0.0011642857142857143,9,0,0.002,0.001,0.003,0,0.004,0.001,0.005,1,0.007,0.0,0.007
emerging_haplotype,vic,region,2026-05-21,2026-08-06,77,North America,C.5.6.1,0.002,0.0,0.002,0.0011642857142857143,9,0,0.002,0.001,0.003,0,0.004,0.001,0.005,1,0.007,0.0,0.007
emerging_haplotype,vic,region,2026-05-21,2026-08-13,84,North America,C.5.6.1,0.002,0.0,0.002,0.0011285714285714284,9,0,0.002,0.001,0.003,0,0.003,0.001,0.004,1,0.006,0.0,0.006
emerging_haplotype,vic,region,2026-05-21,2026-05-28,7,North America,C.5.6.1:241Q,0.427,0.477,0.04999999999999999,0.02232857142857142,9,0,0.04600000000000004,0.408,0.454,0,0.08599999999999997,0.384,0.47,1,0.122,0.367,0.489
emerging_haplotype,vic,region,2026-05-21,2026-06-04,14,North America,C.5.6.1:241Q,0.449,0.503,0.05399999999999999,0.02409285714285715,9,0,0.04999999999999999,0.428,0.478,0,0.09499999999999997,0.401,0.496,1,0.133,0.382,0.515
emerging_haplotype,vic,region,2026-05-21,2026-06-11,21,North America,C.5.6.1:241Q,0.47,0.532,0.062000000000000055,0.028164285714285732,9,0,0.05499999999999999,0.447,0.502,0,0.10200000000000004,0.42,0.522,1,0.14500000000000002,0.397,0.542
emerging_haplotype,vic,region,2026-05-21,2026-06-18,28,North America,C.5.6.1:241Q,0.49,0.525,0.03500000000000003,0.01336428571428572,9,1,0.057999999999999996,0.467,0.525,1,0.10900000000000004,0.438,0.547,1,0.15499999999999997,0.413,0.568
emerging_haplotype,vic,region,2026-05-21,2026-06-25,35,North America,C.5.6.1:241Q,0.511,0.537,0.026000000000000023,0.012528571428571432,9,1,0.061000000000000054,0.487,0.548,1,0.11499999999999994,0.455,0.57,1,0.16399999999999998,0.429,0.593
emerging_haplotype,vic,region,2026-05-21,2026-07-02,42,North America,C.5.6.1:241Q,0.532,0.519,0.013000000000000012,0.011085714285714284,9,1,0.06499999999999995,0.506,0.571,1,0.118,0.474,0.592,1,0.16999999999999998,0.444,0.614
emerging_haplotype,vic,region,2026-05-21,2026-07-09,49,North America,C.5.6.1:241Q,0.554,0.455,0.09900000000000003,0.05594285714285714,9,0,0.06599999999999995,0.526,0.592,0,0.124,0.492,0.616,0,0.176,0.46,0.636
emerging_haplotype,vic,region,2026-05-21,2026-07-16,56,North America,C.5.6.1:241Q,0.575,0.409,0.16599999999999998,0.12054285714285716,9,0,0.06999999999999995,0.545,0.615,0,0.128,0.511,0.639,0,0.18400000000000005,0.475,0.659
emerging_haplotype,vic,region,2026-05-21,2026-07-23,63,North America,C.5.6.1:241Q,0.595,0.448,0.14699999999999996,0.09963571428571427,9,0,0.07300000000000006,0.563,0.636,0,0.132,0.529,0.661,0,0.19100000000000006,0.491,0.682
emerging_haplotype,vic,region,2026-05-21,2026-07-30,70,North America,C.5.6.1:241Q,0.615,0.421,0.194,0.1447071428571429,9,0,0.07600000000000007,0.581,0.657,0,0.135,0.548,0.683,0,0.19899999999999995,0.506,0.705
emerging_haplotype,vic,region,2026-05-21,2026-08-06,77,North America,C.5.6.1:241Q,0.634,0.3,0.334,0.28308571428571433,9,0,0.07700000000000007,0.599,0.676,0,0.134,0.566,0.7,0,0.20599999999999996,0.521,0.727
emerging_haplotype,vic,region,2026-05-21,2026-08-13,84,North America,C.5.6.1:241Q,0.653,0.0,0.653,0.5993071428571428,9,0,0.07899999999999996,0.616,0.695,0,0.14,0.581,0.721,0,0.21299999999999997,0.535,0.748
emerging_haplotype,vic,region,2026-05-21,2026-05-28,7,North America,C.5.6:75E,0.0,0.002,0.002,0.0007214285714285715,9,0,0.001,0.0,0.001,1,0.002,0.0,0.002,1,0.003,0.0,0.003
emerging_haplotype,vic,region,2026-05-21,2026-06-04,14,North America,C.5.6:75E,0.0,0.003,0.003,0.001435714285714286,9,0,0.001,0.0,0.001,0,0.002,0.0,0.002,1,0.003,0.0,0.003
emerging_haplotype,vic,region,2026-05-21,2026-06-11,21,North America,C.5.6:75E,0.0,0.004,0.004,0.002157142857142857,9,0,0.001,0.0,0.001,0,0.002,0.0,0.002,1,0.004,0.0,0.004
emerging_haplotype,vic,region,2026-05-21,2026-06-18,28,North America,C.5.6:75E,0.0,0.005,0.005,0.0031571428571428575,9,0,0.001,0.0,0.001,0,0.002,0.0,0.002,0,0.004,0.0,0.004
emerging_haplotype,vic,region,2026-05-21,2026-06-25,35,North America,C.5.6:75E,0.0,0.0,0.0,0.00015714285714285716,9,1,0.001,0.0,0.001,1,0.002,0.0,0.002,1,0.004,0.0,0.004
emerging_haplotype,vic,region,2026-05-21,2026-07-02,42,North America,C.5.6:75E,0.0,0.0,0.0,0.00015714285714285716,9,1,0.001,0.0,0.001,1,0.002,0.0,0.002,1,0.004,0.0,0.004
emerging_haplotype,vic,region,2026-05-21,2026-07-09,49,North America,C.5.6:75E,0.0,0.013,0.013,0.011157142857142855,9,0,0.001,0.0,0.001,0,0.002,0.0,0.002,0,0.004,0.0,0.004
emerging_haplotype,vic,region,2026-05-21,2026-07-16,56,North America,C.5.6:75E,0.0,0.023,0.023,0.021157142857142857,9,0,0.001,0.0,0.001,0,0.002,0.0,0.002,0,0.004,0.0,0.004
emerging_haplotype,vic,region,2026-05-21,2026-07-23,63,North America,C.5.6:75E,0.0,0.034,0.034,0.03187857142857143,9,0,0.001,0.0,0.001,0,0.002,0.0,0.002,0,0.005,0.0,0.005
emerging_haplotype,vic,region,2026-05-21,2026-07-30,70,North America,C.5.6:75E,0.0,0.053,0.053,0.050878571428571426,9,0,0.001,0.0,0.001,0,0.002,0.0,0.002,0,0.005,0.0,0.005
emerging_haplotype,vic,region,2026-05-21,2026-08-06,77,North America,C.5.6:75E,0.0,0.1,0.1,0.09787857142857144,9,0,0.001,0.0,0.001,0,0.002,0.0,0.002,0,0.005,0.0,0.005
emerging_haplotype,vic,region,2026-05-21,2026-08-13,84,North America,C.5.6:75E,0.0,0.167,0.167,0.16460000000000002,9,0,0.001,0.0,0.001,0,0.002,0.0,0.002,0,0.006,0.0,0.006
emerging_haplotype,vic,region,2026-05-21,2026-05-28,7,North America,C.5.7,0.008,0.002,0.006,0.003957142857142857,9,0,0.004,0.006,0.01,0,0.005999999999999999,0.005,0.011,0,0.01,0.004,0.014
emerging_haplotype,vic,region,2026-05-21,2026-06-04,14,North America,C.5.7,0.007,0.003,0.004,0.0019857142857142855,9,0,0.003999999999999999,0.005,0.009,0,0.006999999999999999,0.004,0.011,1,0.009999999999999998,0.003,0.013
emerging_haplotype,vic,region,2026-05-21,2026-06-11,21,North America,C.5.7,0.006,0.004,0.002,0.0010214285714285714,9,0,0.003,0.005,0.008,1,0.006,0.004,0.01,1,0.009000000000000001,0.003,0.012
emerging_haplotype,vic,region,2026-05-21,2026-06-18,28,North America,C.5.7,0.006,0.0,0.006,0.003957142857142857,9,0,0.004,0.004,0.008,0,0.005999999999999999,0.003,0.009,0,0.01,0.002,0.012
emerging_haplotype,vic,region,2026-05-21,2026-06-25,35,North America,C.5.7,0.005,0.0,0.005,0.0037357142857142854,9,0,0.003,0.004,0.007,0,0.005999999999999999,0.003,0.009,0,0.009,0.002,0.011
emerging_haplotype,vic,region,2026-05-21,2026-07-02,42,North America,C.5.7,0.005,0.0,0.005,0.0034142857142857143,9,0,0.003,0.003,0.006,0,0.005,0.003,0.008,0,0.008,0.002,0.01
emerging_haplotype,vic,region,2026-05-21,2026-07-09,49,North America,C.5.7,0.004,0.0,0.004,0.0027,9,0,0.003,0.003,0.006,0,0.005,0.002,0.007,0,0.008,0.001,0.009
emerging_haplotype,vic,region,2026-05-21,2026-07-16,56,North America,C.5.7,0.004,0.0,0.004,0.0026285714285714285,9,0,0.002,0.003,0.005,0,0.005,0.002,0.007,0,0.008,0.001,0.009
emerging_haplotype,vic,region,2026-05-21,2026-07-23,63,North America,C.5.7,0.004,0.0,0.004,0.0023785714285714287,9,0,0.003,0.002,0.005,0,0.004,0.002,0.006,0,0.007,0.001,0.008
emerging_haplotype,vic,region,2026-05-21,2026-07-30,70,North America,C.5.7,0.003,0.0,0.003,0.002157142857142857,9,0,0.002,0.002,0.004,0,0.004,0.002,0.006,0,0.006,0.001,0.007
emerging_haplotype,vic,region,2026-05-21,2026-08-06,77,North America,C.5.7,0.003,0.0,0.003,0.0018714285714285714,9,0,0.002,0.002,0.004,0,0.004,0.001,0.005,0,0.006,0.001,0.007
emerging_haplotype,vic,region,2026-05-21,2026-08-13,84,North America,C.5.7,0.003,0.0,0.003,0.0018642857142857144,9,0,0.002,0.002,0.004,0,0.004,0.001,0.005,0,0.005,0.001,0.006
emerging_haplotype,vic,region,2026-05-21,2026-05-28,7,North America,C.5.6,0.023,0.063,0.04,0.03350000000000001,9,0,0.008,0.019,0.027,0,0.016,0.015,0.031,0,0.026,0.012,0.038
emerging_haplotype,vic,region,2026-05-21,2026-06-04,14,North America,C.5.6,0.021,0.076,0.05499999999999999,0.04736428571428571,9,0,0.008,0.018,0.026,0,0.016,0.014,0.03,0,0.027,0.011,0.038
emerging_haplotype,vic,region,2026-05-21,2026-06-11,21,North America,C.5.6,0.02,0.084,0.064,0.056364285714285714,9,0,0.008,0.017,0.025,0,0.016,0.013,0.029,0,0.026999999999999996,0.01,0.037
emerging_haplotype,vic,region,2026-05-21,2026-06-18,28,North America,C.5.6,0.019,0.106,0.087,0.0793642857142857,9,0,0.008,0.016,0.024,0,0.016,0.012,0.028,0,0.026999999999999996,0.009,0.036
emerging_haplotype,vic,region,2026-05-21,2026-06-25,35,North America,C.5.6,0.018,0.128,0.11,0.10235714285714285,9,0,0.008,0.015,0.023,0,0.016,0.011,0.027,0,0.026000000000000002,0.009,0.035
emerging_haplotype,vic,region,2026-05-21,2026-07-02,42,North America,C.5.6,0.017,0.13,0.113,0.10535714285714286,9,0,0.007999999999999998,0.014,0.022,0,0.016,0.01,0.026,0,0.026000000000000002,0.008,0.034
emerging_haplotype,vic,region,2026-05-21,2026-07-09,49,North America,C.5.6,0.016,0.117,0.101,0.09332857142857143,9,0,0.008000000000000002,0.013,0.021,0,0.015000000000000001,0.01,0.025,0,0.026000000000000002,0.007,0.033
emerging_haplotype,vic,region,2026-05-21,2026-07-16,56,North America,C.5.6,0.015,0.136,0.12100000000000001,0.11305000000000001,9,0,0.008,0.012,0.02,0,0.015000000000000001,0.009,0.024,0,0.027000000000000003,0.006,0.033
emerging_haplotype,vic,region,2026-05-21,2026-07-23,63,North America,C.5.6,0.014,0.103,0.089,0.08125714285714285,9,0,0.006999999999999999,0.011,0.018,0,0.015,0.008,0.023,0,0.026000000000000002,0.006,0.032
emerging_haplotype,vic,region,2026-05-21,2026-07-30,70,North America,C.5.6,0.013,0.105,0.092,0.08425714285714284,9,0,0.007000000000000001,0.01,0.017,0,0.015,0.007,0.022,0,0.026,0.005,0.031
emerging_haplotype,vic,region,2026-05-21,2026-08-06,77,North America,C.5.6,0.012,0.1,0.08800000000000001,0.08022142857142857,9,0,0.007000000000000001,0.009,0.016,0,0.014000000000000002,0.007,0.021,0,0.024999999999999998,0.005,0.03
emerging_haplotype,vic,region,2026-05-21,2026-08-13,84,North America,C.5.6,0.012,0.167,0.155,0.14786428571428573,9,0,0.008,0.008,0.016,0,0.014,0.006,0.02,0,0.025,0.004,0.029
emerging_haplotype,vic,region,2026-05-21,2026-05-28,7,South America,C.3.1,0.334,0.679,0.34500000000000003,0.1940357142857143,9,0,0.21,0.233,0.443,0,0.36300000000000004,0.178,0.541,0,0.553,0.096,0.649
emerging_haplotype,vic,region,2026-05-21,2026-06-04,14,South America,C.3.1,0.334,0.647,0.313,0.16108571428571428,9,0,0.224,0.226,0.45,0,0.381,0.164,0.545,1,0.5680000000000001,0.089,0.657
emerging_haplotype,vic,region,2026-05-21,2026-06-11,21,South America,C.3.1,0.335,0.642,0.307,0.1562285714285714,9,0,0.232,0.22,0.452,0,0.397,0.154,0.551,1,0.5840000000000001,0.081,0.665
emerging_haplotype,vic,region,2026-05-21,2026-06-18,28,South America,C.3.1,0.335,0.629,0.294,0.14587857142857139,9,0,0.24100000000000002,0.215,0.456,0,0.404,0.15,0.554,1,0.5970000000000001,0.075,0.672
emerging_haplotype,vic,region,2026-05-21,2026-06-25,35,South America,C.3.1,0.332,0.595,0.26299999999999996,0.12121428571428568,9,0,0.24800000000000003,0.209,0.457,0,0.41500000000000004,0.144,0.559,1,0.6100000000000001,0.069,0.679
emerging_haplotype,vic,region,2026-05-21,2026-07-02,42,South America,C.3.1,0.33,0.555,0.22500000000000003,0.09559285714285715,9,0,0.254,0.201,0.455,1,0.42999999999999994,0.136,0.566,1,0.623,0.063,0.686
emerging_haplotype,vic,region,2026-05-21,2026-07-09,49,South America,C.3.1,0.325,0.535,0.21000000000000002,0.08873571428571428,9,0,0.264,0.192,0.456,1,0.44599999999999995,0.126,0.572,1,0.6389999999999999,0.058,0.697
emerging_haplotype,vic,region,2026-05-21,2026-07-16,56,South America,C.3.1,0.319,0.519,0.2,0.0838,9,0,0.271,0.185,0.456,1,0.46299999999999997,0.117,0.58,1,0.6499999999999999,0.053,0.703
emerging_haplotype,vic,region,2026-05-21,2026-07-23,63,South America,C.3.1,0.316,0.565,0.24899999999999994,0.10483571428571425,9,0,0.277,0.179,0.456,1,0.477,0.11,0.587,1,0.6589999999999999,0.049,0.708
emerging_haplotype,vic,region,2026-05-21,2026-07-30,70,South America,C.3.1,0.312,0.5,0.188,0.07771428571428571,9,0,0.28600000000000003,0.173,0.459,1,0.488,0.104,0.592,1,0.6679999999999999,0.044,0.712
emerging_haplotype,vic,region,2026-05-21,2026-08-06,77,South America,C.3.1,0.306,0.462,0.15600000000000003,0.06260714285714286,9,1,0.29700000000000004,0.165,0.462,1,0.498,0.097,0.595,1,0.6829999999999999,0.041,0.724
emerging_haplotype,vic,region,2026-05-21,2026-08-13,84,South America,C.3.1,0.304,1.0,0.696,0.4835142857142857,9,0,0.31100000000000005,0.154,0.465,0,0.511,0.091,0.602,0,0.698,0.037,0.735
emerging_haplotype,vic,region,2026-05-21,2026-05-28,7,South America,C.3.3,0.0,0.032,0.032,0.01937142857142857,9,0,0.003,0.0,0.003,0,0.012,0.0,0.012,1,0.034,0.0,0.034
emerging_haplotype,vic,region,2026-05-21,2026-06-04,14,South America,C.3.3,0.0,0.045,0.045,0.03017142857142857,9,0,0.003,0.0,0.003,0,0.014,0.0,0.014,0,0.038,0.0,0.038
emerging_haplotype,vic,region,2026-05-21,2026-06-11,21,South America,C.3.3,0.0,0.042,0.042,0.02608571428571429,9,0,0.003,0.0,0.003,0,0.014,0.0,0.014,1,0.046,0.0,0.046
emerging_haplotype,vic,region,2026-05-21,2026-06-18,28,South America,C.3.3,0.0,0.059,0.059,0.03889999999999999,9,0,0.003,0.0,0.003,0,0.015,0.0,0.015,0,0.056,0.0,0.056
emerging_haplotype,vic,region,2026-05-21,2026-06-25,35,South America,C.3.3,0.0,0.054,0.054,0.03433571428571428,9,0,0.004,0.0,0.004,0,0.015,0.0,0.015,1,0.067,0.0,0.067
emerging_haplotype,vic,region,2026-05-21,2026-07-02,42,South America,C.3.3,0.0,0.064,0.064,0.04126428571428571,9,0,0.004,0.0,0.004,0,0.016,0.0,0.016,1,0.073,0.0,0.073
emerging_haplotype,vic,region,2026-05-21,2026-07-09,49,South America,C.3.3,0.0,0.071,0.071,0.046307142857142845,9,0,0.004,0.0,0.004,0,0.016,0.0,0.016,1,0.079,0.0,0.079
emerging_haplotype,vic,region,2026-05-21,2026-07-16,56,South America,C.3.3,0.0,0.076,0.076,0.049664285714285716,9,0,0.004,0.0,0.004,0,0.017,0.0,0.017,1,0.085,0.0,0.085
emerging_haplotype,vic,region,2026-05-21,2026-07-23,63,South America,C.3.3,0.001,0.043,0.041999999999999996,0.025535714285714283,9,0,0.005,0.0,0.005,0,0.018,0.0,0.018,1,0.093,0.0,0.093
emerging_haplotype,vic,region,2026-05-21,2026-07-30,70,South America,C.3.3,0.001,0.077,0.076,0.049878571428571425,9,0,0.005,0.0,0.005,0,0.018,0.0,0.018,1,0.101,0.0,0.101
emerging_haplotype,vic,region,2026-05-21,2026-08-06,77,South America,C.3.3,0.0,0.0,0.0,0.0017000000000000006,9,1,0.005,0.0,0.005,1,0.019,0.0,0.019,1,0.112,0.0,0.112
emerging_haplotype,vic,region,2026-05-21,2026-08-13,84,South America,C.3.3,0.001,0.0,0.001,0.002007142857142858,9,1,0.006,0.0,0.006,1,0.02,0.0,0.02,1,0.121,0.0,0.121
emerging_haplotype,vic,region,2026-05-21,2026-05-28,7,South America,C.5.1,0.122,0.009,0.113,0.07277857142857143,9,0,0.14900000000000002,0.077,0.226,0,0.242,0.052,0.294,0,0.351,0.026,0.377
emerging_haplotype,vic,region,2026-05-21,2026-06-04,14,South America,C.5.1,0.115,0.0,0.115,0.07730000000000001,9,0,0.15200000000000002,0.072,0.224,0,0.251,0.046,0.297,0,0.358,0.023,0.381
emerging_haplotype,vic,region,2026-05-21,2026-06-11,21,South America,C.5.1,0.108,0.0,0.108,0.073,9,0,0.152,0.067,0.219,0,0.254,0.042,0.296,0,0.364,0.02,0.384
emerging_haplotype,vic,region,2026-05-21,2026-06-18,28,South America,C.5.1,0.102,0.0,0.102,0.06894285714285715,9,0,0.153,0.061,0.214,0,0.258,0.038,0.296,0,0.37,0.018,0.388
emerging_haplotype,vic,region,2026-05-21,2026-06-25,35,South America,C.5.1,0.097,0.0,0.097,0.06523571428571429,9,0,0.153,0.056,0.209,0,0.262,0.034,0.296,0,0.375,0.016,0.391
emerging_haplotype,vic,region,2026-05-21,2026-07-02,42,South America,C.5.1,0.092,0.0,0.092,0.06193571428571428,9,0,0.151,0.053,0.204,0,0.265,0.031,0.296,0,0.381,0.013,0.394
emerging_haplotype,vic,region,2026-05-21,2026-07-09,49,South America,C.5.1,0.087,0.0,0.087,0.058864285714285716,9,0,0.15000000000000002,0.049,0.199,0,0.26399999999999996,0.028,0.292,0,0.385,0.012,0.397
emerging_haplotype,vic,region,2026-05-21,2026-07-16,56,South America,C.5.1,0.082,0.0,0.082,0.05593571428571429,9,0,0.15000000000000002,0.045,0.195,0,0.26499999999999996,0.026,0.291,0,0.391,0.01,0.401
emerging_haplotype,vic,region,2026-05-21,2026-07-23,63,South America,C.5.1,0.077,0.0,0.077,0.052649999999999995,9,0,0.148,0.041,0.189,0,0.26899999999999996,0.022,0.291,0,0.395,0.009,0.404
emerging_haplotype,vic,region,2026-05-21,2026-07-30,70,South America,C.5.1,0.073,0.0,0.073,0.05026428571428571,9,0,0.145,0.038,0.183,0,0.27199999999999996,0.02,0.292,0,0.39899999999999997,0.008,0.407
emerging_haplotype,vic,region,2026-05-21,2026-08-06,77,South America,C.5.1,0.068,0.0,0.068,0.04770714285714286,9,0,0.142,0.035,0.177,0,0.27399999999999997,0.018,0.292,0,0.40299999999999997,0.007,0.41
emerging_haplotype,vic,region,2026-05-21,2026-08-13,84,South America,C.5.1,0.064,0.0,0.064,0.0455,9,0,0.138,0.033,0.171,0,0.27599999999999997,0.016,0.292,0,0.40599999999999997,0.006,0.412
emerging_haplotype,vic,region,2026-05-21,2026-05-28,7,South America,C.5.6.1,0.024,0.032,0.008,0.005592857142857143,9,1,0.030000000000000002,0.011,0.041,1,0.057,0.007,0.064,1,0.095,0.003,0.098
emerging_haplotype,vic,region,2026-05-21,2026-06-04,14,South America,C.5.6.1,0.021,0.036,0.014999999999999996,0.006449999999999999,9,1,0.028999999999999998,0.01,0.039,1,0.055,0.006,0.061,1,0.093,0.003,0.096
emerging_haplotype,vic,region,2026-05-21,2026-06-11,21,South America,C.5.6.1,0.019,0.024,0.005000000000000001,0.0048285714285714295,9,1,0.026999999999999996,0.009,0.036,1,0.053000000000000005,0.005,0.058,1,0.094,0.002,0.096
emerging_haplotype,vic,region,2026-05-21,2026-06-18,28,South America,C.5.6.1,0.017,0.032,0.015,0.00615,9,1,0.026000000000000002,0.008,0.034,1,0.052000000000000005,0.004,0.056,1,0.093,0.002,0.095
emerging_haplotype,vic,region,2026-05-21,2026-06-25,35,South America,C.5.6.1,0.016,0.034,0.018000000000000002,0.007021428571428572,9,0,0.025,0.007,0.032,1,0.049999999999999996,0.003,0.053,1,0.093,0.002,0.095
emerging_haplotype,vic,region,2026-05-21,2026-07-02,42,South America,C.5.6.1,0.014,0.018,0.003999999999999998,0.004285714285714286,9,1,0.024,0.006,0.03,1,0.047,0.003,0.05,1,0.092,0.001,0.093
emerging_haplotype,vic,region,2026-05-21,2026-07-09,49,South America,C.5.6.1,0.013,0.02,0.007000000000000001,0.004671428571428572,9,1,0.024,0.005,0.029,1,0.046,0.002,0.048,1,0.09,0.001,0.091
emerging_haplotype,vic,region,2026-05-21,2026-07-16,56,South America,C.5.6.1,0.012,0.025,0.013000000000000001,0.005392857142857143,9,1,0.023,0.004,0.027,1,0.044,0.002,0.046,1,0.089,0.001,0.09
emerging_haplotype,vic,region,2026-05-21,2026-07-23,63,South America,C.5.6.1,0.011,0.022,0.011,0.004892857142857143,9,1,0.021,0.004,0.025,1,0.041999999999999996,0.002,0.044,1,0.087,0.001,0.088
emerging_haplotype,vic,region,2026-05-21,2026-07-30,70,South America,C.5.6.1,0.01,0.038,0.027999999999999997,0.011471428571428572,9,0,0.02,0.003,0.023,1,0.04,0.002,0.042,1,0.086,0.001,0.087
emerging_haplotype,vic,region,2026-05-21,2026-08-06,77,South America,C.5.6.1,0.009,0.0,0.009,0.005507142857142857,9,0,0.019,0.003,0.022,0,0.039,0.001,0.04,1,0.085,0.0,0.085
emerging_haplotype,vic,region,2026-05-21,2026-08-13,84,South America,C.5.6.1,0.008,0.0,0.008,0.00515,9,0,0.017,0.003,0.02,0,0.037,0.001,0.038,1,0.083,0.0,0.083
emerging_haplotype,vic,region,2026-05-21,2026-05-28,7,South America,C.5.6.1:241Q,0.0,0.054,0.054,0.04182857142857142,9,0,0.002,0.0,0.002,0,0.011,0.0,0.011,0,0.032,0.0,0.032
emerging_haplotype,vic,region,2026-05-21,2026-06-04,14,South America,C.5.6.1:241Q,0.0,0.063,0.063,0.05055,9,0,0.002,0.0,0.002,0,0.011,0.0,0.011,0,0.033,0.0,0.033
emerging_haplotype,vic,region,2026-05-21,2026-06-11,21,South America,C.5.6.1:241Q,0.0,0.075,0.075,0.061478571428571424,9,0,0.002,0.0,0.002,0,0.013,0.0,0.013,0,0.035,0.0,0.035
emerging_haplotype,vic,region,2026-05-21,2026-06-18,28,South America,C.5.6.1:241Q,0.0,0.065,0.065,0.05012857142857143,9,0,0.002,0.0,0.002,0,0.015,0.0,0.015,0,0.038,0.0,0.038
emerging_haplotype,vic,region,2026-05-21,2026-06-25,35,South America,C.5.6.1:241Q,0.0,0.074,0.074,0.057499999999999996,9,0,0.002,0.0,0.002,0,0.017,0.0,0.017,0,0.042,0.0,0.042
emerging_haplotype,vic,region,2026-05-21,2026-07-02,42,South America,C.5.6.1:241Q,0.0,0.082,0.082,0.06412857142857142,9,0,0.002,0.0,0.002,0,0.018,0.0,0.018,0,0.046,0.0,0.046
emerging_haplotype,vic,region,2026-05-21,2026-07-09,49,South America,C.5.6.1:241Q,0.0,0.081,0.081,0.06175714285714286,9,0,0.002,0.0,0.002,0,0.019,0.0,0.019,0,0.05,0.0,0.05
emerging_haplotype,vic,region,2026-05-21,2026-07-16,56,South America,C.5.6.1:241Q,0.0,0.076,0.076,0.05536428571428571,9,0,0.002,0.0,0.002,0,0.019,0.0,0.019,0,0.055,0.0,0.055
emerging_haplotype,vic,region,2026-05-21,2026-07-23,63,South America,C.5.6.1:241Q,0.0,0.087,0.087,0.06471428571428571,9,0,0.002,0.0,0.002,0,0.02,0.0,0.02,0,0.06,0.0,0.06
emerging_haplotype,vic,region,2026-05-21,2026-07-30,70,South America,C.5.6.1:241Q,0.0,0.038,0.038,0.021778571428571425,9,0,0.002,0.0,0.002,0,0.021,0.0,0.021,1,0.065,0.0,0.065
emerging_haplotype,vic,region,2026-05-21,2026-08-06,77,South America,C.5.6.1:241Q,0.0,0.077,0.077,0.05027857142857143,9,0,0.002,0.0,0.002,0,0.021,0.0,0.021,0,0.075,0.0,0.075
emerging_haplotype,vic,region,2026-05-21,2026-08-13,84,South America,C.5.6.1:241Q,0.0,0.0,0.0,0.0014285714285714288,9,1,0.002,0.0,0.002,1,0.023,0.0,0.023,1,0.088,0.0,0.088
emerging_haplotype,vic,region,2026-05-21,2026-05-28,7,South America,C.5.6:75E,0.062,0.05,0.011999999999999997,0.017771428571428573,9,1,0.10200000000000001,0.026,0.128,1,0.22199999999999998,0.014,0.236,1,0.33999999999999997,0.006,0.346
emerging_haplotype,vic,region,2026-05-21,2026-06-04,14,South America,C.5.6:75E,0.063,0.063,0.0,0.017014285714285714,9,1,0.10700000000000001,0.025,0.132,1,0.237,0.013,0.25,1,0.364,0.006,0.37
emerging_haplotype,vic,region,2026-05-21,2026-06-11,21,South America,C.5.6:75E,0.065,0.057,0.008,0.019221428571428573,9,1,0.11300000000000002,0.025,0.138,1,0.253,0.012,0.265,1,0.389,0.005,0.394
emerging_haplotype,vic,region,2026-05-21,2026-06-18,28,South America,C.5.6:75E,0.065,0.054,0.011000000000000003,0.020714285714285716,9,1,0.119,0.024,0.143,1,0.269,0.011,0.28,1,0.414,0.005,0.419
emerging_haplotype,vic,region,2026-05-21,2026-06-25,35,South America,C.5.6:75E,0.066,0.074,0.007999999999999993,0.02145,9,1,0.126,0.023,0.149,1,0.286,0.01,0.296,1,0.439,0.004,0.443
emerging_haplotype,vic,region,2026-05-21,2026-07-02,42,South America,C.5.6:75E,0.067,0.1,0.033,0.026357142857142857,9,1,0.134,0.022,0.156,1,0.306,0.009,0.315,1,0.46599999999999997,0.004,0.47
emerging_haplotype,vic,region,2026-05-21,2026-07-09,49,South America,C.5.6:75E,0.068,0.111,0.043,0.02912857142857143,9,1,0.14100000000000001,0.021,0.162,1,0.327,0.008,0.335,1,0.5,0.003,0.503
emerging_haplotype,vic,region,2026-05-21,2026-07-16,56,South America,C.5.6:75E,0.069,0.127,0.057999999999999996,0.03245714285714286,9,1,0.14800000000000002,0.02,0.168,1,0.34299999999999997,0.008,0.351,1,0.532,0.003,0.535
emerging_haplotype,vic,region,2026-05-21,2026-07-23,63,South America,C.5.6:75E,0.07,0.087,0.016999999999999987,0.027914285714285714,9,1,0.156,0.019,0.175,1,0.361,0.007,0.368,1,0.564,0.003,0.567
emerging_haplotype,vic,region,2026-05-21,2026-07-30,70,South America,C.5.6:75E,0.069,0.115,0.046,0.033342857142857146,9,1,0.164,0.019,0.183,1,0.378,0.007,0.385,1,0.596,0.003,0.599
emerging_haplotype,vic,region,2026-05-21,2026-08-06,77,South America,C.5.6:75E,0.07,0.154,0.08399999999999999,0.04007857142857143,9,1,0.17200000000000001,0.018,0.19,1,0.396,0.006,0.402,1,0.627,0.002,0.629
emerging_haplotype,vic,region,2026-05-21,2026-08-13,84,South America,C.5.6:75E,0.071,0.0,0.071,0.04685,9,0,0.17900000000000002,0.018,0.197,0,0.413,0.006,0.419,0,0.657,0.002,0.659
emerging_haplotype,vic,region,2026-05-21,2026-05-28,7,South America,C.5.7,0.236,0.081,0.15499999999999997,0.06934285714285714,9,0,0.19900000000000004,0.143,0.342,0,0.33199999999999996,0.09,0.422,1,0.45,0.06,0.51
emerging_haplotype,vic,region,2026-05-21,2026-06-04,14,South America,C.5.7,0.236,0.081,0.15499999999999997,0.06842142857142856,9,0,0.20799999999999996,0.139,0.347,0,0.344,0.087,0.431,1,0.463,0.056,0.519
emerging_haplotype,vic,region,2026-05-21,2026-06-11,21,South America,C.5.7,0.235,0.085,0.14999999999999997,0.0648142857142857,9,0,0.21999999999999997,0.134,0.354,1,0.36,0.083,0.443,1,0.47400000000000003,0.053,0.527
emerging_haplotype,vic,region,2026-05-21,2026-06-18,28,South America,C.5.7,0.233,0.086,0.14700000000000002,0.06380714285714285,9,0,0.22899999999999998,0.129,0.358,1,0.375,0.079,0.454,1,0.48300000000000004,0.05,0.533
emerging_haplotype,vic,region,2026-05-21,2026-06-25,35,South America,C.5.7,0.233,0.074,0.15900000000000003,0.06945,9,0,0.238,0.125,0.363,0,0.388,0.076,0.464,1,0.49100000000000005,0.046,0.537
emerging_haplotype,vic,region,2026-05-21,2026-07-02,42,South America,C.5.7,0.233,0.073,0.16000000000000003,0.06883571428571429,9,0,0.246,0.12,0.366,1,0.39899999999999997,0.07,0.469,1,0.501,0.043,0.544
emerging_haplotype,vic,region,2026-05-21,2026-07-09,49,South America,C.5.7,0.231,0.061,0.17,0.07437142857142857,9,0,0.255,0.115,0.37,0,0.407,0.065,0.472,1,0.514,0.039,0.553
emerging_haplotype,vic,region,2026-05-21,2026-07-16,56,South America,C.5.7,0.229,0.051,0.17800000000000002,0.07972142857142857,9,0,0.263,0.11,0.373,0,0.42,0.061,0.481,1,0.5309999999999999,0.036,0.567
emerging_haplotype,vic,region,2026-05-21,2026-07-23,63,South America,C.5.7,0.229,0.043,0.186,0.08417142857142856,9,0,0.272,0.105,0.377,0,0.429,0.058,0.487,1,0.5479999999999999,0.033,0.581
emerging_haplotype,vic,region,2026-05-21,2026-07-30,70,South America,C.5.7,0.228,0.038,0.19,0.0865,9,0,0.279,0.101,0.38,0,0.439,0.055,0.494,1,0.564,0.031,0.595
emerging_haplotype,vic,region,2026-05-21,2026-08-06,77,South America,C.5.7,0.227,0.0,0.227,0.12019285714285714,9,0,0.28700000000000003,0.097,0.384,0,0.449,0.051,0.5,0,0.581,0.028,0.609
emerging_haplotype,vic,region,2026-05-21,2026-08-13,84,South America,C.5.7,0.227,0.0,0.227,0.11804285714285714,9,0,0.29600000000000004,0.092,0.388,0,0.457,0.048,0.505,0,0.598,0.025,0.623
emerging_haplotype,vic,region,2026-05-21,2026-05-28,7,South America,C.5.6,0.092,0.063,0.028999999999999998,0.015742857142857145,9,0,0.069,0.067,0.136,1,0.136,0.049,0.185,1,0.23,0.036,0.266
emerging_haplotype,vic,region,2026-05-21,2026-06-04,14,South America,C.5.6,0.093,0.063,0.03,0.01592857142857143,9,0,0.07400000000000001,0.065,0.139,1,0.14200000000000002,0.047,0.189,1,0.24200000000000002,0.035,0.277
emerging_haplotype,vic,region,2026-05-21,2026-06-11,21,South America,C.5.6,0.093,0.075,0.018000000000000002,0.013964285714285717,9,1,0.07500000000000001,0.065,0.14,1,0.14700000000000002,0.046,0.193,1,0.257,0.032,0.289
emerging_haplotype,vic,region,2026-05-21,2026-06-18,28,South America,C.5.6,0.092,0.07,0.021999999999999992,0.015057142857142856,9,1,0.07799999999999999,0.063,0.141,1,0.15400000000000003,0.044,0.198,1,0.27199999999999996,0.029,0.301
emerging_haplotype,vic,region,2026-05-21,2026-06-25,35,South America,C.5.6,0.091,0.088,0.0030000000000000027,0.012814285714285717,9,1,0.08099999999999999,0.061,0.142,1,0.15900000000000003,0.043,0.202,1,0.288,0.027,0.315
emerging_haplotype,vic,region,2026-05-21,2026-07-02,42,South America,C.5.6,0.09,0.1,0.010000000000000009,0.014307142857142857,9,1,0.08399999999999999,0.059,0.143,1,0.16499999999999998,0.041,0.206,1,0.303,0.025,0.328
emerging_haplotype,vic,region,2026-05-21,2026-07-09,49,South America,C.5.6,0.089,0.111,0.022000000000000006,0.016414285714285715,9,1,0.086,0.058,0.144,1,0.17099999999999999,0.039,0.21,1,0.314,0.023,0.337
emerging_haplotype,vic,region,2026-05-21,2026-07-16,56,South America,C.5.6,0.088,0.114,0.02600000000000001,0.017257142857142856,9,1,0.086,0.058,0.144,1,0.177,0.036,0.213,1,0.32799999999999996,0.022,0.35
emerging_haplotype,vic,region,2026-05-21,2026-07-23,63,South America,C.5.6,0.086,0.13,0.04400000000000001,0.02032857142857143,9,1,0.09,0.056,0.146,1,0.181,0.035,0.216,1,0.34199999999999997,0.021,0.363
emerging_haplotype,vic,region,2026-05-21,2026-07-30,70,South America,C.5.6,0.085,0.154,0.06899999999999999,0.026542857142857146,9,0,0.091,0.055,0.146,1,0.187,0.033,0.22,1,0.358,0.019,0.377
emerging_haplotype,vic,region,2026-05-21,2026-08-06,77,South America,C.5.6,0.084,0.308,0.22399999999999998,0.11757142857142856,9,0,0.093,0.054,0.147,0,0.19,0.031,0.221,1,0.37,0.018,0.388
emerging_haplotype,vic,region,2026-05-21,2026-08-13,84,South America,C.5.6,0.083,0.0,0.083,0.054907142857142856,9,0,0.094,0.052,0.146,0,0.187,0.03,0.217,0,0.379,0.017,0.396
emerging_haplotype,vic,region,2026-05-21,2026-05-28,7,Southeast Asia,C.3.1,0.007,0.0,0.007,0.00475,9,0,0.013000000000000001,0.003,0.016,0,0.026000000000000002,0.002,0.028,0,0.051,0.001,0.052
emerging_haplotype,vic,region,2026-05-21,2026-06-04,14,Southeast Asia,C.3.1,0.008,0.0,0.008,0.005014285714285715,9,0,0.013000000000000001,0.003,0.016,0,0.028999999999999998,0.002,0.031,0,0.056,0.001,0.057
emerging_haplotype,vic,region,2026-05-21,2026-06-11,21,Southeast Asia,C.3.1,0.008,0.0,0.008,0.005542857142857143,9,0,0.013000000000000001,0.004,0.017,0,0.034999999999999996,0.002,0.037,0,0.066,0.001,0.067
emerging_haplotype,vic,region,2026-05-21,2026-06-18,28,Southeast Asia,C.3.1,0.008,0.0,0.008,0.005671428571428571,9,0,0.013000000000000001,0.004,0.017,0,0.037,0.002,0.039,0,0.076,0.001,0.077
emerging_haplotype,vic,region,2026-05-21,2026-06-25,35,Southeast Asia,C.3.1,0.008,0.0,0.008,0.005921428571428571,9,0,0.013999999999999999,0.004,0.018,0,0.04,0.002,0.042,0,0.089,0.001,0.09
emerging_haplotype,vic,region,2026-05-21,2026-07-02,42,Southeast Asia,C.3.1,0.009,0.0,0.009,0.006350000000000001,9,0,0.013999999999999999,0.004,0.018,0,0.046,0.002,0.048,0,0.105,0.001,0.106
emerging_haplotype,vic,region,2026-05-21,2026-07-09,49,Southeast Asia,C.3.1,0.009,0.0,0.009,0.006592857142857143,9,0,0.017,0.003,0.02,0,0.053,0.002,0.055,0,0.121,0.001,0.122
emerging_haplotype,vic,region,2026-05-21,2026-07-16,56,Southeast Asia,C.3.1,0.009,0.0,0.009,0.006935714285714287,9,0,0.018000000000000002,0.003,0.021,0,0.059,0.002,0.061,0,0.135,0.001,0.136
emerging_haplotype,vic,region,2026-05-21,2026-07-23,63,Southeast Asia,C.3.1,0.009,0.0,0.009,0.00722857142857143,9,0,0.018000000000000002,0.003,0.021,0,0.066,0.002,0.068,0,0.148,0.001,0.149
emerging_haplotype,vic,region,2026-05-21,2026-07-30,70,Southeast Asia,C.3.1,0.009,0.0,0.009,0.007557142857142858,9,0,0.018000000000000002,0.003,0.021,0,0.074,0.002,0.076,0,0.162,0.001,0.163
emerging_haplotype,vic,region,2026-05-21,2026-08-06,77,Southeast Asia,C.3.1,0.01,0.0,0.01,0.008042857142857143,9,0,0.019,0.003,0.022,0,0.08,0.002,0.082,0,0.176,0.001,0.177
emerging_haplotype,vic,region,2026-05-21,2026-08-13,84,Southeast Asia,C.3.1,0.01,0.0,0.01,0.0082,9,0,0.021,0.003,0.024,0,0.087,0.001,0.088,0,0.19,0.001,0.191
emerging_haplotype,vic,region,2026-05-21,2026-05-28,7,Southeast Asia,C.3.3,0.05,0.014,0.036000000000000004,0.018728571428571428,9,0,0.045,0.031,0.076,0,0.105,0.019,0.124,1,0.152,0.01,0.162
emerging_haplotype,vic,region,2026-05-21,2026-06-04,14,Southeast Asia,C.3.3,0.053,0.016,0.037,0.018942857142857143,9,0,0.049,0.032,0.081,0,0.114,0.02,0.134,1,0.16599999999999998,0.009,0.175
emerging_haplotype,vic,region,2026-05-21,2026-06-11,21,Southeast Asia,C.3.3,0.056,0.019,0.037000000000000005,0.018378571428571428,9,0,0.05399999999999999,0.033,0.087,0,0.127,0.02,0.147,1,0.185,0.009,0.194
emerging_haplotype,vic,region,2026-05-21,2026-06-18,28,Southeast Asia,C.3.3,0.058,0.02,0.038000000000000006,0.01908571428571429,9,0,0.062,0.033,0.095,1,0.14100000000000001,0.019,0.16,1,0.208,0.009,0.217
emerging_haplotype,vic,region,2026-05-21,2026-06-25,35,Southeast Asia,C.3.3,0.061,0.0,0.061,0.03686428571428572,9,0,0.06999999999999999,0.033,0.103,0,0.153,0.019,0.172,0,0.22899999999999998,0.008,0.237
emerging_haplotype,vic,region,2026-05-21,2026-07-02,42,Southeast Asia,C.3.3,0.064,0.031,0.033,0.01725,9,0,0.076,0.033,0.109,1,0.166,0.019,0.185,1,0.251,0.008,0.259
emerging_haplotype,vic,region,2026-05-21,2026-07-09,49,Southeast Asia,C.3.3,0.067,0.038,0.029000000000000005,0.01716428571428572,9,1,0.083,0.033,0.116,1,0.18000000000000002,0.019,0.199,1,0.273,0.008,0.281
emerging_haplotype,vic,region,2026-05-21,2026-07-16,56,Southeast Asia,C.3.3,0.069,0.04,0.029000000000000005,0.01835714285714286,9,1,0.092,0.033,0.125,1,0.193,0.02,0.213,1,0.298,0.007,0.305
emerging_haplotype,vic,region,2026-05-21,2026-07-23,63,Southeast Asia,C.3.3,0.073,0.053,0.019999999999999997,0.018357142857142857,9,1,0.10200000000000001,0.033,0.135,1,0.20700000000000002,0.02,0.227,1,0.322,0.007,0.329
emerging_haplotype,vic,region,2026-05-21,2026-07-30,70,Southeast Asia,C.3.3,0.076,0.056,0.019999999999999997,0.0196,9,1,0.10999999999999999,0.033,0.143,1,0.224,0.02,0.244,1,0.348,0.007,0.355
emerging_haplotype,vic,region,2026-05-21,2026-08-06,77,Southeast Asia,C.3.3,0.08,0.083,0.0030000000000000027,0.018464285714285714,9,1,0.118,0.033,0.151,1,0.24300000000000002,0.02,0.263,1,0.373,0.007,0.38
emerging_haplotype,vic,region,2026-05-21,2026-08-13,84,Southeast Asia,C.3.3,0.083,0.1,0.017,0.021571428571428575,9,1,0.124,0.033,0.157,1,0.26,0.019,0.279,1,0.4,0.006,0.406
emerging_haplotype,vic,region,2026-05-21,2026-05-28,7,Southeast Asia,C.5.1,0.051,0.0,0.051,0.03369285714285714,9,0,0.052000000000000005,0.033,0.085,0,0.096,0.022,0.118,0,0.153,0.011,0.164
emerging_haplotype,vic,region,2026-05-21,2026-06-04,14,Southeast Asia,C.5.1,0.054,0.0,0.054,0.03482142857142857,9,0,0.057999999999999996,0.033,0.091,0,0.10200000000000001,0.022,0.124,0,0.16699999999999998,0.011,0.178
emerging_haplotype,vic,region,2026-05-21,2026-06-11,21,Southeast Asia,C.5.1,0.056,0.0,0.056,0.03572857142857143,9,0,0.061,0.034,0.095,0,0.11200000000000002,0.022,0.134,0,0.184,0.01,0.194
emerging_haplotype,vic,region,2026-05-21,2026-06-18,28,Southeast Asia,C.5.1,0.057,0.02,0.037000000000000005,0.019078571428571427,9,0,0.065,0.034,0.099,0,0.11999999999999998,0.021,0.141,1,0.20099999999999998,0.009,0.21
emerging_haplotype,vic,region,2026-05-21,2026-06-25,35,Southeast Asia,C.5.1,0.058,0.027,0.031000000000000003,0.016792857142857144,9,0,0.071,0.034,0.105,1,0.131,0.021,0.152,1,0.217,0.009,0.226
emerging_haplotype,vic,region,2026-05-21,2026-07-02,42,Southeast Asia,C.5.1,0.058,0.031,0.027000000000000003,0.015750000000000004,9,0,0.076,0.034,0.11,1,0.138,0.021,0.159,1,0.23299999999999998,0.008,0.241
emerging_haplotype,vic,region,2026-05-21,2026-07-09,49,Southeast Asia,C.5.1,0.06,0.038,0.022,0.014964285714285716,9,1,0.08,0.034,0.114,1,0.15100000000000002,0.02,0.171,1,0.251,0.008,0.259
emerging_haplotype,vic,region,2026-05-21,2026-07-16,56,Southeast Asia,C.5.1,0.06,0.04,0.019999999999999997,0.015457142857142859,9,1,0.08499999999999999,0.034,0.119,1,0.16,0.02,0.18,1,0.274,0.007,0.281
emerging_haplotype,vic,region,2026-05-21,2026-07-23,63,Southeast Asia,C.5.1,0.061,0.053,0.008,0.01452857142857143,9,1,0.09,0.034,0.124,1,0.17,0.02,0.19,1,0.294,0.007,0.301
emerging_haplotype,vic,region,2026-05-21,2026-07-30,70,Southeast Asia,C.5.1,0.063,0.056,0.006999999999999999,0.015057142857142861,9,1,0.093,0.034,0.127,1,0.18100000000000002,0.019,0.2,1,0.314,0.007,0.321
emerging_haplotype,vic,region,2026-05-21,2026-08-06,77,Southeast Asia,C.5.1,0.066,0.0,0.066,0.04107142857142857,9,0,0.097,0.034,0.131,0,0.191,0.019,0.21,0,0.336,0.006,0.342
emerging_haplotype,vic,region,2026-05-21,2026-08-13,84,Southeast Asia,C.5.1,0.066,0.0,0.066,0.041807142857142855,9,0,0.10200000000000001,0.034,0.136,0,0.20900000000000002,0.018,0.227,0,0.357,0.006,0.363
emerging_haplotype,vic,region,2026-05-21,2026-05-28,7,Southeast Asia,C.5.6.1,0.065,0.457,0.392,0.3536714285714285,9,0,0.041999999999999996,0.046,0.088,0,0.082,0.033,0.115,0,0.126,0.022,0.148
emerging_haplotype,vic,region,2026-05-21,2026-06-04,14,Southeast Asia,C.5.6.1,0.063,0.444,0.381,0.34208571428571427,9,0,0.04100000000000001,0.043,0.084,0,0.083,0.03,0.113,0,0.13,0.02,0.15
emerging_haplotype,vic,region,2026-05-21,2026-06-11,21,Southeast Asia,C.5.6.1,0.061,0.472,0.411,0.37233571428571427,9,0,0.041,0.04,0.081,0,0.081,0.027,0.108,0,0.133,0.018,0.151
emerging_haplotype,vic,region,2026-05-21,2026-06-18,28,Southeast Asia,C.5.6.1,0.058,0.51,0.452,0.41122142857142857,9,0,0.043000000000000003,0.037,0.08,0,0.08099999999999999,0.025,0.106,0,0.137,0.016,0.153
emerging_haplotype,vic,region,2026-05-21,2026-06-25,35,Southeast Asia,C.5.6.1,0.056,0.541,0.48500000000000004,0.44399285714285713,9,0,0.044,0.034,0.078,0,0.07999999999999999,0.022,0.102,0,0.139,0.015,0.154
emerging_haplotype,vic,region,2026-05-21,2026-07-02,42,Southeast Asia,C.5.6.1,0.053,0.531,0.47800000000000004,0.43559285714285717,9,0,0.044,0.031,0.075,0,0.08,0.02,0.1,0,0.143,0.012,0.155
emerging_haplotype,vic,region,2026-05-21,2026-07-09,49,Southeast Asia,C.5.6.1,0.05,0.538,0.48800000000000004,0.4446,9,0,0.041999999999999996,0.029,0.071,0,0.08,0.018,0.098,0,0.144,0.011,0.155
emerging_haplotype,vic,region,2026-05-21,2026-07-16,56,Southeast Asia,C.5.6.1,0.047,0.48,0.433,0.3886428571428572,9,0,0.04000000000000001,0.027,0.067,0,0.081,0.015,0.096,0,0.146,0.009,0.155
emerging_haplotype,vic,region,2026-05-21,2026-07-23,63,Southeast Asia,C.5.6.1,0.045,0.316,0.271,0.22662142857142858,9,0,0.04,0.024,0.064,0,0.08,0.013,0.093,0,0.147,0.008,0.155
emerging_haplotype,vic,region,2026-05-21,2026-07-30,70,Southeast Asia,C.5.6.1,0.042,0.278,0.23600000000000002,0.19092857142857148,9,0,0.039,0.022,0.061,0,0.078,0.011,0.089,0,0.148,0.007,0.155
emerging_haplotype,vic,region,2026-05-21,2026-08-06,77,Southeast Asia,C.5.6.1,0.038,0.083,0.045000000000000005,0.01947857142857143,9,0,0.038000000000000006,0.02,0.058,1,0.07500000000000001,0.01,0.085,1,0.147,0.006,0.153
emerging_haplotype,vic,region,2026-05-21,2026-08-13,84,Southeast Asia,C.5.6.1,0.036,0.1,0.064,0.033164285714285716,9,0,0.037000000000000005,0.018,0.055,0,0.07200000000000001,0.009,0.081,1,0.145,0.005,0.15
emerging_haplotype,vic,region,2026-05-21,2026-05-28,7,Southeast Asia,C.5.6.1:241Q,0.028,0.043,0.014999999999999996,0.007314285714285715,9,1,0.034,0.015,0.049,1,0.07100000000000001,0.008,0.079,1,0.09999999999999999,0.004,0.104
emerging_haplotype,vic,region,2026-05-21,2026-06-04,14,Southeast Asia,C.5.6.1:241Q,0.03,0.048,0.018000000000000002,0.008385714285714286,9,1,0.039,0.016,0.055,1,0.07799999999999999,0.008,0.086,1,0.112,0.004,0.116
emerging_haplotype,vic,region,2026-05-21,2026-06-11,21,Southeast Asia,C.5.6.1:241Q,0.031,0.057,0.026000000000000002,0.010092857142857143,9,1,0.042,0.016,0.058,1,0.087,0.007,0.094,1,0.125,0.004,0.129
emerging_haplotype,vic,region,2026-05-21,2026-06-18,28,Southeast Asia,C.5.6.1:241Q,0.033,0.02,0.013000000000000001,0.009014285714285714,9,1,0.048,0.017,0.065,1,0.09499999999999999,0.007,0.102,1,0.142,0.004,0.146
emerging_haplotype,vic,region,2026-05-21,2026-06-25,35,Southeast Asia,C.5.6.1:241Q,0.034,0.027,0.007000000000000003,0.009,9,1,0.053000000000000005,0.017,0.07,1,0.107,0.007,0.114,1,0.162,0.004,0.166
emerging_haplotype,vic,region,2026-05-21,2026-07-02,42,Southeast Asia,C.5.6.1:241Q,0.035,0.062,0.026999999999999996,0.01255,9,1,0.055999999999999994,0.017,0.073,1,0.12,0.007,0.127,1,0.177,0.004,0.181
emerging_haplotype,vic,region,2026-05-21,2026-07-09,49,Southeast Asia,C.5.6.1:241Q,0.037,0.077,0.04,0.015485714285714288,9,0,0.056999999999999995,0.018,0.075,1,0.131,0.007,0.138,1,0.194,0.004,0.198
emerging_haplotype,vic,region,2026-05-21,2026-07-16,56,Southeast Asia,C.5.6.1:241Q,0.038,0.16,0.122,0.053700000000000005,9,0,0.062,0.018,0.08,0,0.141,0.007,0.148,1,0.214,0.004,0.218
emerging_haplotype,vic,region,2026-05-21,2026-07-23,63,Southeast Asia,C.5.6.1:241Q,0.04,0.211,0.17099999999999999,0.08562857142857142,9,0,0.067,0.018,0.085,0,0.154,0.007,0.161,1,0.242,0.003,0.245
emerging_haplotype,vic,region,2026-05-21,2026-07-30,70,Southeast Asia,C.5.6.1:241Q,0.04,0.222,0.182,0.0883642857142857,9,0,0.075,0.018,0.093,0,0.16799999999999998,0.007,0.175,1,0.269,0.003,0.272
emerging_haplotype,vic,region,2026-05-21,2026-08-06,77,Southeast Asia,C.5.6.1:241Q,0.041,0.333,0.29200000000000004,0.17257857142857144,9,0,0.081,0.018,0.099,0,0.184,0.006,0.19,0,0.295,0.003,0.298
emerging_haplotype,vic,region,2026-05-21,2026-08-13,84,Southeast Asia,C.5.6.1:241Q,0.042,0.4,0.35800000000000004,0.22823571428571432,9,0,0.08499999999999999,0.017,0.102,0,0.195,0.006,0.201,0,0.323,0.003,0.326
emerging_haplotype,vic,region,2026-05-21,2026-05-28,7,Southeast Asia,C.5.6:75E,0.033,0.114,0.081,0.04592857142857144,9,0,0.029,0.02,0.049,0,0.063,0.013,0.076,1,0.148,0.006,0.154
emerging_haplotype,vic,region,2026-05-21,2026-06-04,14,Southeast Asia,C.5.6:75E,0.034,0.111,0.077,0.04100714285714286,9,0,0.030999999999999996,0.021,0.052,0,0.07200000000000001,0.012,0.084,1,0.163,0.006,0.169
emerging_haplotype,vic,region,2026-05-21,2026-06-11,21,Southeast Asia,C.5.6:75E,0.035,0.094,0.059,0.027450000000000002,9,0,0.034,0.021,0.055,0,0.076,0.011,0.087,1,0.179,0.005,0.184
emerging_haplotype,vic,region,2026-05-21,2026-06-18,28,Southeast Asia,C.5.6:75E,0.036,0.082,0.046000000000000006,0.019721428571428577,9,0,0.03899999999999999,0.02,0.059,1,0.084,0.01,0.094,1,0.195,0.005,0.2
emerging_haplotype,vic,region,2026-05-21,2026-06-25,35,Southeast Asia,C.5.6:75E,0.037,0.081,0.044000000000000004,0.01842857142857143,9,0,0.044,0.02,0.064,1,0.092,0.01,0.102,1,0.212,0.004,0.216
emerging_haplotype,vic,region,2026-05-21,2026-07-02,42,Southeast Asia,C.5.6:75E,0.038,0.062,0.024,0.011200000000000002,9,1,0.046,0.021,0.067,1,0.1,0.01,0.11,1,0.228,0.004,0.232
emerging_haplotype,vic,region,2026-05-21,2026-07-09,49,Southeast Asia,C.5.6:75E,0.039,0.077,0.038,0.015135714285714289,9,0,0.05199999999999999,0.021,0.073,1,0.109,0.01,0.119,1,0.243,0.004,0.247
emerging_haplotype,vic,region,2026-05-21,2026-07-16,56,Southeast Asia,C.5.6:75E,0.04,0.12,0.07999999999999999,0.03265714285714285,9,0,0.056,0.022,0.078,1,0.11800000000000001,0.01,0.128,1,0.26,0.003,0.263
emerging_haplotype,vic,region,2026-05-21,2026-07-23,63,Southeast Asia,C.5.6:75E,0.04,0.211,0.17099999999999999,0.09186428571428572,9,0,0.061000000000000006,0.022,0.083,0,0.129,0.009,0.138,1,0.275,0.003,0.278
emerging_haplotype,vic,region,2026-05-21,2026-07-30,70,Southeast Asia,C.5.6:75E,0.04,0.222,0.182,0.09639285714285714,9,0,0.065,0.022,0.087,0,0.13899999999999998,0.009,0.148,1,0.289,0.003,0.292
emerging_haplotype,vic,region,2026-05-21,2026-08-06,77,Southeast Asia,C.5.6:75E,0.04,0.25,0.21,0.11309285714285713,9,0,0.069,0.022,0.091,0,0.15,0.008,0.158,1,0.303,0.003,0.306
emerging_haplotype,vic,region,2026-05-21,2026-08-13,84,Southeast Asia,C.5.6:75E,0.04,0.2,0.16,0.07382142857142858,9,0,0.07400000000000001,0.022,0.096,0,0.16,0.008,0.168,1,0.315,0.003,0.318
emerging_haplotype,vic,region,2026-05-21,2026-05-28,7,Southeast Asia,C.5.7,0.212,0.129,0.08299999999999999,0.042392857142857135,9,0,0.08500000000000002,0.175,0.26,0,0.161,0.146,0.307,1,0.261,0.115,0.376
emerging_haplotype,vic,region,2026-05-21,2026-06-04,14,Southeast Asia,C.5.7,0.199,0.111,0.08800000000000001,0.04677142857142858,9,0,0.087,0.162,0.249,0,0.16299999999999998,0.135,0.298,1,0.266,0.103,0.369
emerging_haplotype,vic,region,2026-05-21,2026-06-11,21,Southeast Asia,C.5.7,0.188,0.113,0.075,0.03699285714285714,9,0,0.087,0.15,0.237,0,0.16499999999999998,0.123,0.288,1,0.269,0.093,0.362
emerging_haplotype,vic,region,2026-05-21,2026-06-18,28,Southeast Asia,C.5.7,0.177,0.102,0.075,0.03720714285714287,9,0,0.089,0.138,0.227,0,0.16700000000000004,0.113,0.28,1,0.27099999999999996,0.084,0.355
emerging_haplotype,vic,region,2026-05-21,2026-06-25,35,Southeast Asia,C.5.7,0.166,0.027,0.139,0.09699285714285714,9,0,0.089,0.126,0.215,0,0.16900000000000004,0.103,0.272,0,0.27299999999999996,0.076,0.349
emerging_haplotype,vic,region,2026-05-21,2026-07-02,42,Southeast Asia,C.5.7,0.155,0.031,0.124,0.08295714285714285,9,0,0.08899999999999998,0.116,0.205,0,0.17200000000000001,0.092,0.264,0,0.276,0.067,0.343
emerging_haplotype,vic,region,2026-05-21,2026-07-09,49,Southeast Asia,C.5.7,0.145,0.038,0.10699999999999998,0.06675,9,0,0.08800000000000001,0.106,0.194,0,0.172,0.084,0.256,0,0.277,0.058,0.335
emerging_haplotype,vic,region,2026-05-21,2026-07-16,56,Southeast Asia,C.5.7,0.135,0.0,0.135,0.09616428571428572,9,0,0.08399999999999999,0.097,0.181,0,0.172,0.075,0.247,0,0.275,0.052,0.327
emerging_haplotype,vic,region,2026-05-21,2026-07-23,63,Southeast Asia,C.5.7,0.126,0.0,0.126,0.08782142857142858,9,0,0.08499999999999999,0.087,0.172,0,0.173,0.066,0.239,0,0.273,0.046,0.319
emerging_haplotype,vic,region,2026-05-21,2026-07-30,70,Southeast Asia,C.5.7,0.118,0.0,0.118,0.08006428571428571,9,0,0.085,0.078,0.163,0,0.17200000000000001,0.057,0.229,0,0.271,0.041,0.312
emerging_haplotype,vic,region,2026-05-21,2026-08-06,77,Southeast Asia,C.5.7,0.109,0.0,0.109,0.07263571428571428,9,0,0.08399999999999999,0.069,0.153,0,0.16999999999999998,0.05,0.22,0,0.269,0.036,0.305
emerging_haplotype,vic,region,2026-05-21,2026-08-13,84,Southeast Asia,C.5.7,0.101,0.0,0.101,0.06589285714285713,9,0,0.08299999999999999,0.061,0.144,0,0.16699999999999998,0.045,0.212,0,0.267,0.03,0.297
emerging_haplotype,vic,region,2026-05-21,2026-05-28,7,Southeast Asia,C.5.6,0.497,0.243,0.254,0.18112142857142857,9,0,0.11600000000000005,0.43,0.546,0,0.19499999999999995,0.399,0.594,0,0.29700000000000004,0.351,0.648
emerging_haplotype,vic,region,2026-05-21,2026-06-04,14,Southeast Asia,C.5.6,0.497,0.27,0.22699999999999998,0.1482285714285714,9,0,0.12600000000000006,0.423,0.549,0,0.20999999999999996,0.389,0.599,0,0.312,0.343,0.655
emerging_haplotype,vic,region,2026-05-21,2026-06-11,21,Southeast Asia,C.5.6,0.496,0.245,0.251,0.16801428571428573,9,0,0.13300000000000006,0.417,0.55,0,0.22099999999999997,0.381,0.602,0,0.328,0.336,0.664
emerging_haplotype,vic,region,2026-05-21,2026-06-18,28,Southeast Asia,C.5.6,0.494,0.245,0.249,0.1625,9,0,0.13700000000000007,0.414,0.551,0,0.23399999999999999,0.37,0.604,0,0.34400000000000003,0.329,0.673
emerging_haplotype,vic,region,2026-05-21,2026-06-25,35,Southeast Asia,C.5.6,0.491,0.297,0.194,0.10687857142857145,9,0,0.14400000000000007,0.412,0.556,0,0.241,0.365,0.606,0,0.35900000000000004,0.322,0.681
emerging_haplotype,vic,region,2026-05-21,2026-07-02,42,Southeast Asia,C.5.6,0.488,0.25,0.238,0.14607857142857142,9,0,0.15200000000000008,0.407,0.559,0,0.258,0.353,0.611,0,0.37899999999999995,0.309,0.688
emerging_haplotype,vic,region,2026-05-21,2026-07-09,49,Southeast Asia,C.5.6,0.481,0.192,0.289,0.19449999999999998,9,0,0.16599999999999993,0.397,0.563,0,0.26799999999999996,0.343,0.611,0,0.39799999999999996,0.294,0.692
emerging_haplotype,vic,region,2026-05-21,2026-07-16,56,Southeast Asia,C.5.6,0.473,0.16,0.31299999999999994,0.21518571428571429,9,0,0.18399999999999994,0.383,0.567,0,0.282,0.332,0.614,0,0.4179999999999999,0.277,0.695
emerging_haplotype,vic,region,2026-05-21,2026-07-23,63,Southeast Asia,C.5.6,0.464,0.158,0.30600000000000005,0.20513571428571434,9,0,0.19599999999999995,0.37,0.566,0,0.3,0.318,0.618,0,0.43899999999999995,0.261,0.7
emerging_haplotype,vic,region,2026-05-21,2026-07-30,70,Southeast Asia,C.5.6,0.452,0.167,0.28500000000000003,0.18243571428571428,9,0,0.20200000000000007,0.357,0.559,0,0.32,0.302,0.622,0,0.46099999999999997,0.244,0.705
emerging_haplotype,vic,region,2026-05-21,2026-08-06,77,Southeast Asia,C.5.6,0.441,0.25,0.191,0.09267142857142856,9,0,0.21200000000000008,0.344,0.556,0,0.338,0.286,0.624,1,0.482,0.227,0.709
emerging_haplotype,vic,region,2026-05-21,2026-08-13,84,Southeast Asia,C.5.6,0.436,0.2,0.236,0.12180714285714285,9,0,0.22000000000000003,0.328,0.548,0,0.357,0.267,0.624,0,0.505,0.21,0.715
emerging_haplotype,vic,region,2026-06-04,2026-06-11,7,Europe,C.3.1,0.245,0.148,0.097,0.097,9,0,0.0,0.245,0.245,0,0.0,0.245,0.245,0,0.0,0.245,0.245
emerging_haplotype,vic,region,2026-06-04,2026-06-18,14,Europe,C.3.1,0.253,0.15,0.10300000000000001,0.10310714285714287,9,0,0.0010000000000000009,0.253,0.254,0,0.0010000000000000009,0.253,0.254,0,0.0010000000000000009,0.253,0.254
emerging_haplotype,vic,region,2026-06-04,2026-06-25,21,Europe,C.3.1,0.262,0.227,0.035,0.035,9,0,0.0,0.262,0.262,0,0.0,0.262,0.262,0,0.0,0.262,0.262
emerging_haplotype,vic,region,2026-06-04,2026-07-02,28,Europe,C.3.1,0.27,0.294,0.023999999999999966,0.023249999999999965,9,0,0.0010000000000000009,0.27,0.271,0,0.0010000000000000009,0.27,0.271,0,0.0010000000000000009,0.27,0.271
emerging_haplotype,vic,region,2026-06-04,2026-07-09,35,Europe,C.3.1,0.279,0.267,0.01200000000000001,0.01200000000000001,9,0,0.0,0.279,0.279,0,0.0,0.279,0.279,0,0.0,0.279,0.279
emerging_haplotype,vic,region,2026-06-04,2026-07-16,42,Europe,C.3.1,0.287,0.273,0.013999999999999957,0.013999999999999957,9,0,0.0,0.287,0.287,0,0.0,0.287,0.287,0,0.0,0.287,0.287
emerging_haplotype,vic,region,2026-06-04,2026-07-23,49,Europe,C.3.1,0.295,0.3,0.0050000000000000044,0.004250000000000004,9,0,0.0010000000000000009,0.295,0.296,0,0.0010000000000000009,0.295,0.296,0,0.0010000000000000009,0.295,0.296
emerging_haplotype,vic,region,2026-06-04,2026-07-30,56,Europe,C.3.1,0.304,0.375,0.07100000000000001,0.07103571428571429,9,0,0.0,0.304,0.304,0,0.0010000000000000009,0.303,0.304,0,0.0010000000000000009,0.303,0.304
emerging_haplotype,vic,region,2026-06-04,2026-08-06,63,Europe,C.3.1,0.312,0.286,0.026000000000000023,0.025721428571428593,9,0,0.0,0.312,0.312,0,0.0,0.312,0.312,0,0.0010000000000000009,0.311,0.312
emerging_haplotype,vic,region,2026-06-04,2026-08-13,70,Europe,C.3.1,0.32,0.167,0.153,0.15272142857142854,9,0,0.0,0.32,0.32,0,0.0,0.32,0.32,0,0.0010000000000000009,0.319,0.32
emerging_haplotype,vic,region,2026-06-04,2026-06-11,7,Europe,C.3.3,0.048,0.056,0.008,0.008,9,0,0.0,0.048,0.048,0,0.0,0.048,0.048,0,0.0,0.048,0.048
emerging_haplotype,vic,region,2026-06-04,2026-06-18,14,Europe,C.3.3,0.047,0.075,0.027999999999999997,0.027999999999999997,9,0,0.0,0.047,0.047,0,0.0,0.047,0.047,0,0.0,0.047,0.047
emerging_haplotype,vic,region,2026-06-04,2026-06-25,21,Europe,C.3.3,0.046,0.091,0.045,0.045,9,0,0.0,0.046,0.046,0,0.0,0.046,0.046,0,0.0,0.046,0.046
emerging_haplotype,vic,region,2026-06-04,2026-07-02,28,Europe,C.3.3,0.045,0.118,0.073,0.073,9,0,0.0,0.045,0.045,0,0.0,0.045,0.045,0,0.0,0.045,0.045
emerging_haplotype,vic,region,2026-06-04,2026-07-09,35,Europe,C.3.3,0.043,0.133,0.09000000000000001,0.09000000000000001,9,0,0.0,0.043,0.043,0,0.0,0.043,0.043,0,0.0,0.043,0.043
emerging_haplotype,vic,region,2026-06-04,2026-07-16,42,Europe,C.3.3,0.042,0.0,0.042,0.042,9,0,0.0,0.042,0.042,0,0.0,0.042,0.042,0,0.0,0.042,0.042
emerging_haplotype,vic,region,2026-06-04,2026-07-23,49,Europe,C.3.3,0.041,0.0,0.041,0.041,9,0,0.0,0.041,0.041,0,0.0,0.041,0.041,0,0.0,0.041,0.041
emerging_haplotype,vic,region,2026-06-04,2026-07-30,56,Europe,C.3.3,0.04,0.0,0.04,0.04,9,0,0.0,0.04,0.04,0,0.0,0.04,0.04,0,0.0,0.04,0.04
emerging_haplotype,vic,region,2026-06-04,2026-08-06,63,Europe,C.3.3,0.038,0.0,0.038,0.038,9,0,0.0,0.038,0.038,0,0.0,0.038,0.038,0,0.0,0.038,0.038
emerging_haplotype,vic,region,2026-06-04,2026-08-13,70,Europe,C.3.3,0.037,0.0,0.037,0.037,9,0,0.0,0.037,0.037,0,0.0,0.037,0.037,0,0.0,0.037,0.037
emerging_haplotype,vic,region,2026-06-04,2026-06-11,7,Europe,C.5.1,0.258,0.093,0.165,0.16472142857142855,9,0,0.0,0.258,0.258,0,0.0,0.258,0.258,0,0.0010000000000000009,0.257,0.258
emerging_haplotype,vic,region,2026-06-04,2026-06-18,14,Europe,C.5.1,0.266,0.075,0.191,0.19025,9,0,0.0010000000000000009,0.265,0.266,0,0.0010000000000000009,0.265,0.266,0,0.0010000000000000009,0.265,0.266
emerging_haplotype,vic,region,2026-06-04,2026-06-25,21,Europe,C.5.1,0.273,0.091,0.18200000000000002,0.18200000000000002,9,0,0.0,0.273,0.273,0,0.0,0.273,0.273,0,0.0,0.273,0.273
emerging_haplotype,vic,region,2026-06-04,2026-07-02,28,Europe,C.5.1,0.281,0.118,0.16300000000000003,0.16246428571428576,9,0,0.0,0.281,0.281,0,0.0010000000000000009,0.28,0.281,0,0.0010000000000000009,0.28,0.281
emerging_haplotype,vic,region,2026-06-04,2026-07-09,35,Europe,C.5.1,0.288,0.133,0.15499999999999997,0.155,9,0,0.0,0.288,0.288,0,0.0,0.288,0.288,0,0.0,0.288,0.288
emerging_haplotype,vic,region,2026-06-04,2026-07-16,42,Europe,C.5.1,0.296,0.091,0.205,0.20425,9,0,0.0010000000000000009,0.295,0.296,0,0.0010000000000000009,0.295,0.296,0,0.0010000000000000009,0.295,0.296
emerging_haplotype,vic,region,2026-06-04,2026-07-23,49,Europe,C.5.1,0.303,0.1,0.20299999999999999,0.2024642857142857,9,0,0.0,0.303,0.303,0,0.0010000000000000009,0.302,0.303,0,0.0010000000000000009,0.302,0.303
emerging_haplotype,vic,region,2026-06-04,2026-07-30,56,Europe,C.5.1,0.31,0.0,0.31,0.3094642857142857,9,0,0.0,0.31,0.31,0,0.0010000000000000009,0.309,0.31,0,0.0010000000000000009,0.309,0.31
emerging_haplotype,vic,region,2026-06-04,2026-08-06,63,Europe,C.5.1,0.317,0.0,0.317,0.31625000000000003,9,0,0.0010000000000000009,0.316,0.317,0,0.0010000000000000009,0.316,0.317,0,0.0010000000000000009,0.316,0.317
emerging_haplotype,vic,region,2026-06-04,2026-08-13,70,Europe,C.5.1,0.323,0.0,0.323,0.323,9,0,0.0,0.323,0.323,0,0.0,0.323,0.323,0,0.0,0.323,0.323
emerging_haplotype,vic,region,2026-06-04,2026-06-11,7,Europe,C.5.6.1,0.091,0.259,0.168,0.168,9,0,0.0,0.091,0.091,0,0.0,0.091,0.091,0,0.0,0.091,0.091
emerging_haplotype,vic,region,2026-06-04,2026-06-18,14,Europe,C.5.6.1,0.086,0.225,0.139,0.139,9,0,0.0,0.086,0.086,0,0.0,0.086,0.086,0,0.0,0.086,0.086
emerging_haplotype,vic,region,2026-06-04,2026-06-25,21,Europe,C.5.6.1,0.081,0.182,0.10099999999999999,0.10099999999999998,9,0,0.0,0.081,0.081,0,0.0,0.081,0.081,0,0.0,0.081,0.081
emerging_haplotype,vic,region,2026-06-04,2026-07-02,28,Europe,C.5.6.1,0.076,0.235,0.15899999999999997,0.159,9,0,0.0,0.076,0.076,0,0.0,0.076,0.076,0,0.0,0.076,0.076
emerging_haplotype,vic,region,2026-06-04,2026-07-09,35,Europe,C.5.6.1,0.071,0.2,0.129,0.12825,9,0,0.0010000000000000009,0.071,0.072,0,0.0010000000000000009,0.071,0.072,0,0.0010000000000000009,0.071,0.072
emerging_haplotype,vic,region,2026-06-04,2026-07-16,42,Europe,C.5.6.1,0.067,0.091,0.023999999999999994,0.023999999999999994,9,0,0.0,0.067,0.067,0,0.0,0.067,0.067,0,0.0,0.067,0.067
emerging_haplotype,vic,region,2026-06-04,2026-07-23,49,Europe,C.5.6.1,0.063,0.0,0.063,0.063,9,0,0.0,0.063,0.063,0,0.0,0.063,0.063,0,0.0,0.063,0.063
emerging_haplotype,vic,region,2026-06-04,2026-07-30,56,Europe,C.5.6.1,0.059,0.0,0.059,0.059,9,0,0.0,0.059,0.059,0,0.0,0.059,0.059,0,0.0,0.059,0.059
emerging_haplotype,vic,region,2026-06-04,2026-08-06,63,Europe,C.5.6.1,0.055,0.0,0.055,0.055,9,0,0.0,0.055,0.055,0,0.0,0.055,0.055,0,0.0,0.055,0.055
emerging_haplotype,vic,region,2026-06-04,2026-08-13,70,Europe,C.5.6.1,0.052,0.0,0.052,0.051464285714285705,9,0,0.0,0.052,0.052,0,0.0010000000000000009,0.051,0.052,0,0.0010000000000000009,0.051,0.052
emerging_haplotype,vic,region,2026-06-04,2026-06-11,7,Europe,C.5.6.1:241Q,0.028,0.111,0.083,0.083,9,0,0.0,0.028,0.028,0,0.0,0.028,0.028,0,0.0,0.028,0.028
emerging_haplotype,vic,region,2026-06-04,2026-06-18,14,Europe,C.5.6.1:241Q,0.027,0.125,0.098,0.098,9,0,0.0,0.027,0.027,0,0.0,0.027,0.027,0,0.0,0.027,0.027
emerging_haplotype,vic,region,2026-06-04,2026-06-25,21,Europe,C.5.6.1:241Q,0.026,0.091,0.065,0.06510714285714285,9,0,0.0009999999999999974,0.025,0.026,0,0.0009999999999999974,0.025,0.026,0,0.0009999999999999974,0.025,0.026
emerging_haplotype,vic,region,2026-06-04,2026-07-02,28,Europe,C.5.6.1:241Q,0.024,0.118,0.094,0.094,9,0,0.0,0.024,0.024,0,0.0,0.024,0.024,0,0.0,0.024,0.024
emerging_haplotype,vic,region,2026-06-04,2026-07-09,35,Europe,C.5.6.1:241Q,0.023,0.067,0.044000000000000004,0.044000000000000004,9,0,0.0,0.023,0.023,0,0.0,0.023,0.023,0,0.0,0.023,0.023
emerging_haplotype,vic,region,2026-06-04,2026-07-16,42,Europe,C.5.6.1:241Q,0.022,0.182,0.16,0.16,9,0,0.0,0.022,0.022,0,0.0,0.022,0.022,0,0.0,0.022,0.022
emerging_haplotype,vic,region,2026-06-04,2026-07-23,49,Europe,C.5.6.1:241Q,0.021,0.2,0.17900000000000002,0.17900000000000002,9,0,0.0,0.021,0.021,0,0.0,0.021,0.021,0,0.0,0.021,0.021
emerging_haplotype,vic,region,2026-06-04,2026-07-30,56,Europe,C.5.6.1:241Q,0.02,0.25,0.23,0.23,9,0,0.0,0.02,0.02,0,0.0,0.02,0.02,0,0.0,0.02,0.02
emerging_haplotype,vic,region,2026-06-04,2026-08-06,63,Europe,C.5.6.1:241Q,0.019,0.286,0.26699999999999996,0.26699999999999996,9,0,0.0,0.019,0.019,0,0.0,0.019,0.019,0,0.0,0.019,0.019
emerging_haplotype,vic,region,2026-06-04,2026-08-13,70,Europe,C.5.6.1:241Q,0.018,0.333,0.315,0.315,9,0,0.0,0.018,0.018,0,0.0,0.018,0.018,0,0.0,0.018,0.018
emerging_haplotype,vic,region,2026-06-04,2026-06-11,7,Europe,C.5.6:75E,0.016,0.019,0.002999999999999999,0.002999999999999999,9,0,0.0,0.016,0.016,0,0.0,0.016,0.016,0,0.0,0.016,0.016
emerging_haplotype,vic,region,2026-06-04,2026-06-18,14,Europe,C.5.6:75E,0.015,0.025,0.010000000000000002,0.01,9,0,0.0,0.015,0.015,0,0.0,0.015,0.015,0,0.0,0.015,0.015
emerging_haplotype,vic,region,2026-06-04,2026-06-25,21,Europe,C.5.6:75E,0.014,0.0,0.014,0.014,9,0,0.0,0.014,0.014,0,0.0,0.014,0.014,0,0.0,0.014,0.014
emerging_haplotype,vic,region,2026-06-04,2026-07-02,28,Europe,C.5.6:75E,0.014,0.0,0.014,0.013464285714285715,9,0,0.0,0.014,0.014,0,0.0010000000000000009,0.013,0.014,0,0.0010000000000000009,0.013,0.014
emerging_haplotype,vic,region,2026-06-04,2026-07-09,35,Europe,C.5.6:75E,0.013,0.0,0.013,0.013,9,0,0.0,0.013,0.013,0,0.0,0.013,0.013,0,0.0,0.013,0.013
emerging_haplotype,vic,region,2026-06-04,2026-07-16,42,Europe,C.5.6:75E,0.012,0.0,0.012,0.012,9,0,0.0,0.012,0.012,0,0.0,0.012,0.012,0,0.0,0.012,0.012
emerging_haplotype,vic,region,2026-06-04,2026-07-23,49,Europe,C.5.6:75E,0.011,0.0,0.011,0.011,9,0,0.0,0.011,0.011,0,0.0,0.011,0.011,0,0.0,0.011,0.011
emerging_haplotype,vic,region,2026-06-04,2026-07-30,56,Europe,C.5.6:75E,0.01,0.0,0.01,0.01,9,0,0.0,0.01,0.01,0,0.0,0.01,0.01,0,0.0,0.01,0.01
emerging_haplotype,vic,region,2026-06-04,2026-08-06,63,Europe,C.5.6:75E,0.01,0.0,0.01,0.01,9,0,0.0,0.01,0.01,0,0.0,0.01,0.01,0,0.0,0.01,0.01
emerging_haplotype,vic,region,2026-06-04,2026-08-13,70,Europe,C.5.6:75E,0.009,0.0,0.009,0.009,9,0,0.0,0.009,0.009,0,0.0,0.009,0.009,0,0.0,0.009,0.009
emerging_haplotype,vic,region,2026-06-04,2026-06-11,7,Europe,C.5.7,0.035,0.019,0.016000000000000004,0.016000000000000004,9,0,0.0,0.035,0.035,0,0.0,0.035,0.035,0,0.0,0.035,0.035
emerging_haplotype,vic,region,2026-06-04,2026-06-18,14,Europe,C.5.7,0.034,0.025,0.009000000000000001,0.009,9,0,0.0,0.034,0.034,0,0.0,0.034,0.034,0,0.0,0.034,0.034
emerging_haplotype,vic,region,2026-06-04,2026-06-25,21,Europe,C.5.7,0.032,0.045,0.012999999999999998,0.012999999999999998,9,0,0.0,0.032,0.032,0,0.0,0.032,0.032,0,0.0,0.032,0.032
emerging_haplotype,vic,region,2026-06-04,2026-07-02,28,Europe,C.5.7,0.031,0.0,0.031,0.031,9,0,0.0,0.031,0.031,0,0.0,0.031,0.031,0,0.0,0.031,0.031
emerging_haplotype,vic,region,2026-06-04,2026-07-09,35,Europe,C.5.7,0.029,0.0,0.029,0.029,9,0,0.0,0.029,0.029,0,0.0,0.029,0.029,0,0.0,0.029,0.029
emerging_haplotype,vic,region,2026-06-04,2026-07-16,42,Europe,C.5.7,0.028,0.0,0.028,0.028,9,0,0.0,0.028,0.028,0,0.0,0.028,0.028,0,0.0,0.028,0.028
emerging_haplotype,vic,region,2026-06-04,2026-07-23,49,Europe,C.5.7,0.027,0.0,0.027,0.027,9,0,0.0,0.027,0.027,0,0.0,0.027,0.027,0,0.0,0.027,0.027
emerging_haplotype,vic,region,2026-06-04,2026-07-30,56,Europe,C.5.7,0.025,0.0,0.025,0.024999999999999998,9,0,0.0,0.025,0.025,0,0.0,0.025,0.025,0,0.0,0.025,0.025
emerging_haplotype,vic,region,2026-06-04,2026-08-06,63,Europe,C.5.7,0.024,0.0,0.024,0.024,9,0,0.0,0.024,0.024,0,0.0,0.024,0.024,0,0.0,0.024,0.024
emerging_haplotype,vic,region,2026-06-04,2026-08-13,70,Europe,C.5.7,0.023,0.0,0.023,0.023,9,0,0.0,0.023,0.023,0,0.0,0.023,0.023,0,0.0,0.023,0.023
emerging_haplotype,vic,region,2026-06-04,2026-06-11,7,Europe,C.5.6,0.275,0.296,0.020999999999999963,0.020999999999999963,9,0,0.0,0.275,0.275,0,0.0,0.275,0.275,0,0.0,0.275,0.275
emerging_haplotype,vic,region,2026-06-04,2026-06-18,14,Europe,C.5.6,0.269,0.3,0.030999999999999972,0.030999999999999972,9,0,0.0,0.269,0.269,0,0.0,0.269,0.269,0,0.0,0.269,0.269
emerging_haplotype,vic,region,2026-06-04,2026-06-25,21,Europe,C.5.6,0.263,0.273,0.010000000000000009,0.010000000000000009,9,0,0.0,0.263,0.263,0,0.0,0.263,0.263,0,0.0,0.263,0.263
emerging_haplotype,vic,region,2026-06-04,2026-07-02,28,Europe,C.5.6,0.257,0.118,0.139,0.139,9,0,0.0,0.257,0.257,0,0.0,0.257,0.257,0,0.0,0.257,0.257
emerging_haplotype,vic,region,2026-06-04,2026-07-09,35,Europe,C.5.6,0.25,0.2,0.04999999999999999,0.04999999999999999,9,0,0.0,0.25,0.25,0,0.0,0.25,0.25,0,0.0,0.25,0.25
emerging_haplotype,vic,region,2026-06-04,2026-07-16,42,Europe,C.5.6,0.244,0.364,0.12,0.12,9,0,0.0,0.244,0.244,0,0.0,0.244,0.244,0,0.0,0.244,0.244
emerging_haplotype,vic,region,2026-06-04,2026-07-23,49,Europe,C.5.6,0.237,0.4,0.16300000000000003,0.16300000000000003,9,0,0.0,0.237,0.237,0,0.0,0.237,0.237,0,0.0,0.237,0.237
emerging_haplotype,vic,region,2026-06-04,2026-07-30,56,Europe,C.5.6,0.23,0.375,0.145,0.145,9,0,0.0,0.23,0.23,0,0.0,0.23,0.23,0,0.0,0.23,0.23
emerging_haplotype,vic,region,2026-06-04,2026-08-06,63,Europe,C.5.6,0.224,0.429,0.205,0.20510714285714285,9,0,0.0010000000000000009,0.223,0.224,0,0.0010000000000000009,0.223,0.224,0,0.0010000000000000009,0.223,0.224
emerging_haplotype,vic,region,2026-06-04,2026-08-13,70,Europe,C.5.6,0.217,0.5,0.28300000000000003,0.2830071428571429,9,0,0.0,0.217,0.217,0,0.0,0.217,0.217,0,0.0010000000000000009,0.216,0.217
emerging_haplotype,vic,region,2026-06-04,2026-06-11,7,Japan Korea,C.3.1,0.009,0.2,0.191,0.191,9,0,0.0,0.009,0.009,0,0.0,0.009,0.009,0,0.0,0.009,0.009
emerging_haplotype,vic,region,2026-06-04,2026-06-18,14,Japan Korea,C.3.1,0.009,0.333,0.324,0.324,9,0,0.0,0.009,0.009,0,0.0,0.009,0.009,0,0.0,0.009,0.009
emerging_haplotype,vic,region,2026-06-04,2026-06-25,21,Japan Korea,C.3.1,0.009,0.0,0.009,0.009,9,0,0.0,0.009,0.009,0,0.0,0.009,0.009,0,0.0,0.009,0.009
emerging_haplotype,vic,region,2026-06-04,2026-07-02,28,Japan Korea,C.3.1,0.009,0.0,0.009,0.009,9,0,0.0,0.009,0.009,0,0.0,0.009,0.009,0,0.0,0.009,0.009
emerging_haplotype,vic,region,2026-06-04,2026-06-11,7,Japan Korea,C.3.3,0.962,0.6,0.362,0.362,9,0,0.0,0.962,0.962,0,0.0,0.962,0.962,0,0.0,0.962,0.962
emerging_haplotype,vic,region,2026-06-04,2026-06-18,14,Japan Korea,C.3.3,0.963,0.333,0.6299999999999999,0.6299999999999999,9,0,0.0,0.963,0.963,0,0.0,0.963,0.963,0,0.0,0.963,0.963
emerging_haplotype,vic,region,2026-06-04,2026-06-25,21,Japan Korea,C.3.3,0.965,0.0,0.965,0.965,9,0,0.0,0.965,0.965,0,0.0,0.965,0.965,0,0.0,0.965,0.965
emerging_haplotype,vic,region,2026-06-04,2026-07-02,28,Japan Korea,C.3.3,0.967,0.0,0.967,0.967,9,0,0.0,0.967,0.967,0,0.0,0.967,0.967,0,0.0,0.967,0.967
emerging_haplotype,vic,region,2026-06-04,2026-06-11,7,Japan Korea,C.5.1,0.0,0.0,0.0,0.0,9,1,0.0,0.0,0.0,1,0.0,0.0,0.0,1,0.0,0.0,0.0
emerging_haplotype,vic,region,2026-06-04,2026-06-18,14,Japan Korea,C.5.1,0.0,0.0,0.0,0.0,9,1,0.0,0.0,0.0,1,0.0,0.0,0.0,1,0.0,0.0,0.0
emerging_haplotype,vic,region,2026-06-04,2026-06-25,21,Japan Korea,C.5.1,0.0,0.0,0.0,0.0,9,1,0.0,0.0,0.0,1,0.0,0.0,0.0,1,0.0,0.0,0.0
emerging_haplotype,vic,region,2026-06-04,2026-07-02,28,Japan Korea,C.5.1,0.0,0.0,0.0,0.0,9,1,0.0,0.0,0.0,1,0.0,0.0,0.0,1,0.0,0.0,0.0
emerging_haplotype,vic,region,2026-06-04,2026-06-11,7,Japan Korea,C.5.6.1,0.014,0.0,0.014,0.014,9,0,0.0,0.014,0.014,0,0.0,0.014,0.014,0,0.0,0.014,0.014
emerging_haplotype,vic,region,2026-06-04,2026-06-18,14,Japan Korea,C.5.6.1,0.013,0.0,0.013,0.013,9,0,0.0,0.013,0.013,0,0.0,0.013,0.013,0,0.0,0.013,0.013
emerging_haplotype,vic,region,2026-06-04,2026-06-25,21,Japan Korea,C.5.6.1,0.013,0.0,0.013,0.013,9,0,0.0,0.013,0.013,0,0.0,0.013,0.013,0,0.0,0.013,0.013
emerging_haplotype,vic,region,2026-06-04,2026-07-02,28,Japan Korea,C.5.6.1,0.012,0.0,0.012,0.012,9,0,0.0,0.012,0.012,0,0.0,0.012,0.012,0,0.0,0.012,0.012
emerging_haplotype,vic,region,2026-06-04,2026-06-11,7,Japan Korea,C.5.6.1:241Q,0.007,0.2,0.193,0.193,9,0,0.0,0.007,0.007,0,0.0,0.007,0.007,0,0.0,0.007,0.007
emerging_haplotype,vic,region,2026-06-04,2026-06-18,14,Japan Korea,C.5.6.1:241Q,0.007,0.333,0.326,0.326,9,0,0.0,0.007,0.007,0,0.0,0.007,0.007,0,0.0,0.007,0.007
emerging_haplotype,vic,region,2026-06-04,2026-06-25,21,Japan Korea,C.5.6.1:241Q,0.007,1.0,0.993,0.993,9,0,0.0,0.007,0.007,0,0.0,0.007,0.007,0,0.0,0.007,0.007
emerging_haplotype,vic,region,2026-06-04,2026-07-02,28,Japan Korea,C.5.6.1:241Q,0.006,1.0,0.994,0.994,9,0,0.0,0.006,0.006,0,0.0,0.006,0.006,0,0.0,0.006,0.006
emerging_haplotype,vic,region,2026-06-04,2026-06-11,7,Japan Korea,C.5.6:75E,0.0,0.0,0.0,0.0,9,1,0.0,0.0,0.0,1,0.0,0.0,0.0,1,0.0,0.0,0.0
emerging_haplotype,vic,region,2026-06-04,2026-06-18,14,Japan Korea,C.5.6:75E,0.0,0.0,0.0,0.0,9,1,0.0,0.0,0.0,1,0.0,0.0,0.0,1,0.0,0.0,0.0
emerging_haplotype,vic,region,2026-06-04,2026-06-25,21,Japan Korea,C.5.6:75E,0.0,0.0,0.0,0.0,9,1,0.0,0.0,0.0,1,0.0,0.0,0.0,1,0.0,0.0,0.0
emerging_haplotype,vic,region,2026-06-04,2026-07-02,28,Japan Korea,C.5.6:75E,0.0,0.0,0.0,0.0,9,1,0.0,0.0,0.0,1,0.0,0.0,0.0,1,0.0,0.0,0.0
emerging_haplotype,vic,region,2026-06-04,2026-06-11,7,Japan Korea,C.5.7,0.001,0.0,0.001,0.001,9,0,0.0,0.001,0.001,0,0.0,0.001,0.001,0,0.0,0.001,0.001
emerging_haplotype,vic,region,2026-06-04,2026-06-18,14,Japan Korea,C.5.7,0.001,0.0,0.001,0.001,9,0,0.0,0.001,0.001,0,0.0,0.001,0.001,0,0.0,0.001,0.001
emerging_haplotype,vic,region,2026-06-04,2026-06-25,21,Japan Korea,C.5.7,0.001,0.0,0.001,0.001,9,0,0.0,0.001,0.001,0,0.0,0.001,0.001,0,0.0,0.001,0.001
emerging_haplotype,vic,region,2026-06-04,2026-07-02,28,Japan Korea,C.5.7,0.001,0.0,0.001,0.001,9,0,0.0,0.001,0.001,0,0.0,0.001,0.001,0,0.0,0.001,0.001
emerging_haplotype,vic,region,2026-06-04,2026-06-11,7,Japan Korea,C.5.6,0.007,0.0,0.007,0.007,9,0,0.0,0.007,0.007,0,0.0,0.007,0.007,0,0.0,0.007,0.007
emerging_haplotype,vic,region,2026-06-04,2026-06-18,14,Japan Korea,C.5.6,0.006,0.0,0.006,0.006,9,0,0.0,0.006,0.006,0,0.0,0.006,0.006,0,0.0,0.006,0.006
emerging_haplotype,vic,region,2026-06-04,2026-06-25,21,Japan Korea,C.5.6,0.006,0.0,0.006,0.006,9,0,0.0,0.006,0.006,0,0.0,0.006,0.006,0,0.0,0.006,0.006
emerging_haplotype,vic,region,2026-06-04,2026-07-02,28,Japan Korea,C.5.6,0.006,0.0,0.006,0.006,9,0,0.0,0.006,0.006,0,0.0,0.006,0.006,0,0.0,0.006,0.006
emerging_haplotype,vic,region,2026-06-04,2026-06-11,7,North America,C.3.1,0.391,0.27,0.121,0.1204642857142857,9,0,0.0,0.391,0.391,0,0.0010000000000000009,0.39,0.391,0,0.0010000000000000009,0.39,0.391
emerging_haplotype,vic,region,2026-06-04,2026-06-18,14,North America,C.3.1,0.371,0.268,0.10299999999999998,0.10299999999999998,9,0,0.0,0.371,0.371,0,0.0,0.371,0.371,0,0.0,0.371,0.371
emerging_haplotype,vic,region,2026-06-04,2026-06-25,21,North America,C.3.1,0.352,0.255,0.09699999999999998,0.09699999999999998,9,0,0.0,0.352,0.352,0,0.0,0.352,0.352,0,0.0,0.352,0.352
emerging_haplotype,vic,region,2026-06-04,2026-07-02,28,North America,C.3.1,0.333,0.269,0.064,0.06410714285714285,9,0,0.0010000000000000009,0.333,0.334,0,0.0010000000000000009,0.333,0.334,0,0.0010000000000000009,0.333,0.334
emerging_haplotype,vic,region,2026-06-04,2026-07-09,35,North America,C.3.1,0.315,0.351,0.035999999999999976,0.035999999999999976,9,0,0.0,0.315,0.315,0,0.0,0.315,0.315,0,0.0,0.315,0.315
emerging_haplotype,vic,region,2026-06-04,2026-07-16,42,North America,C.3.1,0.297,0.341,0.04400000000000004,0.04400000000000004,9,0,0.0,0.297,0.297,0,0.0,0.297,0.297,0,0.0,0.297,0.297
emerging_haplotype,vic,region,2026-06-04,2026-07-23,49,North America,C.3.1,0.28,0.31,0.02999999999999997,0.030007142857142826,9,0,0.0,0.28,0.28,0,0.0,0.28,0.28,0,0.0010000000000000009,0.279,0.28
emerging_haplotype,vic,region,2026-06-04,2026-07-30,56,North America,C.3.1,0.263,0.368,0.10499999999999998,0.10499999999999998,9,0,0.0,0.263,0.263,0,0.0,0.263,0.263,0,0.0,0.263,0.263
emerging_haplotype,vic,region,2026-06-04,2026-08-06,63,North America,C.3.1,0.246,0.4,0.15400000000000003,0.15346428571428575,9,0,0.0,0.246,0.246,0,0.0010000000000000009,0.246,0.247,0,0.0010000000000000009,0.246,0.247
emerging_haplotype,vic,region,2026-06-04,2026-08-13,70,North America,C.3.1,0.231,0.667,0.43600000000000005,0.4360071428571429,9,0,0.0,0.231,0.231,0,0.0,0.231,0.231,0,0.0010000000000000009,0.23,0.231
emerging_haplotype,vic,region,2026-06-04,2026-06-11,7,North America,C.3.3,0.02,0.015,0.005000000000000001,0.005,9,0,0.0,0.02,0.02,0,0.0,0.02,0.02,0,0.0,0.02,0.02
emerging_haplotype,vic,region,2026-06-04,2026-06-18,14,North America,C.3.3,0.02,0.015,0.005000000000000001,0.005,9,0,0.0,0.02,0.02,0,0.0,0.02,0.02,0,0.0,0.02,0.02
emerging_haplotype,vic,region,2026-06-04,2026-06-25,21,North America,C.3.3,0.02,0.027,0.006999999999999999,0.006999999999999999,9,0,0.0,0.02,0.02,0,0.0,0.02,0.02,0,0.0,0.02,0.02
emerging_haplotype,vic,region,2026-06-04,2026-07-02,28,North America,C.3.3,0.02,0.037,0.016999999999999998,0.016999999999999998,9,0,0.0,0.02,0.02,0,0.0,0.02,0.02,0,0.0,0.02,0.02
emerging_haplotype,vic,region,2026-06-04,2026-07-09,35,North America,C.3.3,0.019,0.013,0.006,0.006,9,0,0.0,0.019,0.019,0,0.0,0.019,0.019,0,0.0,0.019,0.019
emerging_haplotype,vic,region,2026-06-04,2026-07-16,42,North America,C.3.3,0.019,0.023,0.004,0.004,9,0,0.0,0.019,0.019,0,0.0,0.019,0.019,0,0.0,0.019,0.019
emerging_haplotype,vic,region,2026-06-04,2026-07-23,49,North America,C.3.3,0.019,0.034,0.015000000000000003,0.015000000000000001,9,0,0.0,0.019,0.019,0,0.0,0.019,0.019,0,0.0,0.019,0.019
emerging_haplotype,vic,region,2026-06-04,2026-07-30,56,North America,C.3.3,0.018,0.053,0.035,0.035,9,0,0.0,0.018,0.018,0,0.0,0.018,0.018,0,0.0,0.018,0.018
emerging_haplotype,vic,region,2026-06-04,2026-08-06,63,North America,C.3.3,0.018,0.1,0.082,0.082,9,0,0.0,0.018,0.018,0,0.0,0.018,0.018,0,0.0,0.018,0.018
emerging_haplotype,vic,region,2026-06-04,2026-08-13,70,North America,C.3.3,0.017,0.0,0.017,0.017,9,0,0.0,0.017,0.017,0,0.0,0.017,0.017,0,0.0,0.017,0.017
emerging_haplotype,vic,region,2026-06-04,2026-06-11,7,North America,C.5.1,0.08,0.072,0.008000000000000007,0.008007142857142864,9,0,0.0,0.08,0.08,0,0.0,0.08,0.08,0,0.0010000000000000009,0.08,0.081
emerging_haplotype,vic,region,2026-06-04,2026-06-18,14,North America,C.5.1,0.081,0.071,0.010000000000000009,0.010000000000000009,9,0,0.0,0.081,0.081,0,0.0,0.081,0.081,0,0.0,0.081,0.081
emerging_haplotype,vic,region,2026-06-04,2026-06-25,21,North America,C.5.1,0.081,0.04,0.041,0.041,9,0,0.0,0.081,0.081,0,0.0,0.081,0.081,0,0.0,0.081,0.081
emerging_haplotype,vic,region,2026-06-04,2026-07-02,28,North America,C.5.1,0.081,0.037,0.044000000000000004,0.044000000000000004,9,0,0.0,0.081,0.081,0,0.0,0.081,0.081,0,0.0,0.081,0.081
emerging_haplotype,vic,region,2026-06-04,2026-07-09,35,North America,C.5.1,0.081,0.039,0.042,0.04146428571428572,9,0,0.0,0.081,0.081,0,0.0010000000000000009,0.08,0.081,0,0.0010000000000000009,0.08,0.081
emerging_haplotype,vic,region,2026-06-04,2026-07-16,42,North America,C.5.1,0.08,0.045,0.035,0.035,9,0,0.0,0.08,0.08,0,0.0,0.08,0.08,0,0.0,0.08,0.08
emerging_haplotype,vic,region,2026-06-04,2026-07-23,49,North America,C.5.1,0.08,0.034,0.046,0.046,9,0,0.0,0.08,0.08,0,0.0,0.08,0.08,0,0.0,0.08,0.08
emerging_haplotype,vic,region,2026-06-04,2026-07-30,56,North America,C.5.1,0.079,0.0,0.079,0.079,9,0,0.0,0.079,0.079,0,0.0,0.079,0.079,0,0.0,0.079,0.079
emerging_haplotype,vic,region,2026-06-04,2026-08-06,63,North America,C.5.1,0.078,0.0,0.078,0.078,9,0,0.0,0.078,0.078,0,0.0,0.078,0.078,0,0.0,0.078,0.078
emerging_haplotype,vic,region,2026-06-04,2026-08-13,70,North America,C.5.1,0.077,0.0,0.077,0.077,9,0,0.0,0.077,0.077,0,0.0,0.077,0.077,0,0.0,0.077,0.077
emerging_haplotype,vic,region,2026-06-04,2026-06-11,7,North America,C.5.6.1,0.017,0.019,0.0019999999999999983,0.0019999999999999983,9,0,0.0,0.017,0.017,0,0.0,0.017,0.017,0,0.0,0.017,0.017
emerging_haplotype,vic,region,2026-06-04,2026-06-18,14,North America,C.5.6.1,0.017,0.01,0.007000000000000001,0.007,9,0,0.0,0.017,0.017,0,0.0,0.017,0.017,0,0.0,0.017,0.017
emerging_haplotype,vic,region,2026-06-04,2026-06-25,21,North America,C.5.6.1,0.017,0.013,0.004000000000000002,0.004000000000000002,9,0,0.0,0.017,0.017,0,0.0,0.017,0.017,0,0.0,0.017,0.017
emerging_haplotype,vic,region,2026-06-04,2026-07-02,28,North America,C.5.6.1,0.016,0.009,0.007000000000000001,0.007,9,0,0.0,0.016,0.016,0,0.0,0.016,0.016,0,0.0,0.016,0.016
emerging_haplotype,vic,region,2026-06-04,2026-07-09,35,North America,C.5.6.1,0.016,0.013,0.003000000000000001,0.0030000000000000005,9,0,0.0,0.016,0.016,0,0.0,0.016,0.016,0,0.0,0.016,0.016
emerging_haplotype,vic,region,2026-06-04,2026-07-16,42,North America,C.5.6.1,0.016,0.023,0.006999999999999999,0.007007142857142857,9,0,0.0,0.016,0.016,0,0.0,0.016,0.016,0,0.0010000000000000009,0.015,0.016
emerging_haplotype,vic,region,2026-06-04,2026-07-23,49,North America,C.5.6.1,0.015,0.034,0.019000000000000003,0.019,9,0,0.0,0.015,0.015,0,0.0,0.015,0.015,0,0.0,0.015,0.015
emerging_haplotype,vic,region,2026-06-04,2026-07-30,56,North America,C.5.6.1,0.015,0.0,0.015,0.015,9,0,0.0,0.015,0.015,0,0.0,0.015,0.015,0,0.0,0.015,0.015
emerging_haplotype,vic,region,2026-06-04,2026-08-06,63,North America,C.5.6.1,0.014,0.0,0.014,0.014,9,0,0.0,0.014,0.014,0,0.0,0.014,0.014,0,0.0,0.014,0.014
emerging_haplotype,vic,region,2026-06-04,2026-08-13,70,North America,C.5.6.1,0.014,0.0,0.014,0.014,9,0,0.0,0.014,0.014,0,0.0,0.014,0.014,0,0.0,0.014,0.014
emerging_haplotype,vic,region,2026-06-04,2026-06-11,7,North America,C.5.6.1:241Q,0.449,0.532,0.08300000000000002,0.083,9,0,0.0,0.449,0.449,0,0.0,0.449,0.449,0,0.0,0.449,0.449
emerging_haplotype,vic,region,2026-06-04,2026-06-18,14,North America,C.5.6.1:241Q,0.47,0.525,0.05500000000000005,0.05500000000000005,9,0,0.0,0.47,0.47,0,0.0,0.47,0.47,0,0.0,0.47,0.47
emerging_haplotype,vic,region,2026-06-04,2026-06-25,21,North America,C.5.6.1:241Q,0.491,0.537,0.04600000000000004,0.04600000000000004,9,0,0.0,0.491,0.491,0,0.0,0.491,0.491,0,0.0,0.491,0.491
emerging_haplotype,vic,region,2026-06-04,2026-07-02,28,North America,C.5.6.1:241Q,0.512,0.519,0.007000000000000006,0.007000000000000006,9,0,0.0,0.512,0.512,0,0.0,0.512,0.512,0,0.0,0.512,0.512
emerging_haplotype,vic,region,2026-06-04,2026-07-09,35,North America,C.5.6.1:241Q,0.533,0.455,0.07800000000000001,0.0777214285714286,9,0,0.0,0.533,0.533,0,0.0,0.533,0.533,0,0.0010000000000000009,0.532,0.533
emerging_haplotype,vic,region,2026-06-04,2026-07-16,42,North America,C.5.6.1:241Q,0.553,0.409,0.14400000000000007,0.14400714285714294,9,0,0.0,0.553,0.553,0,0.0,0.553,0.553,0,0.0010000000000000009,0.553,0.554
emerging_haplotype,vic,region,2026-06-04,2026-07-23,49,North America,C.5.6.1:241Q,0.573,0.448,0.12499999999999994,0.12503571428571422,9,0,0.0,0.573,0.573,0,0.0010000000000000009,0.573,0.574,0,0.0010000000000000009,0.573,0.574
emerging_haplotype,vic,region,2026-06-04,2026-07-30,56,North America,C.5.6.1:241Q,0.593,0.421,0.172,0.17200714285714286,9,0,0.0,0.593,0.593,0,0.0,0.593,0.593,0,0.0010000000000000009,0.593,0.594
emerging_haplotype,vic,region,2026-06-04,2026-08-06,63,North America,C.5.6.1:241Q,0.613,0.3,0.313,0.31246428571428575,9,0,0.0,0.613,0.613,0,0.0010000000000000009,0.612,0.613,0,0.0010000000000000009,0.612,0.613
emerging_haplotype,vic,region,2026-06-04,2026-08-13,70,North America,C.5.6.1:241Q,0.632,0.0,0.632,0.63125,9,0,0.0010000000000000009,0.631,0.632,0,0.0010000000000000009,0.631,0.632,0,0.0010000000000000009,0.631,0.632
emerging_haplotype,vic,region,2026-06-04,2026-06-11,7,North America,C.5.6:75E,0.0,0.004,0.004,0.004,9,0,0.0,0.0,0.0,0,0.0,0.0,0.0,0,0.0,0.0,0.0
emerging_haplotype,vic,region,2026-06-04,2026-06-18,14,North America,C.5.6:75E,0.0,0.005,0.005,0.005,9,0,0.0,0.0,0.0,0,0.0,0.0,0.0,0,0.0,0.0,0.0
emerging_haplotype,vic,region,2026-06-04,2026-06-25,21,North America,C.5.6:75E,0.0,0.0,0.0,0.0,9,1,0.0,0.0,0.0,1,0.0,0.0,0.0,1,0.0,0.0,0.0
emerging_haplotype,vic,region,2026-06-04,2026-07-02,28,North America,C.5.6:75E,0.0,0.0,0.0,0.0,9,1,0.0,0.0,0.0,1,0.0,0.0,0.0,1,0.0,0.0,0.0
emerging_haplotype,vic,region,2026-06-04,2026-07-09,35,North America,C.5.6:75E,0.0,0.013,0.013,0.013,9,0,0.0,0.0,0.0,0,0.0,0.0,0.0,0,0.0,0.0,0.0
emerging_haplotype,vic,region,2026-06-04,2026-07-16,42,North America,C.5.6:75E,0.0,0.023,0.023,0.023,9,0,0.0,0.0,0.0,0,0.0,0.0,0.0,0,0.0,0.0,0.0
emerging_haplotype,vic,region,2026-06-04,2026-07-23,49,North America,C.5.6:75E,0.0,0.034,0.034,0.034,9,0,0.0,0.0,0.0,0,0.0,0.0,0.0,0,0.0,0.0,0.0
emerging_haplotype,vic,region,2026-06-04,2026-07-30,56,North America,C.5.6:75E,0.0,0.053,0.053,0.053,9,0,0.0,0.0,0.0,0,0.0,0.0,0.0,0,0.0,0.0,0.0
emerging_haplotype,vic,region,2026-06-04,2026-08-06,63,North America,C.5.6:75E,0.0,0.1,0.1,0.09999999999999999,9,0,0.0,0.0,0.0,0,0.0,0.0,0.0,0,0.0,0.0,0.0
emerging_haplotype,vic,region,2026-06-04,2026-08-13,70,North America,C.5.6:75E,0.0,0.167,0.167,0.167,9,0,0.0,0.0,0.0,0,0.0,0.0,0.0,0,0.0,0.0,0.0
emerging_haplotype,vic,region,2026-06-04,2026-06-11,7,North America,C.5.7,0.005,0.004,0.001,0.001,9,0,0.0,0.005,0.005,0,0.0,0.005,0.005,0,0.0,0.005,0.005
emerging_haplotype,vic,region,2026-06-04,2026-06-18,14,North America,C.5.7,0.004,0.0,0.004,0.004,9,0,0.0,0.004,0.004,0,0.0,0.004,0.004,0,0.0,0.004,0.004
emerging_haplotype,vic,region,2026-06-04,2026-06-25,21,North America,C.5.7,0.004,0.0,0.004,0.004,9,0,0.0,0.004,0.004,0,0.0,0.004,0.004,0,0.0,0.004,0.004
emerging_haplotype,vic,region,2026-06-04,2026-07-02,28,North America,C.5.7,0.004,0.0,0.004,0.004,9,0,0.0,0.004,0.004,0,0.0,0.004,0.004,0,0.0,0.004,0.004
emerging_haplotype,vic,region,2026-06-04,2026-07-09,35,North America,C.5.7,0.003,0.0,0.003,0.003,9,0,0.0,0.003,0.003,0,0.0,0.003,0.003,0,0.0,0.003,0.003
emerging_haplotype,vic,region,2026-06-04,2026-07-16,42,North America,C.5.7,0.003,0.0,0.003,0.003,9,0,0.0,0.003,0.003,0,0.0,0.003,0.003,0,0.0,0.003,0.003
emerging_haplotype,vic,region,2026-06-04,2026-07-23,49,North America,C.5.7,0.003,0.0,0.003,0.003,9,0,0.0,0.003,0.003,0,0.0,0.003,0.003,0,0.0,0.003,0.003
emerging_haplotype,vic,region,2026-06-04,2026-07-30,56,North America,C.5.7,0.002,0.0,0.002,0.002,9,0,0.0,0.002,0.002,0,0.0,0.002,0.002,0,0.0,0.002,0.002
emerging_haplotype,vic,region,2026-06-04,2026-08-06,63,North America,C.5.7,0.002,0.0,0.002,0.002,9,0,0.0,0.002,0.002,0,0.0,0.002,0.002,0,0.0,0.002,0.002
emerging_haplotype,vic,region,2026-06-04,2026-08-13,70,North America,C.5.7,0.002,0.0,0.002,0.002,9,0,0.0,0.002,0.002,0,0.0,0.002,0.002,0,0.0,0.002,0.002
emerging_haplotype,vic,region,2026-06-04,2026-06-11,7,North America,C.5.6,0.037,0.084,0.04700000000000001,0.047,9,0,0.0,0.037,0.037,0,0.0,0.037,0.037,0,0.0,0.037,0.037
emerging_haplotype,vic,region,2026-06-04,2026-06-18,14,North America,C.5.6,0.036,0.106,0.07,0.07,9,0,0.0,0.036,0.036,0,0.0,0.036,0.036,0,0.0,0.036,0.036
emerging_haplotype,vic,region,2026-06-04,2026-06-25,21,North America,C.5.6,0.035,0.128,0.093,0.093,9,0,0.0,0.035,0.035,0,0.0,0.035,0.035,0,0.0,0.035,0.035
emerging_haplotype,vic,region,2026-06-04,2026-07-02,28,North America,C.5.6,0.034,0.13,0.096,0.096,9,0,0.0,0.034,0.034,0,0.0,0.034,0.034,0,0.0,0.034,0.034
emerging_haplotype,vic,region,2026-06-04,2026-07-09,35,North America,C.5.6,0.033,0.117,0.084,0.084,9,0,0.0,0.033,0.033,0,0.0,0.033,0.033,0,0.0,0.033,0.033
emerging_haplotype,vic,region,2026-06-04,2026-07-16,42,North America,C.5.6,0.032,0.136,0.10400000000000001,0.104,9,0,0.0,0.032,0.032,0,0.0,0.032,0.032,0,0.0,0.032,0.032
emerging_haplotype,vic,region,2026-06-04,2026-07-23,49,North America,C.5.6,0.031,0.103,0.072,0.072,9,0,0.0,0.031,0.031,0,0.0,0.031,0.031,0,0.0,0.031,0.031
emerging_haplotype,vic,region,2026-06-04,2026-07-30,56,North America,C.5.6,0.03,0.105,0.075,0.075,9,0,0.0,0.03,0.03,0,0.0,0.03,0.03,0,0.0,0.03,0.03
emerging_haplotype,vic,region,2026-06-04,2026-08-06,63,North America,C.5.6,0.028,0.1,0.07200000000000001,0.07146428571428573,9,0,0.0,0.028,0.028,0,0.0010000000000000009,0.028,0.029,0,0.0010000000000000009,0.028,0.029
emerging_haplotype,vic,region,2026-06-04,2026-08-13,70,North America,C.5.6,0.027,0.167,0.14,0.14,9,0,0.0,0.027,0.027,0,0.0,0.027,0.027,0,0.0,0.027,0.027
emerging_haplotype,vic,region,2026-06-04,2026-06-11,7,South America,C.3.1,0.291,0.642,0.35100000000000003,0.3510357142857143,9,0,0.0,0.291,0.291,0,0.0010000000000000009,0.29,0.291,0,0.0010000000000000009,0.29,0.291
emerging_haplotype,vic,region,2026-06-04,2026-06-18,14,South America,C.3.1,0.289,0.629,0.34,0.3400071428571429,9,0,0.0,0.289,0.289,0,0.0,0.289,0.289,0,0.0010000000000000009,0.288,0.289
emerging_haplotype,vic,region,2026-06-04,2026-06-25,21,South America,C.3.1,0.287,0.595,0.308,0.30746428571428563,9,0,0.0,0.287,0.287,0,0.0010000000000000009,0.287,0.288,0,0.0010000000000000009,0.287,0.288
emerging_haplotype,vic,region,2026-06-04,2026-07-02,28,South America,C.3.1,0.285,0.555,0.2700000000000001,0.26925000000000004,9,0,0.0010000000000000009,0.285,0.286,0,0.0010000000000000009,0.285,0.286,0,0.0010000000000000009,0.285,0.286
emerging_haplotype,vic,region,2026-06-04,2026-07-09,35,South America,C.3.1,0.284,0.535,0.25100000000000006,0.2511071428571429,9,0,0.0010000000000000009,0.283,0.284,0,0.0010000000000000009,0.283,0.284,0,0.0010000000000000009,0.283,0.284
emerging_haplotype,vic,region,2026-06-04,2026-07-16,42,South America,C.3.1,0.282,0.519,0.23700000000000004,0.2371071428571429,9,0,0.0009999999999999454,0.281,0.282,0,0.0009999999999999454,0.281,0.282,0,0.0009999999999999454,0.281,0.282
emerging_haplotype,vic,region,2026-06-04,2026-07-23,49,South America,C.3.1,0.28,0.565,0.2849999999999999,0.2851071428571427,9,0,0.0010000000000000009,0.279,0.28,0,0.0010000000000000009,0.279,0.28,0,0.0010000000000000009,0.279,0.28
emerging_haplotype,vic,region,2026-06-04,2026-07-30,56,South America,C.3.1,0.278,0.5,0.22199999999999998,0.22210714285714284,9,0,0.0010000000000000009,0.277,0.278,0,0.0010000000000000009,0.277,0.278,0,0.0010000000000000009,0.277,0.278
emerging_haplotype,vic,region,2026-06-04,2026-08-06,63,South America,C.3.1,0.276,0.462,0.186,0.18610714285714286,9,0,0.0010000000000000009,0.275,0.276,0,0.0010000000000000009,0.275,0.276,0,0.0010000000000000009,0.275,0.276
emerging_haplotype,vic,region,2026-06-04,2026-08-13,70,South America,C.3.1,0.273,1.0,0.727,0.7262500000000001,9,0,0.0010000000000000009,0.273,0.274,0,0.0010000000000000009,0.273,0.274,0,0.0010000000000000009,0.273,0.274
emerging_haplotype,vic,region,2026-06-04,2026-06-11,7,South America,C.3.3,0.002,0.042,0.04,0.04,9,0,0.0,0.002,0.002,0,0.0,0.002,0.002,0,0.0,0.002,0.002
emerging_haplotype,vic,region,2026-06-04,2026-06-18,14,South America,C.3.3,0.002,0.059,0.056999999999999995,0.056999999999999995,9,0,0.0,0.002,0.002,0,0.0,0.002,0.002,0,0.0,0.002,0.002
emerging_haplotype,vic,region,2026-06-04,2026-06-25,21,South America,C.3.3,0.002,0.054,0.052,0.052,9,0,0.0,0.002,0.002,0,0.0,0.002,0.002,0,0.0,0.002,0.002
emerging_haplotype,vic,region,2026-06-04,2026-07-02,28,South America,C.3.3,0.002,0.064,0.062,0.062,9,0,0.0,0.002,0.002,0,0.0,0.002,0.002,0,0.0,0.002,0.002
emerging_haplotype,vic,region,2026-06-04,2026-07-09,35,South America,C.3.3,0.002,0.071,0.06899999999999999,0.06899999999999999,9,0,0.0,0.002,0.002,0,0.0,0.002,0.002,0,0.0,0.002,0.002
emerging_haplotype,vic,region,2026-06-04,2026-07-16,42,South America,C.3.3,0.002,0.076,0.074,0.074,9,0,0.0,0.002,0.002,0,0.0,0.002,0.002,0,0.0,0.002,0.002
emerging_haplotype,vic,region,2026-06-04,2026-07-23,49,South America,C.3.3,0.002,0.043,0.040999999999999995,0.04099999999999999,9,0,0.0,0.002,0.002,0,0.0,0.002,0.002,0,0.0,0.002,0.002
emerging_haplotype,vic,region,2026-06-04,2026-07-30,56,South America,C.3.3,0.002,0.077,0.075,0.075,9,0,0.0,0.002,0.002,0,0.0,0.002,0.002,0,0.0,0.002,0.002
emerging_haplotype,vic,region,2026-06-04,2026-08-06,63,South America,C.3.3,0.003,0.0,0.003,0.003,9,0,0.0,0.003,0.003,0,0.0,0.003,0.003,0,0.0,0.003,0.003
emerging_haplotype,vic,region,2026-06-04,2026-08-13,70,South America,C.3.3,0.003,0.0,0.003,0.003,9,0,0.0,0.003,0.003,0,0.0,0.003,0.003,0,0.0,0.003,0.003
emerging_haplotype,vic,region,2026-06-04,2026-06-11,7,South America,C.5.1,0.356,0.0,0.356,0.3554642857142857,9,0,0.0,0.356,0.356,0,0.0010000000000000009,0.355,0.356,0,0.0010000000000000009,0.355,0.356
emerging_haplotype,vic,region,2026-06-04,2026-06-18,14,South America,C.5.1,0.359,0.0,0.359,0.3590071428571428,9,0,0.0,0.359,0.359,0,0.0,0.359,0.359,0,0.0010000000000000009,0.359,0.36
emerging_haplotype,vic,region,2026-06-04,2026-06-25,21,South America,C.5.1,0.363,0.0,0.363,0.36224999999999996,9,0,0.0010000000000000009,0.362,0.363,0,0.0010000000000000009,0.362,0.363,0,0.0010000000000000009,0.362,0.363
emerging_haplotype,vic,region,2026-06-04,2026-07-02,28,South America,C.5.1,0.366,0.0,0.366,0.3657285714285714,9,0,0.0,0.366,0.366,0,0.0,0.366,0.366,0,0.0020000000000000018,0.365,0.367
emerging_haplotype,vic,region,2026-06-04,2026-07-09,35,South America,C.5.1,0.369,0.0,0.369,0.36903571428571424,9,0,0.0,0.369,0.369,0,0.0010000000000000009,0.369,0.37,0,0.0010000000000000009,0.369,0.37
emerging_haplotype,vic,region,2026-06-04,2026-07-16,42,South America,C.5.1,0.373,0.0,0.373,0.37225,9,0,0.0010000000000000009,0.372,0.373,0,0.0010000000000000009,0.372,0.373,0,0.0010000000000000009,0.372,0.373
emerging_haplotype,vic,region,2026-06-04,2026-07-23,49,South America,C.5.1,0.376,0.0,0.376,0.3754642857142857,9,0,0.0,0.376,0.376,0,0.0010000000000000009,0.375,0.376,0,0.0010000000000000009,0.375,0.376
emerging_haplotype,vic,region,2026-06-04,2026-07-30,56,South America,C.5.1,0.379,0.0,0.379,0.3787285714285714,9,0,0.0,0.379,0.379,0,0.0,0.379,0.379,0,0.0020000000000000018,0.378,0.38
emerging_haplotype,vic,region,2026-06-04,2026-08-06,63,South America,C.5.1,0.382,0.0,0.382,0.3820071428571428,9,0,0.0,0.382,0.382,0,0.0,0.382,0.382,0,0.0010000000000000009,0.382,0.383
emerging_haplotype,vic,region,2026-06-04,2026-08-13,70,South America,C.5.1,0.385,0.0,0.385,0.3851071428571428,9,0,0.0010000000000000009,0.385,0.386,0,0.0010000000000000009,0.385,0.386,0,0.0010000000000000009,0.385,0.386
emerging_haplotype,vic,region,2026-06-04,2026-06-11,7,South America,C.5.6.1,0.063,0.024,0.039,0.039,9,0,0.0,0.063,0.063,0,0.0,0.063,0.063,0,0.0,0.063,0.063
emerging_haplotype,vic,region,2026-06-04,2026-06-18,14,South America,C.5.6.1,0.061,0.032,0.028999999999999998,0.028999999999999998,9,0,0.0,0.061,0.061,0,0.0,0.061,0.061,0,0.0,0.061,0.061
emerging_haplotype,vic,region,2026-06-04,2026-06-25,21,South America,C.5.6.1,0.058,0.034,0.024,0.02403571428571429,9,0,0.0,0.058,0.058,0,0.000999999999999994,0.058,0.059,0,0.000999999999999994,0.058,0.059
emerging_haplotype,vic,region,2026-06-04,2026-07-02,28,South America,C.5.6.1,0.056,0.018,0.038000000000000006,0.038,9,0,0.0,0.056,0.056,0,0.0,0.056,0.056,0,0.0,0.056,0.056
emerging_haplotype,vic,region,2026-06-04,2026-07-09,35,South America,C.5.6.1,0.054,0.02,0.034,0.034,9,0,0.0,0.054,0.054,0,0.0,0.054,0.054,0,0.0,0.054,0.054
emerging_haplotype,vic,region,2026-06-04,2026-07-16,42,South America,C.5.6.1,0.052,0.025,0.026999999999999996,0.026999999999999996,9,0,0.0,0.052,0.052,0,0.0,0.052,0.052,0,0.0,0.052,0.052
emerging_haplotype,vic,region,2026-06-04,2026-07-23,49,South America,C.5.6.1,0.05,0.022,0.028000000000000004,0.028,9,0,0.0,0.05,0.05,0,0.0,0.05,0.05,0,0.0,0.05,0.05
emerging_haplotype,vic,region,2026-06-04,2026-07-30,56,South America,C.5.6.1,0.048,0.038,0.010000000000000002,0.009721428571428574,9,0,0.0,0.048,0.048,0,0.0,0.048,0.048,0,0.0010000000000000009,0.047,0.048
emerging_haplotype,vic,region,2026-06-04,2026-08-06,63,South America,C.5.6.1,0.046,0.0,0.046,0.046,9,0,0.0,0.046,0.046,0,0.0,0.046,0.046,0,0.0,0.046,0.046
emerging_haplotype,vic,region,2026-06-04,2026-08-13,70,South America,C.5.6.1,0.044,0.0,0.044,0.044,9,0,0.0,0.044,0.044,0,0.0,0.044,0.044,0,0.0,0.044,0.044
emerging_haplotype,vic,region,2026-06-04,2026-06-11,7,South America,C.5.6.1:241Q,0.005,0.075,0.06999999999999999,0.06999999999999999,9,0,0.0,0.005,0.005,0,0.0,0.005,0.005,0,0.0,0.005,0.005
emerging_haplotype,vic,region,2026-06-04,2026-06-18,14,South America,C.5.6.1:241Q,0.005,0.065,0.060000000000000005,0.060000000000000005,9,0,0.0,0.005,0.005,0,0.0,0.005,0.005,0,0.0,0.005,0.005
emerging_haplotype,vic,region,2026-06-04,2026-06-25,21,South America,C.5.6.1:241Q,0.005,0.074,0.06899999999999999,0.06899999999999999,9,0,0.0,0.005,0.005,0,0.0,0.005,0.005,0,0.0,0.005,0.005
emerging_haplotype,vic,region,2026-06-04,2026-07-02,28,South America,C.5.6.1:241Q,0.005,0.082,0.077,0.077,9,0,0.0,0.005,0.005,0,0.0,0.005,0.005,0,0.0,0.005,0.005
emerging_haplotype,vic,region,2026-06-04,2026-07-09,35,South America,C.5.6.1:241Q,0.004,0.081,0.077,0.077,9,0,0.0,0.004,0.004,0,0.0,0.004,0.004,0,0.0,0.004,0.004
emerging_haplotype,vic,region,2026-06-04,2026-07-16,42,South America,C.5.6.1:241Q,0.004,0.076,0.072,0.072,9,0,0.0,0.004,0.004,0,0.0,0.004,0.004,0,0.0,0.004,0.004
emerging_haplotype,vic,region,2026-06-04,2026-07-23,49,South America,C.5.6.1:241Q,0.004,0.087,0.08299999999999999,0.08299999999999999,9,0,0.0,0.004,0.004,0,0.0,0.004,0.004,0,0.0,0.004,0.004
emerging_haplotype,vic,region,2026-06-04,2026-07-30,56,South America,C.5.6.1:241Q,0.004,0.038,0.034,0.034,9,0,0.0,0.004,0.004,0,0.0,0.004,0.004,0,0.0,0.004,0.004
emerging_haplotype,vic,region,2026-06-04,2026-08-06,63,South America,C.5.6.1:241Q,0.003,0.077,0.074,0.074,9,0,0.0,0.003,0.003,0,0.0,0.003,0.003,0,0.0,0.003,0.003
emerging_haplotype,vic,region,2026-06-04,2026-08-13,70,South America,C.5.6.1:241Q,0.003,0.0,0.003,0.003,9,0,0.0,0.003,0.003,0,0.0,0.003,0.003,0,0.0,0.003,0.003
emerging_haplotype,vic,region,2026-06-04,2026-06-11,7,South America,C.5.6:75E,0.005,0.057,0.052000000000000005,0.052,9,0,0.0,0.005,0.005,0,0.0,0.005,0.005,0,0.0,0.005,0.005
emerging_haplotype,vic,region,2026-06-04,2026-06-18,14,South America,C.5.6:75E,0.005,0.054,0.049,0.049,9,0,0.0,0.005,0.005,0,0.0,0.005,0.005,0,0.0,0.005,0.005
emerging_haplotype,vic,region,2026-06-04,2026-06-25,21,South America,C.5.6:75E,0.004,0.074,0.06999999999999999,0.06999999999999999,9,0,0.0,0.004,0.004,0,0.0,0.004,0.004,0,0.0,0.004,0.004
emerging_haplotype,vic,region,2026-06-04,2026-07-02,28,South America,C.5.6:75E,0.004,0.1,0.096,0.096,9,0,0.0,0.004,0.004,0,0.0,0.004,0.004,0,0.0,0.004,0.004
emerging_haplotype,vic,region,2026-06-04,2026-07-09,35,South America,C.5.6:75E,0.003,0.111,0.108,0.108,9,0,0.0,0.003,0.003,0,0.0,0.003,0.003,0,0.0,0.003,0.003
emerging_haplotype,vic,region,2026-06-04,2026-07-16,42,South America,C.5.6:75E,0.003,0.127,0.124,0.124,9,0,0.0,0.003,0.003,0,0.0,0.003,0.003,0,0.0,0.003,0.003
emerging_haplotype,vic,region,2026-06-04,2026-07-23,49,South America,C.5.6:75E,0.003,0.087,0.08399999999999999,0.08399999999999999,9,0,0.0,0.003,0.003,0,0.0,0.003,0.003,0,0.0,0.003,0.003
emerging_haplotype,vic,region,2026-06-04,2026-07-30,56,South America,C.5.6:75E,0.003,0.115,0.112,0.112,9,0,0.0,0.003,0.003,0,0.0,0.003,0.003,0,0.0,0.003,0.003
emerging_haplotype,vic,region,2026-06-04,2026-08-06,63,South America,C.5.6:75E,0.002,0.154,0.152,0.152,9,0,0.0,0.002,0.002,0,0.0,0.002,0.002,0,0.0,0.002,0.002
emerging_haplotype,vic,region,2026-06-04,2026-08-13,70,South America,C.5.6:75E,0.002,0.0,0.002,0.002,9,0,0.0,0.002,0.002,0,0.0,0.002,0.002,0,0.0,0.002,0.002
emerging_haplotype,vic,region,2026-06-04,2026-06-11,7,South America,C.5.7,0.254,0.085,0.16899999999999998,0.16899999999999998,9,0,0.0,0.254,0.254,0,0.0,0.254,0.254,0,0.0,0.254,0.254
emerging_haplotype,vic,region,2026-06-04,2026-06-18,14,South America,C.5.7,0.256,0.086,0.17,0.17,9,0,0.0,0.256,0.256,0,0.0,0.256,0.256,0,0.0,0.256,0.256
emerging_haplotype,vic,region,2026-06-04,2026-06-25,21,South America,C.5.7,0.258,0.074,0.184,0.18372142857142856,9,0,0.0,0.258,0.258,0,0.0,0.258,0.258,0,0.0010000000000000009,0.257,0.258
emerging_haplotype,vic,region,2026-06-04,2026-07-02,28,South America,C.5.7,0.26,0.073,0.187,0.18646428571428572,9,0,0.0,0.26,0.26,0,0.0010000000000000009,0.259,0.26,0,0.0010000000000000009,0.259,0.26
emerging_haplotype,vic,region,2026-06-04,2026-07-09,35,South America,C.5.7,0.261,0.061,0.2,0.20010714285714287,9,0,0.0010000000000000009,0.261,0.262,0,0.0010000000000000009,0.261,0.262,0,0.0010000000000000009,0.261,0.262
emerging_haplotype,vic,region,2026-06-04,2026-07-16,42,South America,C.5.7,0.263,0.051,0.21200000000000002,0.212,9,0,0.0,0.263,0.263,0,0.0,0.263,0.263,0,0.0,0.263,0.263
emerging_haplotype,vic,region,2026-06-04,2026-07-23,49,South America,C.5.7,0.265,0.043,0.22200000000000003,0.22146428571428572,9,0,0.0,0.265,0.265,0,0.0010000000000000009,0.264,0.265,0,0.0010000000000000009,0.264,0.265
emerging_haplotype,vic,region,2026-06-04,2026-07-30,56,South America,C.5.7,0.266,0.038,0.228,0.22810714285714287,9,0,0.0010000000000000009,0.266,0.267,0,0.0010000000000000009,0.266,0.267,0,0.0010000000000000009,0.266,0.267
emerging_haplotype,vic,region,2026-06-04,2026-08-06,63,South America,C.5.7,0.268,0.0,0.268,0.268,9,0,0.0,0.268,0.268,0,0.0,0.268,0.268,0,0.0,0.268,0.268
emerging_haplotype,vic,region,2026-06-04,2026-08-13,70,South America,C.5.7,0.27,0.0,0.27,0.26925,9,0,0.0010000000000000009,0.269,0.27,0,0.0010000000000000009,0.269,0.27,0,0.0010000000000000009,0.269,0.27
emerging_haplotype,vic,region,2026-06-04,2026-06-11,7,South America,C.5.6,0.023,0.075,0.052,0.052,9,0,0.0,0.023,0.023,0,0.0,0.023,0.023,0,0.0,0.023,0.023
emerging_haplotype,vic,region,2026-06-04,2026-06-18,14,South America,C.5.6,0.023,0.07,0.04700000000000001,0.047,9,0,0.0,0.023,0.023,0,0.0,0.023,0.023,0,0.0,0.023,0.023
emerging_haplotype,vic,region,2026-06-04,2026-06-25,21,South America,C.5.6,0.023,0.088,0.065,0.065,9,0,0.0,0.023,0.023,0,0.0,0.023,0.023,0,0.0,0.023,0.023
emerging_haplotype,vic,region,2026-06-04,2026-07-02,28,South America,C.5.6,0.022,0.1,0.07800000000000001,0.078,9,0,0.0,0.022,0.022,0,0.0,0.022,0.022,0,0.0,0.022,0.022
emerging_haplotype,vic,region,2026-06-04,2026-07-09,35,South America,C.5.6,0.022,0.111,0.089,0.089,9,0,0.0,0.022,0.022,0,0.0,0.022,0.022,0,0.0,0.022,0.022
emerging_haplotype,vic,region,2026-06-04,2026-07-16,42,South America,C.5.6,0.021,0.114,0.093,0.093,9,0,0.0,0.021,0.021,0,0.0,0.021,0.021,0,0.0,0.021,0.021
emerging_haplotype,vic,region,2026-06-04,2026-07-23,49,South America,C.5.6,0.021,0.13,0.109,0.10899999999999999,9,0,0.0,0.021,0.021,0,0.0,0.021,0.021,0,0.0,0.021,0.021
emerging_haplotype,vic,region,2026-06-04,2026-07-30,56,South America,C.5.6,0.021,0.154,0.133,0.133,9,0,0.0,0.021,0.021,0,0.0,0.021,0.021,0,0.0,0.021,0.021
emerging_haplotype,vic,region,2026-06-04,2026-08-06,63,South America,C.5.6,0.02,0.308,0.288,0.288,9,0,0.0,0.02,0.02,0,0.0,0.02,0.02,0,0.0,0.02,0.02
emerging_haplotype,vic,region,2026-06-04,2026-08-13,70,South America,C.5.6,0.02,0.0,0.02,0.02,9,0,0.0,0.02,0.02,0,0.0,0.02,0.02,0,0.0,0.02,0.02
emerging_haplotype,vic,region,2026-06-04,2026-06-11,7,Southeast Asia,C.3.1,0.01,0.0,0.01,0.01,9,0,0.0,0.01,0.01,0,0.0,0.01,0.01,0,0.0,0.01,0.01
emerging_haplotype,vic,region,2026-06-04,2026-06-18,14,Southeast Asia,C.3.1,0.01,0.0,0.01,0.01,9,0,0.0,0.01,0.01,0,0.0,0.01,0.01,0,0.0,0.01,0.01
emerging_haplotype,vic,region,2026-06-04,2026-06-25,21,Southeast Asia,C.3.1,0.01,0.0,0.01,0.010007142857142857,9,0,0.0,0.01,0.01,0,0.0,0.01,0.01,0,0.0009999999999999992,0.01,0.011
emerging_haplotype,vic,region,2026-06-04,2026-07-02,28,Southeast Asia,C.3.1,0.011,0.0,0.011,0.011,9,0,0.0,0.011,0.011,0,0.0,0.011,0.011,0,0.0,0.011,0.011
emerging_haplotype,vic,region,2026-06-04,2026-07-09,35,Southeast Asia,C.3.1,0.011,0.0,0.011,0.011,9,0,0.0,0.011,0.011,0,0.0,0.011,0.011,0,0.0,0.011,0.011
emerging_haplotype,vic,region,2026-06-04,2026-07-16,42,Southeast Asia,C.3.1,0.011,0.0,0.011,0.011,9,0,0.0,0.011,0.011,0,0.0,0.011,0.011,0,0.0,0.011,0.011
emerging_haplotype,vic,region,2026-06-04,2026-07-23,49,Southeast Asia,C.3.1,0.011,0.0,0.011,0.011,9,0,0.0,0.011,0.011,0,0.0,0.011,0.011,0,0.0,0.011,0.011
emerging_haplotype,vic,region,2026-06-04,2026-07-30,56,Southeast Asia,C.3.1,0.012,0.0,0.012,0.012,9,0,0.0,0.012,0.012,0,0.0,0.012,0.012,0,0.0,0.012,0.012
emerging_haplotype,vic,region,2026-06-04,2026-08-06,63,Southeast Asia,C.3.1,0.012,0.0,0.012,0.012,9,0,0.0,0.012,0.012,0,0.0,0.012,0.012,0,0.0,0.012,0.012
emerging_haplotype,vic,region,2026-06-04,2026-08-13,70,Southeast Asia,C.3.1,0.012,0.0,0.012,0.012,9,0,0.0,0.012,0.012,0,0.0,0.012,0.012,0,0.0,0.012,0.012
emerging_haplotype,vic,region,2026-06-04,2026-06-11,7,Southeast Asia,C.3.3,0.014,0.019,0.004999999999999999,0.004999999999999998,9,0,0.0,0.014,0.014,0,0.0,0.014,0.014,0,0.0,0.014,0.014
emerging_haplotype,vic,region,2026-06-04,2026-06-18,14,Southeast Asia,C.3.3,0.013,0.02,0.007000000000000001,0.007,9,0,0.0,0.013,0.013,0,0.0,0.013,0.013,0,0.0,0.013,0.013
emerging_haplotype,vic,region,2026-06-04,2026-06-25,21,Southeast Asia,C.3.3,0.012,0.0,0.012,0.012035714285714287,9,0,0.0,0.012,0.012,0,0.0009999999999999992,0.012,0.013,0,0.0009999999999999992,0.012,0.013
emerging_haplotype,vic,region,2026-06-04,2026-07-02,28,Southeast Asia,C.3.3,0.012,0.031,0.019,0.019,9,0,0.0,0.012,0.012,0,0.0,0.012,0.012,0,0.0,0.012,0.012
emerging_haplotype,vic,region,2026-06-04,2026-07-09,35,Southeast Asia,C.3.3,0.011,0.038,0.027,0.027,9,0,0.0,0.011,0.011,0,0.0,0.011,0.011,0,0.0,0.011,0.011
emerging_haplotype,vic,region,2026-06-04,2026-07-16,42,Southeast Asia,C.3.3,0.011,0.04,0.029,0.029,9,0,0.0,0.011,0.011,0,0.0,0.011,0.011,0,0.0,0.011,0.011
emerging_haplotype,vic,region,2026-06-04,2026-07-23,49,Southeast Asia,C.3.3,0.01,0.053,0.043,0.043,9,0,0.0,0.01,0.01,0,0.0,0.01,0.01,0,0.0,0.01,0.01
emerging_haplotype,vic,region,2026-06-04,2026-07-30,56,Southeast Asia,C.3.3,0.01,0.056,0.046,0.046,9,0,0.0,0.01,0.01,0,0.0,0.01,0.01,0,0.0,0.01,0.01
emerging_haplotype,vic,region,2026-06-04,2026-08-06,63,Southeast Asia,C.3.3,0.009,0.083,0.07400000000000001,0.074,9,0,0.0,0.009,0.009,0,0.0,0.009,0.009,0,0.0,0.009,0.009
emerging_haplotype,vic,region,2026-06-04,2026-08-13,70,Southeast Asia,C.3.3,0.009,0.1,0.09100000000000001,0.09100000000000001,9,0,0.0,0.009,0.009,0,0.0,0.009,0.009,0,0.0,0.009,0.009
emerging_haplotype,vic,region,2026-06-04,2026-06-11,7,Southeast Asia,C.5.1,0.119,0.0,0.119,0.119,9,0,0.0,0.119,0.119,0,0.0,0.119,0.119,0,0.0,0.119,0.119
emerging_haplotype,vic,region,2026-06-04,2026-06-18,14,Southeast Asia,C.5.1,0.127,0.02,0.107,0.10699999999999998,9,0,0.0,0.127,0.127,0,0.0,0.127,0.127,0,0.0,0.127,0.127
emerging_haplotype,vic,region,2026-06-04,2026-06-25,21,Southeast Asia,C.5.1,0.135,0.027,0.10800000000000001,0.10810714285714287,9,0,0.0010000000000000009,0.135,0.136,0,0.0010000000000000009,0.135,0.136,0,0.0010000000000000009,0.135,0.136
emerging_haplotype,vic,region,2026-06-04,2026-07-02,28,Southeast Asia,C.5.1,0.144,0.031,0.11299999999999999,0.11299999999999999,9,0,0.0,0.144,0.144,0,0.0,0.144,0.144,0,0.0,0.144,0.144
emerging_haplotype,vic,region,2026-06-04,2026-07-09,35,Southeast Asia,C.5.1,0.153,0.038,0.11499999999999999,0.11510714285714285,9,0,0.0010000000000000009,0.153,0.154,0,0.0010000000000000009,0.153,0.154,0,0.0010000000000000009,0.153,0.154
emerging_haplotype,vic,region,2026-06-04,2026-07-16,42,Southeast Asia,C.5.1,0.163,0.04,0.123,0.1224642857142857,9,0,0.0,0.163,0.163,0,0.0010000000000000009,0.162,0.163,0,0.0010000000000000009,0.162,0.163
emerging_haplotype,vic,region,2026-06-04,2026-07-23,49,Southeast Asia,C.5.1,0.173,0.053,0.12,0.11925,9,0,0.0010000000000000009,0.172,0.173,0,0.0010000000000000009,0.172,0.173,0,0.0010000000000000009,0.172,0.173
emerging_haplotype,vic,region,2026-06-04,2026-07-30,56,Southeast Asia,C.5.1,0.183,0.056,0.127,0.12646428571428572,9,0,0.0,0.183,0.183,0,0.0010000000000000009,0.182,0.183,0,0.0010000000000000009,0.182,0.183
emerging_haplotype,vic,region,2026-06-04,2026-08-06,63,Southeast Asia,C.5.1,0.193,0.0,0.193,0.19310714285714287,9,0,0.0010000000000000009,0.193,0.194,0,0.0010000000000000009,0.193,0.194,0,0.0010000000000000009,0.193,0.194
emerging_haplotype,vic,region,2026-06-04,2026-08-13,70,Southeast Asia,C.5.1,0.204,0.0,0.204,0.20382857142857141,9,0,0.0010000000000000009,0.204,0.205,0,0.0010000000000000009,0.204,0.205,0,0.001999999999999974,0.203,0.205
emerging_haplotype,vic,region,2026-06-04,2026-06-11,7,Southeast Asia,C.5.6.1,0.102,0.472,0.37,0.37,9,0,0.0,0.102,0.102,0,0.0,0.102,0.102,0,0.0,0.102,0.102
emerging_haplotype,vic,region,2026-06-04,2026-06-18,14,Southeast Asia,C.5.6.1,0.102,0.51,0.40800000000000003,0.408,9,0,0.0,0.102,0.102,0,0.0,0.102,0.102,0,0.0,0.102,0.102
emerging_haplotype,vic,region,2026-06-04,2026-06-25,21,Southeast Asia,C.5.6.1,0.101,0.541,0.44000000000000006,0.44,9,0,0.0,0.101,0.101,0,0.0,0.101,0.101,0,0.0,0.101,0.101
emerging_haplotype,vic,region,2026-06-04,2026-07-02,28,Southeast Asia,C.5.6.1,0.101,0.531,0.43000000000000005,0.43000000000000005,9,0,0.0,0.101,0.101,0,0.0,0.101,0.101,0,0.0,0.101,0.101
emerging_haplotype,vic,region,2026-06-04,2026-07-09,35,Southeast Asia,C.5.6.1,0.1,0.538,0.43800000000000006,0.43800000000000006,9,0,0.0,0.1,0.1,0,0.0,0.1,0.1,0,0.0,0.1,0.1
emerging_haplotype,vic,region,2026-06-04,2026-07-16,42,Southeast Asia,C.5.6.1,0.099,0.48,0.381,0.38099999999999995,9,0,0.0,0.099,0.099,0,0.0,0.099,0.099,0,0.0,0.099,0.099
emerging_haplotype,vic,region,2026-06-04,2026-07-23,49,Southeast Asia,C.5.6.1,0.098,0.316,0.218,0.21799999999999997,9,0,0.0,0.098,0.098,0,0.0,0.098,0.098,0,0.0,0.098,0.098
emerging_haplotype,vic,region,2026-06-04,2026-07-30,56,Southeast Asia,C.5.6.1,0.096,0.278,0.18200000000000002,0.1817214285714286,9,0,0.0,0.096,0.096,0,0.0,0.096,0.096,0,0.0010000000000000009,0.096,0.097
emerging_haplotype,vic,region,2026-06-04,2026-08-06,63,Southeast Asia,C.5.6.1,0.095,0.083,0.011999999999999997,0.011999999999999997,9,0,0.0,0.095,0.095,0,0.0,0.095,0.095,0,0.0,0.095,0.095
emerging_haplotype,vic,region,2026-06-04,2026-08-13,70,Southeast Asia,C.5.6.1,0.094,0.1,0.006000000000000005,0.006000000000000005,9,0,0.0,0.094,0.094,0,0.0,0.094,0.094,0,0.0,0.094,0.094
emerging_haplotype,vic,region,2026-06-04,2026-06-11,7,Southeast Asia,C.5.6.1:241Q,0.008,0.057,0.049,0.049,9,0,0.0,0.008,0.008,0,0.0,0.008,0.008,0,0.0,0.008,0.008
emerging_haplotype,vic,region,2026-06-04,2026-06-18,14,Southeast Asia,C.5.6.1:241Q,0.007,0.02,0.013000000000000001,0.013,9,0,0.0,0.007,0.007,0,0.0,0.007,0.007,0,0.0,0.007,0.007
emerging_haplotype,vic,region,2026-06-04,2026-06-25,21,Southeast Asia,C.5.6.1:241Q,0.007,0.027,0.02,0.02,9,0,0.0,0.007,0.007,0,0.0,0.007,0.007,0,0.0,0.007,0.007
emerging_haplotype,vic,region,2026-06-04,2026-07-02,28,Southeast Asia,C.5.6.1:241Q,0.007,0.062,0.055,0.055,9,0,0.0,0.007,0.007,0,0.0,0.007,0.007,0,0.0,0.007,0.007
emerging_haplotype,vic,region,2026-06-04,2026-07-09,35,Southeast Asia,C.5.6.1:241Q,0.006,0.077,0.071,0.071,9,0,0.0,0.006,0.006,0,0.0,0.006,0.006,0,0.0,0.006,0.006
emerging_haplotype,vic,region,2026-06-04,2026-07-16,42,Southeast Asia,C.5.6.1:241Q,0.006,0.16,0.154,0.154,9,0,0.0,0.006,0.006,0,0.0,0.006,0.006,0,0.0,0.006,0.006
emerging_haplotype,vic,region,2026-06-04,2026-07-23,49,Southeast Asia,C.5.6.1:241Q,0.006,0.211,0.205,0.205,9,0,0.0,0.006,0.006,0,0.0,0.006,0.006,0,0.0,0.006,0.006
emerging_haplotype,vic,region,2026-06-04,2026-07-30,56,Southeast Asia,C.5.6.1:241Q,0.005,0.222,0.217,0.217,9,0,0.0,0.005,0.005,0,0.0,0.005,0.005,0,0.0,0.005,0.005
emerging_haplotype,vic,region,2026-06-04,2026-08-06,63,Southeast Asia,C.5.6.1:241Q,0.005,0.333,0.328,0.328,9,0,0.0,0.005,0.005,0,0.0,0.005,0.005,0,0.0,0.005,0.005
emerging_haplotype,vic,region,2026-06-04,2026-08-13,70,Southeast Asia,C.5.6.1:241Q,0.005,0.4,0.395,0.395,9,0,0.0,0.005,0.005,0,0.0,0.005,0.005,0,0.0,0.005,0.005
emerging_haplotype,vic,region,2026-06-04,2026-06-11,7,Southeast Asia,C.5.6:75E,0.026,0.094,0.068,0.068,9,0,0.0,0.026,0.026,0,0.0,0.026,0.026,0,0.0,0.026,0.026
emerging_haplotype,vic,region,2026-06-04,2026-06-18,14,Southeast Asia,C.5.6:75E,0.026,0.082,0.05600000000000001,0.05610714285714286,9,0,0.0009999999999999974,0.025,0.026,0,0.0009999999999999974,0.025,0.026,0,0.0009999999999999974,0.025,0.026
emerging_haplotype,vic,region,2026-06-04,2026-06-25,21,Southeast Asia,C.5.6:75E,0.025,0.081,0.056,0.056,9,0,0.0,0.025,0.025,0,0.0,0.025,0.025,0,0.0,0.025,0.025
emerging_haplotype,vic,region,2026-06-04,2026-07-02,28,Southeast Asia,C.5.6:75E,0.025,0.062,0.037,0.037,9,0,0.0,0.025,0.025,0,0.0,0.025,0.025,0,0.0,0.025,0.025
emerging_haplotype,vic,region,2026-06-04,2026-07-09,35,Southeast Asia,C.5.6:75E,0.025,0.077,0.052,0.05210714285714285,9,0,0.0010000000000000009,0.024,0.025,0,0.0010000000000000009,0.024,0.025,0,0.0010000000000000009,0.024,0.025
emerging_haplotype,vic,region,2026-06-04,2026-07-16,42,Southeast Asia,C.5.6:75E,0.024,0.12,0.096,0.096,9,0,0.0,0.024,0.024,0,0.0,0.024,0.024,0,0.0,0.024,0.024
emerging_haplotype,vic,region,2026-06-04,2026-07-23,49,Southeast Asia,C.5.6:75E,0.024,0.211,0.187,0.187,9,0,0.0,0.024,0.024,0,0.0,0.024,0.024,0,0.0,0.024,0.024
emerging_haplotype,vic,region,2026-06-04,2026-07-30,56,Southeast Asia,C.5.6:75E,0.023,0.222,0.199,0.199,9,0,0.0,0.023,0.023,0,0.0,0.023,0.023,0,0.0,0.023,0.023
emerging_haplotype,vic,region,2026-06-04,2026-08-06,63,Southeast Asia,C.5.6:75E,0.023,0.25,0.227,0.227,9,0,0.0,0.023,0.023,0,0.0,0.023,0.023,0,0.0,0.023,0.023
emerging_haplotype,vic,region,2026-06-04,2026-08-13,70,Southeast Asia,C.5.6:75E,0.022,0.2,0.17800000000000002,0.17800000000000002,9,0,0.0,0.022,0.022,0,0.0,0.022,0.022,0,0.0,0.022,0.022
emerging_haplotype,vic,region,2026-06-04,2026-06-11,7,Southeast Asia,C.5.7,0.118,0.113,0.0049999999999999906,0.0049999999999999906,9,0,0.0,0.118,0.118,0,0.0,0.118,0.118,0,0.0,0.118,0.118
emerging_haplotype,vic,region,2026-06-04,2026-06-18,14,Southeast Asia,C.5.7,0.107,0.102,0.0050000000000000044,0.005107142857142861,9,0,0.0010000000000000009,0.107,0.108,0,0.0010000000000000009,0.107,0.108,0,0.0010000000000000009,0.107,0.108
emerging_haplotype,vic,region,2026-06-04,2026-06-25,21,Southeast Asia,C.5.7,0.098,0.027,0.07100000000000001,0.07100000000000001,9,0,0.0,0.098,0.098,0,0.0,0.098,0.098,0,0.0,0.098,0.098
emerging_haplotype,vic,region,2026-06-04,2026-07-02,28,Southeast Asia,C.5.7,0.089,0.031,0.057999999999999996,0.057999999999999996,9,0,0.0,0.089,0.089,0,0.0,0.089,0.089,0,0.0,0.089,0.089
emerging_haplotype,vic,region,2026-06-04,2026-07-09,35,Southeast Asia,C.5.7,0.081,0.038,0.043000000000000003,0.043000000000000003,9,0,0.0,0.081,0.081,0,0.0,0.081,0.081,0,0.0,0.081,0.081
emerging_haplotype,vic,region,2026-06-04,2026-07-16,42,Southeast Asia,C.5.7,0.073,0.0,0.073,0.073,9,0,0.0,0.073,0.073,0,0.0,0.073,0.073,0,0.0,0.073,0.073
emerging_haplotype,vic,region,2026-06-04,2026-07-23,49,Southeast Asia,C.5.7,0.067,0.0,0.067,0.06625,9,0,0.0010000000000000009,0.066,0.067,0,0.0010000000000000009,0.066,0.067,0,0.0010000000000000009,0.066,0.067
emerging_haplotype,vic,region,2026-06-04,2026-07-30,56,Southeast Asia,C.5.7,0.06,0.0,0.06,0.06,9,0,0.0,0.06,0.06,0,0.0,0.06,0.06,0,0.0,0.06,0.06
emerging_haplotype,vic,region,2026-06-04,2026-08-06,63,Southeast Asia,C.5.7,0.054,0.0,0.054,0.054,9,0,0.0,0.054,0.054,0,0.0,0.054,0.054,0,0.0,0.054,0.054
emerging_haplotype,vic,region,2026-06-04,2026-08-13,70,Southeast Asia,C.5.7,0.049,0.0,0.049,0.049,9,0,0.0,0.049,0.049,0,0.0,0.049,0.049,0,0.0,0.049,0.049
emerging_haplotype,vic,region,2026-06-04,2026-06-11,7,Southeast Asia,C.5.6,0.603,0.245,0.358,0.35810714285714285,9,0,0.0010000000000000009,0.603,0.604,0,0.0010000000000000009,0.603,0.604,0,0.0010000000000000009,0.603,0.604
emerging_haplotype,vic,region,2026-06-04,2026-06-18,14,Southeast Asia,C.5.6,0.607,0.245,0.362,0.362,9,0,0.0,0.607,0.607,0,0.0,0.607,0.607,0,0.0,0.607,0.607
emerging_haplotype,vic,region,2026-06-04,2026-06-25,21,Southeast Asia,C.5.6,0.61,0.297,0.313,0.31272142857142854,9,0,0.0,0.61,0.61,0,0.0,0.61,0.61,0,0.0010000000000000009,0.609,0.61
emerging_haplotype,vic,region,2026-06-04,2026-07-02,28,Southeast Asia,C.5.6,0.612,0.25,0.362,0.36124999999999996,9,0,0.0010000000000000009,0.611,0.612,0,0.0010000000000000009,0.611,0.612,0,0.0010000000000000009,0.611,0.612
emerging_haplotype,vic,region,2026-06-04,2026-07-09,35,Southeast Asia,C.5.6,0.613,0.192,0.421,0.42024999999999996,9,0,0.0010000000000000009,0.612,0.613,0,0.0010000000000000009,0.612,0.613,0,0.0010000000000000009,0.612,0.613
emerging_haplotype,vic,region,2026-06-04,2026-07-16,42,Southeast Asia,C.5.6,0.613,0.16,0.45299999999999996,0.45224999999999993,9,0,0.0010000000000000009,0.612,0.613,0,0.0010000000000000009,0.612,0.613,0,0.0010000000000000009,0.612,0.613
emerging_haplotype,vic,region,2026-06-04,2026-07-23,49,Southeast Asia,C.5.6,0.612,0.158,0.45399999999999996,0.4534642857142857,9,0,0.0,0.612,0.612,0,0.0010000000000000009,0.611,0.612,0,0.0010000000000000009,0.611,0.612
emerging_haplotype,vic,region,2026-06-04,2026-07-30,56,Southeast Asia,C.5.6,0.61,0.167,0.44299999999999995,0.44303571428571425,9,0,0.0,0.61,0.61,0,0.0010000000000000009,0.61,0.611,0,0.0010000000000000009,0.61,0.611
emerging_haplotype,vic,region,2026-06-04,2026-08-06,63,Southeast Asia,C.5.6,0.608,0.25,0.358,0.35775714285714283,9,0,0.0,0.608,0.608,0,0.0010000000000000009,0.608,0.609,0,0.0020000000000000018,0.607,0.609
emerging_haplotype,vic,region,2026-06-04,2026-08-13,70,Southeast Asia,C.5.6,0.605,0.2,0.40499999999999997,0.40447142857142854,9,0,0.0,0.605,0.605,0,0.0010000000000000009,0.604,0.605,0,0.0020000000000000018,0.604,0.606
emerging_haplotype,vic,region,2026-06-18,2026-06-25,7,Europe,C.3.1,0.211,0.227,0.016000000000000014,0.01617857142857143,9,1,0.099,0.166,0.265,1,0.172,0.136,0.308,1,0.267,0.095,0.362
emerging_haplotype,vic,region,2026-06-18,2026-07-02,14,Europe,C.3.1,0.217,0.294,0.07699999999999999,0.030557142857142845,9,0,0.10500000000000004,0.173,0.278,1,0.189,0.138,0.327,1,0.29200000000000004,0.094,0.386
emerging_haplotype,vic,region,2026-06-18,2026-07-09,21,Europe,C.3.1,0.223,0.267,0.04400000000000001,0.0225,9,1,0.11299999999999999,0.178,0.291,1,0.20599999999999996,0.14,0.346,1,0.31599999999999995,0.093,0.409
emerging_haplotype,vic,region,2026-06-18,2026-07-16,28,Europe,C.3.1,0.234,0.273,0.03900000000000001,0.023021428571428575,9,1,0.121,0.183,0.304,1,0.223,0.143,0.366,1,0.34099999999999997,0.092,0.433
emerging_haplotype,vic,region,2026-06-18,2026-07-23,35,Europe,C.3.1,0.243,0.3,0.056999999999999995,0.026757142857142858,9,1,0.128,0.187,0.315,1,0.24000000000000002,0.144,0.384,1,0.366,0.092,0.458
emerging_haplotype,vic,region,2026-06-18,2026-07-30,42,Europe,C.3.1,0.251,0.375,0.124,0.05049285714285714,9,0,0.14100000000000001,0.19,0.331,1,0.257,0.146,0.403,1,0.391,0.091,0.482
emerging_haplotype,vic,region,2026-06-18,2026-08-06,49,Europe,C.3.1,0.26,0.286,0.025999999999999968,0.025342857142857136,9,1,0.15199999999999997,0.193,0.345,1,0.273,0.149,0.422,1,0.41600000000000004,0.09,0.506
emerging_haplotype,vic,region,2026-06-18,2026-08-13,56,Europe,C.3.1,0.268,0.167,0.101,0.04645714285714286,9,0,0.15999999999999998,0.199,0.359,1,0.29100000000000004,0.151,0.442,1,0.44000000000000006,0.09,0.53
emerging_haplotype,vic,region,2026-06-18,2026-06-25,7,Europe,C.3.3,0.055,0.091,0.036,0.015535714285714286,9,0,0.037,0.037,0.074,1,0.07300000000000001,0.026,0.099,1,0.113,0.015,0.128
emerging_haplotype,vic,region,2026-06-18,2026-07-02,14,Europe,C.3.3,0.054,0.118,0.064,0.031907142857142856,9,0,0.039999999999999994,0.035,0.075,0,0.07699999999999999,0.025,0.102,1,0.11900000000000001,0.014,0.133
emerging_haplotype,vic,region,2026-06-18,2026-07-09,21,Europe,C.3.3,0.053,0.133,0.08000000000000002,0.04191428571428572,9,0,0.040999999999999995,0.034,0.075,0,0.08299999999999999,0.023,0.106,1,0.126,0.012,0.138
emerging_haplotype,vic,region,2026-06-18,2026-07-16,28,Europe,C.3.3,0.052,0.0,0.052,0.03279285714285714,9,0,0.043,0.033,0.076,0,0.087,0.022,0.109,0,0.13299999999999998,0.011,0.144
emerging_haplotype,vic,region,2026-06-18,2026-07-23,35,Europe,C.3.3,0.051,0.0,0.051,0.03191428571428571,9,0,0.046,0.031,0.077,0,0.092,0.021,0.113,0,0.13999999999999999,0.01,0.15
emerging_haplotype,vic,region,2026-06-18,2026-07-30,42,Europe,C.3.3,0.051,0.0,0.051,0.03129285714285714,9,0,0.047,0.03,0.077,0,0.096,0.02,0.116,0,0.147,0.009,0.156
emerging_haplotype,vic,region,2026-06-18,2026-08-06,49,Europe,C.3.3,0.05,0.0,0.05,0.03013571428571429,9,0,0.05,0.028,0.078,0,0.10099999999999999,0.018,0.119,0,0.155,0.008,0.163
emerging_haplotype,vic,region,2026-06-18,2026-08-13,56,Europe,C.3.3,0.048,0.0,0.048,0.02957857142857143,9,0,0.052000000000000005,0.027,0.079,0,0.105,0.017,0.122,0,0.161,0.008,0.169
emerging_haplotype,vic,region,2026-06-18,2026-06-25,7,Europe,C.5.1,0.11,0.091,0.019000000000000003,0.011342857142857144,9,1,0.057999999999999996,0.086,0.144,1,0.11599999999999999,0.067,0.183,1,0.164,0.059,0.223
emerging_haplotype,vic,region,2026-06-18,2026-07-02,14,Europe,C.5.1,0.106,0.118,0.011999999999999997,0.010571428571428568,9,1,0.059999999999999984,0.082,0.142,1,0.118,0.063,0.181,1,0.168,0.055,0.223
emerging_haplotype,vic,region,2026-06-18,2026-07-09,21,Europe,C.5.1,0.103,0.133,0.030000000000000013,0.01335714285714286,9,1,0.06200000000000001,0.078,0.14,1,0.12,0.059,0.179,1,0.17,0.051,0.221
emerging_haplotype,vic,region,2026-06-18,2026-07-16,28,Europe,C.5.1,0.1,0.091,0.009000000000000008,0.010507142857142859,9,1,0.06300000000000001,0.074,0.137,1,0.122,0.055,0.177,1,0.173,0.047,0.22
emerging_haplotype,vic,region,2026-06-18,2026-07-23,35,Europe,C.5.1,0.098,0.1,0.0020000000000000018,0.009607142857142857,9,1,0.063,0.07,0.133,1,0.124,0.051,0.175,1,0.179,0.044,0.223
emerging_haplotype,vic,region,2026-06-18,2026-07-30,42,Europe,C.5.1,0.095,0.0,0.095,0.06679285714285714,9,0,0.064,0.066,0.13,0,0.126,0.047,0.173,0,0.187,0.04,0.227
emerging_haplotype,vic,region,2026-06-18,2026-08-06,49,Europe,C.5.1,0.092,0.0,0.092,0.06399285714285714,9,0,0.064,0.063,0.127,0,0.131,0.044,0.175,0,0.195,0.037,0.232
emerging_haplotype,vic,region,2026-06-18,2026-08-13,56,Europe,C.5.1,0.089,0.0,0.089,0.06122142857142857,9,0,0.065,0.06,0.125,0,0.13499999999999998,0.041,0.176,0,0.20099999999999998,0.034,0.235
emerging_haplotype,vic,region,2026-06-18,2026-06-25,7,Europe,C.5.6.1,0.205,0.182,0.022999999999999993,0.01339285714285714,9,1,0.06799999999999998,0.167,0.235,1,0.134,0.139,0.273,1,0.199,0.117,0.316
emerging_haplotype,vic,region,2026-06-18,2026-07-02,14,Europe,C.5.6.1,0.203,0.235,0.03199999999999997,0.015421428571428569,9,1,0.07299999999999998,0.163,0.236,1,0.14500000000000002,0.135,0.28,1,0.20900000000000002,0.112,0.321
emerging_haplotype,vic,region,2026-06-18,2026-07-09,21,Europe,C.5.6.1,0.201,0.2,0.0010000000000000009,0.01167142857142857,9,1,0.07799999999999999,0.16,0.238,1,0.15299999999999997,0.131,0.284,1,0.22200000000000003,0.106,0.328
emerging_haplotype,vic,region,2026-06-18,2026-07-16,28,Europe,C.5.6.1,0.199,0.091,0.10800000000000001,0.05945714285714286,9,0,0.08099999999999999,0.158,0.239,0,0.16099999999999998,0.126,0.287,0,0.23,0.101,0.331
emerging_haplotype,vic,region,2026-06-18,2026-07-23,35,Europe,C.5.6.1,0.195,0.0,0.195,0.1469,9,0,0.08399999999999999,0.154,0.238,0,0.16699999999999998,0.123,0.29,0,0.23800000000000002,0.096,0.334
emerging_haplotype,vic,region,2026-06-18,2026-07-30,42,Europe,C.5.6.1,0.192,0.0,0.192,0.1433642857142857,9,0,0.08499999999999999,0.151,0.236,0,0.174,0.119,0.293,0,0.24500000000000002,0.091,0.336
emerging_haplotype,vic,region,2026-06-18,2026-08-06,49,Europe,C.5.6.1,0.19,0.0,0.19,0.1399928571428571,9,0,0.09,0.146,0.236,0,0.182,0.115,0.297,0,0.251,0.087,0.338
emerging_haplotype,vic,region,2026-06-18,2026-08-13,56,Europe,C.5.6.1,0.187,0.0,0.187,0.13537857142857143,9,0,0.094,0.142,0.236,0,0.192,0.109,0.301,0,0.26499999999999996,0.08,0.345
emerging_haplotype,vic,region,2026-06-18,2026-06-25,7,Europe,C.5.6.1:241Q,0.058,0.091,0.032999999999999995,0.013164285714285715,9,0,0.048999999999999995,0.037,0.086,1,0.08900000000000001,0.028,0.117,1,0.137,0.017,0.154
emerging_haplotype,vic,region,2026-06-18,2026-07-02,14,Europe,C.5.6.1:241Q,0.058,0.118,0.05999999999999999,0.024757142857142856,9,0,0.049999999999999996,0.037,0.087,1,0.095,0.026,0.121,1,0.14600000000000002,0.016,0.162
emerging_haplotype,vic,region,2026-06-18,2026-07-09,21,Europe,C.5.6.1:241Q,0.057,0.067,0.010000000000000002,0.009135714285714287,9,1,0.052,0.036,0.088,1,0.1,0.025,0.125,1,0.15899999999999997,0.015,0.174
emerging_haplotype,vic,region,2026-06-18,2026-07-16,28,Europe,C.5.6.1:241Q,0.056,0.182,0.126,0.06734285714285713,9,0,0.05499999999999999,0.035,0.09,0,0.10700000000000001,0.023,0.13,1,0.16999999999999998,0.014,0.184
emerging_haplotype,vic,region,2026-06-18,2026-07-23,35,Europe,C.5.6.1:241Q,0.055,0.2,0.14500000000000002,0.08131428571428571,9,0,0.056999999999999995,0.034,0.091,0,0.11400000000000002,0.022,0.136,0,0.178,0.013,0.191
emerging_haplotype,vic,region,2026-06-18,2026-07-30,42,Europe,C.5.6.1:241Q,0.054,0.25,0.196,0.1279357142857143,9,0,0.06,0.032,0.092,0,0.12099999999999998,0.02,0.141,0,0.187,0.012,0.199
emerging_haplotype,vic,region,2026-06-18,2026-08-06,49,Europe,C.5.6.1:241Q,0.054,0.286,0.23199999999999998,0.16037142857142855,9,0,0.063,0.031,0.094,0,0.127,0.019,0.146,0,0.19399999999999998,0.012,0.206
emerging_haplotype,vic,region,2026-06-18,2026-08-13,56,Europe,C.5.6.1:241Q,0.053,0.333,0.28,0.2027714285714286,9,0,0.065,0.031,0.096,0,0.133,0.018,0.151,0,0.206,0.011,0.217
emerging_haplotype,vic,region,2026-06-18,2026-06-25,7,Europe,C.5.6:75E,0.017,0.0,0.017,0.010642857142857143,9,0,0.020000000000000004,0.009,0.029,0,0.041,0.006,0.047,0,0.066,0.003,0.069
emerging_haplotype,vic,region,2026-06-18,2026-07-02,14,Europe,C.5.6:75E,0.017,0.0,0.017,0.010092857142857141,9,0,0.019000000000000003,0.009,0.028,0,0.043000000000000003,0.005,0.048,0,0.071,0.002,0.073
emerging_haplotype,vic,region,2026-06-18,2026-07-09,21,Europe,C.5.6:75E,0.016,0.0,0.016,0.009421428571428572,9,0,0.019,0.008,0.027,0,0.044,0.004,0.048,0,0.073,0.002,0.075
emerging_haplotype,vic,region,2026-06-18,2026-07-16,28,Europe,C.5.6:75E,0.015,0.0,0.015,0.00905,9,0,0.02,0.007,0.027,0,0.043,0.004,0.047,0,0.075,0.002,0.077
emerging_haplotype,vic,region,2026-06-18,2026-07-23,35,Europe,C.5.6:75E,0.015,0.0,0.015,0.008735714285714286,9,0,0.019,0.007,0.026,0,0.044,0.003,0.047,0,0.077,0.002,0.079
emerging_haplotype,vic,region,2026-06-18,2026-07-30,42,Europe,C.5.6:75E,0.014,0.0,0.014,0.008085714285714285,9,0,0.019999999999999997,0.006,0.026,0,0.043,0.003,0.046,0,0.08,0.001,0.081
emerging_haplotype,vic,region,2026-06-18,2026-08-06,49,Europe,C.5.6:75E,0.014,0.0,0.014,0.008135714285714286,9,0,0.019999999999999997,0.006,0.026,0,0.044,0.003,0.047,0,0.083,0.001,0.084
emerging_haplotype,vic,region,2026-06-18,2026-08-13,56,Europe,C.5.6:75E,0.013,0.0,0.013,0.007464285714285715,9,0,0.02,0.005,0.025,0,0.045,0.002,0.047,0,0.08499999999999999,0.001,0.086
emerging_haplotype,vic,region,2026-06-18,2026-06-25,7,Europe,C.5.7,0.037,0.045,0.008,0.005585714285714286,9,1,0.028999999999999998,0.023,0.052,1,0.059,0.015,0.074,1,0.096,0.009,0.105
emerging_haplotype,vic,region,2026-06-18,2026-07-02,14,Europe,C.5.7,0.035,0.0,0.035,0.02179285714285714,9,0,0.028999999999999998,0.022,0.051,0,0.061,0.013,0.074,0,0.097,0.008,0.105
emerging_haplotype,vic,region,2026-06-18,2026-07-09,21,Europe,C.5.7,0.034,0.0,0.034,0.020835714285714284,9,0,0.029,0.021,0.05,0,0.062,0.012,0.074,0,0.09899999999999999,0.007,0.106
emerging_haplotype,vic,region,2026-06-18,2026-07-16,28,Europe,C.5.7,0.033,0.0,0.033,0.019899999999999998,9,0,0.029,0.02,0.049,0,0.063,0.011,0.074,0,0.104,0.006,0.11
emerging_haplotype,vic,region,2026-06-18,2026-07-23,35,Europe,C.5.7,0.032,0.0,0.032,0.01899285714285714,9,0,0.030000000000000002,0.018,0.048,0,0.063,0.01,0.073,0,0.107,0.006,0.113
emerging_haplotype,vic,region,2026-06-18,2026-07-30,42,Europe,C.5.7,0.031,0.0,0.031,0.018021428571428574,9,0,0.03,0.017,0.047,0,0.063,0.009,0.072,0,0.111,0.005,0.116
emerging_haplotype,vic,region,2026-06-18,2026-08-06,49,Europe,C.5.7,0.03,0.0,0.03,0.017078571428571426,9,0,0.03,0.016,0.046,0,0.064,0.008,0.072,0,0.11499999999999999,0.004,0.119
emerging_haplotype,vic,region,2026-06-18,2026-08-13,56,Europe,C.5.7,0.029,0.0,0.029,0.016678571428571428,9,0,0.03,0.015,0.045,0,0.064,0.008,0.072,0,0.119,0.004,0.123
emerging_haplotype,vic,region,2026-06-18,2026-06-25,7,Europe,C.5.6,0.265,0.273,0.008000000000000007,0.011392857142857144,9,1,0.07199999999999998,0.231,0.303,1,0.13300000000000003,0.204,0.337,1,0.183,0.175,0.358
emerging_haplotype,vic,region,2026-06-18,2026-07-02,14,Europe,C.5.6,0.258,0.118,0.14,0.09643571428571429,9,0,0.07499999999999998,0.225,0.3,0,0.139,0.195,0.334,0,0.19499999999999998,0.164,0.359
emerging_haplotype,vic,region,2026-06-18,2026-07-09,21,Europe,C.5.6,0.252,0.2,0.05199999999999999,0.02395714285714285,9,0,0.07999999999999999,0.218,0.298,1,0.14700000000000002,0.185,0.332,1,0.206,0.155,0.361
emerging_haplotype,vic,region,2026-06-18,2026-07-16,28,Europe,C.5.6,0.244,0.364,0.12,0.05957857142857142,9,0,0.08299999999999999,0.211,0.294,0,0.15400000000000003,0.175,0.329,0,0.215,0.147,0.362
emerging_haplotype,vic,region,2026-06-18,2026-07-23,35,Europe,C.5.6,0.237,0.4,0.16300000000000003,0.09929285714285717,9,0,0.08599999999999997,0.203,0.289,0,0.159,0.166,0.325,0,0.22499999999999998,0.138,0.363
emerging_haplotype,vic,region,2026-06-18,2026-07-30,42,Europe,C.5.6,0.23,0.375,0.145,0.07850000000000001,9,0,0.08799999999999997,0.196,0.284,0,0.165,0.158,0.323,0,0.22999999999999998,0.13,0.36
emerging_haplotype,vic,region,2026-06-18,2026-08-06,49,Europe,C.5.6,0.223,0.429,0.206,0.13775714285714286,9,0,0.08900000000000002,0.189,0.278,0,0.171,0.15,0.321,0,0.23199999999999998,0.122,0.354
emerging_haplotype,vic,region,2026-06-18,2026-08-13,56,Europe,C.5.6,0.216,0.5,0.28400000000000003,0.21352857142857146,9,0,0.09200000000000003,0.181,0.273,0,0.17300000000000001,0.142,0.315,0,0.242,0.111,0.353
emerging_haplotype,vic,region,2026-06-18,2026-06-25,7,Japan Korea,C.3.1,0.02,0.0,0.02,0.01287142857142857,9,0,0.028,0.011,0.039,0,0.06999999999999999,0.005,0.075,0,0.122,0.002,0.124
emerging_haplotype,vic,region,2026-06-18,2026-07-02,14,Japan Korea,C.3.1,0.02,0.0,0.02,0.01275714285714286,9,0,0.031,0.01,0.041,0,0.076,0.004,0.08,0,0.132,0.002,0.134
emerging_haplotype,vic,region,2026-06-18,2026-06-25,7,Japan Korea,C.3.3,0.912,0.0,0.912,0.8414857142857143,9,0,0.07599999999999996,0.869,0.945,0,0.138,0.821,0.959,0,0.21599999999999997,0.761,0.977
emerging_haplotype,vic,region,2026-06-18,2026-07-02,14,Japan Korea,C.3.3,0.911,0.0,0.911,0.8369285714285714,9,0,0.07799999999999996,0.868,0.946,0,0.14600000000000002,0.814,0.96,0,0.22599999999999998,0.752,0.978
emerging_haplotype,vic,region,2026-06-18,2026-06-25,7,Japan Korea,C.5.1,0.001,0.0,0.001,0.000542857142857143,9,1,0.002,0.0,0.002,1,0.005,0.0,0.005,1,0.016,0.0,0.016
emerging_haplotype,vic,region,2026-06-18,2026-07-02,14,Japan Korea,C.5.1,0.001,0.0,0.001,0.0005500000000000001,9,1,0.002,0.0,0.002,1,0.005,0.0,0.005,1,0.017,0.0,0.017
emerging_haplotype,vic,region,2026-06-18,2026-06-25,7,Japan Korea,C.5.6.1,0.018,0.0,0.018,0.011614285714285716,9,0,0.024000000000000004,0.011,0.035,0,0.054,0.005,0.059,0,0.09,0.002,0.092
emerging_haplotype,vic,region,2026-06-18,2026-07-02,14,Japan Korea,C.5.6.1,0.017,0.0,0.017,0.011321428571428574,9,0,0.025,0.01,0.035,0,0.055,0.005,0.06,0,0.095,0.002,0.097
emerging_haplotype,vic,region,2026-06-18,2026-06-25,7,Japan Korea,C.5.6.1:241Q,0.009,1.0,0.991,0.9591857142857142,9,0,0.018,0.005,0.023,0,0.040999999999999995,0.002,0.043,0,0.082,0.001,0.083
emerging_haplotype,vic,region,2026-06-18,2026-07-02,14,Japan Korea,C.5.6.1:241Q,0.009,1.0,0.991,0.9574928571428571,9,0,0.016999999999999998,0.005,0.022,0,0.043,0.002,0.045,0,0.087,0.001,0.088
emerging_haplotype,vic,region,2026-06-18,2026-06-25,7,Japan Korea,C.5.6:75E,0.0,0.0,0.0,8.571428571428575e-05,9,1,0.0,0.0,0.0,1,0.001,0.0,0.001,1,0.008,0.0,0.008
emerging_haplotype,vic,region,2026-06-18,2026-07-02,14,Japan Korea,C.5.6:75E,0.0,0.0,0.0,8.571428571428575e-05,9,1,0.0,0.0,0.0,1,0.001,0.0,0.001,1,0.008,0.0,0.008
emerging_haplotype,vic,region,2026-06-18,2026-06-25,7,Japan Korea,C.5.7,0.004,0.0,0.004,0.0026499999999999996,9,0,0.006999999999999999,0.002,0.009,0,0.018,0.001,0.019,1,0.029,0.0,0.029
emerging_haplotype,vic,region,2026-06-18,2026-07-02,14,Japan Korea,C.5.7,0.004,0.0,0.004,0.0026499999999999996,9,0,0.006999999999999999,0.002,0.009,0,0.018,0.001,0.019,1,0.029,0.0,0.029
emerging_haplotype,vic,region,2026-06-18,2026-06-25,7,Japan Korea,C.5.6,0.009,0.0,0.009,0.005742857142857144,9,0,0.009999999999999998,0.005,0.015,0,0.021,0.003,0.024,0,0.04,0.002,0.042
emerging_haplotype,vic,region,2026-06-18,2026-07-02,14,Japan Korea,C.5.6,0.008,0.0,0.008,0.005607142857142857,9,0,0.009999999999999998,0.005,0.015,0,0.021,0.003,0.024,0,0.040999999999999995,0.002,0.043
emerging_haplotype,vic,region,2026-06-18,2026-06-25,7,North America,C.3.1,0.304,0.255,0.04899999999999999,0.024671428571428566,9,0,0.03500000000000003,0.287,0.322,0,0.067,0.267,0.334,1,0.09599999999999997,0.255,0.351
emerging_haplotype,vic,region,2026-06-18,2026-07-02,14,North America,C.3.1,0.284,0.269,0.014999999999999958,0.0073999999999999925,9,1,0.035999999999999976,0.266,0.302,1,0.069,0.246,0.315,1,0.1,0.233,0.333
emerging_haplotype,vic,region,2026-06-18,2026-07-09,21,North America,C.3.1,0.265,0.351,0.08599999999999997,0.06348571428571427,9,0,0.034999999999999976,0.247,0.282,0,0.06899999999999998,0.226,0.295,0,0.10200000000000001,0.213,0.315
emerging_haplotype,vic,region,2026-06-18,2026-07-16,28,North America,C.3.1,0.246,0.341,0.09500000000000003,0.07115000000000002,9,0,0.036000000000000004,0.228,0.264,0,0.06900000000000003,0.208,0.277,0,0.10499999999999998,0.194,0.299
emerging_haplotype,vic,region,2026-06-18,2026-07-23,35,North America,C.3.1,0.229,0.31,0.08099999999999999,0.05797857142857144,9,0,0.036000000000000004,0.21,0.246,0,0.068,0.19,0.258,0,0.10499999999999998,0.177,0.282
emerging_haplotype,vic,region,2026-06-18,2026-07-30,42,North America,C.3.1,0.212,0.368,0.156,0.13269285714285714,9,0,0.036000000000000004,0.193,0.229,0,0.068,0.173,0.241,0,0.10500000000000001,0.161,0.266
emerging_haplotype,vic,region,2026-06-18,2026-08-06,49,North America,C.3.1,0.196,0.4,0.20400000000000001,0.18052142857142858,9,0,0.034,0.178,0.212,0,0.067,0.158,0.225,0,0.10500000000000001,0.146,0.251
emerging_haplotype,vic,region,2026-06-18,2026-08-13,56,North America,C.3.1,0.181,0.667,0.48600000000000004,0.4630285714285715,9,0,0.034,0.162,0.196,0,0.065,0.144,0.209,0,0.10399999999999998,0.132,0.236
emerging_haplotype,vic,region,2026-06-18,2026-06-25,7,North America,C.3.3,0.01,0.027,0.017,0.010735714285714284,9,0,0.006,0.008,0.014,0,0.011000000000000001,0.006,0.017,0,0.019,0.005,0.024
emerging_haplotype,vic,region,2026-06-18,2026-07-02,14,North America,C.3.3,0.01,0.037,0.026999999999999996,0.021057142857142858,9,0,0.005999999999999999,0.007,0.013,0,0.012,0.005,0.017,0,0.02,0.004,0.024
emerging_haplotype,vic,region,2026-06-18,2026-07-09,21,North America,C.3.3,0.009,0.013,0.004,0.0017357142857142853,9,0,0.006,0.006,0.012,1,0.011,0.005,0.016,1,0.019,0.004,0.023
emerging_haplotype,vic,region,2026-06-18,2026-07-16,28,North America,C.3.3,0.009,0.023,0.014,0.008057142857142856,9,0,0.006,0.006,0.012,0,0.012,0.004,0.016,1,0.02,0.003,0.023
emerging_haplotype,vic,region,2026-06-18,2026-07-23,35,North America,C.3.3,0.008,0.034,0.026000000000000002,0.01974285714285715,9,0,0.005999999999999999,0.005,0.011,0,0.011,0.004,0.015,0,0.02,0.003,0.023
emerging_haplotype,vic,region,2026-06-18,2026-07-30,42,North America,C.3.3,0.008,0.053,0.045,0.03895714285714286,9,0,0.005,0.005,0.01,0,0.011,0.004,0.015,0,0.02,0.003,0.023
emerging_haplotype,vic,region,2026-06-18,2026-08-06,49,North America,C.3.3,0.007,0.1,0.093,0.08667142857142858,9,0,0.005,0.005,0.01,0,0.011,0.003,0.014,0,0.019999999999999997,0.002,0.022
emerging_haplotype,vic,region,2026-06-18,2026-08-13,56,North America,C.3.3,0.007,0.0,0.007,0.004385714285714286,9,0,0.004999999999999999,0.004,0.009,0,0.011,0.003,0.014,0,0.019999999999999997,0.002,0.022
emerging_haplotype,vic,region,2026-06-18,2026-06-25,7,North America,C.5.1,0.113,0.04,0.07300000000000001,0.05329285714285714,9,0,0.031,0.097,0.128,0,0.059999999999999984,0.085,0.145,0,0.09100000000000001,0.072,0.163
emerging_haplotype,vic,region,2026-06-18,2026-07-02,14,North America,C.5.1,0.114,0.037,0.07700000000000001,0.05617142857142858,9,0,0.033,0.098,0.131,0,0.06399999999999999,0.084,0.148,0,0.098,0.07,0.168
emerging_haplotype,vic,region,2026-06-18,2026-07-09,21,North America,C.5.1,0.115,0.039,0.07600000000000001,0.054042857142857156,9,0,0.035,0.098,0.133,0,0.06799999999999999,0.083,0.151,0,0.10399999999999998,0.069,0.173
emerging_haplotype,vic,region,2026-06-18,2026-07-16,28,North America,C.5.1,0.116,0.045,0.07100000000000001,0.04737142857142857,9,0,0.037000000000000005,0.098,0.135,0,0.073,0.081,0.154,0,0.10999999999999999,0.067,0.177
emerging_haplotype,vic,region,2026-06-18,2026-07-23,35,North America,C.5.1,0.115,0.034,0.081,0.05757142857142857,9,0,0.038000000000000006,0.097,0.135,0,0.076,0.08,0.156,0,0.11599999999999999,0.066,0.182
emerging_haplotype,vic,region,2026-06-18,2026-07-30,42,North America,C.5.1,0.114,0.0,0.114,0.09027142857142857,9,0,0.04000000000000001,0.096,0.136,0,0.079,0.078,0.157,0,0.122,0.064,0.186
emerging_haplotype,vic,region,2026-06-18,2026-08-06,49,North America,C.5.1,0.114,0.0,0.114,0.08885714285714286,9,0,0.04200000000000001,0.094,0.136,0,0.083,0.076,0.159,0,0.128,0.062,0.19
emerging_haplotype,vic,region,2026-06-18,2026-08-13,56,North America,C.5.1,0.114,0.0,0.114,0.08747142857142856,9,0,0.04400000000000001,0.092,0.136,0,0.08800000000000001,0.074,0.162,0,0.134,0.06,0.194
emerging_haplotype,vic,region,2026-06-18,2026-06-25,7,North America,C.5.6.1,0.011,0.013,0.002,0.0012642857142857143,9,1,0.006,0.009,0.015,1,0.014000000000000002,0.007,0.021,1,0.021,0.004,0.025
emerging_haplotype,vic,region,2026-06-18,2026-07-02,14,North America,C.5.6.1,0.011,0.009,0.002,0.0012642857142857143,9,1,0.006,0.009,0.015,1,0.014000000000000002,0.007,0.021,1,0.021,0.004,0.025
emerging_haplotype,vic,region,2026-06-18,2026-07-09,21,North America,C.5.6.1,0.01,0.013,0.002999999999999999,0.0014357142857142856,9,1,0.006,0.008,0.014,1,0.015000000000000001,0.006,0.021,1,0.021,0.004,0.025
emerging_haplotype,vic,region,2026-06-18,2026-07-16,28,North America,C.5.6.1,0.01,0.023,0.013,0.006014285714285714,9,0,0.006,0.008,0.014,0,0.015000000000000001,0.006,0.021,1,0.022000000000000002,0.003,0.025
emerging_haplotype,vic,region,2026-06-18,2026-07-23,35,North America,C.5.6.1,0.009,0.034,0.025,0.01715714285714286,9,0,0.005999999999999999,0.007,0.013,0,0.015,0.005,0.02,0,0.022000000000000002,0.003,0.025
emerging_haplotype,vic,region,2026-06-18,2026-07-30,42,North America,C.5.6.1,0.009,0.0,0.009,0.006585714285714286,9,0,0.005999999999999999,0.007,0.013,0,0.015,0.005,0.02,0,0.022000000000000002,0.003,0.025
emerging_haplotype,vic,region,2026-06-18,2026-08-06,49,North America,C.5.6.1,0.008,0.0,0.008,0.0056214285714285715,9,0,0.006,0.006,0.012,0,0.016,0.004,0.02,0,0.023,0.002,0.025
emerging_haplotype,vic,region,2026-06-18,2026-08-13,56,North America,C.5.6.1,0.008,0.0,0.008,0.005592857142857143,9,0,0.006,0.006,0.012,0,0.015,0.004,0.019,0,0.023,0.002,0.025
emerging_haplotype,vic,region,2026-06-18,2026-06-25,7,North America,C.5.6.1:241Q,0.527,0.537,0.010000000000000009,0.00850714285714286,9,1,0.049000000000000044,0.5,0.549,1,0.08899999999999997,0.481,0.57,1,0.14499999999999996,0.456,0.601
emerging_haplotype,vic,region,2026-06-18,2026-07-02,14,North America,C.5.6.1:241Q,0.549,0.519,0.030000000000000027,0.011907142857142856,9,1,0.05399999999999994,0.519,0.573,1,0.09299999999999997,0.501,0.594,1,0.15500000000000003,0.472,0.627
emerging_haplotype,vic,region,2026-06-18,2026-07-09,21,North America,C.5.6.1:241Q,0.571,0.455,0.11599999999999994,0.07684999999999999,9,0,0.05599999999999994,0.54,0.596,0,0.09899999999999998,0.519,0.618,0,0.16300000000000003,0.489,0.652
emerging_haplotype,vic,region,2026-06-18,2026-07-16,28,North America,C.5.6.1:241Q,0.592,0.409,0.183,0.1412214285714286,9,0,0.05999999999999994,0.559,0.619,0,0.10499999999999998,0.536,0.641,0,0.17100000000000004,0.505,0.676
emerging_haplotype,vic,region,2026-06-18,2026-07-23,35,North America,C.5.6.1:241Q,0.611,0.448,0.16299999999999998,0.11992142857142855,9,0,0.06300000000000006,0.577,0.64,0,0.10999999999999999,0.554,0.664,0,0.17899999999999994,0.52,0.699
emerging_haplotype,vic,region,2026-06-18,2026-07-30,42,North America,C.5.6.1:241Q,0.632,0.421,0.21100000000000002,0.16420714285714283,9,0,0.06400000000000006,0.596,0.66,0,0.1160000000000001,0.569,0.685,0,0.18499999999999994,0.535,0.72
emerging_haplotype,vic,region,2026-06-18,2026-08-06,49,North America,C.5.6.1:241Q,0.649,0.3,0.34900000000000003,0.30213571428571434,9,0,0.06500000000000006,0.614,0.679,0,0.12,0.586,0.706,0,0.18899999999999995,0.55,0.739
emerging_haplotype,vic,region,2026-06-18,2026-08-13,56,North America,C.5.6.1:241Q,0.668,0.0,0.668,0.6194642857142857,9,0,0.06699999999999995,0.632,0.699,0,0.126,0.601,0.727,0,0.19100000000000006,0.567,0.758
emerging_haplotype,vic,region,2026-06-18,2026-06-25,7,North America,C.5.6:75E,0.0,0.0,0.0,0.0001142857142857143,9,1,0.001,0.0,0.001,1,0.001,0.0,0.001,1,0.002,0.0,0.002
emerging_haplotype,vic,region,2026-06-18,2026-07-02,14,North America,C.5.6:75E,0.0,0.0,0.0,4.285714285714286e-05,9,1,0.0,0.0,0.0,1,0.001,0.0,0.001,1,0.002,0.0,0.002
emerging_haplotype,vic,region,2026-06-18,2026-07-09,21,North America,C.5.6:75E,0.0,0.013,0.013,0.012185714285714286,9,0,0.0,0.0,0.0,0,0.001,0.0,0.001,0,0.002,0.0,0.002
emerging_haplotype,vic,region,2026-06-18,2026-07-16,28,North America,C.5.6:75E,0.0,0.023,0.023,0.022185714285714284,9,0,0.0,0.0,0.0,0,0.001,0.0,0.001,0,0.002,0.0,0.002
emerging_haplotype,vic,region,2026-06-18,2026-07-23,35,North America,C.5.6:75E,0.0,0.034,0.034,0.033185714285714284,9,0,0.0,0.0,0.0,0,0.001,0.0,0.001,0,0.002,0.0,0.002
emerging_haplotype,vic,region,2026-06-18,2026-07-30,42,North America,C.5.6:75E,0.0,0.053,0.053,0.05190714285714285,9,0,0.0,0.0,0.0,0,0.001,0.0,0.001,0,0.003,0.0,0.003
emerging_haplotype,vic,region,2026-06-18,2026-08-06,49,North America,C.5.6:75E,0.0,0.1,0.1,0.09890714285714286,9,0,0.0,0.0,0.0,0,0.001,0.0,0.001,0,0.003,0.0,0.003
emerging_haplotype,vic,region,2026-06-18,2026-08-13,56,North America,C.5.6:75E,0.0,0.167,0.167,0.16590714285714284,9,0,0.0,0.0,0.0,0,0.001,0.0,0.001,0,0.003,0.0,0.003
emerging_haplotype,vic,region,2026-06-18,2026-06-25,7,North America,C.5.7,0.004,0.0,0.004,0.002621428571428572,9,0,0.002,0.003,0.005,0,0.005,0.002,0.007,0,0.007,0.001,0.008
emerging_haplotype,vic,region,2026-06-18,2026-07-02,14,North America,C.5.7,0.004,0.0,0.004,0.0023785714285714287,9,0,0.003,0.002,0.005,0,0.004,0.002,0.006,0,0.007,0.001,0.008
emerging_haplotype,vic,region,2026-06-18,2026-07-09,21,North America,C.5.7,0.003,0.0,0.003,0.002157142857142857,9,0,0.002,0.002,0.004,0,0.004,0.002,0.006,0,0.006,0.001,0.007
emerging_haplotype,vic,region,2026-06-18,2026-07-16,28,North America,C.5.7,0.003,0.0,0.003,0.0018642857142857144,9,0,0.002,0.002,0.004,0,0.004,0.001,0.005,0,0.005,0.001,0.006
emerging_haplotype,vic,region,2026-06-18,2026-07-23,35,North America,C.5.7,0.002,0.0,0.002,0.0016500000000000002,9,0,0.001,0.002,0.003,0,0.004,0.001,0.005,0,0.005,0.001,0.006
emerging_haplotype,vic,region,2026-06-18,2026-07-30,42,North America,C.5.7,0.002,0.0,0.002,0.0014,9,0,0.002,0.001,0.003,0,0.003,0.001,0.004,0,0.004,0.001,0.005
emerging_haplotype,vic,region,2026-06-18,2026-08-06,49,North America,C.5.7,0.002,0.0,0.002,0.0011214285714285714,9,0,0.002,0.001,0.003,0,0.003,0.001,0.004,1,0.005,0.0,0.005
emerging_haplotype,vic,region,2026-06-18,2026-08-13,56,North America,C.5.7,0.002,0.0,0.002,0.001042857142857143,9,0,0.001,0.001,0.002,0,0.003,0.001,0.004,1,0.004,0.0,0.004
emerging_haplotype,vic,region,2026-06-18,2026-06-25,7,North America,C.5.6,0.027,0.128,0.101,0.09382142857142858,9,0,0.010000000000000002,0.022,0.032,0,0.016999999999999998,0.019,0.036,0,0.026999999999999996,0.016,0.043
emerging_haplotype,vic,region,2026-06-18,2026-07-02,14,North America,C.5.6,0.026,0.13,0.10400000000000001,0.09661428571428572,9,0,0.011,0.02,0.031,0,0.017000000000000005,0.018,0.035,0,0.027999999999999997,0.015,0.043
emerging_haplotype,vic,region,2026-06-18,2026-07-09,21,North America,C.5.6,0.025,0.117,0.092,0.08464285714285714,9,0,0.011,0.019,0.03,0,0.018000000000000002,0.016,0.034,0,0.028000000000000004,0.014,0.042
emerging_haplotype,vic,region,2026-06-18,2026-07-16,28,North America,C.5.6,0.023,0.136,0.11300000000000002,0.10478571428571429,9,0,0.011000000000000003,0.018,0.029,0,0.018000000000000002,0.015,0.033,0,0.028000000000000004,0.013,0.041
emerging_haplotype,vic,region,2026-06-18,2026-07-23,35,North America,C.5.6,0.022,0.103,0.08099999999999999,0.07307142857142858,9,0,0.011,0.016,0.027,0,0.018000000000000002,0.014,0.032,0,0.028,0.012,0.04
emerging_haplotype,vic,region,2026-06-18,2026-07-30,42,North America,C.5.6,0.021,0.105,0.08399999999999999,0.07607142857142857,9,0,0.011,0.015,0.026,0,0.018000000000000002,0.013,0.031,0,0.028,0.011,0.039
emerging_haplotype,vic,region,2026-06-18,2026-08-06,49,North America,C.5.6,0.02,0.1,0.08,0.07235000000000001,9,0,0.011000000000000001,0.014,0.025,0,0.018,0.012,0.03,0,0.026999999999999996,0.01,0.037
emerging_haplotype,vic,region,2026-06-18,2026-08-13,56,North America,C.5.6,0.018,0.167,0.14900000000000002,0.14049285714285717,9,0,0.011000000000000001,0.013,0.024,0,0.018000000000000002,0.011,0.029,0,0.026999999999999996,0.009,0.036
emerging_haplotype,vic,region,2026-06-18,2026-06-25,7,South America,C.3.1,0.612,0.595,0.017000000000000015,0.02364285714285714,9,1,0.1469999999999999,0.551,0.698,1,0.276,0.48,0.756,1,0.3960000000000001,0.415,0.811
emerging_haplotype,vic,region,2026-06-18,2026-07-02,14,South America,C.3.1,0.618,0.555,0.06299999999999994,0.031378571428571415,9,1,0.15499999999999992,0.553,0.708,1,0.29100000000000004,0.477,0.768,1,0.41899999999999993,0.405,0.824
emerging_haplotype,vic,region,2026-06-18,2026-07-09,21,South America,C.3.1,0.624,0.535,0.08899999999999997,0.042249999999999996,9,0,0.15899999999999992,0.557,0.716,1,0.30600000000000005,0.474,0.78,1,0.44099999999999995,0.395,0.836
emerging_haplotype,vic,region,2026-06-18,2026-07-16,28,South America,C.3.1,0.631,0.519,0.11199999999999999,0.051800000000000006,9,0,0.16599999999999993,0.559,0.725,1,0.32200000000000006,0.47,0.792,1,0.46399999999999997,0.383,0.847
emerging_haplotype,vic,region,2026-06-18,2026-07-23,35,South America,C.3.1,0.639,0.565,0.07400000000000007,0.03625714285714286,9,1,0.17599999999999993,0.557,0.733,1,0.337,0.465,0.802,1,0.488,0.369,0.857
emerging_haplotype,vic,region,2026-06-18,2026-07-30,42,South America,C.3.1,0.642,0.5,0.14200000000000002,0.06264285714285715,9,0,0.18599999999999994,0.554,0.74,1,0.34800000000000003,0.464,0.812,1,0.518,0.349,0.867
emerging_haplotype,vic,region,2026-06-18,2026-08-06,49,South America,C.3.1,0.645,0.462,0.183,0.08245714285714287,9,0,0.18799999999999994,0.558,0.746,0,0.3549999999999999,0.467,0.822,1,0.544,0.332,0.876
emerging_haplotype,vic,region,2026-06-18,2026-08-13,56,South America,C.3.1,0.646,1.0,0.354,0.23024999999999998,9,0,0.19299999999999995,0.559,0.752,0,0.37599999999999995,0.458,0.834,0,0.5609999999999999,0.324,0.885
emerging_haplotype,vic,region,2026-06-18,2026-06-25,7,South America,C.3.3,0.043,0.054,0.011000000000000003,0.011507142857142858,9,1,0.064,0.023,0.087,1,0.12200000000000001,0.014,0.136,1,0.263,0.007,0.27
emerging_haplotype,vic,region,2026-06-18,2026-07-02,14,South America,C.3.3,0.045,0.064,0.019000000000000003,0.01335,9,1,0.068,0.023,0.091,1,0.12999999999999998,0.013,0.143,1,0.289,0.007,0.296
emerging_haplotype,vic,region,2026-06-18,2026-07-09,21,South America,C.3.3,0.046,0.071,0.024999999999999994,0.015085714285714286,9,1,0.07400000000000001,0.023,0.097,1,0.13899999999999998,0.014,0.153,1,0.316,0.007,0.323
emerging_haplotype,vic,region,2026-06-18,2026-07-16,28,South America,C.3.3,0.049,0.076,0.026999999999999996,0.016292857142857144,9,1,0.07800000000000001,0.023,0.101,1,0.154,0.014,0.168,1,0.345,0.006,0.351
emerging_haplotype,vic,region,2026-06-18,2026-07-23,35,South America,C.3.3,0.05,0.043,0.007000000000000006,0.01442857142857143,9,1,0.08299999999999999,0.023,0.106,1,0.16899999999999998,0.014,0.183,1,0.374,0.006,0.38
emerging_haplotype,vic,region,2026-06-18,2026-07-30,42,South America,C.3.3,0.051,0.077,0.026000000000000002,0.01825714285714286,9,1,0.089,0.023,0.112,1,0.185,0.014,0.199,1,0.40599999999999997,0.006,0.412
emerging_haplotype,vic,region,2026-06-18,2026-08-06,49,South America,C.3.3,0.052,0.0,0.052,0.03476428571428571,9,0,0.094,0.023,0.117,0,0.19999999999999998,0.013,0.213,0,0.447,0.005,0.452
emerging_haplotype,vic,region,2026-06-18,2026-08-13,56,South America,C.3.3,0.054,0.0,0.054,0.03654285714285715,9,0,0.10200000000000001,0.023,0.125,0,0.212,0.014,0.226,0,0.488,0.005,0.493
emerging_haplotype,vic,region,2026-06-18,2026-06-25,7,South America,C.5.1,0.032,0.0,0.032,0.020092857142857145,9,0,0.038,0.017,0.055,0,0.07200000000000001,0.012,0.084,0,0.105,0.006,0.111
emerging_haplotype,vic,region,2026-06-18,2026-07-02,14,South America,C.5.1,0.029,0.0,0.029,0.018242857142857144,9,0,0.036,0.015,0.051,0,0.068,0.011,0.079,0,0.102,0.005,0.107
emerging_haplotype,vic,region,2026-06-18,2026-07-09,21,South America,C.5.1,0.026,0.0,0.026,0.0162,9,0,0.034,0.013,0.047,0,0.067,0.009,0.076,0,0.09999999999999999,0.004,0.104
emerging_haplotype,vic,region,2026-06-18,2026-07-16,28,South America,C.5.1,0.023,0.0,0.023,0.014621428571428572,9,0,0.030999999999999996,0.012,0.043,0,0.065,0.008,0.073,0,0.097,0.003,0.1
emerging_haplotype,vic,region,2026-06-18,2026-07-23,35,South America,C.5.1,0.021,0.0,0.021,0.013300000000000001,9,0,0.03,0.01,0.04,0,0.062000000000000006,0.007,0.069,0,0.094,0.003,0.097
emerging_haplotype,vic,region,2026-06-18,2026-07-30,42,South America,C.5.1,0.019,0.0,0.019,0.011907142857142857,9,0,0.027999999999999997,0.009,0.037,0,0.059000000000000004,0.006,0.065,0,0.091,0.002,0.093
emerging_haplotype,vic,region,2026-06-18,2026-08-06,49,South America,C.5.1,0.017,0.0,0.017,0.0108,9,0,0.026000000000000002,0.008,0.034,0,0.056,0.005,0.061,0,0.088,0.002,0.09
emerging_haplotype,vic,region,2026-06-18,2026-08-13,56,South America,C.5.1,0.015,0.0,0.015,0.009678571428571429,9,0,0.024,0.007,0.031,0,0.053000000000000005,0.004,0.057,0,0.083,0.002,0.085
emerging_haplotype,vic,region,2026-06-18,2026-06-25,7,South America,C.5.6.1,0.022,0.034,0.012000000000000004,0.005971428571428572,9,1,0.027,0.012,0.039,1,0.061000000000000006,0.007,0.068,1,0.082,0.003,0.085
emerging_haplotype,vic,region,2026-06-18,2026-07-02,14,South America,C.5.6.1,0.021,0.018,0.0030000000000000027,0.004700000000000001,9,1,0.027,0.011,0.038,1,0.061000000000000006,0.007,0.068,1,0.08399999999999999,0.003,0.087
emerging_haplotype,vic,region,2026-06-18,2026-07-09,21,South America,C.5.6.1,0.019,0.02,0.0010000000000000009,0.004507142857142857,9,1,0.027999999999999997,0.01,0.038,1,0.061000000000000006,0.006,0.067,1,0.087,0.002,0.089
emerging_haplotype,vic,region,2026-06-18,2026-07-16,28,South America,C.5.6.1,0.018,0.025,0.007000000000000003,0.0053071428571428575,9,1,0.026999999999999996,0.009,0.036,1,0.061000000000000006,0.005,0.066,1,0.089,0.002,0.091
emerging_haplotype,vic,region,2026-06-18,2026-07-23,35,South America,C.5.6.1,0.016,0.022,0.005999999999999998,0.005185714285714286,9,1,0.027999999999999997,0.008,0.036,1,0.059000000000000004,0.005,0.064,1,0.09,0.002,0.092
emerging_haplotype,vic,region,2026-06-18,2026-07-30,42,South America,C.5.6.1,0.014,0.038,0.024,0.008749999999999999,9,0,0.026000000000000002,0.008,0.034,1,0.057999999999999996,0.004,0.062,1,0.093,0.001,0.094
emerging_haplotype,vic,region,2026-06-18,2026-08-06,49,South America,C.5.6.1,0.013,0.0,0.013,0.009414285714285714,9,0,0.026000000000000002,0.007,0.033,0,0.055999999999999994,0.004,0.06,0,0.094,0.001,0.095
emerging_haplotype,vic,region,2026-06-18,2026-08-13,56,South America,C.5.6.1,0.012,0.0,0.012,0.008707142857142858,9,0,0.026000000000000002,0.006,0.032,0,0.055999999999999994,0.003,0.059,0,0.095,0.001,0.096
emerging_haplotype,vic,region,2026-06-18,2026-06-25,7,South America,C.5.6.1:241Q,0.0,0.074,0.074,0.06832142857142856,9,0,0.001,0.0,0.001,0,0.005,0.0,0.005,0,0.015,0.0,0.015
emerging_haplotype,vic,region,2026-06-18,2026-07-02,14,South America,C.5.6.1:241Q,0.0,0.082,0.082,0.07604285714285715,9,0,0.001,0.0,0.001,0,0.005,0.0,0.005,0,0.016,0.0,0.016
emerging_haplotype,vic,region,2026-06-18,2026-07-09,21,South America,C.5.6.1:241Q,0.0,0.081,0.081,0.07476428571428571,9,0,0.001,0.0,0.001,0,0.005,0.0,0.005,0,0.017,0.0,0.017
emerging_haplotype,vic,region,2026-06-18,2026-07-16,28,South America,C.5.6.1:241Q,0.0,0.076,0.076,0.06948571428571428,9,0,0.001,0.0,0.001,0,0.005,0.0,0.005,0,0.018,0.0,0.018
emerging_haplotype,vic,region,2026-06-18,2026-07-23,35,South America,C.5.6.1:241Q,0.0,0.087,0.087,0.08020714285714284,9,0,0.001,0.0,0.001,0,0.005,0.0,0.005,0,0.019,0.0,0.019
emerging_haplotype,vic,region,2026-06-18,2026-07-30,42,South America,C.5.6.1:241Q,0.0,0.038,0.038,0.030671428571428568,9,0,0.001,0.0,0.001,0,0.006,0.0,0.006,0,0.02,0.0,0.02
emerging_haplotype,vic,region,2026-06-18,2026-08-06,49,South America,C.5.6.1:241Q,0.0,0.077,0.077,0.06911428571428571,9,0,0.001,0.0,0.001,0,0.006,0.0,0.006,0,0.022,0.0,0.022
emerging_haplotype,vic,region,2026-06-18,2026-08-13,56,South America,C.5.6.1:241Q,0.0,0.0,0.0,0.00041428571428571437,9,1,0.001,0.0,0.001,1,0.006,0.0,0.006,1,0.024,0.0,0.024
emerging_haplotype,vic,region,2026-06-18,2026-06-25,7,South America,C.5.6:75E,0.036,0.074,0.038,0.01577857142857143,9,0,0.041999999999999996,0.018,0.06,1,0.083,0.013,0.096,1,0.13699999999999998,0.007,0.144
emerging_haplotype,vic,region,2026-06-18,2026-07-02,14,South America,C.5.6:75E,0.034,0.1,0.066,0.028042857142857144,9,0,0.044,0.017,0.061,0,0.08600000000000001,0.011,0.097,1,0.142,0.006,0.148
emerging_haplotype,vic,region,2026-06-18,2026-07-09,21,South America,C.5.6:75E,0.032,0.111,0.079,0.03578571428571429,9,0,0.045,0.016,0.061,0,0.08800000000000001,0.011,0.099,1,0.148,0.005,0.153
emerging_haplotype,vic,region,2026-06-18,2026-07-16,28,South America,C.5.6:75E,0.031,0.127,0.096,0.04712857142857142,9,0,0.044,0.016,0.06,0,0.09100000000000001,0.01,0.101,1,0.154,0.005,0.159
emerging_haplotype,vic,region,2026-06-18,2026-07-23,35,South America,C.5.6:75E,0.029,0.087,0.057999999999999996,0.02302142857142857,9,0,0.045,0.015,0.06,1,0.093,0.009,0.102,1,0.161,0.004,0.165
emerging_haplotype,vic,region,2026-06-18,2026-07-30,42,South America,C.5.6:75E,0.028,0.115,0.08700000000000001,0.03877142857142858,9,0,0.046,0.013,0.059,0,0.095,0.009,0.104,1,0.16799999999999998,0.004,0.172
emerging_haplotype,vic,region,2026-06-18,2026-08-06,49,South America,C.5.6:75E,0.027,0.154,0.127,0.06666428571428572,9,0,0.047,0.012,0.059,0,0.097,0.008,0.105,1,0.175,0.003,0.178
emerging_haplotype,vic,region,2026-06-18,2026-08-13,56,South America,C.5.6:75E,0.025,0.0,0.025,0.017028571428571428,9,0,0.047,0.011,0.058,0,0.09799999999999999,0.007,0.105,0,0.182,0.003,0.185
emerging_haplotype,vic,region,2026-06-18,2026-06-25,7,South America,C.5.7,0.113,0.074,0.03900000000000001,0.01767857142857143,9,1,0.081,0.074,0.155,1,0.162,0.057,0.219,1,0.23700000000000002,0.038,0.275
emerging_haplotype,vic,region,2026-06-18,2026-07-02,14,South America,C.5.7,0.108,0.073,0.035,0.01722857142857143,9,1,0.08099999999999999,0.07,0.151,1,0.164,0.054,0.218,1,0.24600000000000002,0.035,0.281
emerging_haplotype,vic,region,2026-06-18,2026-07-09,21,South America,C.5.7,0.105,0.061,0.044,0.020078571428571425,9,0,0.08099999999999999,0.066,0.147,1,0.16599999999999998,0.05,0.216,1,0.257,0.031,0.288
emerging_haplotype,vic,region,2026-06-18,2026-07-16,28,South America,C.5.7,0.1,0.051,0.04900000000000001,0.022592857142857144,9,0,0.07999999999999999,0.062,0.142,1,0.16899999999999998,0.047,0.216,1,0.26699999999999996,0.028,0.295
emerging_haplotype,vic,region,2026-06-18,2026-07-23,35,South America,C.5.7,0.096,0.043,0.053000000000000005,0.024528571428571434,9,0,0.08000000000000002,0.058,0.138,1,0.175,0.043,0.218,1,0.27399999999999997,0.025,0.299
emerging_haplotype,vic,region,2026-06-18,2026-07-30,42,South America,C.5.7,0.093,0.038,0.055,0.026042857142857142,9,0,0.07900000000000001,0.055,0.134,0,0.18,0.04,0.22,1,0.27599999999999997,0.022,0.298
emerging_haplotype,vic,region,2026-06-18,2026-08-06,49,South America,C.5.7,0.088,0.0,0.088,0.055049999999999995,9,0,0.081,0.05,0.131,0,0.184,0.035,0.219,0,0.28099999999999997,0.018,0.299
emerging_haplotype,vic,region,2026-06-18,2026-08-13,56,South America,C.5.7,0.084,0.0,0.084,0.05203571428571429,9,0,0.081,0.047,0.128,0,0.187,0.031,0.218,0,0.287,0.016,0.303
emerging_haplotype,vic,region,2026-06-18,2026-06-25,7,South America,C.5.6,0.062,0.088,0.025999999999999995,0.010257142857142855,9,1,0.044,0.045,0.089,1,0.087,0.031,0.118,1,0.128,0.019,0.147
emerging_haplotype,vic,region,2026-06-18,2026-07-02,14,South America,C.5.6,0.061,0.1,0.03900000000000001,0.015671428571428576,9,0,0.045,0.043,0.088,1,0.089,0.029,0.118,1,0.128,0.018,0.146
emerging_haplotype,vic,region,2026-06-18,2026-07-09,21,South America,C.5.6,0.059,0.111,0.052000000000000005,0.02135,9,0,0.04599999999999999,0.04,0.086,1,0.09000000000000001,0.027,0.117,1,0.129,0.016,0.145
emerging_haplotype,vic,region,2026-06-18,2026-07-16,28,South America,C.5.6,0.058,0.114,0.056,0.023264285714285717,9,0,0.04800000000000001,0.037,0.085,1,0.092,0.025,0.117,1,0.129,0.015,0.144
emerging_haplotype,vic,region,2026-06-18,2026-07-23,35,South America,C.5.6,0.056,0.13,0.07400000000000001,0.034999999999999996,9,0,0.048,0.035,0.083,0,0.092,0.024,0.116,1,0.13199999999999998,0.014,0.146
emerging_haplotype,vic,region,2026-06-18,2026-07-30,42,South America,C.5.6,0.054,0.154,0.1,0.05549285714285714,9,0,0.046,0.034,0.08,0,0.094,0.022,0.116,0,0.13299999999999998,0.013,0.146
emerging_haplotype,vic,region,2026-06-18,2026-08-06,49,South America,C.5.6,0.052,0.308,0.256,0.21077857142857143,9,0,0.048,0.031,0.079,0,0.094,0.021,0.115,0,0.13299999999999998,0.012,0.145
emerging_haplotype,vic,region,2026-06-18,2026-08-13,56,South America,C.5.6,0.051,0.0,0.051,0.03135,9,0,0.049,0.029,0.078,0,0.096,0.019,0.115,0,0.13499999999999998,0.011,0.146
emerging_haplotype,vic,region,2026-06-18,2026-06-25,7,Southeast Asia,C.3.1,0.01,0.0,0.01,0.006564285714285715,9,0,0.022000000000000002,0.003,0.025,0,0.049999999999999996,0.001,0.051,0,0.099,0.001,0.1
emerging_haplotype,vic,region,2026-06-18,2026-07-02,14,Southeast Asia,C.3.1,0.01,0.0,0.01,0.006971428571428572,9,0,0.024,0.003,0.027,0,0.057,0.001,0.058,0,0.108,0.001,0.109
emerging_haplotype,vic,region,2026-06-18,2026-07-09,21,Southeast Asia,C.3.1,0.01,0.0,0.01,0.007307142857142858,9,0,0.026000000000000002,0.003,0.029,0,0.061,0.001,0.062,0,0.119,0.001,0.12
emerging_haplotype,vic,region,2026-06-18,2026-07-16,28,Southeast Asia,C.3.1,0.011,0.0,0.011,0.008021428571428572,9,0,0.029,0.003,0.032,0,0.069,0.001,0.07,0,0.137,0.001,0.138
emerging_haplotype,vic,region,2026-06-18,2026-07-23,35,Southeast Asia,C.3.1,0.011,0.0,0.011,0.00867857142857143,9,0,0.032,0.003,0.035,0,0.079,0.001,0.08,0,0.159,0.001,0.16
emerging_haplotype,vic,region,2026-06-18,2026-07-30,42,Southeast Asia,C.3.1,0.011,0.0,0.011,0.00915714285714286,9,0,0.032999999999999995,0.003,0.036,0,0.087,0.001,0.088,0,0.184,0.001,0.185
emerging_haplotype,vic,region,2026-06-18,2026-08-06,49,Southeast Asia,C.3.1,0.011,0.0,0.011,0.009507142857142858,9,0,0.033999999999999996,0.003,0.037,0,0.1,0.001,0.101,1,0.211,0.0,0.211
emerging_haplotype,vic,region,2026-06-18,2026-08-13,56,Southeast Asia,C.3.1,0.012,0.0,0.012,0.010392857142857145,9,0,0.034999999999999996,0.003,0.038,0,0.116,0.001,0.117,1,0.241,0.0,0.241
emerging_haplotype,vic,region,2026-06-18,2026-06-25,7,Southeast Asia,C.3.3,0.025,0.0,0.025,0.017364285714285718,9,0,0.035,0.015,0.05,0,0.07500000000000001,0.01,0.085,0,0.121,0.004,0.125
emerging_haplotype,vic,region,2026-06-18,2026-07-02,14,Southeast Asia,C.3.3,0.025,0.031,0.005999999999999998,0.0068000000000000005,9,1,0.038,0.014,0.052,1,0.08,0.009,0.089,1,0.132,0.004,0.136
emerging_haplotype,vic,region,2026-06-18,2026-07-09,21,Southeast Asia,C.3.3,0.025,0.038,0.012999999999999998,0.008192857142857142,9,1,0.041,0.013,0.054,1,0.08299999999999999,0.008,0.091,1,0.145,0.004,0.149
emerging_haplotype,vic,region,2026-06-18,2026-07-16,28,Southeast Asia,C.3.3,0.025,0.04,0.015,0.008778571428571429,9,1,0.043000000000000003,0.013,0.056,1,0.08499999999999999,0.008,0.093,1,0.159,0.003,0.162
emerging_haplotype,vic,region,2026-06-18,2026-07-23,35,Southeast Asia,C.3.3,0.025,0.053,0.027999999999999997,0.010842857142857144,9,1,0.043000000000000003,0.013,0.056,1,0.089,0.007,0.096,1,0.172,0.003,0.175
emerging_haplotype,vic,region,2026-06-18,2026-07-30,42,Southeast Asia,C.3.3,0.024,0.056,0.032,0.0117,9,1,0.044,0.012,0.056,1,0.093,0.007,0.1,1,0.186,0.003,0.189
emerging_haplotype,vic,region,2026-06-18,2026-08-06,49,Southeast Asia,C.3.3,0.024,0.083,0.059000000000000004,0.023350000000000003,9,0,0.046,0.011,0.057,1,0.09699999999999999,0.006,0.103,1,0.20099999999999998,0.003,0.204
emerging_haplotype,vic,region,2026-06-18,2026-08-13,56,Southeast Asia,C.3.3,0.024,0.1,0.07600000000000001,0.030650000000000004,9,0,0.047,0.011,0.058,1,0.10099999999999999,0.006,0.107,1,0.217,0.002,0.219
emerging_haplotype,vic,region,2026-06-18,2026-06-25,7,Southeast Asia,C.5.1,0.035,0.027,0.008000000000000004,0.007657142857142858,9,1,0.045,0.021,0.066,1,0.079,0.012,0.091,1,0.146,0.007,0.153
emerging_haplotype,vic,region,2026-06-18,2026-07-02,14,Southeast Asia,C.5.1,0.035,0.031,0.0040000000000000036,0.007500000000000001,9,1,0.048,0.02,0.068,1,0.083,0.011,0.094,1,0.158,0.007,0.165
emerging_haplotype,vic,region,2026-06-18,2026-07-09,21,Southeast Asia,C.5.1,0.034,0.038,0.003999999999999997,0.007807142857142858,9,1,0.049,0.02,0.069,1,0.08800000000000001,0.01,0.098,1,0.17099999999999999,0.006,0.177
emerging_haplotype,vic,region,2026-06-18,2026-07-16,28,Southeast Asia,C.5.1,0.033,0.04,0.006999999999999999,0.008485714285714286,9,1,0.05,0.019,0.069,1,0.09100000000000001,0.01,0.101,1,0.184,0.006,0.19
emerging_haplotype,vic,region,2026-06-18,2026-07-23,35,Southeast Asia,C.5.1,0.033,0.053,0.019999999999999997,0.010635714285714288,9,1,0.051000000000000004,0.019,0.07,1,0.095,0.01,0.105,1,0.19899999999999998,0.005,0.204
emerging_haplotype,vic,region,2026-06-18,2026-07-30,42,Southeast Asia,C.5.1,0.032,0.056,0.024,0.011507142857142858,9,1,0.052000000000000005,0.018,0.07,1,0.099,0.009,0.108,1,0.215,0.004,0.219
emerging_haplotype,vic,region,2026-06-18,2026-08-06,49,Southeast Asia,C.5.1,0.032,0.0,0.032,0.02172857142857143,9,0,0.052000000000000005,0.018,0.07,0,0.10300000000000001,0.009,0.112,0,0.23,0.004,0.234
emerging_haplotype,vic,region,2026-06-18,2026-08-13,56,Southeast Asia,C.5.1,0.031,0.0,0.031,0.021057142857142858,9,0,0.053000000000000005,0.017,0.07,0,0.10800000000000001,0.008,0.116,0,0.246,0.003,0.249
emerging_haplotype,vic,region,2026-06-18,2026-06-25,7,Southeast Asia,C.5.6.1,0.197,0.541,0.34400000000000003,0.22746428571428573,9,0,0.13500000000000004,0.143,0.278,0,0.25,0.102,0.352,0,0.375,0.062,0.437
emerging_haplotype,vic,region,2026-06-18,2026-07-02,14,Southeast Asia,C.5.6.1,0.204,0.531,0.32700000000000007,0.20402857142857148,9,0,0.149,0.144,0.293,0,0.264,0.1,0.364,0,0.398,0.061,0.459
emerging_haplotype,vic,region,2026-06-18,2026-07-09,21,Southeast Asia,C.5.6.1,0.207,0.538,0.33100000000000007,0.19764285714285718,9,0,0.162,0.144,0.306,0,0.28200000000000003,0.098,0.38,0,0.422,0.059,0.481
emerging_haplotype,vic,region,2026-06-18,2026-07-16,28,Southeast Asia,C.5.6.1,0.209,0.48,0.271,0.13354285714285713,9,0,0.171,0.144,0.315,0,0.30200000000000005,0.095,0.397,1,0.438,0.057,0.495
emerging_haplotype,vic,region,2026-06-18,2026-07-23,35,Southeast Asia,C.5.6.1,0.213,0.316,0.10300000000000001,0.039707142857142864,9,1,0.17700000000000002,0.144,0.321,1,0.31799999999999995,0.093,0.411,1,0.457,0.054,0.511
emerging_haplotype,vic,region,2026-06-18,2026-07-30,42,Southeast Asia,C.5.6.1,0.214,0.278,0.06400000000000003,0.035428571428571434,9,1,0.18700000000000003,0.143,0.33,1,0.33299999999999996,0.091,0.424,1,0.47800000000000004,0.051,0.529
emerging_haplotype,vic,region,2026-06-18,2026-08-06,49,Southeast Asia,C.5.6.1,0.217,0.083,0.134,0.06532857142857143,9,0,0.19700000000000004,0.142,0.339,0,0.349,0.089,0.438,1,0.5,0.047,0.547
emerging_haplotype,vic,region,2026-06-18,2026-08-13,56,Southeast Asia,C.5.6.1,0.219,0.1,0.119,0.05779285714285714,9,0,0.207,0.141,0.348,1,0.37,0.086,0.456,1,0.5209999999999999,0.045,0.566
emerging_haplotype,vic,region,2026-06-18,2026-06-25,7,Southeast Asia,C.5.6.1:241Q,0.033,0.027,0.006000000000000002,0.007857142857142858,9,1,0.045,0.017,0.062,1,0.09,0.006,0.096,1,0.16999999999999998,0.003,0.173
emerging_haplotype,vic,region,2026-06-18,2026-07-02,14,Southeast Asia,C.5.6.1:241Q,0.034,0.062,0.027999999999999997,0.011649999999999999,9,1,0.048,0.017,0.065,1,0.09999999999999999,0.006,0.106,1,0.191,0.003,0.194
emerging_haplotype,vic,region,2026-06-18,2026-07-09,21,Southeast Asia,C.5.6.1:241Q,0.035,0.077,0.041999999999999996,0.01647857142857143,9,0,0.053000000000000005,0.017,0.07,1,0.11199999999999999,0.006,0.118,1,0.209,0.002,0.211
emerging_haplotype,vic,region,2026-06-18,2026-07-16,28,Southeast Asia,C.5.6.1:241Q,0.037,0.16,0.123,0.059500000000000004,9,0,0.057999999999999996,0.017,0.075,0,0.125,0.006,0.131,1,0.23,0.002,0.232
emerging_haplotype,vic,region,2026-06-18,2026-07-23,35,Southeast Asia,C.5.6.1:241Q,0.04,0.211,0.17099999999999999,0.09168571428571429,9,0,0.061,0.017,0.078,0,0.13799999999999998,0.006,0.144,1,0.254,0.002,0.256
emerging_haplotype,vic,region,2026-06-18,2026-07-30,42,Southeast Asia,C.5.6.1:241Q,0.042,0.222,0.18,0.09399285714285717,9,0,0.066,0.016,0.082,0,0.156,0.006,0.162,1,0.275,0.002,0.277
emerging_haplotype,vic,region,2026-06-18,2026-08-06,49,Southeast Asia,C.5.6.1:241Q,0.044,0.333,0.28900000000000003,0.1775214285714286,9,0,0.073,0.016,0.089,0,0.172,0.007,0.179,0,0.295,0.002,0.297
emerging_haplotype,vic,region,2026-06-18,2026-08-13,56,Southeast Asia,C.5.6.1:241Q,0.045,0.4,0.35500000000000004,0.23343571428571433,9,0,0.079,0.016,0.095,0,0.189,0.006,0.195,0,0.315,0.002,0.317
emerging_haplotype,vic,region,2026-06-18,2026-06-25,7,Southeast Asia,C.5.6:75E,0.017,0.081,0.064,0.029064285714285713,9,0,0.024,0.009,0.033,0,0.073,0.004,0.077,1,0.177,0.002,0.179
emerging_haplotype,vic,region,2026-06-18,2026-07-02,14,Southeast Asia,C.5.6:75E,0.017,0.062,0.045,0.019614285714285716,9,0,0.027000000000000003,0.008,0.035,1,0.077,0.004,0.081,1,0.188,0.001,0.189
emerging_haplotype,vic,region,2026-06-18,2026-07-09,21,Southeast Asia,C.5.6:75E,0.016,0.077,0.061,0.026128571428571428,9,0,0.027999999999999997,0.008,0.036,1,0.08,0.004,0.084,1,0.198,0.001,0.199
emerging_haplotype,vic,region,2026-06-18,2026-07-16,28,Southeast Asia,C.5.6:75E,0.016,0.12,0.104,0.05323571428571428,9,0,0.03,0.008,0.038,0,0.086,0.003,0.089,1,0.209,0.001,0.21
emerging_haplotype,vic,region,2026-06-18,2026-07-23,35,Southeast Asia,C.5.6:75E,0.016,0.211,0.195,0.11667142857142856,9,0,0.033,0.007,0.04,0,0.091,0.003,0.094,1,0.22,0.001,0.221
emerging_haplotype,vic,region,2026-06-18,2026-07-30,42,Southeast Asia,C.5.6:75E,0.016,0.222,0.20600000000000002,0.12331428571428571,9,0,0.033,0.007,0.04,0,0.096,0.003,0.099,1,0.23,0.001,0.231
emerging_haplotype,vic,region,2026-06-18,2026-08-06,49,Southeast Asia,C.5.6:75E,0.016,0.25,0.23399999999999999,0.1445071428571429,9,0,0.035,0.006,0.041,0,0.09999999999999999,0.003,0.103,0,0.241,0.001,0.242
emerging_haplotype,vic,region,2026-06-18,2026-08-13,56,Southeast Asia,C.5.6:75E,0.016,0.2,0.184,0.10435714285714288,9,0,0.037,0.006,0.043,0,0.107,0.003,0.11,1,0.252,0.001,0.253
emerging_haplotype,vic,region,2026-06-18,2026-06-25,7,Southeast Asia,C.5.7,0.128,0.027,0.101,0.06621428571428571,9,0,0.07200000000000001,0.098,0.17,0,0.137,0.074,0.211,0,0.22200000000000003,0.053,0.275
emerging_haplotype,vic,region,2026-06-18,2026-07-02,14,Southeast Asia,C.5.7,0.118,0.031,0.087,0.053200000000000004,9,0,0.07100000000000001,0.088,0.159,0,0.136,0.065,0.201,0,0.21400000000000002,0.046,0.26
emerging_haplotype,vic,region,2026-06-18,2026-07-09,21,Southeast Asia,C.5.7,0.108,0.038,0.07,0.037764285714285716,9,0,0.071,0.078,0.149,0,0.132,0.058,0.19,0,0.209,0.039,0.248
emerging_haplotype,vic,region,2026-06-18,2026-07-16,28,Southeast Asia,C.5.7,0.099,0.0,0.099,0.06825714285714286,9,0,0.07,0.07,0.14,0,0.128,0.051,0.179,0,0.204,0.033,0.237
emerging_haplotype,vic,region,2026-06-18,2026-07-23,35,Southeast Asia,C.5.7,0.09,0.0,0.09,0.06132142857142857,9,0,0.069,0.062,0.131,0,0.12400000000000001,0.045,0.169,0,0.199,0.028,0.227
emerging_haplotype,vic,region,2026-06-18,2026-07-30,42,Southeast Asia,C.5.7,0.082,0.0,0.082,0.05473571428571428,9,0,0.067,0.055,0.122,0,0.12,0.038,0.158,0,0.193,0.024,0.217
emerging_haplotype,vic,region,2026-06-18,2026-08-06,49,Southeast Asia,C.5.7,0.074,0.0,0.074,0.04902142857142857,9,0,0.065,0.048,0.113,0,0.11599999999999999,0.034,0.15,0,0.189,0.02,0.209
emerging_haplotype,vic,region,2026-06-18,2026-08-13,56,Southeast Asia,C.5.7,0.067,0.0,0.067,0.04357142857142858,9,0,0.06199999999999999,0.042,0.104,0,0.10900000000000001,0.029,0.138,0,0.184,0.017,0.201
emerging_haplotype,vic,region,2026-06-18,2026-06-25,7,Southeast Asia,C.5.6,0.467,0.297,0.17000000000000004,0.08125714285714289,9,0,0.12,0.398,0.518,0,0.24599999999999994,0.332,0.578,1,0.352,0.278,0.63
emerging_haplotype,vic,region,2026-06-18,2026-07-02,14,Southeast Asia,C.5.6,0.462,0.25,0.21200000000000002,0.1147357142857143,9,0,0.128,0.39,0.518,0,0.26299999999999996,0.318,0.581,0,0.371,0.27,0.641
emerging_haplotype,vic,region,2026-06-18,2026-07-09,21,Southeast Asia,C.5.6,0.457,0.192,0.265,0.16472857142857142,9,0,0.135,0.381,0.516,0,0.27599999999999997,0.307,0.583,0,0.388,0.261,0.649
emerging_haplotype,vic,region,2026-06-18,2026-07-16,28,Southeast Asia,C.5.6,0.448,0.16,0.28800000000000003,0.18754285714285715,9,0,0.14300000000000002,0.371,0.514,0,0.285,0.296,0.581,0,0.406,0.251,0.657
emerging_haplotype,vic,region,2026-06-18,2026-07-23,35,Southeast Asia,C.5.6,0.44,0.158,0.28200000000000003,0.17844285714285715,9,0,0.15100000000000002,0.361,0.512,0,0.30099999999999993,0.28,0.581,0,0.42800000000000005,0.238,0.666
emerging_haplotype,vic,region,2026-06-18,2026-07-30,42,Southeast Asia,C.5.6,0.43,0.167,0.263,0.15929285714285712,9,0,0.15800000000000003,0.35,0.508,0,0.31299999999999994,0.269,0.582,0,0.44900000000000007,0.226,0.675
emerging_haplotype,vic,region,2026-06-18,2026-08-06,49,Southeast Asia,C.5.6,0.422,0.25,0.172,0.07567857142857144,9,0,0.16599999999999998,0.336,0.502,0,0.32599999999999996,0.257,0.583,1,0.4710000000000001,0.213,0.684
emerging_haplotype,vic,region,2026-06-18,2026-08-13,56,Southeast Asia,C.5.6,0.415,0.2,0.21499999999999997,0.10171428571428572,9,0,0.172,0.324,0.496,0,0.351,0.234,0.585,1,0.49599999999999994,0.196,0.692
emerging_haplotype,vic,region,2026-07-02,2026-07-09,7,Europe,C.3.1,0.223,0.267,0.04400000000000001,0.021178571428571432,9,1,0.10600000000000001,0.17,0.276,1,0.186,0.139,0.325,1,0.281,0.113,0.394
emerging_haplotype,vic,region,2026-07-02,2026-07-16,14,Europe,C.3.1,0.232,0.273,0.04100000000000001,0.0221,9,1,0.11399999999999999,0.173,0.287,1,0.20799999999999996,0.139,0.347,1,0.302,0.114,0.416
emerging_haplotype,vic,region,2026-07-02,2026-07-23,21,Europe,C.3.1,0.242,0.3,0.057999999999999996,0.025935714285714284,9,1,0.123,0.178,0.301,1,0.22899999999999998,0.14,0.369,1,0.325,0.113,0.438
emerging_haplotype,vic,region,2026-07-02,2026-07-30,28,Europe,C.3.1,0.25,0.375,0.125,0.05403571428571429,9,0,0.131,0.184,0.315,1,0.252,0.14,0.392,1,0.34700000000000003,0.112,0.459
emerging_haplotype,vic,region,2026-07-02,2026-08-06,35,Europe,C.3.1,0.257,0.286,0.02899999999999997,0.02451428571428571,9,1,0.139,0.188,0.327,1,0.273,0.141,0.414,1,0.37,0.111,0.481
emerging_haplotype,vic,region,2026-07-02,2026-08-13,42,Europe,C.3.1,0.266,0.167,0.099,0.04295714285714286,9,0,0.14800000000000002,0.192,0.34,1,0.29000000000000004,0.143,0.433,1,0.394,0.109,0.503
emerging_haplotype,vic,region,2026-07-02,2026-07-09,7,Europe,C.3.3,0.029,0.133,0.10400000000000001,0.07932857142857143,9,0,0.023000000000000003,0.018,0.041,0,0.05,0.012,0.062,0,0.076,0.007,0.083
emerging_haplotype,vic,region,2026-07-02,2026-07-16,14,Europe,C.3.3,0.027,0.0,0.027,0.016878571428571427,9,0,0.022,0.017,0.039,0,0.051,0.01,0.061,0,0.079,0.006,0.085
emerging_haplotype,vic,region,2026-07-02,2026-07-23,21,Europe,C.3.3,0.026,0.0,0.026,0.015899999999999997,9,0,0.022,0.015,0.037,0,0.051,0.009,0.06,0,0.08199999999999999,0.006,0.088
emerging_haplotype,vic,region,2026-07-02,2026-07-30,28,Europe,C.3.3,0.025,0.0,0.025,0.014921428571428572,9,0,0.022,0.014,0.036,0,0.051,0.008,0.059,0,0.08499999999999999,0.005,0.09
emerging_haplotype,vic,region,2026-07-02,2026-08-06,35,Europe,C.3.3,0.023,0.0,0.023,0.014042857142857143,9,0,0.022000000000000006,0.013,0.035,0,0.05,0.008,0.058,0,0.086,0.004,0.09
emerging_haplotype,vic,region,2026-07-02,2026-08-13,42,Europe,C.3.3,0.022,0.0,0.022,0.013335714285714286,9,0,0.022000000000000002,0.012,0.034,0,0.05,0.007,0.057,0,0.087,0.004,0.091
emerging_haplotype,vic,region,2026-07-02,2026-07-09,7,Europe,C.5.1,0.084,0.133,0.049,0.020192857142857148,9,0,0.051000000000000004,0.061,0.112,1,0.09100000000000001,0.047,0.138,1,0.133,0.033,0.166
emerging_haplotype,vic,region,2026-07-02,2026-07-16,14,Europe,C.5.1,0.08,0.091,0.010999999999999996,0.008857142857142857,9,1,0.052,0.056,0.108,1,0.09100000000000001,0.043,0.134,1,0.136,0.03,0.166
emerging_haplotype,vic,region,2026-07-02,2026-07-23,21,Europe,C.5.1,0.076,0.1,0.024000000000000007,0.01087857142857143,9,1,0.054,0.051,0.105,1,0.091,0.04,0.131,1,0.139,0.027,0.166
emerging_haplotype,vic,region,2026-07-02,2026-07-30,28,Europe,C.5.1,0.072,0.0,0.072,0.04827857142857143,9,0,0.053000000000000005,0.047,0.1,0,0.092,0.036,0.128,0,0.14100000000000001,0.024,0.165
emerging_haplotype,vic,region,2026-07-02,2026-08-06,35,Europe,C.5.1,0.069,0.0,0.069,0.04549999999999999,9,0,0.052000000000000005,0.044,0.096,0,0.092,0.033,0.125,0,0.14200000000000002,0.022,0.164
emerging_haplotype,vic,region,2026-07-02,2026-08-13,42,Europe,C.5.1,0.065,0.0,0.065,0.042557142857142856,9,0,0.051,0.042,0.093,0,0.091,0.03,0.121,0,0.14400000000000002,0.019,0.163
emerging_haplotype,vic,region,2026-07-02,2026-07-09,7,Europe,C.5.6.1,0.236,0.2,0.035999999999999976,0.018778571428571426,9,1,0.09700000000000003,0.182,0.279,1,0.168,0.157,0.325,1,0.267,0.124,0.391
emerging_haplotype,vic,region,2026-07-02,2026-07-16,14,Europe,C.5.6.1,0.231,0.091,0.14,0.0840357142857143,9,0,0.10399999999999998,0.178,0.282,0,0.17900000000000002,0.152,0.331,0,0.28900000000000003,0.116,0.405
emerging_haplotype,vic,region,2026-07-02,2026-07-23,21,Europe,C.5.6.1,0.227,0.0,0.227,0.17115714285714284,9,0,0.11099999999999999,0.174,0.285,0,0.19100000000000003,0.146,0.337,0,0.308,0.111,0.419
emerging_haplotype,vic,region,2026-07-02,2026-07-30,28,Europe,C.5.6.1,0.225,0.0,0.225,0.16752142857142857,9,0,0.11799999999999997,0.169,0.287,0,0.202,0.14,0.342,0,0.325,0.107,0.432
emerging_haplotype,vic,region,2026-07-02,2026-08-06,35,Europe,C.5.6.1,0.223,0.0,0.223,0.16424285714285713,9,0,0.12199999999999997,0.165,0.287,0,0.21299999999999997,0.135,0.348,0,0.342,0.103,0.445
emerging_haplotype,vic,region,2026-07-02,2026-08-13,42,Europe,C.5.6.1,0.22,0.0,0.22,0.16112142857142858,9,0,0.12399999999999997,0.161,0.285,0,0.22199999999999998,0.131,0.353,0,0.349,0.1,0.449
emerging_haplotype,vic,region,2026-07-02,2026-07-09,7,Europe,C.5.6.1:241Q,0.094,0.067,0.026999999999999996,0.013978571428571429,9,1,0.068,0.067,0.135,1,0.137,0.048,0.185,1,0.189,0.036,0.225
emerging_haplotype,vic,region,2026-07-02,2026-07-16,14,Europe,C.5.6.1:241Q,0.096,0.182,0.086,0.034921428571428575,9,0,0.07599999999999998,0.066,0.142,1,0.15000000000000002,0.047,0.197,1,0.209,0.035,0.244
emerging_haplotype,vic,region,2026-07-02,2026-07-23,21,Europe,C.5.6.1:241Q,0.098,0.2,0.10200000000000001,0.04162857142857144,9,0,0.08199999999999999,0.066,0.148,1,0.16499999999999998,0.046,0.211,1,0.228,0.033,0.261
emerging_haplotype,vic,region,2026-07-02,2026-07-30,28,Europe,C.5.6.1:241Q,0.099,0.25,0.151,0.06939285714285715,9,0,0.09,0.066,0.156,0,0.178,0.045,0.223,1,0.24300000000000002,0.032,0.275
emerging_haplotype,vic,region,2026-07-02,2026-08-06,35,Europe,C.5.6.1:241Q,0.1,0.286,0.18599999999999997,0.09033571428571427,9,0,0.099,0.066,0.165,0,0.189,0.045,0.234,1,0.261,0.03,0.291
emerging_haplotype,vic,region,2026-07-02,2026-08-13,42,Europe,C.5.6.1:241Q,0.102,0.333,0.23100000000000004,0.1261714285714286,9,0,0.10799999999999998,0.066,0.174,0,0.201,0.044,0.245,0,0.27999999999999997,0.028,0.308
emerging_haplotype,vic,region,2026-07-02,2026-07-09,7,Europe,C.5.6:75E,0.016,0.0,0.016,0.009271428571428571,9,0,0.016,0.009,0.025,0,0.037000000000000005,0.004,0.041,0,0.06999999999999999,0.002,0.072
emerging_haplotype,vic,region,2026-07-02,2026-07-16,14,Europe,C.5.6:75E,0.015,0.0,0.015,0.008828571428571429,9,0,0.016,0.008,0.024,0,0.036000000000000004,0.004,0.04,0,0.072,0.002,0.074
emerging_haplotype,vic,region,2026-07-02,2026-07-23,21,Europe,C.5.6:75E,0.015,0.0,0.015,0.008878571428571428,9,0,0.016,0.008,0.024,0,0.037000000000000005,0.004,0.041,0,0.075,0.002,0.077
emerging_haplotype,vic,region,2026-07-02,2026-07-30,28,Europe,C.5.6:75E,0.014,0.0,0.014,0.008314285714285715,9,0,0.017,0.007,0.024,0,0.039,0.003,0.042,0,0.078,0.002,0.08
emerging_haplotype,vic,region,2026-07-02,2026-08-06,35,Europe,C.5.6:75E,0.013,0.0,0.013,0.007871428571428571,9,0,0.016,0.007,0.023,0,0.039999999999999994,0.003,0.043,0,0.082,0.001,0.083
emerging_haplotype,vic,region,2026-07-02,2026-08-13,42,Europe,C.5.6:75E,0.013,0.0,0.013,0.00767857142857143,9,0,0.017,0.006,0.023,0,0.039999999999999994,0.003,0.043,0,0.08499999999999999,0.001,0.086
emerging_haplotype,vic,region,2026-07-02,2026-07-09,7,Europe,C.5.7,0.032,0.0,0.032,0.021642857142857148,9,0,0.028000000000000004,0.022,0.05,0,0.047,0.014,0.061,0,0.082,0.01,0.092
emerging_haplotype,vic,region,2026-07-02,2026-07-16,14,Europe,C.5.7,0.031,0.0,0.031,0.020585714285714284,9,0,0.027,0.021,0.048,0,0.047,0.013,0.06,0,0.084,0.009,0.093
emerging_haplotype,vic,region,2026-07-02,2026-07-23,21,Europe,C.5.7,0.029,0.0,0.029,0.01920714285714286,9,0,0.028,0.019,0.047,0,0.046,0.012,0.058,0,0.08499999999999999,0.008,0.093
emerging_haplotype,vic,region,2026-07-02,2026-07-30,28,Europe,C.5.7,0.028,0.0,0.028,0.018242857142857144,9,0,0.028,0.018,0.046,0,0.047,0.011,0.058,0,0.086,0.007,0.093
emerging_haplotype,vic,region,2026-07-02,2026-08-06,35,Europe,C.5.7,0.027,0.0,0.027,0.017107142857142855,9,0,0.025999999999999995,0.017,0.043,0,0.047,0.01,0.057,0,0.087,0.006,0.093
emerging_haplotype,vic,region,2026-07-02,2026-08-13,42,Europe,C.5.7,0.025,0.0,0.025,0.01625,9,0,0.026000000000000002,0.016,0.042,0,0.047,0.009,0.056,0,0.087,0.006,0.093
emerging_haplotype,vic,region,2026-07-02,2026-07-09,7,Europe,C.5.6,0.246,0.2,0.045999999999999985,0.019114285714285705,9,0,0.07499999999999998,0.207,0.282,1,0.13,0.18,0.31,1,0.206,0.153,0.359
emerging_haplotype,vic,region,2026-07-02,2026-07-16,14,Europe,C.5.6,0.239,0.364,0.125,0.07245,9,0,0.07700000000000001,0.2,0.277,0,0.13499999999999998,0.17,0.305,0,0.213,0.144,0.357
emerging_haplotype,vic,region,2026-07-02,2026-07-23,21,Europe,C.5.6,0.232,0.4,0.168,0.1128214285714286,9,0,0.08100000000000002,0.191,0.272,0,0.141,0.16,0.301,0,0.22099999999999997,0.135,0.356
emerging_haplotype,vic,region,2026-07-02,2026-07-30,28,Europe,C.5.6,0.225,0.375,0.15,0.09157857142857144,9,0,0.08500000000000002,0.183,0.268,0,0.145,0.152,0.297,0,0.23099999999999998,0.125,0.356
emerging_haplotype,vic,region,2026-07-02,2026-08-06,35,Europe,C.5.6,0.218,0.429,0.211,0.14985,9,0,0.08800000000000002,0.175,0.263,0,0.15,0.142,0.292,0,0.239,0.117,0.356
emerging_haplotype,vic,region,2026-07-02,2026-08-13,42,Europe,C.5.6,0.21,0.5,0.29000000000000004,0.22657857142857146,9,0,0.09,0.166,0.256,0,0.15399999999999997,0.133,0.287,0,0.245,0.108,0.353
emerging_haplotype,vic,region,2026-07-02,2026-07-09,7,North America,C.3.1,0.235,0.351,0.11599999999999999,0.0888642857142857,9,0,0.03900000000000001,0.216,0.255,0,0.06700000000000003,0.205,0.272,0,0.10299999999999998,0.189,0.292
emerging_haplotype,vic,region,2026-07-02,2026-07-16,14,North America,C.3.1,0.216,0.341,0.12500000000000003,0.09785714285714286,9,0,0.03899999999999998,0.197,0.236,0,0.067,0.186,0.253,0,0.10200000000000001,0.171,0.273
emerging_haplotype,vic,region,2026-07-02,2026-07-23,21,North America,C.3.1,0.197,0.31,0.11299999999999999,0.08552857142857143,9,0,0.03900000000000001,0.179,0.218,0,0.066,0.168,0.234,0,0.1,0.154,0.254
emerging_haplotype,vic,region,2026-07-02,2026-07-30,28,North America,C.3.1,0.18,0.368,0.188,0.16063571428571427,9,0,0.037000000000000005,0.163,0.2,0,0.065,0.152,0.217,0,0.09899999999999998,0.138,0.237
emerging_haplotype,vic,region,2026-07-02,2026-08-06,35,North America,C.3.1,0.164,0.4,0.23600000000000002,0.2090214285714286,9,0,0.035,0.148,0.183,0,0.064,0.137,0.201,0,0.097,0.123,0.22
emerging_haplotype,vic,region,2026-07-02,2026-08-13,42,North America,C.3.1,0.148,0.667,0.519,0.4919071428571429,9,0,0.034,0.133,0.167,0,0.063,0.122,0.185,0,0.09499999999999999,0.109,0.204
emerging_haplotype,vic,region,2026-07-02,2026-07-09,7,North America,C.3.3,0.007,0.013,0.005999999999999999,0.0029214285714285713,9,0,0.003999999999999999,0.005,0.009,0,0.009000000000000001,0.003,0.012,1,0.013000000000000001,0.003,0.016
emerging_haplotype,vic,region,2026-07-02,2026-07-16,14,North America,C.3.3,0.006,0.023,0.017,0.012564285714285714,9,0,0.004999999999999999,0.004,0.009,0,0.009000000000000001,0.003,0.012,0,0.013,0.002,0.015
emerging_haplotype,vic,region,2026-07-02,2026-07-23,21,North America,C.3.3,0.006,0.034,0.028000000000000004,0.024314285714285715,9,0,0.004,0.004,0.008,0,0.008,0.003,0.011,0,0.012,0.002,0.014
emerging_haplotype,vic,region,2026-07-02,2026-07-30,28,North America,C.3.3,0.005,0.053,0.048,0.04402857142857143,9,0,0.004,0.003,0.007,0,0.008,0.002,0.01,0,0.012,0.002,0.014
emerging_haplotype,vic,region,2026-07-02,2026-08-06,35,North America,C.3.3,0.005,0.1,0.095,0.09130714285714288,9,0,0.004,0.003,0.007,0,0.008,0.002,0.01,0,0.011,0.002,0.013
emerging_haplotype,vic,region,2026-07-02,2026-08-13,42,North America,C.3.3,0.004,0.0,0.004,0.002785714285714286,9,0,0.003,0.003,0.006,0,0.006999999999999999,0.002,0.009,0,0.012,0.001,0.013
emerging_haplotype,vic,region,2026-07-02,2026-07-09,7,North America,C.5.1,0.075,0.039,0.036,0.024442857142857148,9,0,0.021999999999999992,0.066,0.088,0,0.043000000000000003,0.058,0.101,0,0.06999999999999999,0.049,0.119
emerging_haplotype,vic,region,2026-07-02,2026-07-16,14,North America,C.5.1,0.073,0.045,0.027999999999999997,0.016064285714285715,9,0,0.023999999999999994,0.063,0.087,0,0.044000000000000004,0.056,0.1,0,0.073,0.046,0.119
emerging_haplotype,vic,region,2026-07-02,2026-07-23,21,North America,C.5.1,0.07,0.034,0.036000000000000004,0.024678571428571428,9,0,0.024000000000000007,0.061,0.085,0,0.045000000000000005,0.053,0.098,0,0.075,0.044,0.119
emerging_haplotype,vic,region,2026-07-02,2026-07-30,28,North America,C.5.1,0.068,0.0,0.068,0.055971428571428575,9,0,0.025,0.058,0.083,0,0.047,0.05,0.097,0,0.07799999999999999,0.041,0.119
emerging_haplotype,vic,region,2026-07-02,2026-08-06,35,North America,C.5.1,0.066,0.0,0.066,0.05401428571428572,9,0,0.025,0.056,0.081,0,0.048,0.048,0.096,0,0.07999999999999999,0.039,0.119
emerging_haplotype,vic,region,2026-07-02,2026-08-13,42,North America,C.5.1,0.063,0.0,0.063,0.05143571428571429,9,0,0.026000000000000002,0.053,0.079,0,0.05,0.045,0.095,0,0.08099999999999999,0.037,0.118
emerging_haplotype,vic,region,2026-07-02,2026-07-09,7,North America,C.5.6.1,0.008,0.013,0.004999999999999999,0.0021,9,0,0.005999999999999999,0.005,0.011,1,0.01,0.004,0.014,1,0.014000000000000002,0.003,0.017
emerging_haplotype,vic,region,2026-07-02,2026-07-16,14,North America,C.5.6.1,0.007,0.023,0.016,0.011064285714285712,9,0,0.005,0.005,0.01,0,0.011,0.003,0.014,0,0.015000000000000001,0.002,0.017
emerging_haplotype,vic,region,2026-07-02,2026-07-23,21,North America,C.5.6.1,0.006,0.034,0.028000000000000004,0.023028571428571433,9,0,0.004999999999999999,0.004,0.009,0,0.009999999999999998,0.003,0.013,0,0.014,0.002,0.016
emerging_haplotype,vic,region,2026-07-02,2026-07-30,28,North America,C.5.6.1,0.006,0.0,0.006,0.0041428571428571434,9,0,0.004999999999999999,0.004,0.009,0,0.009000000000000001,0.003,0.012,0,0.014,0.002,0.016
emerging_haplotype,vic,region,2026-07-02,2026-08-06,35,North America,C.5.6.1,0.005,0.0,0.005,0.0033857142857142857,9,0,0.004,0.004,0.008,0,0.01,0.002,0.012,0,0.013999999999999999,0.001,0.015
emerging_haplotype,vic,region,2026-07-02,2026-08-13,42,North America,C.5.6.1,0.005,0.0,0.005,0.003142857142857143,9,0,0.005,0.003,0.008,0,0.009,0.002,0.011,0,0.013999999999999999,0.001,0.015
emerging_haplotype,vic,region,2026-07-02,2026-07-09,7,North America,C.5.6.1:241Q,0.644,0.455,0.189,0.15112142857142855,9,0,0.04400000000000004,0.62,0.664,0,0.10000000000000009,0.585,0.685,0,0.137,0.57,0.707
emerging_haplotype,vic,region,2026-07-02,2026-07-16,14,North America,C.5.6.1:241Q,0.669,0.409,0.26000000000000006,0.21959285714285715,9,0,0.04699999999999993,0.642,0.689,0,0.10299999999999998,0.608,0.711,0,0.14100000000000001,0.59,0.731
emerging_haplotype,vic,region,2026-07-02,2026-07-23,21,North America,C.5.6.1:241Q,0.692,0.448,0.24399999999999994,0.20219999999999996,9,0,0.04699999999999993,0.665,0.712,0,0.10299999999999998,0.631,0.734,0,0.14600000000000002,0.608,0.754
emerging_haplotype,vic,region,2026-07-02,2026-07-30,28,North America,C.5.6.1:241Q,0.714,0.421,0.293,0.2501785714285715,9,0,0.04799999999999993,0.686,0.734,0,0.10399999999999998,0.653,0.757,0,0.14900000000000002,0.627,0.776
emerging_haplotype,vic,region,2026-07-02,2026-08-06,35,North America,C.5.6.1:241Q,0.735,0.3,0.435,0.3918500000000001,9,0,0.04700000000000004,0.707,0.754,0,0.10499999999999998,0.673,0.778,0,0.14900000000000002,0.648,0.797
emerging_haplotype,vic,region,2026-07-02,2026-08-13,42,North America,C.5.6.1:241Q,0.755,0.0,0.755,0.7113285714285714,9,0,0.04800000000000004,0.726,0.774,0,0.10400000000000009,0.694,0.798,0,0.1499999999999999,0.666,0.816
emerging_haplotype,vic,region,2026-07-02,2026-07-09,7,North America,C.5.6:75E,0.0,0.013,0.013,0.011157142857142855,9,0,0.001,0.0,0.001,0,0.002,0.0,0.002,0,0.004,0.0,0.004
emerging_haplotype,vic,region,2026-07-02,2026-07-16,14,North America,C.5.6:75E,0.0,0.023,0.023,0.021157142857142857,9,0,0.001,0.0,0.001,0,0.002,0.0,0.002,0,0.004,0.0,0.004
emerging_haplotype,vic,region,2026-07-02,2026-07-23,21,North America,C.5.6:75E,0.0,0.034,0.034,0.032157142857142856,9,0,0.001,0.0,0.001,0,0.002,0.0,0.002,0,0.004,0.0,0.004
emerging_haplotype,vic,region,2026-07-02,2026-07-30,28,North America,C.5.6:75E,0.0,0.053,0.053,0.050878571428571426,9,0,0.001,0.0,0.001,0,0.002,0.0,0.002,0,0.005,0.0,0.005
emerging_haplotype,vic,region,2026-07-02,2026-08-06,35,North America,C.5.6:75E,0.0,0.1,0.1,0.09787857142857144,9,0,0.001,0.0,0.001,0,0.002,0.0,0.002,0,0.005,0.0,0.005
emerging_haplotype,vic,region,2026-07-02,2026-08-13,42,North America,C.5.6:75E,0.0,0.167,0.167,0.16487857142857143,9,0,0.001,0.0,0.001,0,0.002,0.0,0.002,0,0.005,0.0,0.005
emerging_haplotype,vic,region,2026-07-02,2026-07-09,7,North America,C.5.7,0.003,0.0,0.003,0.0019142857142857143,9,0,0.002,0.002,0.004,0,0.005,0.001,0.006,0,0.008,0.001,0.009
emerging_haplotype,vic,region,2026-07-02,2026-07-16,14,North America,C.5.7,0.003,0.0,0.003,0.0019071428571428573,9,0,0.002,0.002,0.004,0,0.005,0.001,0.006,0,0.007,0.001,0.008
emerging_haplotype,vic,region,2026-07-02,2026-07-23,21,North America,C.5.7,0.002,0.0,0.002,0.00145,9,0,0.002,0.001,0.003,0,0.004,0.001,0.005,0,0.007,0.001,0.008
emerging_haplotype,vic,region,2026-07-02,2026-07-30,28,North America,C.5.7,0.002,0.0,0.002,0.0014428571428571429,9,0,0.002,0.001,0.003,0,0.004,0.001,0.005,0,0.006,0.001,0.007
emerging_haplotype,vic,region,2026-07-02,2026-08-06,35,North America,C.5.7,0.002,0.0,0.002,0.0011357142857142855,9,0,0.002,0.001,0.003,0,0.003,0.001,0.004,1,0.007,0.0,0.007
emerging_haplotype,vic,region,2026-07-02,2026-08-13,42,North America,C.5.7,0.002,0.0,0.002,0.0010571428571428572,9,0,0.001,0.001,0.002,0,0.003,0.001,0.004,1,0.006,0.0,0.006
emerging_haplotype,vic,region,2026-07-02,2026-07-09,7,North America,C.5.6,0.023,0.117,0.094,0.08576428571428572,9,0,0.010000000000000002,0.018,0.028,0,0.019000000000000003,0.014,0.033,0,0.031000000000000003,0.011,0.042
emerging_haplotype,vic,region,2026-07-02,2026-07-16,14,North America,C.5.6,0.021,0.136,0.115,0.10590714285714287,9,0,0.009999999999999998,0.017,0.027,0,0.019000000000000003,0.013,0.032,0,0.031,0.01,0.041
emerging_haplotype,vic,region,2026-07-02,2026-07-23,21,North America,C.5.6,0.02,0.103,0.08299999999999999,0.07445,9,0,0.010000000000000002,0.015,0.025,0,0.018,0.012,0.03,0,0.031,0.009,0.04
emerging_haplotype,vic,region,2026-07-02,2026-07-30,28,North America,C.5.6,0.019,0.105,0.086,0.07745,9,0,0.01,0.014,0.024,0,0.018000000000000002,0.011,0.029,0,0.031,0.008,0.039
emerging_haplotype,vic,region,2026-07-02,2026-08-06,35,North America,C.5.6,0.017,0.1,0.083,0.07406428571428572,9,0,0.009,0.013,0.022,0,0.017,0.01,0.027,0,0.031,0.007,0.038
emerging_haplotype,vic,region,2026-07-02,2026-08-13,42,North America,C.5.6,0.016,0.167,0.15100000000000002,0.14239285714285715,9,0,0.010000000000000002,0.011,0.021,0,0.016,0.009,0.025,0,0.031,0.006,0.037
emerging_haplotype,vic,region,2026-07-02,2026-07-09,7,South America,C.3.1,0.548,0.535,0.013000000000000012,0.023500000000000004,9,1,0.15500000000000003,0.469,0.624,1,0.268,0.401,0.669,1,0.408,0.317,0.725
emerging_haplotype,vic,region,2026-07-02,2026-07-16,14,South America,C.3.1,0.543,0.519,0.02400000000000002,0.027014285714285716,9,1,0.172,0.451,0.623,1,0.28700000000000003,0.385,0.672,1,0.434,0.298,0.732
emerging_haplotype,vic,region,2026-07-02,2026-07-23,21,South America,C.3.1,0.536,0.565,0.028999999999999915,0.029235714285714275,9,1,0.182,0.439,0.621,1,0.30800000000000005,0.365,0.673,1,0.46099999999999997,0.279,0.74
emerging_haplotype,vic,region,2026-07-02,2026-07-30,28,South America,C.3.1,0.527,0.5,0.027000000000000024,0.031228571428571435,9,1,0.199,0.42,0.619,1,0.339,0.339,0.678,1,0.486,0.26,0.746
emerging_haplotype,vic,region,2026-07-02,2026-08-06,35,South America,C.3.1,0.518,0.462,0.055999999999999994,0.037478571428571424,9,1,0.21399999999999997,0.4,0.614,1,0.36900000000000005,0.312,0.681,1,0.511,0.241,0.752
emerging_haplotype,vic,region,2026-07-02,2026-08-13,42,South America,C.3.1,0.505,1.0,0.495,0.37478571428571433,9,0,0.22699999999999998,0.383,0.61,0,0.39300000000000007,0.288,0.681,0,0.528,0.226,0.754
emerging_haplotype,vic,region,2026-07-02,2026-07-09,7,South America,C.3.3,0.033,0.071,0.03799999999999999,0.015935714285714282,9,0,0.035,0.019,0.054,1,0.077,0.01,0.087,1,0.133,0.007,0.14
emerging_haplotype,vic,region,2026-07-02,2026-07-16,14,South America,C.3.3,0.033,0.076,0.043,0.017828571428571426,9,0,0.037000000000000005,0.019,0.056,1,0.082,0.01,0.092,1,0.13799999999999998,0.006,0.144
emerging_haplotype,vic,region,2026-07-02,2026-07-23,21,South America,C.3.3,0.033,0.043,0.009999999999999995,0.00792142857142857,9,1,0.041,0.017,0.058,1,0.08900000000000001,0.009,0.098,1,0.143,0.005,0.148
emerging_haplotype,vic,region,2026-07-02,2026-07-30,28,South America,C.3.3,0.032,0.077,0.045,0.01817857142857143,9,0,0.043,0.017,0.06,1,0.097,0.008,0.105,1,0.147,0.005,0.152
emerging_haplotype,vic,region,2026-07-02,2026-08-06,35,South America,C.3.3,0.03,0.0,0.03,0.019764285714285713,9,0,0.045,0.016,0.061,0,0.1,0.008,0.108,0,0.157,0.005,0.162
emerging_haplotype,vic,region,2026-07-02,2026-08-13,42,South America,C.3.3,0.029,0.0,0.029,0.01912857142857143,9,0,0.047,0.015,0.062,0,0.105,0.007,0.112,0,0.16799999999999998,0.004,0.172
emerging_haplotype,vic,region,2026-07-02,2026-07-09,7,South America,C.5.1,0.007,0.0,0.007,0.004371428571428571,9,0,0.008,0.004,0.012,0,0.019999999999999997,0.002,0.022,0,0.032,0.001,0.033
emerging_haplotype,vic,region,2026-07-02,2026-07-16,14,South America,C.5.1,0.006,0.0,0.006,0.003835714285714286,9,0,0.008,0.003,0.011,0,0.017,0.002,0.019,0,0.028999999999999998,0.001,0.03
emerging_haplotype,vic,region,2026-07-02,2026-07-23,21,South America,C.5.1,0.005,0.0,0.005,0.003,9,0,0.006999999999999999,0.002,0.009,0,0.016,0.001,0.017,0,0.026,0.001,0.027
emerging_haplotype,vic,region,2026-07-02,2026-07-30,28,South America,C.5.1,0.004,0.0,0.004,0.002457142857142857,9,0,0.006,0.002,0.008,0,0.015,0.001,0.016,1,0.024,0.0,0.024
emerging_haplotype,vic,region,2026-07-02,2026-08-06,35,South America,C.5.1,0.003,0.0,0.003,0.0021714285714285715,9,0,0.005,0.002,0.007,0,0.013000000000000001,0.001,0.014,1,0.022,0.0,0.022
emerging_haplotype,vic,region,2026-07-02,2026-08-13,42,South America,C.5.1,0.003,0.0,0.003,0.0018142857142857145,9,0,0.005,0.001,0.006,0,0.011,0.001,0.012,1,0.02,0.0,0.02
emerging_haplotype,vic,region,2026-07-02,2026-07-09,7,South America,C.5.6.1,0.008,0.02,0.012,0.0048714285714285726,9,0,0.009000000000000001,0.005,0.014,1,0.019,0.003,0.022,1,0.036,0.001,0.037
emerging_haplotype,vic,region,2026-07-02,2026-07-16,14,South America,C.5.6.1,0.007,0.025,0.018000000000000002,0.009042857142857144,9,0,0.008,0.004,0.012,0,0.018000000000000002,0.002,0.02,1,0.034,0.001,0.035
emerging_haplotype,vic,region,2026-07-02,2026-07-23,21,South America,C.5.6.1,0.006,0.022,0.016,0.00782857142857143,9,0,0.008,0.003,0.011,0,0.016,0.002,0.018,1,0.032,0.001,0.033
emerging_haplotype,vic,region,2026-07-02,2026-07-30,28,South America,C.5.6.1,0.005,0.038,0.033,0.021885714285714286,9,0,0.007,0.003,0.01,0,0.016,0.001,0.017,0,0.03,0.001,0.031
emerging_haplotype,vic,region,2026-07-02,2026-08-06,35,South America,C.5.6.1,0.004,0.0,0.004,0.0025428571428571427,9,0,0.006999999999999999,0.002,0.009,0,0.013999999999999999,0.001,0.015,1,0.03,0.0,0.03
emerging_haplotype,vic,region,2026-07-02,2026-08-13,42,South America,C.5.6.1,0.003,0.0,0.003,0.0022071428571428576,9,0,0.005,0.002,0.007,0,0.013000000000000001,0.001,0.014,1,0.027,0.0,0.027
emerging_haplotype,vic,region,2026-07-02,2026-07-09,7,South America,C.5.6.1:241Q,0.085,0.081,0.0040000000000000036,0.014342857142857142,9,1,0.09299999999999999,0.048,0.141,1,0.178,0.026,0.204,1,0.286,0.012,0.298
emerging_haplotype,vic,region,2026-07-02,2026-07-16,14,South America,C.5.6.1:241Q,0.091,0.076,0.015,0.017714285714285717,9,1,0.10500000000000001,0.051,0.156,1,0.203,0.026,0.229,1,0.318,0.012,0.33
emerging_haplotype,vic,region,2026-07-02,2026-07-23,21,South America,C.5.6.1:241Q,0.098,0.087,0.01100000000000001,0.019050000000000004,9,1,0.11700000000000002,0.053,0.17,1,0.231,0.026,0.257,1,0.353,0.011,0.364
emerging_haplotype,vic,region,2026-07-02,2026-07-30,28,South America,C.5.6.1:241Q,0.105,0.038,0.067,0.03390714285714285,9,0,0.13,0.055,0.185,1,0.25999999999999995,0.026,0.286,1,0.387,0.011,0.398
emerging_haplotype,vic,region,2026-07-02,2026-08-06,35,South America,C.5.6.1:241Q,0.112,0.077,0.035,0.02683571428571429,9,1,0.147,0.058,0.205,1,0.291,0.026,0.317,1,0.423,0.011,0.434
emerging_haplotype,vic,region,2026-07-02,2026-08-13,42,South America,C.5.6.1:241Q,0.12,0.0,0.12,0.06937857142857143,9,0,0.164,0.061,0.225,0,0.32299999999999995,0.026,0.349,0,0.46099999999999997,0.011,0.472
emerging_haplotype,vic,region,2026-07-02,2026-07-09,7,South America,C.5.6:75E,0.158,0.111,0.047,0.022914285714285713,9,1,0.11199999999999999,0.1,0.212,1,0.21199999999999997,0.075,0.287,1,0.3,0.052,0.352
emerging_haplotype,vic,region,2026-07-02,2026-07-16,14,South America,C.5.6:75E,0.16,0.127,0.033,0.02227142857142857,9,1,0.122,0.099,0.221,1,0.22899999999999998,0.074,0.303,1,0.322,0.051,0.373
emerging_haplotype,vic,region,2026-07-02,2026-07-23,21,South America,C.5.6:75E,0.163,0.087,0.07600000000000001,0.033157142857142864,9,0,0.131,0.099,0.23,1,0.247,0.071,0.318,1,0.34400000000000003,0.05,0.394
emerging_haplotype,vic,region,2026-07-02,2026-07-30,28,South America,C.5.6:75E,0.165,0.115,0.05,0.027014285714285716,9,1,0.13899999999999998,0.099,0.238,1,0.256,0.069,0.325,1,0.368,0.046,0.414
emerging_haplotype,vic,region,2026-07-02,2026-08-06,35,South America,C.5.6:75E,0.164,0.154,0.010000000000000009,0.022671428571428575,9,1,0.148,0.098,0.246,1,0.274,0.068,0.342,1,0.398,0.042,0.44
emerging_haplotype,vic,region,2026-07-02,2026-08-13,42,South America,C.5.6:75E,0.166,0.0,0.166,0.10261428571428573,9,0,0.158,0.094,0.252,0,0.293,0.063,0.356,0,0.41400000000000003,0.04,0.454
emerging_haplotype,vic,region,2026-07-02,2026-07-09,7,South America,C.5.7,0.067,0.061,0.006000000000000005,0.008200000000000002,9,1,0.047,0.048,0.095,1,0.099,0.035,0.134,1,0.162,0.025,0.187
emerging_haplotype,vic,region,2026-07-02,2026-07-16,14,South America,C.5.7,0.062,0.051,0.011000000000000003,0.008885714285714287,9,1,0.047,0.044,0.091,1,0.098,0.031,0.129,1,0.162,0.023,0.185
emerging_haplotype,vic,region,2026-07-02,2026-07-23,21,South America,C.5.7,0.057,0.043,0.014000000000000005,0.00925,9,1,0.04599999999999999,0.04,0.086,1,0.098,0.028,0.126,1,0.163,0.02,0.183
emerging_haplotype,vic,region,2026-07-02,2026-07-30,28,South America,C.5.7,0.053,0.038,0.015,0.009207142857142858,9,1,0.044000000000000004,0.037,0.081,1,0.097,0.025,0.122,1,0.161,0.018,0.179
emerging_haplotype,vic,region,2026-07-02,2026-08-06,35,South America,C.5.7,0.05,0.0,0.05,0.034492857142857145,9,0,0.044,0.033,0.077,0,0.097,0.022,0.119,0,0.16099999999999998,0.016,0.177
emerging_haplotype,vic,region,2026-07-02,2026-08-13,42,South America,C.5.7,0.046,0.0,0.046,0.03150000000000001,9,0,0.041999999999999996,0.03,0.072,0,0.097,0.019,0.116,0,0.16199999999999998,0.014,0.176
emerging_haplotype,vic,region,2026-07-02,2026-07-09,7,South America,C.5.6,0.038,0.111,0.07300000000000001,0.043128571428571426,9,0,0.026,0.027,0.053,0,0.056999999999999995,0.019,0.076,0,0.09,0.014,0.104
emerging_haplotype,vic,region,2026-07-02,2026-07-16,14,South America,C.5.6,0.035,0.114,0.079,0.0488,9,0,0.025999999999999995,0.025,0.051,0,0.055999999999999994,0.017,0.073,0,0.08800000000000001,0.013,0.101
emerging_haplotype,vic,region,2026-07-02,2026-07-23,21,South America,C.5.6,0.032,0.13,0.098,0.06712142857142858,9,0,0.025,0.024,0.049,0,0.05499999999999999,0.016,0.071,0,0.08700000000000001,0.011,0.098
emerging_haplotype,vic,region,2026-07-02,2026-07-30,28,South America,C.5.6,0.031,0.154,0.123,0.09350714285714286,9,0,0.025,0.022,0.047,0,0.054000000000000006,0.014,0.068,0,0.085,0.01,0.095
emerging_haplotype,vic,region,2026-07-02,2026-08-06,35,South America,C.5.6,0.029,0.308,0.27899999999999997,0.2503357142857143,9,0,0.026,0.019,0.045,0,0.051000000000000004,0.013,0.064,0,0.083,0.009,0.092
emerging_haplotype,vic,region,2026-07-02,2026-08-13,42,South America,C.5.6,0.027,0.0,0.027,0.01787142857142857,9,0,0.024000000000000004,0.018,0.042,0,0.05,0.011,0.061,0,0.08199999999999999,0.007,0.089
emerging_haplotype,vic,region,2026-07-02,2026-07-09,7,Southeast Asia,C.3.1,0.009,0.0,0.009,0.005521428571428572,9,0,0.018000000000000002,0.003,0.021,0,0.037,0.001,0.038,0,0.065,0.001,0.066
emerging_haplotype,vic,region,2026-07-02,2026-07-16,14,Southeast Asia,C.3.1,0.009,0.0,0.009,0.005721428571428572,9,0,0.019,0.003,0.022,0,0.04,0.001,0.041,0,0.071,0.001,0.072
emerging_haplotype,vic,region,2026-07-02,2026-07-23,21,Southeast Asia,C.3.1,0.009,0.0,0.009,0.005950000000000001,9,0,0.02,0.003,0.023,0,0.043,0.001,0.044,0,0.081,0.001,0.082
emerging_haplotype,vic,region,2026-07-02,2026-07-30,28,Southeast Asia,C.3.1,0.009,0.0,0.009,0.006221428571428572,9,0,0.021,0.003,0.024,0,0.049,0.001,0.05,0,0.08499999999999999,0.001,0.086
emerging_haplotype,vic,region,2026-07-02,2026-08-06,35,Southeast Asia,C.3.1,0.01,0.0,0.01,0.006642857142857143,9,0,0.023,0.003,0.026,0,0.053,0.001,0.054,0,0.088,0.001,0.089
emerging_haplotype,vic,region,2026-07-02,2026-08-13,42,Southeast Asia,C.3.1,0.01,0.0,0.01,0.006807142857142858,9,0,0.024,0.003,0.027,0,0.056,0.001,0.057,0,0.089,0.001,0.09
emerging_haplotype,vic,region,2026-07-02,2026-07-09,7,Southeast Asia,C.3.3,0.027,0.038,0.011,0.006057142857142857,9,1,0.026999999999999996,0.017,0.044,1,0.063,0.008,0.071,1,0.106,0.004,0.11
emerging_haplotype,vic,region,2026-07-02,2026-07-16,14,Southeast Asia,C.3.3,0.026,0.04,0.014000000000000002,0.006614285714285716,9,1,0.026999999999999996,0.016,0.043,1,0.066,0.008,0.074,1,0.112,0.003,0.115
emerging_haplotype,vic,region,2026-07-02,2026-07-23,21,Southeast Asia,C.3.3,0.025,0.053,0.027999999999999997,0.011642857142857144,9,0,0.027999999999999997,0.015,0.043,1,0.06799999999999999,0.007,0.075,1,0.118,0.003,0.121
emerging_haplotype,vic,region,2026-07-02,2026-07-30,28,Southeast Asia,C.3.3,0.025,0.056,0.031,0.012921428571428572,9,0,0.03,0.014,0.044,1,0.071,0.006,0.077,1,0.125,0.002,0.127
emerging_haplotype,vic,region,2026-07-02,2026-08-06,35,Southeast Asia,C.3.3,0.024,0.083,0.059000000000000004,0.02594285714285715,9,0,0.031,0.013,0.044,0,0.073,0.006,0.079,1,0.13,0.002,0.132
emerging_haplotype,vic,region,2026-07-02,2026-08-13,42,Southeast Asia,C.3.3,0.024,0.1,0.07600000000000001,0.03768571428571429,9,0,0.032,0.013,0.045,0,0.075,0.005,0.08,1,0.136,0.002,0.138
emerging_haplotype,vic,region,2026-07-02,2026-07-09,7,Southeast Asia,C.5.1,0.022,0.038,0.016,0.006957142857142858,9,1,0.032,0.01,0.042,1,0.056,0.006,0.062,1,0.11,0.003,0.113
emerging_haplotype,vic,region,2026-07-02,2026-07-16,14,Southeast Asia,C.5.1,0.021,0.04,0.019,0.0075285714285714305,9,1,0.033,0.009,0.042,1,0.057,0.005,0.062,1,0.11599999999999999,0.003,0.119
emerging_haplotype,vic,region,2026-07-02,2026-07-23,21,Southeast Asia,C.5.1,0.02,0.053,0.033,0.013035714285714286,9,0,0.033,0.008,0.041,1,0.058,0.005,0.063,1,0.123,0.002,0.125
emerging_haplotype,vic,region,2026-07-02,2026-07-30,28,Southeast Asia,C.5.1,0.019,0.056,0.037000000000000005,0.01500714285714286,9,0,0.032,0.007,0.039,1,0.057999999999999996,0.004,0.062,1,0.129,0.002,0.131
emerging_haplotype,vic,region,2026-07-02,2026-08-06,35,Southeast Asia,C.5.1,0.018,0.0,0.018,0.010935714285714286,9,0,0.032,0.007,0.039,0,0.059,0.003,0.062,0,0.135,0.002,0.137
emerging_haplotype,vic,region,2026-07-02,2026-08-13,42,Southeast Asia,C.5.1,0.017,0.0,0.017,0.01055,9,0,0.032,0.006,0.038,0,0.059,0.003,0.062,0,0.141,0.002,0.143
emerging_haplotype,vic,region,2026-07-02,2026-07-09,7,Southeast Asia,C.5.6.1,0.11,0.538,0.42800000000000005,0.3483571428571429,9,0,0.082,0.073,0.155,0,0.166,0.052,0.218,0,0.24600000000000002,0.033,0.279
emerging_haplotype,vic,region,2026-07-02,2026-07-16,14,Southeast Asia,C.5.6.1,0.106,0.48,0.374,0.29077857142857144,9,0,0.083,0.071,0.154,0,0.16599999999999998,0.049,0.215,0,0.25499999999999995,0.029,0.284
emerging_haplotype,vic,region,2026-07-02,2026-07-23,21,Southeast Asia,C.5.6.1,0.102,0.316,0.21400000000000002,0.1276142857142857,9,0,0.086,0.068,0.154,0,0.16599999999999998,0.045,0.211,0,0.26199999999999996,0.026,0.288
emerging_haplotype,vic,region,2026-07-02,2026-07-30,28,Southeast Asia,C.5.6.1,0.097,0.278,0.18100000000000002,0.09404285714285716,9,0,0.088,0.063,0.151,0,0.16899999999999998,0.043,0.212,1,0.26999999999999996,0.023,0.293
emerging_haplotype,vic,region,2026-07-02,2026-08-06,35,Southeast Asia,C.5.6.1,0.094,0.083,0.010999999999999996,0.014907142857142857,9,1,0.09,0.059,0.149,1,0.172,0.04,0.212,1,0.27899999999999997,0.02,0.299
emerging_haplotype,vic,region,2026-07-02,2026-08-13,42,Southeast Asia,C.5.6.1,0.09,0.1,0.010000000000000009,0.015142857142857144,9,1,0.092,0.055,0.147,1,0.178,0.037,0.215,1,0.288,0.018,0.306
emerging_haplotype,vic,region,2026-07-02,2026-07-09,7,Southeast Asia,C.5.6.1:241Q,0.131,0.077,0.054000000000000006,0.02897857142857143,9,0,0.12,0.086,0.206,1,0.26,0.052,0.312,1,0.377,0.031,0.408
emerging_haplotype,vic,region,2026-07-02,2026-07-16,14,Southeast Asia,C.5.6.1:241Q,0.144,0.16,0.016000000000000014,0.023392857142857142,9,1,0.135,0.094,0.229,1,0.297,0.054,0.351,1,0.41700000000000004,0.033,0.45
emerging_haplotype,vic,region,2026-07-02,2026-07-23,21,Southeast Asia,C.5.6.1:241Q,0.16,0.211,0.05099999999999999,0.030957142857142857,9,1,0.152,0.1,0.252,1,0.334,0.058,0.392,1,0.45799999999999996,0.035,0.493
emerging_haplotype,vic,region,2026-07-02,2026-07-30,28,Southeast Asia,C.5.6.1:241Q,0.179,0.222,0.04300000000000001,0.03247857142857143,9,1,0.16900000000000004,0.109,0.278,1,0.37,0.062,0.432,1,0.517,0.034,0.551
emerging_haplotype,vic,region,2026-07-02,2026-08-06,35,Southeast Asia,C.5.6.1:241Q,0.196,0.333,0.137,0.05561428571428572,9,0,0.192,0.118,0.31,1,0.408,0.065,0.473,1,0.574,0.034,0.608
emerging_haplotype,vic,region,2026-07-02,2026-08-13,42,Southeast Asia,C.5.6.1:241Q,0.209,0.4,0.19100000000000003,0.0763,9,0,0.21700000000000003,0.126,0.343,1,0.446,0.068,0.514,1,0.628,0.034,0.662
emerging_haplotype,vic,region,2026-07-02,2026-07-09,7,Southeast Asia,C.5.6:75E,0.047,0.077,0.03,0.013242857142857143,9,0,0.052,0.024,0.076,1,0.128,0.012,0.14,1,0.182,0.007,0.189
emerging_haplotype,vic,region,2026-07-02,2026-07-16,14,Southeast Asia,C.5.6:75E,0.048,0.12,0.072,0.03116428571428571,9,0,0.056,0.024,0.08,1,0.13899999999999998,0.012,0.151,1,0.207,0.006,0.213
emerging_haplotype,vic,region,2026-07-02,2026-07-23,21,Southeast Asia,C.5.6:75E,0.048,0.211,0.16299999999999998,0.08335000000000001,9,0,0.060000000000000005,0.024,0.084,0,0.153,0.011,0.164,1,0.237,0.005,0.242
emerging_haplotype,vic,region,2026-07-02,2026-07-30,28,Southeast Asia,C.5.6:75E,0.05,0.222,0.172,0.08731428571428572,9,0,0.066,0.024,0.09,0,0.16399999999999998,0.01,0.174,1,0.268,0.005,0.273
emerging_haplotype,vic,region,2026-07-02,2026-08-06,35,Southeast Asia,C.5.6:75E,0.051,0.25,0.199,0.10242857142857144,9,0,0.07300000000000001,0.024,0.097,0,0.177,0.01,0.187,1,0.282,0.004,0.286
emerging_haplotype,vic,region,2026-07-02,2026-08-13,42,Southeast Asia,C.5.6:75E,0.052,0.2,0.14800000000000002,0.0625857142857143,9,0,0.07899999999999999,0.023,0.102,0,0.189,0.01,0.199,1,0.296,0.004,0.3
emerging_haplotype,vic,region,2026-07-02,2026-07-09,7,Southeast Asia,C.5.7,0.162,0.038,0.124,0.0827,9,0,0.096,0.121,0.217,0,0.168,0.1,0.268,0,0.266,0.073,0.339
emerging_haplotype,vic,region,2026-07-02,2026-07-16,14,Southeast Asia,C.5.7,0.152,0.0,0.152,0.10991428571428571,9,0,0.09799999999999999,0.111,0.209,0,0.165,0.089,0.254,0,0.268,0.061,0.329
emerging_haplotype,vic,region,2026-07-02,2026-07-23,21,Southeast Asia,C.5.7,0.141,0.0,0.141,0.09961428571428572,9,0,0.09600000000000002,0.102,0.198,0,0.16499999999999998,0.079,0.244,0,0.266,0.05,0.316
emerging_haplotype,vic,region,2026-07-02,2026-07-30,28,Southeast Asia,C.5.7,0.129,0.0,0.129,0.08984285714285714,9,0,0.095,0.093,0.188,0,0.16599999999999998,0.069,0.235,0,0.264,0.041,0.305
emerging_haplotype,vic,region,2026-07-02,2026-08-06,35,Southeast Asia,C.5.7,0.119,0.0,0.119,0.0822642857142857,9,0,0.09399999999999999,0.084,0.178,0,0.164,0.062,0.226,0,0.261,0.036,0.297
emerging_haplotype,vic,region,2026-07-02,2026-08-13,42,Southeast Asia,C.5.7,0.109,0.0,0.109,0.07427857142857142,9,0,0.09500000000000001,0.074,0.169,0,0.163,0.054,0.217,0,0.257,0.031,0.288
emerging_haplotype,vic,region,2026-07-02,2026-07-09,7,Southeast Asia,C.5.6,0.402,0.192,0.21000000000000002,0.13049285714285713,9,0,0.11900000000000005,0.345,0.464,0,0.22800000000000004,0.284,0.512,0,0.32699999999999996,0.238,0.565
emerging_haplotype,vic,region,2026-07-02,2026-07-16,14,Southeast Asia,C.5.6,0.393,0.16,0.233,0.14747142857142856,9,0,0.125,0.331,0.456,0,0.238,0.269,0.507,0,0.3440000000000001,0.216,0.56
emerging_haplotype,vic,region,2026-07-02,2026-07-23,21,Southeast Asia,C.5.6,0.382,0.158,0.224,0.13423571428571426,9,0,0.132,0.317,0.449,0,0.248,0.253,0.501,0,0.36100000000000004,0.195,0.556
emerging_haplotype,vic,region,2026-07-02,2026-07-30,28,Southeast Asia,C.5.6,0.372,0.167,0.205,0.10969999999999998,9,0,0.14200000000000002,0.298,0.44,0,0.255,0.24,0.495,0,0.37800000000000006,0.174,0.552
emerging_haplotype,vic,region,2026-07-02,2026-08-06,35,Southeast Asia,C.5.6,0.36,0.25,0.10999999999999999,0.045807142857142845,9,0,0.14800000000000002,0.282,0.43,1,0.265,0.227,0.492,1,0.393,0.154,0.547
emerging_haplotype,vic,region,2026-07-02,2026-08-13,42,Southeast Asia,C.5.6,0.347,0.2,0.14699999999999996,0.06509285714285713,9,0,0.14999999999999997,0.268,0.418,0,0.276,0.211,0.487,1,0.40900000000000003,0.135,0.544
emerging_haplotype,vic,region,2026-07-16,2026-07-23,7,Europe,C.3.1,0.258,0.3,0.04199999999999998,0.04157142857142855,9,0,0.0010000000000000009,0.257,0.258,0,0.0020000000000000018,0.257,0.259,0,0.0020000000000000018,0.257,0.259
emerging_haplotype,vic,region,2026-07-16,2026-07-30,14,Europe,C.3.1,0.267,0.375,0.10799999999999998,0.1070785714285714,9,0,0.0020000000000000018,0.266,0.268,0,0.0020000000000000018,0.266,0.268,0,0.0030000000000000027,0.266,0.269
emerging_haplotype,vic,region,2026-07-16,2026-08-06,21,Europe,C.3.1,0.276,0.286,0.009999999999999953,0.00907857142857138,9,0,0.0020000000000000018,0.275,0.277,0,0.0020000000000000018,0.275,0.277,0,0.0030000000000000027,0.275,0.278
emerging_haplotype,vic,region,2026-07-16,2026-08-13,28,Europe,C.3.1,0.285,0.167,0.11799999999999997,0.11708571428571425,9,0,0.0020000000000000018,0.284,0.286,0,0.0020000000000000018,0.284,0.286,0,0.0040000000000000036,0.283,0.287
emerging_haplotype,vic,region,2026-07-16,2026-07-23,7,Europe,C.3.3,0.065,0.0,0.065,0.06472857142857143,9,0,0.0,0.065,0.065,0,0.0,0.065,0.065,0,0.0020000000000000018,0.064,0.066
emerging_haplotype,vic,region,2026-07-16,2026-07-30,14,Europe,C.3.3,0.065,0.0,0.065,0.06475714285714286,9,0,0.0,0.065,0.065,0,0.0010000000000000009,0.065,0.066,0,0.0020000000000000018,0.064,0.066
emerging_haplotype,vic,region,2026-07-16,2026-08-06,21,Europe,C.3.3,0.065,0.0,0.065,0.06475714285714286,9,0,0.0,0.065,0.065,0,0.0010000000000000009,0.065,0.066,0,0.0020000000000000018,0.064,0.066
emerging_haplotype,vic,region,2026-07-16,2026-08-13,28,Europe,C.3.3,0.065,0.0,0.065,0.0645,9,0,0.0,0.065,0.065,0,0.0020000000000000018,0.064,0.066,0,0.0020000000000000018,0.064,0.066
emerging_haplotype,vic,region,2026-07-16,2026-07-23,7,Europe,C.5.1,0.129,0.1,0.028999999999999998,0.028757142857142853,9,0,0.0,0.129,0.129,0,0.0010000000000000009,0.129,0.13,0,0.0020000000000000018,0.128,0.13
emerging_haplotype,vic,region,2026-07-16,2026-07-30,14,Europe,C.5.1,0.125,0.0,0.125,0.12447142857142857,9,0,0.0,0.125,0.125,0,0.0010000000000000009,0.124,0.125,0,0.0020000000000000018,0.124,0.126
emerging_haplotype,vic,region,2026-07-16,2026-08-06,21,Europe,C.5.1,0.121,0.0,0.121,0.12024999999999998,9,0,0.0010000000000000009,0.12,0.121,0,0.0010000000000000009,0.12,0.121,0,0.0010000000000000009,0.12,0.121
emerging_haplotype,vic,region,2026-07-16,2026-08-13,28,Europe,C.5.1,0.116,0.0,0.116,0.11610714285714287,9,0,0.0010000000000000009,0.116,0.117,0,0.0010000000000000009,0.116,0.117,0,0.0010000000000000009,0.116,0.117
emerging_haplotype,vic,region,2026-07-16,2026-07-23,7,Europe,C.5.6.1,0.18,0.0,0.18,0.17925,9,0,0.0010000000000000009,0.179,0.18,0,0.0010000000000000009,0.179,0.18,0,0.0010000000000000009,0.179,0.18
emerging_haplotype,vic,region,2026-07-16,2026-07-30,14,Europe,C.5.6.1,0.175,0.0,0.175,0.17475714285714286,9,0,0.0,0.175,0.175,0,0.0010000000000000009,0.175,0.176,0,0.0020000000000000018,0.174,0.176
emerging_haplotype,vic,region,2026-07-16,2026-08-06,21,Europe,C.5.6.1,0.171,0.0,0.171,0.17025,9,0,0.0010000000000000009,0.17,0.171,0,0.0010000000000000009,0.17,0.171,0,0.0010000000000000009,0.17,0.171
emerging_haplotype,vic,region,2026-07-16,2026-08-13,28,Europe,C.5.6.1,0.166,0.0,0.166,0.16547142857142857,9,0,0.0,0.166,0.166,0,0.0010000000000000009,0.165,0.166,0,0.0020000000000000018,0.165,0.167
emerging_haplotype,vic,region,2026-07-16,2026-07-23,7,Europe,C.5.6.1:241Q,0.154,0.2,0.04600000000000001,0.04525000000000001,9,0,0.0010000000000000009,0.154,0.155,0,0.0010000000000000009,0.154,0.155,0,0.0010000000000000009,0.154,0.155
emerging_haplotype,vic,region,2026-07-16,2026-07-30,14,Europe,C.5.6.1:241Q,0.163,0.25,0.087,0.0865,9,0,0.0,0.163,0.163,0,0.0020000000000000018,0.162,0.164,0,0.0020000000000000018,0.162,0.164
emerging_haplotype,vic,region,2026-07-16,2026-08-06,21,Europe,C.5.6.1:241Q,0.171,0.286,0.11499999999999996,0.11397142857142854,9,0,0.0009999999999999731,0.171,0.172,0,0.0009999999999999731,0.171,0.172,0,0.001999999999999974,0.171,0.173
emerging_haplotype,vic,region,2026-07-16,2026-08-13,28,Europe,C.5.6.1:241Q,0.18,0.333,0.15300000000000002,0.1519714285714286,9,0,0.0010000000000000009,0.18,0.181,0,0.0010000000000000009,0.18,0.181,0,0.0020000000000000018,0.18,0.182
emerging_haplotype,vic,region,2026-07-16,2026-07-23,7,Europe,C.5.6:75E,0.026,0.0,0.026,0.026107142857142853,9,0,0.0010000000000000009,0.026,0.027,0,0.0010000000000000009,0.026,0.027,0,0.0010000000000000009,0.026,0.027
emerging_haplotype,vic,region,2026-07-16,2026-07-30,14,Europe,C.5.6:75E,0.026,0.0,0.026,0.02603571428571428,9,0,0.0,0.026,0.026,0,0.0010000000000000009,0.026,0.027,0,0.0010000000000000009,0.026,0.027
emerging_haplotype,vic,region,2026-07-16,2026-08-06,21,Europe,C.5.6:75E,0.026,0.0,0.026,0.026,9,0,0.0,0.026,0.026,0,0.0,0.026,0.026,0,0.0,0.026,0.026
emerging_haplotype,vic,region,2026-07-16,2026-08-13,28,Europe,C.5.6:75E,0.026,0.0,0.026,0.026,9,0,0.0,0.026,0.026,0,0.0,0.026,0.026,0,0.0,0.026,0.026
emerging_haplotype,vic,region,2026-07-16,2026-07-23,7,Europe,C.5.7,0.013,0.0,0.013,0.013,9,0,0.0,0.013,0.013,0,0.0,0.013,0.013,0,0.0,0.013,0.013
emerging_haplotype,vic,region,2026-07-16,2026-07-30,14,Europe,C.5.7,0.012,0.0,0.012,0.012,9,0,0.0,0.012,0.012,0,0.0,0.012,0.012,0,0.0,0.012,0.012
emerging_haplotype,vic,region,2026-07-16,2026-08-06,21,Europe,C.5.7,0.012,0.0,0.012,0.011721428571428572,9,0,0.0,0.012,0.012,0,0.0,0.012,0.012,0,0.0010000000000000009,0.011,0.012
emerging_haplotype,vic,region,2026-07-16,2026-08-13,28,Europe,C.5.7,0.011,0.0,0.011,0.011,9,0,0.0,0.011,0.011,0,0.0,0.011,0.011,0,0.0,0.011,0.011
emerging_haplotype,vic,region,2026-07-16,2026-07-23,7,Europe,C.5.6,0.174,0.4,0.22600000000000003,0.22600714285714288,9,0,0.0,0.174,0.174,0,0.0,0.174,0.174,0,0.0010000000000000009,0.173,0.174
emerging_haplotype,vic,region,2026-07-16,2026-07-30,14,Europe,C.5.6,0.166,0.375,0.209,0.20903571428571427,9,0,0.0,0.166,0.166,0,0.0010000000000000009,0.165,0.166,0,0.0010000000000000009,0.165,0.166
emerging_haplotype,vic,region,2026-07-16,2026-08-06,21,Europe,C.5.6,0.158,0.429,0.271,0.2710357142857143,9,0,0.0,0.158,0.158,0,0.0010000000000000009,0.157,0.158,0,0.0010000000000000009,0.157,0.158
emerging_haplotype,vic,region,2026-07-16,2026-08-13,28,Europe,C.5.6,0.15,0.5,0.35,0.3497285714285714,9,0,0.0,0.15,0.15,0,0.0,0.15,0.15,0,0.0020000000000000018,0.149,0.151
emerging_haplotype,vic,region,2026-07-16,2026-07-23,7,North America,C.3.1,0.252,0.31,0.057999999999999996,0.057571428571428565,9,0,0.0010000000000000009,0.251,0.252,0,0.0020000000000000018,0.251,0.253,0,0.0020000000000000018,0.251,0.253
emerging_haplotype,vic,region,2026-07-16,2026-07-30,14,North America,C.3.1,0.234,0.368,0.13399999999999998,0.13328571428571429,9,0,0.0009999999999999731,0.234,0.235,0,0.001999999999999974,0.233,0.235,0,0.001999999999999974,0.233,0.235
emerging_haplotype,vic,region,2026-07-16,2026-08-06,21,North America,C.3.1,0.217,0.4,0.18300000000000002,0.1820071428571429,9,0,0.0010000000000000009,0.217,0.218,0,0.0020000000000000018,0.216,0.218,0,0.0030000000000000027,0.216,0.219
emerging_haplotype,vic,region,2026-07-16,2026-08-13,28,North America,C.3.1,0.201,0.667,0.466,0.4652857142857143,9,0,0.0010000000000000009,0.201,0.202,0,0.0020000000000000018,0.2,0.202,0,0.0020000000000000018,0.2,0.202
emerging_haplotype,vic,region,2026-07-16,2026-07-23,7,North America,C.3.3,0.01,0.034,0.024,0.024,9,0,0.0,0.01,0.01,0,0.0,0.01,0.01,0,0.0,0.01,0.01
emerging_haplotype,vic,region,2026-07-16,2026-07-30,14,North America,C.3.3,0.009,0.053,0.044,0.044,9,0,0.0,0.009,0.009,0,0.0,0.009,0.009,0,0.0,0.009,0.009
emerging_haplotype,vic,region,2026-07-16,2026-08-06,21,North America,C.3.3,0.009,0.1,0.09100000000000001,0.09100000000000001,9,0,0.0,0.009,0.009,0,0.0,0.009,0.009,0,0.0,0.009,0.009
emerging_haplotype,vic,region,2026-07-16,2026-08-13,28,North America,C.3.3,0.008,0.0,0.008,0.008035714285714287,9,0,0.0,0.008,0.008,0,0.0009999999999999992,0.008,0.009,0,0.0009999999999999992,0.008,0.009
emerging_haplotype,vic,region,2026-07-16,2026-07-23,7,North America,C.5.1,0.127,0.034,0.093,0.09310714285714286,9,0,0.0010000000000000009,0.127,0.128,0,0.0010000000000000009,0.127,0.128,0,0.0010000000000000009,0.127,0.128
emerging_haplotype,vic,region,2026-07-16,2026-07-30,14,North America,C.5.1,0.128,0.0,0.128,0.12810714285714286,9,0,0.0010000000000000009,0.128,0.129,0,0.0010000000000000009,0.128,0.129,0,0.0010000000000000009,0.128,0.129
emerging_haplotype,vic,region,2026-07-16,2026-08-06,21,North America,C.5.1,0.129,0.0,0.129,0.12875714285714285,9,0,0.0,0.129,0.129,0,0.0010000000000000009,0.129,0.13,0,0.0020000000000000018,0.128,0.13
emerging_haplotype,vic,region,2026-07-16,2026-08-13,28,North America,C.5.1,0.129,0.0,0.129,0.12910714285714286,9,0,0.0010000000000000009,0.129,0.13,0,0.0010000000000000009,0.129,0.13,0,0.0010000000000000009,0.129,0.13
emerging_haplotype,vic,region,2026-07-16,2026-07-23,7,North America,C.5.6.1,0.007,0.034,0.027000000000000003,0.027,9,0,0.0,0.007,0.007,0,0.0,0.007,0.007,0,0.0,0.007,0.007
emerging_haplotype,vic,region,2026-07-16,2026-07-30,14,North America,C.5.6.1,0.006,0.0,0.006,0.006,9,0,0.0,0.006,0.006,0,0.0,0.006,0.006,0,0.0,0.006,0.006
emerging_haplotype,vic,region,2026-07-16,2026-08-06,21,North America,C.5.6.1,0.006,0.0,0.006,0.006,9,0,0.0,0.006,0.006,0,0.0,0.006,0.006,0,0.0,0.006,0.006
emerging_haplotype,vic,region,2026-07-16,2026-08-13,28,North America,C.5.6.1,0.005,0.0,0.005,0.005,9,0,0.0,0.005,0.005,0,0.0,0.005,0.005,0,0.0,0.005,0.005
emerging_haplotype,vic,region,2026-07-16,2026-07-23,7,North America,C.5.6.1:241Q,0.586,0.448,0.13799999999999996,0.13674999999999995,9,0,0.0010000000000000009,0.585,0.586,0,0.0030000000000000027,0.584,0.587,0,0.0030000000000000027,0.584,0.587
emerging_haplotype,vic,region,2026-07-16,2026-07-30,14,North America,C.5.6.1:241Q,0.604,0.421,0.183,0.18257857142857142,9,0,0.0010000000000000009,0.604,0.605,0,0.0020000000000000018,0.603,0.605,0,0.0030000000000000027,0.603,0.606
emerging_haplotype,vic,region,2026-07-16,2026-08-06,21,North America,C.5.6.1:241Q,0.623,0.3,0.323,0.32175000000000004,9,0,0.0010000000000000009,0.622,0.623,0,0.0030000000000000027,0.621,0.624,0,0.0030000000000000027,0.621,0.624
emerging_haplotype,vic,region,2026-07-16,2026-08-13,28,North America,C.5.6.1:241Q,0.64,0.0,0.64,0.6390857142857144,9,0,0.0020000000000000018,0.639,0.641,0,0.0020000000000000018,0.639,0.641,0,0.0040000000000000036,0.638,0.642
emerging_haplotype,vic,region,2026-07-16,2026-07-23,7,North America,C.5.6:75E,0.0,0.034,0.034,0.034,9,0,0.0,0.0,0.0,0,0.0,0.0,0.0,0,0.0,0.0,0.0
emerging_haplotype,vic,region,2026-07-16,2026-07-30,14,North America,C.5.6:75E,0.0,0.053,0.053,0.053,9,0,0.0,0.0,0.0,0,0.0,0.0,0.0,0,0.0,0.0,0.0
emerging_haplotype,vic,region,2026-07-16,2026-08-06,21,North America,C.5.6:75E,0.0,0.1,0.1,0.09999999999999999,9,0,0.0,0.0,0.0,0,0.0,0.0,0.0,0,0.0,0.0,0.0
emerging_haplotype,vic,region,2026-07-16,2026-08-13,28,North America,C.5.6:75E,0.0,0.167,0.167,0.167,9,0,0.0,0.0,0.0,0,0.0,0.0,0.0,0,0.0,0.0,0.0
emerging_haplotype,vic,region,2026-07-16,2026-07-23,7,North America,C.5.7,0.001,0.0,0.001,0.001,9,0,0.0,0.001,0.001,0,0.0,0.001,0.001,0,0.0,0.001,0.001
emerging_haplotype,vic,region,2026-07-16,2026-07-30,14,North America,C.5.7,0.001,0.0,0.001,0.001,9,0,0.0,0.001,0.001,0,0.0,0.001,0.001,0,0.0,0.001,0.001
emerging_haplotype,vic,region,2026-07-16,2026-08-06,21,North America,C.5.7,0.001,0.0,0.001,0.001,9,0,0.0,0.001,0.001,0,0.0,0.001,0.001,0,0.0,0.001,0.001
emerging_haplotype,vic,region,2026-07-16,2026-08-13,28,North America,C.5.7,0.001,0.0,0.001,0.001,9,0,0.0,0.001,0.001,0,0.0,0.001,0.001,0,0.0,0.001,0.001
emerging_haplotype,vic,region,2026-07-16,2026-07-23,7,North America,C.5.6,0.017,0.103,0.086,0.086,9,0,0.0,0.017,0.017,0,0.0,0.017,0.017,0,0.0,0.017,0.017
emerging_haplotype,vic,region,2026-07-16,2026-07-30,14,North America,C.5.6,0.016,0.105,0.089,0.089,9,0,0.0,0.016,0.016,0,0.0,0.016,0.016,0,0.0,0.016,0.016
emerging_haplotype,vic,region,2026-07-16,2026-08-06,21,North America,C.5.6,0.015,0.1,0.085,0.085,9,0,0.0,0.015,0.015,0,0.0,0.015,0.015,0,0.0,0.015,0.015
emerging_haplotype,vic,region,2026-07-16,2026-08-13,28,North America,C.5.6,0.014,0.167,0.153,0.153,9,0,0.0,0.014,0.014,0,0.0,0.014,0.014,0,0.0,0.014,0.014
emerging_haplotype,vic,region,2026-07-16,2026-07-23,7,South America,C.3.1,0.673,0.565,0.1080000000000001,0.10685714285714296,9,0,0.0020000000000000018,0.672,0.674,0,0.0040000000000000036,0.671,0.675,0,0.0040000000000000036,0.671,0.675
emerging_haplotype,vic,region,2026-07-16,2026-07-30,14,South America,C.3.1,0.676,0.5,0.17600000000000005,0.1751857142857143,9,0,0.0030000000000000027,0.675,0.678,0,0.0030000000000000027,0.675,0.678,0,0.0040000000000000036,0.674,0.678
emerging_haplotype,vic,region,2026-07-16,2026-08-06,21,South America,C.3.1,0.679,0.462,0.21700000000000003,0.2161857142857143,9,0,0.0030000000000000027,0.678,0.681,0,0.0030000000000000027,0.678,0.681,0,0.0040000000000000036,0.677,0.681
emerging_haplotype,vic,region,2026-07-16,2026-08-13,28,South America,C.3.1,0.681,1.0,0.31899999999999995,0.3173357142857142,9,0,0.0030000000000000027,0.68,0.683,0,0.0030000000000000027,0.68,0.683,0,0.0050000000000000044,0.679,0.684
emerging_haplotype,vic,region,2026-07-16,2026-07-23,7,South America,C.3.3,0.009,0.043,0.033999999999999996,0.033999999999999996,9,0,0.0,0.009,0.009,0,0.0,0.009,0.009,0,0.0,0.009,0.009
emerging_haplotype,vic,region,2026-07-16,2026-07-30,14,South America,C.3.3,0.008,0.077,0.069,0.069,9,0,0.0,0.008,0.008,0,0.0,0.008,0.008,0,0.0,0.008,0.008
emerging_haplotype,vic,region,2026-07-16,2026-08-06,21,South America,C.3.3,0.007,0.0,0.007,0.007,9,0,0.0,0.007,0.007,0,0.0,0.007,0.007,0,0.0,0.007,0.007
emerging_haplotype,vic,region,2026-07-16,2026-08-13,28,South America,C.3.3,0.006,0.0,0.006,0.006,9,0,0.0,0.006,0.006,0,0.0,0.006,0.006,0,0.0,0.006,0.006
emerging_haplotype,vic,region,2026-07-16,2026-07-23,7,South America,C.5.1,0.003,0.0,0.003,0.00225,9,0,0.001,0.002,0.003,0,0.001,0.002,0.003,0,0.001,0.002,0.003
emerging_haplotype,vic,region,2026-07-16,2026-07-30,14,South America,C.5.1,0.002,0.0,0.002,0.002,9,0,0.0,0.002,0.002,0,0.0,0.002,0.002,0,0.0,0.002,0.002
emerging_haplotype,vic,region,2026-07-16,2026-08-06,21,South America,C.5.1,0.002,0.0,0.002,0.002,9,0,0.0,0.002,0.002,0,0.0,0.002,0.002,0,0.0,0.002,0.002
emerging_haplotype,vic,region,2026-07-16,2026-08-13,28,South America,C.5.1,0.001,0.0,0.001,0.001,9,0,0.0,0.001,0.001,0,0.0,0.001,0.001,0,0.0,0.001,0.001
emerging_haplotype,vic,region,2026-07-16,2026-07-23,7,South America,C.5.6.1,0.008,0.022,0.013999999999999999,0.013999999999999999,9,0,0.0,0.008,0.008,0,0.0,0.008,0.008,0,0.0,0.008,0.008
emerging_haplotype,vic,region,2026-07-16,2026-07-30,14,South America,C.5.6.1,0.007,0.038,0.031,0.031,9,0,0.0,0.007,0.007,0,0.0,0.007,0.007,0,0.0,0.007,0.007
emerging_haplotype,vic,region,2026-07-16,2026-08-06,21,South America,C.5.6.1,0.006,0.0,0.006,0.006,9,0,0.0,0.006,0.006,0,0.0,0.006,0.006,0,0.0,0.006,0.006
emerging_haplotype,vic,region,2026-07-16,2026-08-13,28,South America,C.5.6.1,0.006,0.0,0.006,0.006,9,0,0.0,0.006,0.006,0,0.0,0.006,0.006,0,0.0,0.006,0.006
emerging_haplotype,vic,region,2026-07-16,2026-07-23,7,South America,C.5.6.1:241Q,0.036,0.087,0.051,0.051,9,0,0.0,0.036,0.036,0,0.0,0.036,0.036,0,0.0,0.036,0.036
emerging_haplotype,vic,region,2026-07-16,2026-07-30,14,South America,C.5.6.1:241Q,0.038,0.038,0.0,0.00010714285714285723,9,1,0.0010000000000000009,0.038,0.039,1,0.0010000000000000009,0.038,0.039,1,0.0010000000000000009,0.038,0.039
emerging_haplotype,vic,region,2026-07-16,2026-08-06,21,South America,C.5.6.1:241Q,0.041,0.077,0.036,0.03546428571428571,9,0,0.0,0.041,0.041,0,0.0010000000000000009,0.041,0.042,0,0.0010000000000000009,0.041,0.042
emerging_haplotype,vic,region,2026-07-16,2026-08-13,28,South America,C.5.6.1:241Q,0.044,0.0,0.044,0.04410714285714285,9,0,0.0010000000000000009,0.044,0.045,0,0.0010000000000000009,0.044,0.045,0,0.0010000000000000009,0.044,0.045
emerging_haplotype,vic,region,2026-07-16,2026-07-23,7,South America,C.5.6:75E,0.171,0.087,0.08400000000000002,0.08282142857142859,9,0,0.001999999999999974,0.17,0.172,0,0.002999999999999975,0.169,0.172,0,0.002999999999999975,0.169,0.172
emerging_haplotype,vic,region,2026-07-16,2026-07-30,14,South America,C.5.6:75E,0.174,0.115,0.05899999999999998,0.058114285714285695,9,0,0.0020000000000000018,0.173,0.175,0,0.0030000000000000027,0.173,0.176,0,0.0040000000000000036,0.172,0.176
emerging_haplotype,vic,region,2026-07-16,2026-08-06,21,South America,C.5.6:75E,0.178,0.154,0.023999999999999994,0.022257142857142847,9,0,0.0020000000000000018,0.176,0.178,0,0.0030000000000000027,0.176,0.179,0,0.0040000000000000036,0.175,0.179
emerging_haplotype,vic,region,2026-07-16,2026-08-13,28,South America,C.5.6:75E,0.181,0.0,0.181,0.17932857142857145,9,0,0.0030000000000000027,0.179,0.182,0,0.0030000000000000027,0.179,0.182,0,0.0040000000000000036,0.178,0.182
emerging_haplotype,vic,region,2026-07-16,2026-07-23,7,South America,C.5.7,0.064,0.043,0.021000000000000005,0.02110714285714286,9,0,0.0010000000000000009,0.064,0.065,0,0.0010000000000000009,0.064,0.065,0,0.0010000000000000009,0.064,0.065
emerging_haplotype,vic,region,2026-07-16,2026-07-30,14,South America,C.5.7,0.06,0.038,0.022,0.02172142857142857,9,0,0.0,0.06,0.06,0,0.0,0.06,0.06,0,0.0010000000000000009,0.059,0.06
emerging_haplotype,vic,region,2026-07-16,2026-08-06,21,South America,C.5.7,0.056,0.0,0.056,0.055721428571428575,9,0,0.0,0.056,0.056,0,0.0,0.056,0.056,0,0.0010000000000000009,0.055,0.056
emerging_haplotype,vic,region,2026-07-16,2026-08-13,28,South America,C.5.7,0.052,0.0,0.052,0.05210714285714285,9,0,0.0010000000000000009,0.052,0.053,0,0.0010000000000000009,0.052,0.053,0,0.0010000000000000009,0.052,0.053
emerging_haplotype,vic,region,2026-07-16,2026-07-23,7,South America,C.5.6,0.037,0.13,0.093,0.093,9,0,0.0,0.037,0.037,0,0.0,0.037,0.037,0,0.0,0.037,0.037
emerging_haplotype,vic,region,2026-07-16,2026-07-30,14,South America,C.5.6,0.034,0.154,0.12,0.12000714285714285,9,0,0.0,0.034,0.034,0,0.0,0.034,0.034,0,0.0010000000000000009,0.033,0.034
emerging_haplotype,vic,region,2026-07-16,2026-08-06,21,South America,C.5.6,0.031,0.308,0.277,0.277,9,0,0.0,0.031,0.031,0,0.0,0.031,0.031,0,0.0,0.031,0.031
emerging_haplotype,vic,region,2026-07-16,2026-08-13,28,South America,C.5.6,0.028,0.0,0.028,0.028,9,0,0.0,0.028,0.028,0,0.0,0.028,0.028,0,0.0,0.028,0.028
emerging_haplotype,vic,region,2026-07-16,2026-07-23,7,Southeast Asia,C.3.1,0.025,0.0,0.025,0.02425,9,0,0.0010000000000000009,0.024,0.025,0,0.0010000000000000009,0.024,0.025,0,0.0010000000000000009,0.024,0.025
emerging_haplotype,vic,region,2026-07-16,2026-07-30,14,Southeast Asia,C.3.1,0.027,0.0,0.027,0.027,9,0,0.0,0.027,0.027,0,0.0,0.027,0.027,0,0.0,0.027,0.027
emerging_haplotype,vic,region,2026-07-16,2026-08-06,21,Southeast Asia,C.3.1,0.029,0.0,0.029,0.029035714285714286,9,0,0.0,0.029,0.029,0,0.0009999999999999974,0.029,0.03,0,0.0009999999999999974,0.029,0.03
emerging_haplotype,vic,region,2026-07-16,2026-08-13,28,Southeast Asia,C.3.1,0.032,0.0,0.032,0.031464285714285715,9,0,0.0,0.032,0.032,0,0.0010000000000000009,0.031,0.032,0,0.0010000000000000009,0.031,0.032
emerging_haplotype,vic,region,2026-07-16,2026-07-23,7,Southeast Asia,C.3.3,0.074,0.053,0.020999999999999998,0.020999999999999998,9,0,0.0,0.074,0.074,0,0.0,0.074,0.074,0,0.0,0.074,0.074
emerging_haplotype,vic,region,2026-07-16,2026-07-30,14,Southeast Asia,C.3.3,0.073,0.056,0.016999999999999994,0.017007142857142853,9,0,0.0,0.073,0.073,0,0.0,0.073,0.073,0,0.0010000000000000009,0.073,0.074
emerging_haplotype,vic,region,2026-07-16,2026-08-06,21,Southeast Asia,C.3.3,0.072,0.083,0.01100000000000001,0.01100000000000001,9,0,0.0,0.072,0.072,0,0.0,0.072,0.072,0,0.0,0.072,0.072
emerging_haplotype,vic,region,2026-07-16,2026-08-13,28,Southeast Asia,C.3.3,0.071,0.1,0.029000000000000012,0.02900000000000001,9,0,0.0,0.071,0.071,0,0.0,0.071,0.071,0,0.0,0.071,0.071
emerging_haplotype,vic,region,2026-07-16,2026-07-23,7,Southeast Asia,C.5.1,0.028,0.053,0.024999999999999998,0.024999999999999998,9,0,0.0,0.028,0.028,0,0.0,0.028,0.028,0,0.0,0.028,0.028
emerging_haplotype,vic,region,2026-07-16,2026-07-30,14,Southeast Asia,C.5.1,0.027,0.056,0.029,0.029,9,0,0.0,0.027,0.027,0,0.0,0.027,0.027,0,0.0,0.027,0.027
emerging_haplotype,vic,region,2026-07-16,2026-08-06,21,Southeast Asia,C.5.1,0.026,0.0,0.026,0.026,9,0,0.0,0.026,0.026,0,0.0,0.026,0.026,0,0.0,0.026,0.026
emerging_haplotype,vic,region,2026-07-16,2026-08-13,28,Southeast Asia,C.5.1,0.025,0.0,0.025,0.024999999999999998,9,0,0.0,0.025,0.025,0,0.0,0.025,0.025,0,0.0,0.025,0.025
emerging_haplotype,vic,region,2026-07-16,2026-07-23,7,Southeast Asia,C.5.6.1,0.198,0.316,0.118,0.11757142857142856,9,0,0.0010000000000000009,0.197,0.198,0,0.0020000000000000018,0.197,0.199,0,0.0020000000000000018,0.197,0.199
emerging_haplotype,vic,region,2026-07-16,2026-07-30,14,Southeast Asia,C.5.6.1,0.201,0.278,0.07700000000000001,0.07657142857142858,9,0,0.0010000000000000009,0.2,0.201,0,0.0020000000000000018,0.2,0.202,0,0.0020000000000000018,0.2,0.202
emerging_haplotype,vic,region,2026-07-16,2026-08-06,21,Southeast Asia,C.5.6.1,0.204,0.083,0.12099999999999998,0.11997857142857142,9,0,0.0009999999999999731,0.203,0.204,0,0.0009999999999999731,0.203,0.204,0,0.002999999999999975,0.202,0.205
emerging_haplotype,vic,region,2026-07-16,2026-08-13,28,Southeast Asia,C.5.6.1,0.206,0.1,0.10599999999999998,0.10535714285714283,9,0,0.0020000000000000018,0.205,0.207,0,0.0020000000000000018,0.205,0.207,0,0.0020000000000000018,0.205,0.207
emerging_haplotype,vic,region,2026-07-16,2026-07-23,7,Southeast Asia,C.5.6.1:241Q,0.076,0.211,0.135,0.13510714285714287,9,0,0.0010000000000000009,0.075,0.076,0,0.0010000000000000009,0.075,0.076,0,0.0010000000000000009,0.075,0.076
emerging_haplotype,vic,region,2026-07-16,2026-07-30,14,Southeast Asia,C.5.6.1:241Q,0.085,0.222,0.137,0.13710714285714287,9,0,0.0010000000000000009,0.084,0.085,0,0.0010000000000000009,0.084,0.085,0,0.0010000000000000009,0.084,0.085
emerging_haplotype,vic,region,2026-07-16,2026-08-06,21,Southeast Asia,C.5.6.1:241Q,0.095,0.333,0.23800000000000002,0.23810714285714288,9,0,0.0010000000000000009,0.094,0.095,0,0.0010000000000000009,0.094,0.095,0,0.0010000000000000009,0.094,0.095
emerging_haplotype,vic,region,2026-07-16,2026-08-13,28,Southeast Asia,C.5.6.1:241Q,0.105,0.4,0.29500000000000004,0.29425,9,0,0.0010000000000000009,0.105,0.106,0,0.0010000000000000009,0.105,0.106,0,0.0010000000000000009,0.105,0.106
emerging_haplotype,vic,region,2026-07-16,2026-07-23,7,Southeast Asia,C.5.6:75E,0.033,0.211,0.178,0.178,9,0,0.0,0.033,0.033,0,0.0,0.033,0.033,0,0.0,0.033,0.033
emerging_haplotype,vic,region,2026-07-16,2026-07-30,14,Southeast Asia,C.5.6:75E,0.034,0.222,0.188,0.188,9,0,0.0,0.034,0.034,0,0.0,0.034,0.034,0,0.0,0.034,0.034
emerging_haplotype,vic,region,2026-07-16,2026-08-06,21,Southeast Asia,C.5.6:75E,0.035,0.25,0.215,0.215,9,0,0.0,0.035,0.035,0,0.0,0.035,0.035,0,0.0,0.035,0.035
emerging_haplotype,vic,region,2026-07-16,2026-08-13,28,Southeast Asia,C.5.6:75E,0.036,0.2,0.164,0.164,9,0,0.0,0.036,0.036,0,0.0,0.036,0.036,0,0.0,0.036,0.036
emerging_haplotype,vic,region,2026-07-16,2026-07-23,7,Southeast Asia,C.5.7,0.192,0.0,0.192,0.19060714285714284,9,0,0.0030000000000000027,0.19,0.193,0,0.0030000000000000027,0.19,0.193,0,0.0030000000000000027,0.19,0.193
emerging_haplotype,vic,region,2026-07-16,2026-07-30,14,Southeast Asia,C.5.7,0.184,0.0,0.184,0.18253571428571427,9,0,0.0020000000000000018,0.182,0.184,0,0.0030000000000000027,0.182,0.185,0,0.0030000000000000027,0.182,0.185
emerging_haplotype,vic,region,2026-07-16,2026-08-06,21,Southeast Asia,C.5.7,0.176,0.0,0.176,0.17453571428571427,9,0,0.0020000000000000018,0.174,0.176,0,0.0030000000000000027,0.174,0.177,0,0.0030000000000000027,0.174,0.177
emerging_haplotype,vic,region,2026-07-16,2026-08-13,28,Southeast Asia,C.5.7,0.168,0.0,0.168,0.16653571428571426,9,0,0.0020000000000000018,0.166,0.168,0,0.0030000000000000027,0.166,0.169,0,0.0030000000000000027,0.166,0.169
emerging_haplotype,vic,region,2026-07-16,2026-07-23,7,Southeast Asia,C.5.6,0.375,0.158,0.217,0.21683571428571427,9,0,0.0010000000000000009,0.375,0.376,0,0.0010000000000000009,0.375,0.376,0,0.0030000000000000027,0.374,0.377
emerging_haplotype,vic,region,2026-07-16,2026-07-30,14,Southeast Asia,C.5.6,0.37,0.167,0.20299999999999999,0.20249999999999999,9,0,0.0,0.37,0.37,0,0.0020000000000000018,0.369,0.371,0,0.0020000000000000018,0.369,0.371
emerging_haplotype,vic,region,2026-07-16,2026-08-06,21,Southeast Asia,C.5.6,0.364,0.25,0.11399999999999999,0.11349999999999998,9,0,0.0,0.364,0.364,0,0.0020000000000000018,0.363,0.365,0,0.0020000000000000018,0.363,0.365
emerging_haplotype,vic,region,2026-07-16,2026-08-13,28,Southeast Asia,C.5.6,0.357,0.2,0.15699999999999997,0.15683571428571424,9,0,0.0010000000000000009,0.357,0.358,0,0.0010000000000000009,0.357,0.358,0,0.0030000000000000027,0.356,0.359
emerging_haplotype,vic,region,2026-07-30,2026-08-06,7,China,C.3.1,0.015,0.0,0.015,0.008828571428571429,9,0,0.019,0.008,0.027,0,0.043,0.003,0.046,0,0.094,0.001,0.095
emerging_haplotype,vic,region,2026-07-30,2026-08-13,14,China,C.3.1,0.016,0.0,0.016,0.009371428571428572,9,0,0.021,0.008,0.029,0,0.048999999999999995,0.003,0.052,0,0.106,0.001,0.107
emerging_haplotype,vic,region,2026-07-30,2026-08-06,7,China,C.3.3,0.056,0.0,0.056,0.03846428571428572,9,0,0.045000000000000005,0.039,0.084,0,0.093,0.025,0.118,0,0.163,0.018,0.181
emerging_haplotype,vic,region,2026-07-30,2026-08-13,14,China,C.3.3,0.054,0.0,0.054,0.03624285714285714,9,0,0.045000000000000005,0.036,0.081,0,0.094,0.023,0.117,0,0.16799999999999998,0.016,0.184
emerging_haplotype,vic,region,2026-07-30,2026-08-06,7,China,C.5.1,0.025,0.0,0.025,0.014971428571428571,9,0,0.037,0.01,0.047,0,0.08499999999999999,0.006,0.091,0,0.166,0.002,0.168
emerging_haplotype,vic,region,2026-07-30,2026-08-13,14,China,C.5.1,0.026,0.0,0.026,0.01566428571428571,9,0,0.040999999999999995,0.01,0.051,0,0.09799999999999999,0.005,0.103,0,0.191,0.002,0.193
emerging_haplotype,vic,region,2026-07-30,2026-08-06,7,China,C.5.6.1,0.072,1.0,0.928,0.8813142857142857,9,0,0.05,0.05,0.1,0,0.092,0.034,0.126,0,0.156,0.023,0.179
emerging_haplotype,vic,region,2026-07-30,2026-08-13,14,China,C.5.6.1,0.068,1.0,0.9319999999999999,0.8853785714285716,9,0,0.051000000000000004,0.046,0.097,0,0.093,0.031,0.124,0,0.151,0.021,0.172
emerging_haplotype,vic,region,2026-07-30,2026-08-06,7,China,C.5.6.1:241Q,0.023,0.0,0.023,0.015342857142857144,9,0,0.047,0.01,0.057,0,0.104,0.004,0.108,0,0.202,0.001,0.203
emerging_haplotype,vic,region,2026-07-30,2026-08-13,14,China,C.5.6.1:241Q,0.025,0.0,0.025,0.017021428571428573,9,0,0.055,0.01,0.065,0,0.122,0.004,0.126,0,0.245,0.001,0.246
emerging_haplotype,vic,region,2026-07-30,2026-08-06,7,China,C.5.6:75E,0.497,0.0,0.497,0.3955642857142857,9,0,0.14199999999999996,0.425,0.567,0,0.254,0.364,0.618,0,0.403,0.276,0.679
emerging_haplotype,vic,region,2026-07-30,2026-08-13,14,China,C.5.6:75E,0.488,0.0,0.488,0.38204999999999995,9,0,0.15799999999999997,0.409,0.567,0,0.27,0.351,0.621,0,0.42700000000000005,0.256,0.683
emerging_haplotype,vic,region,2026-07-30,2026-08-06,7,China,C.5.7,0.035,0.0,0.035,0.024714285714285716,9,0,0.027999999999999997,0.024,0.052,0,0.05,0.018,0.068,0,0.08,0.013,0.093
emerging_haplotype,vic,region,2026-07-30,2026-08-13,14,China,C.5.7,0.032,0.0,0.032,0.022321428571428572,9,0,0.029,0.021,0.05,0,0.049,0.016,0.065,0,0.079,0.011,0.09
emerging_haplotype,vic,region,2026-07-30,2026-08-06,7,China,C.5.6,0.183,0.0,0.183,0.13679285714285713,9,0,0.101,0.142,0.243,0,0.16800000000000004,0.111,0.279,0,0.24900000000000003,0.086,0.335
emerging_haplotype,vic,region,2026-07-30,2026-08-13,14,China,C.5.6,0.184,0.0,0.184,0.1346214285714286,9,0,0.10999999999999999,0.14,0.25,0,0.183,0.104,0.287,0,0.255,0.083,0.338
emerging_haplotype,vic,region,2026-07-30,2026-08-06,7,Europe,C.3.1,0.228,0.286,0.05799999999999997,0.027992857142857135,9,1,0.141,0.164,0.305,1,0.249,0.119,0.368,1,0.353,0.084,0.437
emerging_haplotype,vic,region,2026-07-30,2026-08-13,14,Europe,C.3.1,0.232,0.167,0.065,0.03048571428571429,9,1,0.153,0.161,0.314,1,0.266,0.115,0.381,1,0.374,0.081,0.455
emerging_haplotype,vic,region,2026-07-30,2026-08-06,7,Europe,C.3.3,0.008,0.0,0.008,0.004614285714285715,9,0,0.009,0.004,0.013,0,0.020999999999999998,0.002,0.023,0,0.032,0.001,0.033
emerging_haplotype,vic,region,2026-07-30,2026-08-13,14,Europe,C.3.3,0.007,0.0,0.007,0.004328571428571429,9,0,0.008,0.004,0.012,0,0.019000000000000003,0.002,0.021,0,0.03,0.001,0.031
emerging_haplotype,vic,region,2026-07-30,2026-08-06,7,Europe,C.5.1,0.071,0.0,0.071,0.04791428571428571,9,0,0.059,0.047,0.106,0,0.10699999999999998,0.034,0.141,0,0.15,0.022,0.172
emerging_haplotype,vic,region,2026-07-30,2026-08-13,14,Europe,C.5.1,0.067,0.0,0.067,0.04516428571428572,9,0,0.06,0.044,0.104,0,0.10800000000000001,0.031,0.139,0,0.15100000000000002,0.02,0.171
emerging_haplotype,vic,region,2026-07-30,2026-08-06,7,Europe,C.5.6.1,0.208,0.0,0.208,0.1534785714285714,9,0,0.10200000000000001,0.163,0.265,0,0.20800000000000002,0.121,0.329,0,0.31499999999999995,0.095,0.41
emerging_haplotype,vic,region,2026-07-30,2026-08-13,14,Europe,C.5.6.1,0.204,0.0,0.204,0.14821428571428572,9,0,0.10600000000000001,0.157,0.263,0,0.22000000000000003,0.115,0.335,0,0.32999999999999996,0.088,0.418
emerging_haplotype,vic,region,2026-07-30,2026-08-06,7,Europe,C.5.6.1:241Q,0.185,0.286,0.10099999999999998,0.04042857142857142,9,0,0.133,0.13,0.263,1,0.258,0.087,0.345,1,0.358,0.061,0.419
emerging_haplotype,vic,region,2026-07-30,2026-08-13,14,Europe,C.5.6.1:241Q,0.193,0.333,0.14,0.056400000000000006,9,0,0.14700000000000002,0.133,0.28,1,0.28,0.086,0.366,1,0.386,0.06,0.446
emerging_haplotype,vic,region,2026-07-30,2026-08-06,7,Europe,C.5.6:75E,0.018,0.0,0.018,0.011042857142857144,9,0,0.022,0.01,0.032,0,0.051000000000000004,0.005,0.056,0,0.082,0.002,0.084
emerging_haplotype,vic,region,2026-07-30,2026-08-13,14,Europe,C.5.6:75E,0.017,0.0,0.017,0.010714285714285716,9,0,0.023,0.009,0.032,0,0.052000000000000005,0.005,0.057,0,0.082,0.002,0.084
emerging_haplotype,vic,region,2026-07-30,2026-08-06,7,Europe,C.5.7,0.014,0.0,0.014,0.008807142857142857,9,0,0.017,0.008,0.025,0,0.03899999999999999,0.004,0.043,0,0.067,0.002,0.069
emerging_haplotype,vic,region,2026-07-30,2026-08-13,14,Europe,C.5.7,0.012,0.0,0.012,0.00812857142857143,9,0,0.016,0.007,0.023,0,0.038000000000000006,0.004,0.042,0,0.066,0.002,0.068
emerging_haplotype,vic,region,2026-07-30,2026-08-06,7,Europe,C.5.6,0.195,0.429,0.23399999999999999,0.1589642857142857,9,0,0.08499999999999999,0.155,0.24,0,0.174,0.122,0.296,0,0.269,0.088,0.357
emerging_haplotype,vic,region,2026-07-30,2026-08-13,14,Europe,C.5.6,0.187,0.5,0.313,0.23431428571428572,9,0,0.08600000000000002,0.146,0.232,0,0.182,0.113,0.295,0,0.27599999999999997,0.08,0.356
emerging_haplotype,vic,region,2026-07-30,2026-08-06,7,North America,C.3.1,0.156,0.4,0.24400000000000002,0.22282857142857146,9,0,0.032999999999999974,0.14,0.173,0,0.055999999999999994,0.128,0.184,0,0.08200000000000002,0.119,0.201
emerging_haplotype,vic,region,2026-07-30,2026-08-13,14,North America,C.3.1,0.141,0.667,0.526,0.5046928571428572,9,0,0.032,0.126,0.158,0,0.054000000000000006,0.115,0.169,0,0.081,0.105,0.186
emerging_haplotype,vic,region,2026-07-30,2026-08-06,7,North America,C.3.3,0.005,0.1,0.095,0.08975,9,0,0.005,0.003,0.008,0,0.01,0.002,0.012,0,0.015,0.001,0.016
emerging_haplotype,vic,region,2026-07-30,2026-08-13,14,North America,C.3.3,0.004,0.0,0.004,0.003007142857142857,9,0,0.005,0.003,0.008,0,0.009,0.002,0.011,0,0.015,0.001,0.016
emerging_haplotype,vic,region,2026-07-30,2026-08-06,7,North America,C.5.1,0.093,0.0,0.093,0.07162857142857144,9,0,0.036000000000000004,0.074,0.11,0,0.068,0.061,0.129,0,0.096,0.051,0.147
emerging_haplotype,vic,region,2026-07-30,2026-08-13,14,North America,C.5.1,0.092,0.0,0.092,0.06993571428571428,9,0,0.037000000000000005,0.072,0.109,0,0.07,0.059,0.129,0,0.10099999999999999,0.049,0.15
emerging_haplotype,vic,region,2026-07-30,2026-08-06,7,North America,C.5.6.1,0.012,0.0,0.012,0.007721428571428572,9,0,0.008,0.008,0.016,0,0.014,0.006,0.02,0,0.025,0.003,0.028
emerging_haplotype,vic,region,2026-07-30,2026-08-13,14,North America,C.5.6.1,0.011,0.0,0.011,0.007035714285714285,9,0,0.008,0.007,0.015,0,0.015,0.005,0.02,0,0.025,0.003,0.028
emerging_haplotype,vic,region,2026-07-30,2026-08-06,7,North America,C.5.6.1:241Q,0.668,0.3,0.36800000000000005,0.3289357142857143,9,0,0.061999999999999944,0.637,0.699,0,0.10599999999999998,0.615,0.721,0,0.16700000000000004,0.585,0.752
emerging_haplotype,vic,region,2026-07-30,2026-08-13,14,North America,C.5.6.1:241Q,0.685,0.0,0.685,0.6441142857142858,9,0,0.06599999999999995,0.652,0.718,0,0.11099999999999999,0.629,0.74,0,0.17200000000000004,0.599,0.771
emerging_haplotype,vic,region,2026-07-30,2026-08-06,7,North America,C.5.6:75E,0.001,0.1,0.099,0.09379285714285714,9,0,0.003,0.0,0.003,0,0.007,0.0,0.007,0,0.013,0.0,0.013
emerging_haplotype,vic,region,2026-07-30,2026-08-13,14,North America,C.5.6:75E,0.001,0.167,0.166,0.15995714285714285,9,0,0.003,0.0,0.003,0,0.007,0.0,0.007,0,0.016,0.0,0.016
emerging_haplotype,vic,region,2026-07-30,2026-08-06,7,North America,C.5.7,0.001,0.0,0.001,0.0002928571428571429,9,1,0.001,0.0,0.001,1,0.002,0.0,0.002,1,0.003,0.0,0.003
emerging_haplotype,vic,region,2026-07-30,2026-08-13,14,North America,C.5.7,0.001,0.0,0.001,0.00025714285714285715,9,1,0.001,0.0,0.001,1,0.001,0.0,0.001,1,0.002,0.0,0.002
emerging_haplotype,vic,region,2026-07-30,2026-08-06,7,North America,C.5.6,0.056,0.1,0.044000000000000004,0.024600000000000004,9,0,0.024000000000000007,0.045,0.069,0,0.043000000000000003,0.037,0.08,0,0.07200000000000001,0.027,0.099
emerging_haplotype,vic,region,2026-07-30,2026-08-13,14,North America,C.5.6,0.055,0.167,0.11200000000000002,0.09161428571428573,9,0,0.02500000000000001,0.043,0.068,0,0.045,0.035,0.08,0,0.07600000000000001,0.025,0.101
emerging_haplotype,vic,region,2026-07-30,2026-08-06,7,South America,C.3.1,0.873,0.462,0.411,0.3371214285714285,9,0,0.06600000000000006,0.837,0.903,0,0.138,0.79,0.928,0,0.245,0.697,0.942
emerging_haplotype,vic,region,2026-07-30,2026-08-13,14,South America,C.3.1,0.881,1.0,0.119,0.0862142857142857,9,0,0.06900000000000006,0.842,0.911,0,0.14500000000000002,0.791,0.936,0,0.26,0.689,0.949
emerging_haplotype,vic,region,2026-07-30,2026-08-06,7,South America,C.3.3,0.007,0.0,0.007,0.003935714285714286,9,0,0.008,0.003,0.011,0,0.015000000000000001,0.002,0.017,0,0.031,0.001,0.032
emerging_haplotype,vic,region,2026-07-30,2026-08-13,14,South America,C.3.3,0.006,0.0,0.006,0.003692857142857143,9,0,0.007,0.003,0.01,0,0.014,0.002,0.016,0,0.031,0.001,0.032
emerging_haplotype,vic,region,2026-07-30,2026-08-06,7,South America,C.5.1,0.002,0.0,0.002,0.0009500000000000001,9,0,0.002,0.001,0.003,1,0.006,0.0,0.006,1,0.009,0.0,0.009
emerging_haplotype,vic,region,2026-07-30,2026-08-13,14,South America,C.5.1,0.001,0.0,0.001,0.0007714285714285715,9,0,0.002,0.001,0.003,1,0.005,0.0,0.005,1,0.008,0.0,0.008
emerging_haplotype,vic,region,2026-07-30,2026-08-06,7,South America,C.5.6.1,0.004,0.0,0.004,0.0028642857142857146,9,0,0.006,0.002,0.008,0,0.01,0.002,0.012,0,0.020999999999999998,0.001,0.022
emerging_haplotype,vic,region,2026-07-30,2026-08-13,14,South America,C.5.6.1,0.003,0.0,0.003,0.0023571428571428576,9,0,0.005,0.002,0.007,0,0.009999999999999998,0.001,0.011,0,0.02,0.001,0.021
emerging_haplotype,vic,region,2026-07-30,2026-08-06,7,South America,C.5.6.1:241Q,0.043,0.077,0.034,0.014350000000000002,9,0,0.049999999999999996,0.022,0.072,1,0.106,0.016,0.122,1,0.205,0.008,0.213
emerging_haplotype,vic,region,2026-07-30,2026-08-13,14,South America,C.5.6.1:241Q,0.044,0.0,0.044,0.027607142857142858,9,0,0.055999999999999994,0.021,0.077,0,0.11800000000000001,0.015,0.133,0,0.23299999999999998,0.007,0.24
emerging_haplotype,vic,region,2026-07-30,2026-08-06,7,South America,C.5.6:75E,0.025,0.154,0.129,0.10872857142857141,9,0,0.022,0.016,0.038,0,0.04,0.01,0.05,0,0.062000000000000006,0.007,0.069
emerging_haplotype,vic,region,2026-07-30,2026-08-13,14,South America,C.5.6:75E,0.022,0.0,0.022,0.014457142857142858,9,0,0.021000000000000005,0.014,0.035,0,0.038,0.009,0.047,0,0.062000000000000006,0.006,0.068
emerging_haplotype,vic,region,2026-07-30,2026-08-06,7,South America,C.5.7,0.019,0.0,0.019,0.013935714285714286,9,0,0.011000000000000001,0.014,0.025,0,0.024999999999999998,0.011,0.036,0,0.041,0.008,0.049
emerging_haplotype,vic,region,2026-07-30,2026-08-13,14,South America,C.5.7,0.016,0.0,0.016,0.01195,9,0,0.009999999999999998,0.012,0.022,0,0.024,0.009,0.033,0,0.037,0.007,0.044
emerging_haplotype,vic,region,2026-07-30,2026-08-06,7,South America,C.5.6,0.01,0.308,0.298,0.2905642857142857,9,0,0.008,0.007,0.015,0,0.013999999999999999,0.005,0.019,0,0.023,0.003,0.026
emerging_haplotype,vic,region,2026-07-30,2026-08-13,14,South America,C.5.6,0.009,0.0,0.009,0.006021428571428572,9,0,0.006999999999999999,0.006,0.013,0,0.013000000000000001,0.004,0.017,0,0.021,0.003,0.024
emerging_haplotype,vic,region,2026-07-30,2026-08-06,7,Southeast Asia,C.3.1,0.004,0.0,0.004,0.0024642857142857144,9,0,0.009999999999999998,0.001,0.011,1,0.021,0.0,0.021,1,0.041,0.0,0.041
emerging_haplotype,vic,region,2026-07-30,2026-08-13,14,Southeast Asia,C.3.1,0.003,0.0,0.003,0.0022714285714285714,9,0,0.009000000000000001,0.001,0.01,1,0.021,0.0,0.021,1,0.044,0.0,0.044
emerging_haplotype,vic,region,2026-07-30,2026-08-06,7,Southeast Asia,C.3.3,0.006,0.083,0.077,0.06626428571428572,9,0,0.008,0.003,0.011,0,0.017,0.002,0.019,0,0.028999999999999998,0.001,0.03
emerging_haplotype,vic,region,2026-07-30,2026-08-13,14,Southeast Asia,C.3.3,0.005,0.1,0.095,0.08469285714285714,9,0,0.007,0.003,0.01,0,0.015000000000000001,0.002,0.017,0,0.027,0.001,0.028
emerging_haplotype,vic,region,2026-07-30,2026-08-06,7,Southeast Asia,C.5.1,0.008,0.0,0.008,0.00525,9,0,0.013000000000000001,0.004,0.017,0,0.026000000000000002,0.002,0.028,0,0.061,0.001,0.062
emerging_haplotype,vic,region,2026-07-30,2026-08-13,14,Southeast Asia,C.5.1,0.008,0.0,0.008,0.0051428571428571435,9,0,0.012,0.004,0.016,0,0.025,0.002,0.027,0,0.06,0.001,0.061
emerging_haplotype,vic,region,2026-07-30,2026-08-06,7,Southeast Asia,C.5.6.1,0.634,0.083,0.551,0.44804285714285713,9,0,0.1389999999999999,0.56,0.699,0,0.252,0.498,0.75,0,0.38800000000000007,0.414,0.802
emerging_haplotype,vic,region,2026-07-30,2026-08-13,14,Southeast Asia,C.5.6.1,0.646,0.1,0.546,0.4350928571428571,9,0,0.14900000000000002,0.563,0.712,0,0.266,0.498,0.764,0,0.39899999999999997,0.415,0.814
emerging_haplotype,vic,region,2026-07-30,2026-08-06,7,Southeast Asia,C.5.6.1:241Q,0.059,0.333,0.274,0.19246428571428573,9,0,0.065,0.033,0.098,0,0.134,0.019,0.153,0,0.239,0.008,0.247
emerging_haplotype,vic,region,2026-07-30,2026-08-13,14,Southeast Asia,C.5.6.1:241Q,0.061,0.4,0.339,0.2471071428571429,9,0,0.072,0.034,0.106,0,0.14800000000000002,0.019,0.167,0,0.263,0.008,0.271
emerging_haplotype,vic,region,2026-07-30,2026-08-06,7,Southeast Asia,C.5.6:75E,0.076,0.25,0.174,0.10311428571428571,9,0,0.063,0.055,0.118,0,0.129,0.032,0.161,0,0.21000000000000002,0.021,0.231
emerging_haplotype,vic,region,2026-07-30,2026-08-13,14,Southeast Asia,C.5.6:75E,0.075,0.2,0.125,0.06054285714285714,9,0,0.065,0.054,0.119,0,0.136,0.031,0.167,1,0.222,0.02,0.242
emerging_haplotype,vic,region,2026-07-30,2026-08-06,7,Southeast Asia,C.5.7,0.024,0.0,0.024,0.014950000000000001,9,0,0.021000000000000005,0.014,0.035,0,0.036,0.009,0.045,0,0.059000000000000004,0.007,0.066
emerging_haplotype,vic,region,2026-07-30,2026-08-13,14,Southeast Asia,C.5.7,0.021,0.0,0.021,0.012542857142857144,9,0,0.019,0.012,0.031,0,0.033,0.007,0.04,0,0.054,0.005,0.059
emerging_haplotype,vic,region,2026-07-30,2026-08-06,7,Southeast Asia,C.5.6,0.146,0.25,0.10400000000000001,0.05524285714285715,9,0,0.06899999999999999,0.112,0.181,0,0.124,0.088,0.212,1,0.188,0.07,0.258
emerging_haplotype,vic,region,2026-07-30,2026-08-13,14,Southeast Asia,C.5.6,0.135,0.2,0.065,0.028064285714285712,9,0,0.067,0.101,0.168,1,0.12300000000000001,0.078,0.201,1,0.187,0.061,0.248
