forecast_date,horizon,hbin,truth,naive,naive_wis,model_wis,model_abs,naive_abs,naive_cov_50,naive_cov_80,naive_cov_95,model_cov_50,model_cov_80,model_cov_95
2023-10-23,1,1-7d,0.094,0.13,0.01846602040816327,0.0034642857142857,0.003,0.036000000000000004,1,1,1,1,1,1
2023-10-23,2,1-7d,0.093,0.13,0.018608877551020413,0.0034,0.003,0.037000000000000005,1,1,1,1,1,1
2023-10-23,3,1-7d,0.092,0.13,0.018751734693877555,0.0036428571428571,0.004,0.038000000000000006,1,1,1,1,1,1
2023-10-23,4,1-7d,0.092,0.13,0.018751734693877555,0.0034714285714285,0.003,0.038000000000000006,1,1,1,1,1,1
2023-10-23,5,1-7d,0.091,0.13,0.018894591836734698,0.0034,0.003,0.03900000000000001,1,1,1,1,1,1
2023-10-23,6,1-7d,0.09,0.13,0.01903744897959184,0.0035071428571428,0.003,0.04000000000000001,1,1,1,1,1,1
2023-10-23,7,1-7d,0.089,0.13,0.019180306122448983,0.00365,0.004,0.04100000000000001,1,1,1,1,1,1
2023-10-23,1,1-7d,0.127,0.1751428571428571,0.020200714285714284,0.0256571428571428,0.038,0.0481428571428571,1,1,1,0,0,0
2023-10-23,2,1-7d,0.126,0.1751428571428571,0.020343571428571426,0.0260357142857142,0.038,0.0491428571428571,1,1,1,0,0,0
2023-10-23,3,1-7d,0.124,0.1751428571428571,0.02062928571428571,0.02565,0.038,0.0511428571428571,1,1,1,0,0,0
2023-10-23,4,1-7d,0.123,0.1751428571428571,0.020772142857142854,0.0259357142857142,0.0379999999999999,0.0521428571428571,1,1,1,0,0,0
2023-10-23,5,1-7d,0.122,0.1751428571428571,0.020914999999999996,0.0265071428571428,0.0379999999999999,0.0531428571428571,1,1,1,0,0,0
2023-10-23,6,1-7d,0.121,0.1751428571428571,0.02105785714285714,0.0266571428571428,0.0389999999999999,0.054142857142857104,1,1,1,0,0,0
2023-10-23,7,1-7d,0.12,0.1751428571428571,0.021200714285714285,0.02715,0.0389999999999999,0.055142857142857105,1,1,1,0,0,0
2023-10-23,1,1-7d,0.061,0.0162857142857142,0.02714357142857146,0.0032357142857142,0.0059999999999999,0.044714285714285804,0,0,1,1,1,1
2023-10-23,2,1-7d,0.061,0.0162857142857142,0.02714357142857146,0.0032428571428571,0.0059999999999999,0.044714285714285804,0,0,1,1,1,1
2023-10-23,3,1-7d,0.061,0.0162857142857142,0.02714357142857146,0.0032428571428571,0.0059999999999999,0.044714285714285804,0,0,1,1,1,1
2023-10-23,4,1-7d,0.061,0.0162857142857142,0.02714357142857146,0.0033214285714285,0.0059999999999999,0.044714285714285804,0,0,1,1,1,1
2023-10-23,5,1-7d,0.061,0.0162857142857142,0.02714357142857146,0.0034642857142857,0.0069999999999999,0.044714285714285804,0,0,1,1,1,1
2023-10-23,6,1-7d,0.061,0.0162857142857142,0.02714357142857146,0.0034857142857142,0.0069999999999999,0.044714285714285804,0,0,1,1,1,1
2023-10-23,7,1-7d,0.06,0.0162857142857142,0.026429285714285745,0.0033499999999999,0.0059999999999999,0.0437142857142858,0,0,1,1,1,1
2023-10-23,1,1-7d,0.421,0.5768571428571428,0.07951500000000003,0.2357571428571429,0.256,0.15585714285714286,0,0,1,0,0,0
2023-10-23,2,1-7d,0.419,0.5768571428571428,0.08094357142857146,0.2416142857142857,0.261,0.15785714285714286,0,0,1,0,0,0
2023-10-23,3,1-7d,0.418,0.5768571428571428,0.08165785714285718,0.2457928571428571,0.266,0.15885714285714286,0,0,1,0,0,0
2023-10-23,4,1-7d,0.416,0.5768571428571428,0.0830864285714286,0.2511571428571429,0.2710000000000001,0.16085714285714287,0,0,1,0,0,0
2023-10-23,5,1-7d,0.415,0.5768571428571428,0.08380071428571433,0.2558,0.2759999999999999,0.16185714285714287,0,0,1,0,0,0
2023-10-23,6,1-7d,0.413,0.5768571428571428,0.08522928571428576,0.2611642857142857,0.2809999999999999,0.16385714285714287,0,0,1,0,0,0
2023-10-23,7,1-7d,0.411,0.5768571428571428,0.08665785714285719,0.2664142857142857,0.287,0.16585714285714287,0,0,1,0,0,0
2023-10-23,1,1-7d,0.072,0.0424285714285714,0.019690510204081635,0.0468214285714285,0.0519999999999999,0.029571428571428596,0,1,1,0,0,0
2023-10-23,2,1-7d,0.071,0.0424285714285714,0.019261938775510207,0.0466714285714285,0.0509999999999999,0.028571428571428595,0,1,1,0,0,0
2023-10-23,3,1-7d,0.071,0.0424285714285714,0.019261938775510207,0.0472928571428571,0.0519999999999999,0.028571428571428595,0,1,1,0,0,0
2023-10-23,4,1-7d,0.071,0.0424285714285714,0.019261938775510207,0.0476714285714285,0.0519999999999999,0.028571428571428595,0,1,1,0,0,0
2023-10-23,5,1-7d,0.071,0.0424285714285714,0.019261938775510207,0.0485714285714285,0.0529999999999999,0.028571428571428595,0,1,1,0,0,0
2023-10-23,6,1-7d,0.071,0.0424285714285714,0.019261938775510207,0.0486714285714285,0.0529999999999999,0.028571428571428595,0,1,1,0,0,0
2023-10-23,7,1-7d,0.071,0.0424285714285714,0.019261938775510207,0.0495642857142857,0.0539999999999999,0.028571428571428595,0,1,1,0,0,0
2023-10-23,1,1-7d,0.086,0.2291428571428571,0.07043336734693878,0.0191071428571428,0.035,0.1431428571428571,0,0,1,0,0,0
2023-10-23,2,1-7d,0.084,0.2291428571428571,0.07186193877551018,0.0196071428571428,0.0349999999999999,0.14514285714285707,0,0,1,0,0,0
2023-10-23,3,1-7d,0.083,0.2291428571428571,0.0725762244897959,0.0196071428571428,0.0349999999999999,0.14614285714285707,0,0,1,0,0,0
2023-10-23,4,1-7d,0.082,0.2291428571428571,0.07329051020408162,0.0191142857142857,0.035,0.14714285714285708,0,0,1,0,0,0
2023-10-23,5,1-7d,0.08,0.2291428571428571,0.07471908163265305,0.0196428571428571,0.035,0.14914285714285708,0,0,1,0,0,0
2023-10-23,6,1-7d,0.079,0.2291428571428571,0.07543336734693876,0.0196142857142857,0.035,0.15014285714285708,0,0,1,0,0,0
2023-10-23,7,1-7d,0.078,0.2291428571428571,0.07614765306122448,0.0189785714285714,0.034,0.15114285714285708,0,0,1,0,0,0
2023-10-23,1,1-7d,0.1,0.1359999999999999,0.018466020408163253,0.0137571428571428,0.027,0.03599999999999989,1,1,1,0,0,1
2023-10-23,2,1-7d,0.099,0.1359999999999999,0.018608877551020395,0.0140428571428571,0.027,0.036999999999999894,1,1,1,0,0,1
2023-10-23,3,1-7d,0.098,0.1359999999999999,0.018751734693877538,0.0143214285714285,0.027,0.037999999999999895,1,1,1,0,0,1
2023-10-23,4,1-7d,0.097,0.1359999999999999,0.01889459183673468,0.0143214285714285,0.0269999999999999,0.038999999999999896,1,1,1,0,0,1
2023-10-23,5,1-7d,0.096,0.1359999999999999,0.019037448979591826,0.0149285714285714,0.0279999999999999,0.0399999999999999,1,1,1,0,0,1
2023-10-23,6,1-7d,0.095,0.1359999999999999,0.01918030612244897,0.0150285714285714,0.0279999999999999,0.0409999999999999,1,1,1,0,0,1
2023-10-23,7,1-7d,0.094,0.1359999999999999,0.01932316326530611,0.0150285714285714,0.0279999999999999,0.0419999999999999,1,1,1,0,0,1
2023-10-23,1,1-7d,0.047,0.0172857142857142,0.019751734693877584,0.0094571428571428,0.02,0.0297142857142858,0,1,1,0,0,1
2023-10-23,2,1-7d,0.046,0.0172857142857142,0.019323163265306153,0.0100285714285714,0.02,0.0287142857142858,0,1,1,0,0,1
2023-10-23,3,1-7d,0.045,0.0172857142857142,0.018894591836734725,0.0100642857142857,0.02,0.0277142857142858,0,1,1,0,0,1
2023-10-23,4,1-7d,0.045,0.0172857142857142,0.018894591836734725,0.0098214285714285,0.02,0.0277142857142858,0,1,1,0,0,1
2023-10-23,5,1-7d,0.044,0.0172857142857142,0.018466020408163298,0.0100642857142857,0.02,0.026714285714285798,0,1,1,0,0,1
2023-10-23,6,1-7d,0.043,0.0172857142857142,0.018037448979591867,0.0101357142857142,0.02,0.025714285714285797,0,1,1,0,0,1
2023-10-23,7,1-7d,0.043,0.0172857142857142,0.018037448979591867,0.0094571428571428,0.019,0.025714285714285797,0,1,1,0,0,1
2023-10-23,1,1-7d,0.452,0.3548571428571428,0.06459255102040817,0.1556857142857142,0.185,0.0971428571428572,0,0,1,0,0,0
2023-10-23,2,1-7d,0.453,0.3548571428571428,0.06530683673469388,0.1591928571428571,0.189,0.0981428571428572,0,0,1,0,0,0
2023-10-23,3,1-7d,0.454,0.3548571428571428,0.0660211224489796,0.1627214285714285,0.193,0.0991428571428572,0,0,1,0,0,0
2023-10-23,4,1-7d,0.454,0.3548571428571428,0.0660211224489796,0.1672357142857142,0.197,0.0991428571428572,0,0,1,0,0,0
2023-10-23,5,1-7d,0.455,0.3548571428571428,0.06673540816326531,0.1704142857142856,0.201,0.1001428571428572,0,0,1,0,0,0
2023-10-23,6,1-7d,0.455,0.3548571428571428,0.06673540816326531,0.1749928571428571,0.205,0.1001428571428572,0,0,1,0,0,0
2023-10-23,7,1-7d,0.455,0.3548571428571428,0.06673540816326531,0.1792428571428571,0.21,0.1001428571428572,0,0,1,0,0,0
2023-10-23,1,1-7d,0.065,0.2537142857142857,0.10298438775510207,0.0329642857142857,0.038,0.18871428571428572,0,0,1,0,0,0
2023-10-23,2,1-7d,0.065,0.2537142857142857,0.10298438775510207,0.0335285714285714,0.038,0.18871428571428572,0,0,1,0,0,0
2023-10-23,3,1-7d,0.065,0.2537142857142857,0.10298438775510207,0.0341785714285714,0.039,0.18871428571428572,0,0,1,0,0,0
2023-10-23,4,1-7d,0.065,0.2537142857142857,0.10298438775510207,0.0349571428571428,0.04,0.18871428571428572,0,0,1,0,0,0
2023-10-23,5,1-7d,0.065,0.2537142857142857,0.10298438775510207,0.0357142857142857,0.04,0.18871428571428572,0,0,1,0,0,0
2023-10-23,6,1-7d,0.065,0.2537142857142857,0.10298438775510207,0.0367071428571428,0.041,0.18871428571428572,0,0,1,0,0,0
2023-10-23,7,1-7d,0.065,0.2537142857142857,0.10298438775510207,0.0368571428571428,0.042,0.18871428571428572,0,0,1,0,0,0
2023-10-23,1,1-7d,0.176,0.2221428571428571,0.019914999999999995,0.0033285714285714,0.007,0.0461428571428571,1,1,1,0,0,1
2023-10-23,2,1-7d,0.174,0.2221428571428571,0.020200714285714284,0.0033285714285714,0.007,0.0481428571428571,1,1,1,0,0,1
2023-10-23,3,1-7d,0.173,0.2221428571428571,0.020343571428571426,0.0026142857142857,0.006,0.0491428571428571,1,1,1,0,1,1
2023-10-23,4,1-7d,0.171,0.2221428571428571,0.020629285714285708,0.0026142857142857,0.0059999999999999,0.05114285714285707,1,1,1,0,1,1
2023-10-23,5,1-7d,0.169,0.2221428571428571,0.020914999999999993,0.0023999999999999,0.0059999999999999,0.053142857142857075,1,1,1,0,1,1
2023-10-23,6,1-7d,0.168,0.2221428571428571,0.021057857142857135,0.0019714285714285,0.0049999999999999,0.054142857142857076,1,1,1,0,1,1
2023-10-23,7,1-7d,0.166,0.2221428571428571,0.021343571428571424,0.0019714285714285,0.005,0.05614285714285708,1,1,1,0,1,1
2023-10-23,1,1-7d,0.121,0.104,0.015751734693877553,0.0017714285714285,0.004,0.017,1,1,1,0,1,1
2023-10-23,2,1-7d,0.12,0.104,0.015608877551020412,0.0015357142857142,0.004,0.016,1,1,1,0,1,1
2023-10-23,3,1-7d,0.12,0.104,0.015608877551020412,0.0009214285714285,0.002,0.016,1,1,1,1,1,1
2023-10-23,4,1-7d,0.119,0.104,0.015466020408163268,0.0009142857142857,0.002,0.015,1,1,1,1,1,1
2023-10-23,5,1-7d,0.118,0.104,0.015323163265306125,0.0009642857142857,0.002,0.013999999999999999,1,1,1,1,1,1
2023-10-23,6,1-7d,0.117,0.104,0.015180306122448986,0.0007714285714285,0.0009999999999999,0.013000000000000012,1,1,1,1,1,1
2023-10-23,7,1-7d,0.116,0.104,0.015037448979591844,0.0007499999999999,0.001,0.01200000000000001,1,1,1,1,1,1
2023-10-23,1,1-7d,0.045,0.0781428571428571,0.018057857142857136,0.0074142857142857,0.009,0.0331428571428571,1,1,1,0,0,0
2023-10-23,2,1-7d,0.045,0.0781428571428571,0.018057857142857136,0.0068357142857142,0.009,0.0331428571428571,1,1,1,0,0,0
2023-10-23,3,1-7d,0.044,0.0781428571428571,0.018200714285714282,0.0068428571428571,0.009,0.0341428571428571,1,1,1,0,0,0
2023-10-23,4,1-7d,0.043,0.0781428571428571,0.018343571428571424,0.0070857142857142,0.009,0.0351428571428571,1,1,1,0,0,0
2023-10-23,5,1-7d,0.043,0.0781428571428571,0.018343571428571424,0.0064142857142857,0.008,0.0351428571428571,1,1,1,0,0,0
2023-10-23,6,1-7d,0.042,0.0781428571428571,0.018486428571428567,0.0068428571428571,0.0089999999999999,0.036142857142857095,1,1,1,0,0,0
2023-10-23,7,1-7d,0.042,0.0781428571428571,0.018486428571428567,0.0060571428571428,0.008,0.036142857142857095,1,1,1,0,0,0
2023-10-23,1,1-7d,0.435,0.5298571428571429,0.036425204081632696,0.1371714285714285,0.1439999999999999,0.09485714285714292,0,1,1,0,0,0
2023-10-23,2,1-7d,0.438,0.5298571428571429,0.035139489795918404,0.1394999999999999,0.1459999999999999,0.09185714285714291,0,1,1,0,0,0
2023-10-23,3,1-7d,0.44,0.5298571428571429,0.03428234693877555,0.1431714285714285,0.1499999999999999,0.08985714285714291,0,1,1,0,0,0
2023-10-23,4,1-7d,0.443,0.5298571428571429,0.03299663265306126,0.1452714285714285,0.1519999999999999,0.08685714285714291,0,1,1,0,0,0
2023-10-23,5,1-7d,0.446,0.5298571428571429,0.03171091836734698,0.1478928571428571,0.1549999999999999,0.08385714285714291,0,1,1,0,0,0
2023-10-23,6,1-7d,0.448,0.5298571428571429,0.03085377551020412,0.1512785714285714,0.1579999999999999,0.0818571428571429,0,1,1,0,0,0
2023-10-23,7,1-7d,0.451,0.5298571428571429,0.02956806122448983,0.15375,0.1609999999999999,0.0788571428571429,0,1,1,0,0,0
2023-10-23,1,1-7d,0.06,0.0401428571428571,0.01615989795918368,0.0290857142857142,0.03,0.0198571428571429,1,1,1,0,0,0
2023-10-23,2,1-7d,0.06,0.0401428571428571,0.01615989795918368,0.0300857142857142,0.0309999999999999,0.0198571428571429,1,1,1,0,0,0
2023-10-23,3,1-7d,0.059,0.0401428571428571,0.016017040816326537,0.0297499999999999,0.0309999999999999,0.0188571428571429,1,1,1,0,0,0
2023-10-23,4,1-7d,0.059,0.0401428571428571,0.016017040816326537,0.03075,0.032,0.0188571428571429,1,1,1,0,0,0
2023-10-23,5,1-7d,0.058,0.0401428571428571,0.0158741836734694,0.0305785714285714,0.031,0.017857142857142905,1,1,1,0,0,0
2023-10-23,6,1-7d,0.057,0.0401428571428571,0.015731326530612256,0.0305785714285714,0.031,0.016857142857142904,1,1,1,0,0,0
2023-10-23,7,1-7d,0.056,0.0401428571428571,0.015588469387755112,0.0300785714285714,0.031,0.015857142857142903,1,1,1,0,0,0
2023-10-23,1,1-7d,0.195,0.2464285714285714,0.020670102040816322,0.02865,0.035,0.05142857142857141,1,1,1,0,0,0
2023-10-23,2,1-7d,0.192,0.2464285714285714,0.021098673469387753,0.0296499999999999,0.036,0.05442857142857141,1,1,1,0,0,0
2023-10-23,3,1-7d,0.19,0.2464285714285714,0.021384387755102038,0.0298642857142857,0.036,0.05642857142857141,1,1,1,0,0,0
2023-10-23,4,1-7d,0.188,0.2464285714285714,0.021670102040816323,0.0298714285714285,0.036,0.05842857142857141,1,1,1,0,0,0
2023-10-23,5,1-7d,0.186,0.2464285714285714,0.021955816326530608,0.0298714285714285,0.036,0.060428571428571415,1,1,1,0,0,0
2023-10-23,6,1-7d,0.184,0.2464285714285714,0.022527244897959188,0.0302,0.036,0.06242857142857142,0,1,1,0,0,0
2023-10-23,7,1-7d,0.182,0.2464285714285714,0.023384387755102046,0.0302285714285714,0.036,0.06442857142857142,0,1,1,0,0,0
2023-10-23,1,1-7d,0.091,0.1245714285714285,0.018119081632653054,0.0311357142857142,0.0339999999999999,0.0335714285714285,1,1,1,0,0,0
2023-10-23,2,1-7d,0.09,0.1245714285714285,0.018261938775510196,0.0311357142857142,0.0339999999999999,0.0345714285714285,1,1,1,0,0,0
2023-10-23,3,1-7d,0.089,0.1245714285714285,0.01840479591836734,0.0311357142857142,0.0339999999999999,0.035571428571428504,1,1,1,0,0,0
2023-10-23,4,1-7d,0.088,0.1245714285714285,0.018547653061224485,0.0311357142857142,0.0339999999999999,0.036571428571428505,1,1,1,0,0,0
2023-10-23,5,1-7d,0.087,0.1245714285714285,0.018690510204081627,0.0311357142857142,0.0339999999999999,0.037571428571428506,1,1,1,0,0,0
2023-10-23,6,1-7d,0.087,0.1245714285714285,0.018690510204081627,0.0320642857142857,0.0349999999999999,0.037571428571428506,1,1,1,0,0,0
2023-10-23,7,1-7d,0.086,0.1245714285714285,0.01883336734693877,0.0320642857142857,0.0349999999999999,0.03857142857142851,1,1,1,0,0,0
2023-10-23,1,1-7d,0.079,0.0781428571428571,0.013445612244897969,0.0130999999999999,0.017,0.0008571428571429035,1,1,1,0,0,0
2023-10-23,2,1-7d,0.079,0.0781428571428571,0.013445612244897969,0.0130285714285714,0.017,0.0008571428571429035,1,1,1,0,0,0
2023-10-23,3,1-7d,0.078,0.0781428571428571,0.013343571428571425,0.0130285714285714,0.017,0.00014285714285709739,1,1,1,0,0,0
2023-10-23,4,1-7d,0.077,0.0781428571428571,0.013486428571428568,0.0136714285714285,0.017,0.0011428571428570983,1,1,1,0,0,0
2023-10-23,5,1-7d,0.076,0.0781428571428571,0.01362928571428571,0.0140285714285714,0.018,0.002142857142857099,1,1,1,0,0,0
2023-10-23,6,1-7d,0.075,0.0781428571428571,0.013772142857142854,0.0141357142857142,0.018,0.0031428571428571,1,1,1,0,0,0
2023-10-23,7,1-7d,0.075,0.0781428571428571,0.013772142857142854,0.0140285714285714,0.018,0.0031428571428571,1,1,1,0,0,0
2023-10-23,1,1-7d,0.32,0.3491428571428571,0.017486428571428566,0.1819071428571428,0.191,0.02914285714285708,1,1,1,0,0,0
2023-10-23,2,1-7d,0.32,0.3491428571428571,0.017486428571428566,0.1860142857142857,0.195,0.02914285714285708,1,1,1,0,0,0
2023-10-23,3,1-7d,0.319,0.3491428571428571,0.017629285714285712,0.1915571428571428,0.2,0.030142857142857082,1,1,1,0,0,0
2023-10-23,4,1-7d,0.319,0.3491428571428571,0.017629285714285712,0.1960142857142857,0.205,0.030142857142857082,1,1,1,0,0,0
2023-10-23,5,1-7d,0.318,0.3491428571428571,0.017772142857142854,0.2011928571428571,0.211,0.031142857142857083,1,1,1,0,0,0
2023-10-23,6,1-7d,0.318,0.3491428571428571,0.017772142857142854,0.20555,0.215,0.031142857142857083,1,1,1,0,0,0
2023-10-23,7,1-7d,0.317,0.3491428571428571,0.017914999999999993,0.2111928571428571,0.221,0.032142857142857084,1,1,1,0,0,0
2023-10-23,1,1-7d,0.049,0.0624285714285714,0.015241530612244897,0.0255785714285714,0.027,0.0134285714285714,1,1,1,0,0,0
2023-10-23,2,1-7d,0.049,0.0624285714285714,0.015241530612244897,0.0261214285714285,0.027,0.0134285714285714,1,1,1,0,0,0
2023-10-23,3,1-7d,0.049,0.0624285714285714,0.015241530612244897,0.0265785714285714,0.028,0.0134285714285714,1,1,1,0,0,0
2023-10-23,4,1-7d,0.049,0.0624285714285714,0.015241530612244897,0.0273357142857142,0.028,0.0134285714285714,1,1,1,0,0,0
2023-10-23,5,1-7d,0.049,0.0624285714285714,0.015241530612244897,0.0275785714285714,0.029,0.0134285714285714,1,1,1,0,0,0
2023-10-23,6,1-7d,0.049,0.0624285714285714,0.015241530612244897,0.0283357142857142,0.029,0.0134285714285714,1,1,1,0,0,0
2023-10-23,7,1-7d,0.049,0.0624285714285714,0.015241530612244897,0.0285785714285714,0.03,0.0134285714285714,1,1,1,0,0,0
2023-10-23,8,8-14d,0.088,0.13,0.021514846938775513,0.0036571428571428,0.004,0.04200000000000001,1,1,1,1,1,1
2023-10-23,9,8-14d,0.087,0.13,0.021657704081632655,0.0035857142857142,0.004,0.04300000000000001,1,1,1,1,1,1
2023-10-23,10,8-14d,0.086,0.13,0.0218005612244898,0.0036642857142857,0.004,0.04400000000000001,1,1,1,1,1,1
2023-10-23,11,8-14d,0.086,0.13,0.0218005612244898,0.0036928571428571,0.004,0.04400000000000001,1,1,1,1,1,1
2023-10-23,12,8-14d,0.085,0.13,0.02194341836734694,0.0036571428571428,0.0039999999999999,0.045,1,1,1,1,1,1
2023-10-23,13,8-14d,0.084,0.13,0.022086275510204083,0.0036642857142857,0.0039999999999999,0.046,1,1,1,1,1,1
2023-10-23,14,8-14d,0.083,0.13,0.022229132653061225,0.0036928571428571,0.0039999999999999,0.047,1,1,1,1,1,1
2023-10-23,8,8-14d,0.119,0.1751428571428571,0.023535255102040815,0.0271785714285714,0.0389999999999999,0.056142857142857105,1,1,1,0,0,0
2023-10-23,9,8-14d,0.118,0.1751428571428571,0.023678112244897957,0.0276499999999999,0.0399999999999999,0.057142857142857106,1,1,1,0,0,0
2023-10-23,10,8-14d,0.117,0.1751428571428571,0.023820969387755096,0.02815,0.04,0.05814285714285709,1,1,1,0,0,0
2023-10-23,11,8-14d,0.115,0.1751428571428571,0.02410668367346938,0.02715,0.039,0.060142857142857095,1,1,1,0,0,0
2023-10-23,12,8-14d,0.114,0.1751428571428571,0.024249540816326524,0.0281428571428571,0.04,0.061142857142857096,1,1,1,0,0,0
2023-10-23,13,8-14d,0.113,0.1751428571428571,0.024392397959183666,0.0281428571428571,0.04,0.0621428571428571,1,1,1,0,0,0
2023-10-23,14,8-14d,0.112,0.1751428571428571,0.02453525510204081,0.0284,0.04,0.0631428571428571,1,1,1,0,0,0
2023-10-23,8,8-14d,0.06,0.0162857142857142,0.02784137755102044,0.0034928571428571,0.0069999999999999,0.0437142857142858,0,1,1,1,1,1
2023-10-23,9,8-14d,0.06,0.0162857142857142,0.02784137755102044,0.0035642857142857,0.0069999999999999,0.0437142857142858,0,1,1,1,1,1
2023-10-23,10,8-14d,0.059,0.0162857142857142,0.02741280612244901,0.0035,0.0069999999999999,0.0427142857142858,0,1,1,1,1,1
2023-10-23,11,8-14d,0.059,0.0162857142857142,0.02741280612244901,0.0035285714285714,0.0069999999999999,0.0427142857142858,0,1,1,1,1,1
2023-10-23,12,8-14d,0.059,0.0162857142857142,0.02741280612244901,0.0035714285714285,0.0069999999999999,0.0427142857142858,0,1,1,1,1,1
2023-10-23,13,8-14d,0.059,0.0162857142857142,0.02741280612244901,0.00365,0.008,0.0427142857142858,0,1,1,1,1,1
2023-10-23,14,8-14d,0.058,0.0162857142857142,0.026984234693877583,0.0036,0.007,0.0417142857142858,0,1,1,1,1,1
2023-10-23,8,8-14d,0.41,0.5768571428571428,0.07942913265306124,0.2708857142857143,0.291,0.16685714285714287,0,0,1,0,0,0
2023-10-23,9,8-14d,0.408,0.5768571428571428,0.08085770408163266,0.2761071428571428,0.297,0.16885714285714287,0,0,1,0,0,0
2023-10-23,10,8-14d,0.407,0.5768571428571428,0.0815719897959184,0.2802142857142857,0.301,0.16985714285714287,0,0,1,0,0,0
2023-10-23,11,8-14d,0.406,0.5768571428571428,0.08228627551020407,0.2842214285714285,0.3049999999999999,0.17085714285714282,0,0,1,0,0,0
2023-10-23,12,8-14d,0.404,0.5768571428571428,0.0837148469387755,0.2894642857142857,0.3109999999999999,0.17285714285714282,0,0,1,0,0,0
2023-10-23,13,8-14d,0.403,0.5768571428571428,0.08442913265306122,0.2935,0.3149999999999999,0.17385714285714282,0,0,1,0,0,0
2023-10-23,14,8-14d,0.401,0.5768571428571428,0.08585770408163265,0.2986,0.3199999999999999,0.17585714285714282,0,0,1,0,0,0
2023-10-23,8,8-14d,0.071,0.0424285714285714,0.021351581632653067,0.0495999999999999,0.0539999999999999,0.028571428571428595,0,1,1,0,0,0
2023-10-23,9,8-14d,0.071,0.0424285714285714,0.021351581632653067,0.0504214285714285,0.0539999999999999,0.028571428571428595,0,1,1,0,0,0
2023-10-23,10,8-14d,0.071,0.0424285714285714,0.021351581632653067,0.0505642857142857,0.0549999999999999,0.028571428571428595,0,1,1,0,0,0
2023-10-23,11,8-14d,0.07,0.0424285714285714,0.02092301020408164,0.0504214285714285,0.054,0.027571428571428608,0,1,1,0,0,0
2023-10-23,12,8-14d,0.07,0.0424285714285714,0.02092301020408164,0.0505642857142857,0.055,0.027571428571428608,0,1,1,0,0,0
2023-10-23,13,8-14d,0.07,0.0424285714285714,0.02092301020408164,0.0513142857142857,0.055,0.027571428571428608,0,1,1,0,0,0
2023-10-23,14,8-14d,0.07,0.0424285714285714,0.02092301020408164,0.0518428571428571,0.056,0.027571428571428608,0,1,1,0,0,0
2023-10-23,8,8-14d,0.077,0.2291428571428571,0.06891892857142856,0.0189071428571428,0.034,0.15214285714285708,0,0,1,0,0,0
2023-10-23,9,8-14d,0.075,0.2291428571428571,0.0703475,0.0196214285714285,0.035,0.15414285714285708,0,0,1,0,0,0
2023-10-23,10,8-14d,0.074,0.2291428571428571,0.0710617857142857,0.0191285714285714,0.035,0.15514285714285708,0,0,1,0,0,0
2023-10-23,11,8-14d,0.073,0.2291428571428571,0.07177607142857143,0.0186571428571428,0.034,0.15614285714285708,0,0,1,0,0,0
2023-10-23,12,8-14d,0.072,0.2291428571428571,0.07249035714285713,0.0186571428571428,0.034,0.15714285714285708,0,0,1,0,0,0
2023-10-23,13,8-14d,0.07,0.2291428571428571,0.07391892857142855,0.0190214285714285,0.0349999999999999,0.15914285714285709,0,0,1,0,0,0
2023-10-23,14,8-14d,0.069,0.2291428571428571,0.07463321428571426,0.0186642857142857,0.0339999999999999,0.1601428571428571,0,0,1,0,0,0
2023-10-23,8,8-14d,0.094,0.1359999999999999,0.0215148469387755,0.0167142857142857,0.03,0.0419999999999999,1,1,1,0,0,0
2023-10-23,9,8-14d,0.093,0.1359999999999999,0.02165770408163264,0.0169285714285714,0.03,0.0429999999999999,1,1,1,0,0,0
2023-10-23,10,8-14d,0.092,0.1359999999999999,0.021800561224489784,0.0169285714285714,0.03,0.0439999999999999,1,1,1,0,0,0
2023-10-23,11,8-14d,0.091,0.1359999999999999,0.021943418367346926,0.0171857142857142,0.03,0.0449999999999999,1,1,1,0,0,0
2023-10-23,12,8-14d,0.09,0.1359999999999999,0.02208627551020407,0.0175357142857142,0.03,0.0459999999999999,1,1,1,0,0,0
2023-10-23,13,8-14d,0.089,0.1359999999999999,0.02222913265306121,0.01775,0.03,0.0469999999999999,1,1,1,0,0,0
2023-10-23,14,8-14d,0.089,0.1359999999999999,0.02222913265306121,0.0187499999999999,0.0309999999999999,0.0469999999999999,1,1,1,0,0,0
2023-10-23,8,8-14d,0.042,0.0172857142857142,0.0196985204081633,0.0100714285714285,0.0199999999999999,0.024714285714285803,0,1,1,0,0,1
2023-10-23,9,8-14d,0.042,0.0172857142857142,0.0196985204081633,0.0094571428571428,0.0189999999999999,0.024714285714285803,0,1,1,0,0,1
2023-10-23,10,8-14d,0.041,0.0172857142857142,0.019269948979591868,0.0096785714285714,0.0189999999999999,0.023714285714285802,0,1,1,0,0,1
2023-10-23,11,8-14d,0.04,0.0172857142857142,0.01884137755102044,0.0101785714285714,0.0199999999999999,0.0227142857142858,0,1,1,0,0,1
2023-10-23,12,8-14d,0.04,0.0172857142857142,0.01884137755102044,0.0094642857142857,0.0189999999999999,0.0227142857142858,0,1,1,0,0,1
2023-10-23,13,8-14d,0.039,0.0172857142857142,0.018616887755102056,0.0101785714285714,0.0199999999999999,0.0217142857142858,1,1,1,0,0,1
2023-10-23,14,8-14d,0.039,0.0172857142857142,0.018616887755102056,0.0094642857142857,0.019,0.0217142857142858,1,1,1,0,0,1
2023-10-23,8,8-14d,0.456,0.3548571428571428,0.06519647959183675,0.1829642857142857,0.214,0.1011428571428572,0,0,1,0,0,0
2023-10-23,9,8-14d,0.457,0.3548571428571428,0.06591076530612247,0.1860428571428571,0.217,0.1021428571428572,0,0,1,0,0,0
2023-10-23,10,8-14d,0.457,0.3548571428571428,0.06591076530612247,0.1904999999999999,0.222,0.1021428571428572,0,0,1,0,0,0
2023-10-23,11,8-14d,0.458,0.3548571428571428,0.06662505102040818,0.1935357142857143,0.225,0.1031428571428572,0,0,1,0,0,0
2023-10-23,12,8-14d,0.458,0.3548571428571428,0.06662505102040818,0.1976142857142857,0.229,0.1031428571428572,0,0,1,0,0,0
2023-10-23,13,8-14d,0.459,0.3548571428571428,0.0673393367346939,0.2010499999999999,0.2329999999999999,0.1041428571428572,0,0,1,0,0,0
2023-10-23,14,8-14d,0.459,0.3548571428571428,0.0673393367346939,0.2048785714285714,0.2369999999999999,0.1041428571428572,0,0,1,0,0,0
2023-10-23,8,8-14d,0.065,0.2537142857142857,0.09504137755102045,0.0377071428571428,0.042,0.18871428571428572,0,0,1,0,0,0
2023-10-23,9,8-14d,0.065,0.2537142857142857,0.09504137755102045,0.0386785714285714,0.043,0.18871428571428572,0,0,1,0,0,0
2023-10-23,10,8-14d,0.064,0.2537142857142857,0.09575566326530614,0.0379857142857142,0.042,0.18971428571428572,0,0,1,0,0,0
2023-10-23,11,8-14d,0.064,0.2537142857142857,0.09575566326530614,0.0386785714285714,0.043,0.18971428571428572,0,0,1,0,0,0
2023-10-23,12,8-14d,0.064,0.2537142857142857,0.09575566326530614,0.0392428571428571,0.043,0.18971428571428572,0,0,1,0,0,0
2023-10-23,13,8-14d,0.064,0.2537142857142857,0.09575566326530614,0.0399571428571428,0.044,0.18971428571428572,0,0,1,0,0,0
2023-10-23,14,8-14d,0.064,0.2537142857142857,0.09575566326530614,0.0404571428571428,0.044,0.18971428571428572,0,0,1,0,0,0
2023-10-23,8,8-14d,0.164,0.2221428571428571,0.023820969387755096,0.0019714285714285,0.005,0.05814285714285708,1,1,1,0,1,1
2023-10-23,9,8-14d,0.163,0.2221428571428571,0.02396382653061224,0.0015428571428571,0.004,0.05914285714285708,1,1,1,1,1,1
2023-10-23,10,8-14d,0.161,0.2221428571428571,0.024249540816326524,0.0015428571428571,0.004,0.06114285714285708,1,1,1,1,1,1
2023-10-23,11,8-14d,0.159,0.2221428571428571,0.02453525510204081,0.0015428571428571,0.004,0.06314285714285708,1,1,1,1,1,1
2023-10-23,12,8-14d,0.158,0.2221428571428571,0.024678112244897955,0.0012571428571428,0.002,0.06414285714285708,1,1,1,1,1,1
2023-10-23,13,8-14d,0.156,0.2221428571428571,0.02496382653061224,0.0012571428571428,0.002,0.06614285714285709,1,1,1,1,1,1
2023-10-23,14,8-14d,0.155,0.2221428571428571,0.025106683673469382,0.0011142857142857,0.001,0.06714285714285709,1,1,1,1,1,1
2023-10-23,8,8-14d,0.115,0.104,0.017086275510204085,0.0007071428571428,0.0,0.01100000000000001,1,1,1,1,1,1
2023-10-23,9,8-14d,0.114,0.104,0.016943418367346943,0.0006285714285714,0.0,0.010000000000000009,1,1,1,1,1,1
2023-10-23,10,8-14d,0.113,0.104,0.0168005612244898,0.0006785714285714,0.0,0.009000000000000008,1,1,1,1,1,1
2023-10-23,11,8-14d,0.112,0.104,0.016657704081632658,0.0008428571428571,0.001,0.008000000000000007,1,1,1,1,1,1
2023-10-23,12,8-14d,0.111,0.104,0.016514846938775512,0.0007785714285714,0.001,0.007000000000000006,1,1,1,1,1,1
2023-10-23,13,8-14d,0.11,0.104,0.01637198979591837,0.00085,0.001,0.006000000000000005,1,1,1,1,1,1
2023-10-23,14,8-14d,0.109,0.104,0.016229132653061227,0.0009214285714285,0.002,0.0050000000000000044,1,1,1,1,1,1
2023-10-23,8,8-14d,0.041,0.0781428571428571,0.020820969387755097,0.0063428571428571,0.008,0.037142857142857096,1,1,1,0,0,0
2023-10-23,9,8-14d,0.04,0.0781428571428571,0.02096382653061224,0.0066928571428571,0.008,0.038142857142857096,1,1,1,0,0,0
2023-10-23,10,8-14d,0.04,0.0781428571428571,0.02096382653061224,0.0058428571428571,0.008,0.038142857142857096,1,1,1,0,0,0
2023-10-23,11,8-14d,0.039,0.0781428571428571,0.021106683673469382,0.0060571428571428,0.008,0.0391428571428571,1,1,1,0,0,0
2023-10-23,12,8-14d,0.038,0.0781428571428571,0.021249540816326525,0.0066928571428571,0.008,0.0401428571428571,1,1,1,0,0,0
2023-10-23,13,8-14d,0.038,0.0781428571428571,0.021249540816326525,0.0058428571428571,0.008,0.0401428571428571,1,1,1,0,0,0
2023-10-23,14,8-14d,0.037,0.0781428571428571,0.021392397959183667,0.0060571428571428,0.008,0.0411428571428571,1,1,1,0,0,0
2023-10-23,8,8-14d,0.454,0.5298571428571429,0.02635158163265307,0.1559999999999999,0.1629999999999999,0.0758571428571429,1,1,1,0,0,0
2023-10-23,9,8-14d,0.456,0.5298571428571429,0.026065867346938783,0.1592785714285714,0.1659999999999999,0.0738571428571429,1,1,1,0,0,0
2023-10-23,10,8-14d,0.459,0.5298571428571429,0.025637295918367355,0.1617857142857142,0.1689999999999999,0.0708571428571429,1,1,1,0,0,0
2023-10-23,11,8-14d,0.461,0.5298571428571429,0.02535158163265307,0.1649999999999999,0.172,0.0688571428571429,1,1,1,0,0,0
2023-10-23,12,8-14d,0.464,0.5298571428571429,0.02492301020408164,0.1669999999999999,0.174,0.06585714285714289,1,1,1,0,0,0
2023-10-23,13,8-14d,0.467,0.5298571428571429,0.024494438775510212,0.1692499999999999,0.177,0.06285714285714289,1,1,1,0,0,0
2023-10-23,14,8-14d,0.469,0.5298571428571429,0.024208724489795934,0.17225,0.18,0.06085714285714294,1,1,1,0,0,0
2023-10-23,8,8-14d,0.056,0.0401428571428571,0.017780153061224494,0.0310071428571428,0.032,0.015857142857142903,1,1,1,0,0,0
2023-10-23,9,8-14d,0.055,0.0401428571428571,0.01763729591836735,0.0305785714285714,0.031,0.014857142857142902,1,1,1,0,0,0
2023-10-23,10,8-14d,0.054,0.0401428571428571,0.01749443877551021,0.0305785714285714,0.031,0.013857142857142901,1,1,1,0,0,0
2023-10-23,11,8-14d,0.054,0.0401428571428571,0.01749443877551021,0.0310071428571428,0.032,0.013857142857142901,1,1,1,0,0,0
2023-10-23,12,8-14d,0.053,0.0401428571428571,0.017351581632653067,0.0305785714285714,0.031,0.0128571428571429,1,1,1,0,0,0
2023-10-23,13,8-14d,0.053,0.0401428571428571,0.017351581632653067,0.0315785714285714,0.032,0.0128571428571429,1,1,1,0,0,0
2023-10-23,14,8-14d,0.052,0.0401428571428571,0.017208724489795924,0.0310071428571428,0.032,0.0118571428571429,1,1,1,0,0,0
2023-10-23,8,8-14d,0.18,0.2464285714285714,0.025004642857142854,0.0302357142857142,0.036,0.06642857142857142,1,1,1,0,0,0
2023-10-23,9,8-14d,0.177,0.2464285714285714,0.025433214285714285,0.0312357142857142,0.037,0.06942857142857142,1,1,1,0,0,0
2023-10-23,10,8-14d,0.175,0.2464285714285714,0.02571892857142857,0.0312357142857142,0.037,0.07142857142857142,1,1,1,0,0,0
2023-10-23,11,8-14d,0.173,0.2464285714285714,0.026004642857142855,0.0313785714285714,0.038,0.07342857142857143,1,1,1,0,0,0
2023-10-23,12,8-14d,0.171,0.2464285714285714,0.026290357142857136,0.0313785714285714,0.0379999999999999,0.0754285714285714,1,1,1,0,0,0
2023-10-23,13,8-14d,0.169,0.2464285714285714,0.026576071428571425,0.0316714285714285,0.0379999999999999,0.0774285714285714,1,1,1,0,0,0
2023-10-23,14,8-14d,0.167,0.2464285714285714,0.0271270918367347,0.0316999999999999,0.0379999999999999,0.0794285714285714,0,1,1,0,0,0
2023-10-23,8,8-14d,0.085,0.1245714285714285,0.021167908163265296,0.0320642857142857,0.035,0.039571428571428494,1,1,1,0,0,0
2023-10-23,9,8-14d,0.084,0.1245714285714285,0.02131076530612244,0.0317071428571428,0.034,0.040571428571428494,1,1,1,0,0,0
2023-10-23,10,8-14d,0.083,0.1245714285714285,0.02145362244897958,0.0317,0.034,0.041571428571428495,1,1,1,0,0,0
2023-10-23,11,8-14d,0.083,0.1245714285714285,0.02145362244897958,0.0327,0.035,0.041571428571428495,1,1,1,0,0,0
2023-10-23,12,8-14d,0.082,0.1245714285714285,0.021596479591836724,0.0327,0.035,0.042571428571428496,1,1,1,0,0,0
2023-10-23,13,8-14d,0.081,0.1245714285714285,0.021739336734693866,0.0324142857142857,0.035,0.0435714285714285,1,1,1,0,0,0
2023-10-23,14,8-14d,0.08,0.1245714285714285,0.02188219387755101,0.0324142857142857,0.035,0.0445714285714285,1,1,1,0,0,0
2023-10-23,8,8-14d,0.074,0.0781428571428571,0.016106683673469385,0.0141071428571428,0.018,0.004142857142857101,1,1,1,0,0,0
2023-10-23,9,8-14d,0.073,0.0781428571428571,0.016249540816326527,0.01475,0.019,0.005142857142857102,1,1,1,0,0,0
2023-10-23,10,8-14d,0.072,0.0781428571428571,0.01639239795918367,0.0151071428571428,0.019,0.006142857142857103,1,1,1,0,0,0
2023-10-23,11,8-14d,0.071,0.0781428571428571,0.016535255102040812,0.0152785714285714,0.02,0.007142857142857104,1,1,1,0,0,0
2023-10-23,12,8-14d,0.07,0.0781428571428571,0.01667811224489795,0.0158214285714285,0.0199999999999999,0.00814285714285709,1,1,1,0,0,0
2023-10-23,13,8-14d,0.07,0.0781428571428571,0.01667811224489795,0.0151357142857142,0.0189999999999999,0.00814285714285709,1,1,1,0,0,0
2023-10-23,14,8-14d,0.069,0.0781428571428571,0.016820969387755094,0.0153499999999999,0.0199999999999999,0.009142857142857092,1,1,1,0,0,0
2023-10-23,8,8-14d,0.317,0.3491428571428571,0.02010668367346938,0.2152714285714286,0.225,0.032142857142857084,1,1,1,0,0,0
2023-10-23,9,8-14d,0.316,0.3491428571428571,0.020249540816326524,0.2203071428571428,0.23,0.033142857142857085,1,1,1,0,0,0
2023-10-23,10,8-14d,0.316,0.3491428571428571,0.020249540816326524,0.2247642857142857,0.235,0.033142857142857085,1,1,1,0,0,0
2023-10-23,11,8-14d,0.315,0.3491428571428571,0.020392397959183666,0.2300285714285714,0.24,0.034142857142857086,1,1,1,0,0,0
2023-10-23,12,8-14d,0.314,0.3491428571428571,0.020535255102040812,0.2350285714285714,0.245,0.03514285714285709,1,1,1,0,0,0
2023-10-23,13,8-14d,0.313,0.3491428571428571,0.020678112244897955,0.2407714285714285,0.2509999999999999,0.03614285714285709,1,1,1,0,0,0
2023-10-23,14,8-14d,0.313,0.3491428571428571,0.020678112244897955,0.2447714285714285,0.2549999999999999,0.03614285714285709,1,1,1,0,0,0
2023-10-23,8,8-14d,0.049,0.0624285714285714,0.017433214285714285,0.0291214285714285,0.03,0.0134285714285714,1,1,1,0,0,0
2023-10-23,9,8-14d,0.048,0.0624285714285714,0.017576071428571427,0.02855,0.03,0.014428571428571402,1,1,1,0,0,0
2023-10-23,10,8-14d,0.048,0.0624285714285714,0.017576071428571427,0.0291142857142857,0.03,0.014428571428571402,1,1,1,0,0,0
2023-10-23,11,8-14d,0.048,0.0624285714285714,0.017576071428571427,0.02955,0.031,0.014428571428571402,1,1,1,0,0,0
2023-10-23,12,8-14d,0.048,0.0624285714285714,0.017576071428571427,0.0301142857142857,0.031,0.014428571428571402,1,1,1,0,0,0
2023-10-23,13,8-14d,0.048,0.0624285714285714,0.017576071428571427,0.0304785714285714,0.032,0.014428571428571402,1,1,1,0,0,0
2023-10-23,14,8-14d,0.047,0.0624285714285714,0.01771892857142857,0.0298285714285714,0.031,0.015428571428571403,1,1,1,0,0,0
2023-10-23,15,15-21d,0.082,0.13,0.02370795918367347,0.0038071428571428,0.0049999999999999,0.048,1,1,1,1,1,1
2023-10-23,16,15-21d,0.081,0.13,0.023850816326530612,0.0038142857142857,0.0049999999999999,0.049,1,1,1,1,1,1
2023-10-23,17,15-21d,0.08,0.13,0.023993673469387754,0.0038071428571428,0.005,0.05,1,1,1,1,1,1
2023-10-23,18,15-21d,0.08,0.13,0.023993673469387754,0.0038071428571428,0.005,0.05,1,1,1,1,1,1
2023-10-23,19,15-21d,0.079,0.13,0.0241365306122449,0.0038785714285714,0.005,0.051000000000000004,1,1,1,1,1,1
2023-10-23,20,15-21d,0.078,0.13,0.024279387755102043,0.0038142857142857,0.005,0.052000000000000005,1,1,1,1,1,1
2023-10-23,21,15-21d,0.077,0.13,0.024422244897959185,0.0038357142857142,0.005,0.053000000000000005,1,1,1,1,1,1
2023-10-23,15,15-21d,0.111,0.1751428571428571,0.026014081632653056,0.0288928571428571,0.04,0.0641428571428571,1,1,1,0,0,0
2023-10-23,16,15-21d,0.11,0.1751428571428571,0.0261569387755102,0.0291142857142857,0.0409999999999999,0.0651428571428571,1,1,1,0,0,0
2023-10-23,17,15-21d,0.109,0.1751428571428571,0.02629979591836734,0.02965,0.0409999999999999,0.0661428571428571,1,1,1,0,0,0
2023-10-23,18,15-21d,0.108,0.1751428571428571,0.026442653061224484,0.0296785714285714,0.0409999999999999,0.0671428571428571,1,1,1,0,0,0
2023-10-23,19,15-21d,0.107,0.1751428571428571,0.026585510204081626,0.0298928571428571,0.0409999999999999,0.0681428571428571,1,1,1,0,0,0
2023-10-23,20,15-21d,0.106,0.1751428571428571,0.02672836734693877,0.0304285714285714,0.0409999999999999,0.0691428571428571,1,1,1,0,0,0
2023-10-23,21,15-21d,0.105,0.1751428571428571,0.026871224489795915,0.0304285714285714,0.0409999999999999,0.0701428571428571,1,1,1,0,0,0
2023-10-23,15,15-21d,0.058,0.0162857142857142,0.02778959183673473,0.0035714285714285,0.007,0.0417142857142858,0,1,1,1,1,1
2023-10-23,16,15-21d,0.058,0.0162857142857142,0.02778959183673473,0.0036785714285714,0.008,0.0417142857142858,0,1,1,1,1,1
2023-10-23,17,15-21d,0.058,0.0162857142857142,0.02778959183673473,0.00375,0.008,0.0417142857142858,0,1,1,1,1,1
2023-10-23,18,15-21d,0.058,0.0162857142857142,0.02778959183673473,0.0039,0.009,0.0417142857142858,0,1,1,1,1,1
2023-10-23,19,15-21d,0.057,0.0162857142857142,0.027361020408163298,0.0037571428571428,0.008,0.0407142857142858,0,1,1,1,1,1
2023-10-23,20,15-21d,0.057,0.0162857142857142,0.027361020408163298,0.0038214285714285,0.008,0.0407142857142858,0,1,1,1,1,1
2023-10-23,21,15-21d,0.057,0.0162857142857142,0.027361020408163298,0.0039,0.009,0.0407142857142858,0,1,1,1,1,1
2023-10-23,15,15-21d,0.399,0.5768571428571428,0.08483040816326533,0.303542857142857,0.3249999999999999,0.17785714285714282,0,0,1,0,0,0
2023-10-23,16,15-21d,0.398,0.5768571428571428,0.08554469387755102,0.3077142857142857,0.3299999999999999,0.17885714285714283,0,0,1,0,0,0
2023-10-23,17,15-21d,0.396,0.5768571428571428,0.08697326530612245,0.3127857142857143,0.3349999999999999,0.18085714285714283,0,0,1,0,0,0
2023-10-23,18,15-21d,0.394,0.5768571428571428,0.08840183673469389,0.3178214285714285,0.3399999999999999,0.18285714285714283,0,0,1,0,0,0
2023-10-23,19,15-21d,0.392,0.5768571428571428,0.0898304081632653,0.3228214285714285,0.345,0.18485714285714283,0,0,1,0,0,0
2023-10-23,20,15-21d,0.39,0.5768571428571428,0.09125897959183674,0.3279642857142857,0.351,0.18685714285714283,0,0,1,0,0,0
2023-10-23,21,15-21d,0.388,0.5768571428571428,0.09268755102040817,0.3329499999999999,0.356,0.18885714285714283,0,0,1,0,0,0
2023-10-23,15,15-21d,0.07,0.0424285714285714,0.02172836734693879,0.0523142857142857,0.056,0.027571428571428608,0,1,1,0,0,0
2023-10-23,16,15-21d,0.07,0.0424285714285714,0.02172836734693879,0.0525928571428571,0.056,0.027571428571428608,0,1,1,0,0,0
2023-10-23,17,15-21d,0.07,0.0424285714285714,0.02172836734693879,0.0531,0.057,0.027571428571428608,0,1,1,0,0,0
2023-10-23,18,15-21d,0.07,0.0424285714285714,0.02172836734693879,0.0533142857142857,0.057,0.027571428571428608,0,1,1,0,0,0
2023-10-23,19,15-21d,0.069,0.0424285714285714,0.02129979591836736,0.05285,0.056,0.026571428571428607,0,1,1,0,0,0
2023-10-23,20,15-21d,0.069,0.0424285714285714,0.02129979591836736,0.0533142857142857,0.057,0.026571428571428607,0,1,1,0,0,0
2023-10-23,21,15-21d,0.069,0.0424285714285714,0.02129979591836736,0.0535928571428571,0.057,0.026571428571428607,0,1,1,0,0,0
2023-10-23,15,15-21d,0.068,0.2291428571428571,0.07289163265306121,0.0186642857142857,0.0339999999999999,0.1611428571428571,0,0,1,0,0,0
2023-10-23,16,15-21d,0.067,0.2291428571428571,0.07360591836734694,0.0180928571428571,0.034,0.1621428571428571,0,0,1,0,0,0
2023-10-23,17,15-21d,0.066,0.2291428571428571,0.07432020408163265,0.01795,0.033,0.1631428571428571,0,0,1,0,0,0
2023-10-23,18,15-21d,0.065,0.2291428571428571,0.07503448979591835,0.0176428571428571,0.033,0.1641428571428571,0,0,1,0,0,0
2023-10-23,19,15-21d,0.064,0.2291428571428571,0.07574877551020408,0.0171714285714285,0.033,0.1651428571428571,0,0,1,0,0,0
2023-10-23,20,15-21d,0.063,0.2291428571428571,0.07646306122448979,0.0170285714285714,0.032,0.1661428571428571,0,0,1,0,0,0
2023-10-23,21,15-21d,0.062,0.2291428571428571,0.07717734693877551,0.0169285714285714,0.032,0.1671428571428571,0,0,1,0,0,0
2023-10-23,15,15-21d,0.088,0.1359999999999999,0.02370795918367346,0.0188928571428571,0.0319999999999999,0.047999999999999904,1,1,1,0,0,0
2023-10-23,16,15-21d,0.087,0.1359999999999999,0.0238508163265306,0.0188928571428571,0.0319999999999999,0.048999999999999905,1,1,1,0,0,0
2023-10-23,17,15-21d,0.086,0.1359999999999999,0.023993673469387744,0.0191714285714285,0.0319999999999999,0.049999999999999906,1,1,1,0,0,0
2023-10-23,18,15-21d,0.086,0.1359999999999999,0.023993673469387744,0.0201714285714285,0.0329999999999999,0.049999999999999906,1,1,1,0,0,0
2023-10-23,19,15-21d,0.085,0.1359999999999999,0.024136530612244883,0.0201714285714285,0.033,0.05099999999999989,1,1,1,0,0,0
2023-10-23,20,15-21d,0.084,0.1359999999999999,0.024279387755102026,0.0201642857142857,0.033,0.051999999999999894,1,1,1,0,0,0
2023-10-23,21,15-21d,0.083,0.1359999999999999,0.024422244897959168,0.0201642857142857,0.033,0.052999999999999894,1,1,1,0,0,0
2023-10-23,15,15-21d,0.038,0.0172857142857142,0.01981000000000001,0.00975,0.019,0.0207142857142858,1,1,1,0,0,1
2023-10-23,16,15-21d,0.037,0.0172857142857142,0.019667142857142866,0.0101857142857142,0.02,0.0197142857142858,1,1,1,0,0,1
2023-10-23,17,15-21d,0.037,0.0172857142857142,0.019667142857142866,0.00975,0.019,0.0197142857142858,1,1,1,0,0,1
2023-10-23,18,15-21d,0.037,0.0172857142857142,0.019667142857142866,0.0091142857142857,0.018,0.0197142857142858,1,1,1,0,0,1
2023-10-23,19,15-21d,0.036,0.0172857142857142,0.019524285714285723,0.00975,0.019,0.018714285714285798,1,1,1,0,0,1
2023-10-23,20,15-21d,0.036,0.0172857142857142,0.019524285714285723,0.0090428571428571,0.018,0.018714285714285798,1,1,1,0,0,1
2023-10-23,21,15-21d,0.035,0.0172857142857142,0.019381428571428584,0.0097214285714285,0.0189999999999999,0.017714285714285804,1,1,1,0,0,1
2023-10-23,15,15-21d,0.459,0.3548571428571428,0.06374469387755102,0.2088785714285714,0.2409999999999999,0.1041428571428572,0,0,1,0,0,0
2023-10-23,16,15-21d,0.459,0.3548571428571428,0.06374469387755102,0.2129571428571428,0.2449999999999999,0.1041428571428572,0,0,1,0,0,0
2023-10-23,17,15-21d,0.459,0.3548571428571428,0.06374469387755102,0.2173428571428571,0.2499999999999999,0.1041428571428572,0,0,1,0,0,0
2023-10-23,18,15-21d,0.459,0.3548571428571428,0.06374469387755102,0.22135,0.2539999999999999,0.1041428571428572,0,0,1,0,0,0
2023-10-23,19,15-21d,0.46,0.3548571428571428,0.06445897959183675,0.2241428571428571,0.2569999999999999,0.1051428571428572,0,0,1,0,0,0
2023-10-23,20,15-21d,0.461,0.3548571428571428,0.06517326530612245,0.2271714285714285,0.2599999999999999,0.1061428571428572,0,0,1,0,0,0
2023-10-23,21,15-21d,0.461,0.3548571428571428,0.06517326530612245,0.2311714285714285,0.2639999999999999,0.1061428571428572,0,0,1,0,0,0
2023-10-23,15,15-21d,0.064,0.2537142857142857,0.09329979591836737,0.0412071428571428,0.045,0.18971428571428572,0,0,1,0,0,0
2023-10-23,16,15-21d,0.064,0.2537142857142857,0.09329979591836737,0.0414571428571428,0.045,0.18971428571428572,0,0,1,0,0,0
2023-10-23,17,15-21d,0.064,0.2537142857142857,0.09329979591836737,0.0422071428571428,0.046,0.18971428571428572,0,0,1,0,0,0
2023-10-23,18,15-21d,0.064,0.2537142857142857,0.09329979591836737,0.0427071428571428,0.046,0.18971428571428572,0,0,1,0,0,0
2023-10-23,19,15-21d,0.064,0.2537142857142857,0.09329979591836737,0.0431357142857142,0.047,0.18971428571428572,0,0,1,0,0,0
2023-10-23,20,15-21d,0.064,0.2537142857142857,0.09329979591836737,0.0437071428571428,0.047,0.18971428571428572,0,0,1,0,0,0
2023-10-23,21,15-21d,0.064,0.2537142857142857,0.09329979591836737,0.0441357142857142,0.048,0.18971428571428572,0,0,1,0,0,0
2023-10-23,15,15-21d,0.153,0.2221428571428571,0.02672836734693877,0.0011428571428571,0.001,0.06914285714285709,1,1,1,1,1,1
2023-10-23,16,15-21d,0.151,0.2221428571428571,0.027014081632653057,0.00115,0.001,0.07114285714285709,1,1,1,1,1,1
2023-10-23,17,15-21d,0.15,0.2221428571428571,0.0271569387755102,0.0010071428571428,0.0,0.07214285714285709,1,1,1,1,1,1
2023-10-23,18,15-21d,0.148,0.2221428571428571,0.027442653061224485,0.0010071428571428,0.0,0.0741428571428571,1,1,1,1,1,1
2023-10-23,19,15-21d,0.146,0.2221428571428571,0.02772836734693877,0.0009999999999999,0.0,0.0761428571428571,1,1,1,1,1,1
2023-10-23,20,15-21d,0.145,0.2221428571428571,0.027871224489795916,0.0009999999999999,0.0,0.0771428571428571,1,1,1,1,1,1
2023-10-23,21,15-21d,0.143,0.2221428571428571,0.0281569387755102,0.0009999999999999,0.0,0.0791428571428571,1,1,1,1,1,1
2023-10-23,15,15-21d,0.108,0.104,0.017422244897959186,0.0008928571428571,0.002,0.0040000000000000036,1,1,1,1,1,1
2023-10-23,16,15-21d,0.107,0.104,0.017279387755102044,0.0009928571428571,0.002,0.0030000000000000027,1,1,1,1,1,1
2023-10-23,17,15-21d,0.106,0.104,0.0171365306122449,0.0013499999999999,0.003,0.0020000000000000018,1,1,1,0,1,1
2023-10-23,18,15-21d,0.105,0.104,0.01699367346938776,0.0013499999999999,0.003,0.0010000000000000009,1,1,1,0,1,1
2023-10-23,19,15-21d,0.104,0.104,0.016850816326530616,0.0015642857142857,0.0039999999999999,0.0,1,1,1,0,1,1
2023-10-23,20,15-21d,0.103,0.104,0.01699367346938776,0.0017785714285714,0.0039999999999999,0.0010000000000000009,1,1,1,0,1,1
2023-10-23,21,15-21d,0.102,0.104,0.0171365306122449,0.0017785714285714,0.0039999999999999,0.0020000000000000018,1,1,1,0,1,1
2023-10-23,15,15-21d,0.037,0.0781428571428571,0.022728367346938772,0.0053428571428571,0.0069999999999999,0.0411428571428571,1,1,1,0,0,0
2023-10-23,16,15-21d,0.036,0.0781428571428571,0.022871224489795915,0.0058428571428571,0.008,0.0421428571428571,1,1,1,0,0,0
2023-10-23,17,15-21d,0.036,0.0781428571428571,0.022871224489795915,0.0050571428571428,0.0069999999999999,0.0421428571428571,1,1,1,0,0,0
2023-10-23,18,15-21d,0.035,0.0781428571428571,0.023014081632653054,0.0056214285714285,0.0069999999999999,0.043142857142857094,1,1,1,0,0,0
2023-10-23,19,15-21d,0.034,0.0781428571428571,0.023156938775510196,0.0058428571428571,0.008,0.044142857142857095,1,1,1,0,0,0
2023-10-23,20,15-21d,0.034,0.0781428571428571,0.023156938775510196,0.0050571428571428,0.0069999999999999,0.044142857142857095,1,1,1,0,0,0
2023-10-23,21,15-21d,0.033,0.0781428571428571,0.02329979591836734,0.0056214285714285,0.0069999999999999,0.045142857142857096,1,1,1,0,0,0
2023-10-23,15,15-21d,0.472,0.5298571428571429,0.02511612244897961,0.1745285714285714,0.182,0.05785714285714294,1,1,1,0,0,0
2023-10-23,16,15-21d,0.474,0.5298571428571429,0.024830408163265323,0.1775285714285714,0.185,0.05585714285714294,1,1,1,0,0,0
2023-10-23,17,15-21d,0.477,0.5298571428571429,0.024401836734693896,0.1796,0.187,0.052857142857142936,1,1,1,0,0,0
2023-10-23,18,15-21d,0.479,0.5298571428571429,0.02411612244897961,0.1826071428571429,0.19,0.050857142857142934,1,1,1,0,0,0
2023-10-23,19,15-21d,0.481,0.5298571428571429,0.023830408163265322,0.1853285714285714,0.193,0.04885714285714293,1,1,1,0,0,0
2023-10-23,20,15-21d,0.484,0.5298571428571429,0.023401836734693895,0.1873285714285714,0.195,0.04585714285714293,1,1,1,0,0,0
2023-10-23,21,15-21d,0.486,0.5298571428571429,0.02311612244897961,0.1903214285714286,0.198,0.04385714285714293,1,1,1,0,0,0
2023-10-23,15,15-21d,0.051,0.0401428571428571,0.018401836734693883,0.0305785714285714,0.0309999999999999,0.010857142857142899,1,1,1,0,0,0
2023-10-23,16,15-21d,0.051,0.0401428571428571,0.018401836734693883,0.0313571428571428,0.032,0.010857142857142899,1,1,1,0,0,0
2023-10-23,17,15-21d,0.05,0.0401428571428571,0.018258979591836744,0.0309785714285714,0.032,0.009857142857142905,1,1,1,0,0,0
2023-10-23,18,15-21d,0.049,0.0401428571428571,0.0181161224489796,0.0305714285714285,0.031,0.008857142857142904,1,1,1,0,0,0
2023-10-23,19,15-21d,0.049,0.0401428571428571,0.0181161224489796,0.0310071428571428,0.032,0.008857142857142904,1,1,1,0,0,0
2023-10-23,20,15-21d,0.048,0.0401428571428571,0.017973265306122456,0.0305714285714285,0.031,0.007857142857142903,1,1,1,0,0,0
2023-10-23,21,15-21d,0.048,0.0401428571428571,0.017973265306122456,0.0310071428571428,0.032,0.007857142857142903,1,1,1,0,0,0
2023-10-23,15,15-21d,0.164,0.2464285714285714,0.028626326530612246,0.0327,0.039,0.0824285714285714,1,1,1,0,0,0
2023-10-23,16,15-21d,0.162,0.2464285714285714,0.02891204081632653,0.0327,0.039,0.08442857142857141,1,1,1,0,0,0
2023-10-23,17,15-21d,0.16,0.2464285714285714,0.029197755102040816,0.0327,0.039,0.08642857142857141,1,1,1,0,0,0
2023-10-23,18,15-21d,0.158,0.2464285714285714,0.0294834693877551,0.0327,0.039,0.08842857142857141,1,1,1,0,0,0
2023-10-23,19,15-21d,0.156,0.2464285714285714,0.030299795918367366,0.0327071428571428,0.039,0.09042857142857141,0,1,1,0,0,0
2023-10-23,20,15-21d,0.154,0.2464285714285714,0.031156938775510224,0.0327071428571428,0.039,0.09242857142857142,0,1,1,0,0,0
2023-10-23,21,15-21d,0.152,0.2464285714285714,0.03201408163265308,0.0328071428571428,0.039,0.09442857142857142,0,1,1,0,0,0
2023-10-23,15,15-21d,0.08,0.1245714285714285,0.023218163265306114,0.0330642857142857,0.036,0.0445714285714285,1,1,1,0,0,0
2023-10-23,16,15-21d,0.079,0.1245714285714285,0.023361020408163256,0.0329142857142857,0.035,0.0455714285714285,1,1,1,0,0,0
2023-10-23,17,15-21d,0.078,0.1245714285714285,0.0235038775510204,0.0327,0.035,0.0465714285714285,1,1,1,0,0,0
2023-10-23,18,15-21d,0.077,0.1245714285714285,0.02364673469387754,0.0327,0.0349999999999999,0.0475714285714285,1,1,1,0,0,0
2023-10-23,19,15-21d,0.076,0.1245714285714285,0.023789591836734684,0.0326714285714285,0.0349999999999999,0.0485714285714285,1,1,1,0,0,0
2023-10-23,20,15-21d,0.075,0.1245714285714285,0.023932448979591826,0.0323357142857142,0.0349999999999999,0.0495714285714285,1,1,1,0,0,0
2023-10-23,21,15-21d,0.075,0.1245714285714285,0.023932448979591826,0.0329142857142857,0.0349999999999999,0.0495714285714285,1,1,1,0,0,0
2023-10-23,15,15-21d,0.068,0.0781428571428571,0.018299795918367338,0.0158571428571428,0.0199999999999999,0.010142857142857092,1,1,1,0,0,0
2023-10-23,16,15-21d,0.067,0.0781428571428571,0.01844265306122448,0.0162785714285714,0.0209999999999999,0.011142857142857093,1,1,1,0,0,0
2023-10-23,17,15-21d,0.066,0.0781428571428571,0.018585510204081623,0.0163857142857142,0.0209999999999999,0.012142857142857094,1,1,1,0,0,0
2023-10-23,18,15-21d,0.066,0.0781428571428571,0.018585510204081623,0.0158571428571428,0.0199999999999999,0.012142857142857094,1,1,1,0,0,0
2023-10-23,19,15-21d,0.065,0.0781428571428571,0.01872836734693877,0.0163785714285714,0.0209999999999999,0.013142857142857095,1,1,1,0,0,0
2023-10-23,20,15-21d,0.064,0.0781428571428571,0.01887122448979591,0.0168571428571428,0.021,0.014142857142857096,1,1,1,0,0,0
2023-10-23,21,15-21d,0.063,0.0781428571428571,0.019014081632653054,0.0168571428571428,0.021,0.015142857142857097,1,1,1,0,0,0
2023-10-23,15,15-21d,0.312,0.3491428571428571,0.0221569387755102,0.2501357142857143,0.2599999999999999,0.03714285714285709,1,1,1,0,0,0
2023-10-23,16,15-21d,0.311,0.3491428571428571,0.02229979591836734,0.2551357142857142,0.2649999999999999,0.03814285714285709,1,1,1,0,0,0
2023-10-23,17,15-21d,0.31,0.3491428571428571,0.022442653061224484,0.2604999999999999,0.2709999999999999,0.03914285714285709,1,1,1,0,0,0
2023-10-23,18,15-21d,0.309,0.3491428571428571,0.022585510204081626,0.2656,0.2759999999999999,0.04014285714285709,1,1,1,0,0,0
2023-10-23,19,15-21d,0.308,0.3491428571428571,0.022728367346938772,0.2706071428571427,0.2809999999999999,0.04114285714285709,1,1,1,0,0,0
2023-10-23,20,15-21d,0.307,0.3491428571428571,0.022871224489795915,0.2756071428571428,0.286,0.04214285714285709,1,1,1,0,0,0
2023-10-23,21,15-21d,0.306,0.3491428571428571,0.023014081632653057,0.2808214285714285,0.292,0.043142857142857094,1,1,1,0,0,0
2023-10-23,15,15-21d,0.047,0.0624285714285714,0.019054897959183668,0.0303285714285714,0.031,0.015428571428571403,1,1,1,0,0,0
2023-10-23,16,15-21d,0.047,0.0624285714285714,0.019054897959183668,0.0304785714285714,0.032,0.015428571428571403,1,1,1,0,0,0
2023-10-23,17,15-21d,0.047,0.0624285714285714,0.019054897959183668,0.0311142857142857,0.032,0.015428571428571403,1,1,1,0,0,0
2023-10-23,18,15-21d,0.047,0.0624285714285714,0.019054897959183668,0.0314714285714285,0.033,0.015428571428571403,1,1,1,0,0,0
2023-10-23,19,15-21d,0.046,0.0624285714285714,0.01919775510204081,0.0310857142857142,0.032,0.016428571428571404,1,1,1,0,0,0
2023-10-23,20,15-21d,0.046,0.0624285714285714,0.01919775510204081,0.0311142857142857,0.032,0.016428571428571404,1,1,1,0,0,0
2023-10-23,21,15-21d,0.046,0.0624285714285714,0.01919775510204081,0.0314714285714285,0.033,0.016428571428571404,1,1,1,0,0,0
2023-10-23,22,22-30d,0.076,0.13,0.02586107142857143,0.0040285714285714,0.006,0.054000000000000006,1,1,1,1,1,1
2023-10-23,23,22-30d,0.075,0.13,0.026003928571428574,0.0040285714285714,0.006,0.05500000000000001,1,1,1,1,1,1
2023-10-23,24,22-30d,0.074,0.13,0.026146785714285716,0.0039857142857142,0.006,0.05600000000000001,1,1,1,1,1,1
2023-10-23,25,22-30d,0.073,0.13,0.02628964285714286,0.0041714285714285,0.007,0.05700000000000001,1,1,1,1,1,1
2023-10-23,26,22-30d,0.073,0.13,0.02628964285714286,0.0040357142857142,0.006,0.05700000000000001,1,1,1,1,1,1
2023-10-23,27,22-30d,0.072,0.13,0.0264325,0.0041357142857142,0.006,0.05800000000000001,1,1,1,1,1,1
2023-10-23,28,22-30d,0.071,0.13,0.026575357142857144,0.0040571428571428,0.006,0.05900000000000001,1,1,1,1,1,1
2023-10-23,29,22-30d,0.07,0.13,0.026718214285714286,0.0042071428571428,0.0069999999999999,0.06,1,1,1,1,1,1
2023-10-23,30,22-30d,0.069,0.13,0.026861071428571432,0.0042785714285714,0.0069999999999999,0.061,1,1,1,1,1,1
2023-10-23,22,22-30d,0.104,0.1751428571428571,0.02831005102040816,0.0304214285714285,0.0409999999999999,0.0711428571428571,1,1,1,0,0,0
2023-10-23,23,22-30d,0.103,0.1751428571428571,0.028452908163265307,0.0305642857142857,0.0419999999999999,0.0721428571428571,1,1,1,0,0,0
2023-10-23,24,22-30d,0.102,0.1751428571428571,0.02859576530612245,0.0310571428571428,0.0419999999999999,0.0731428571428571,1,1,1,0,0,0
2023-10-23,25,22-30d,0.101,0.1751428571428571,0.028738622448979585,0.0313142857142857,0.042,0.0741428571428571,1,1,1,0,0,0
2023-10-23,26,22-30d,0.1,0.1751428571428571,0.028881479591836727,0.0313142857142857,0.042,0.0751428571428571,1,1,1,0,0,0
2023-10-23,27,22-30d,0.099,0.1751428571428571,0.02902433673469387,0.0313142857142857,0.042,0.0761428571428571,1,1,1,0,0,0
2023-10-23,28,22-30d,0.097,0.1751428571428571,0.029310051020408154,0.0305857142857142,0.041,0.0781428571428571,1,1,1,0,0,0
2023-10-23,29,22-30d,0.096,0.1751428571428571,0.029452908163265297,0.0305857142857142,0.041,0.0791428571428571,1,1,1,0,0,0
2023-10-23,30,22-30d,0.095,0.1751428571428571,0.02959576530612244,0.0305857142857142,0.041,0.0801428571428571,1,1,1,0,0,0
2023-10-23,22,22-30d,0.056,0.0162857142857142,0.028799846938775544,0.0037857142857142,0.008,0.0397142857142858,0,1,1,1,1,1
2023-10-23,23,22-30d,0.056,0.0162857142857142,0.028799846938775544,0.0038571428571428,0.008,0.0397142857142858,0,1,1,1,1,1
2023-10-23,24,22-30d,0.056,0.0162857142857142,0.028799846938775544,0.0040357142857142,0.009,0.0397142857142858,0,1,1,1,1,1
2023-10-23,25,22-30d,0.056,0.0162857142857142,0.028799846938775544,0.0040071428571428,0.009,0.0397142857142858,0,1,1,1,1,1
2023-10-23,26,22-30d,0.055,0.0162857142857142,0.028371275510204113,0.004,0.009,0.0387142857142858,0,1,1,1,1,1
2023-10-23,27,22-30d,0.055,0.0162857142857142,0.028371275510204113,0.0040357142857142,0.009,0.0387142857142858,0,1,1,1,1,1
2023-10-23,28,22-30d,0.055,0.0162857142857142,0.028371275510204113,0.0040071428571428,0.009,0.0387142857142858,0,1,1,1,1,1
2023-10-23,29,22-30d,0.054,0.0162857142857142,0.027942704081632685,0.0040071428571428,0.009,0.0377142857142858,0,1,1,1,1,1
2023-10-23,30,22-30d,0.054,0.0162857142857142,0.027942704081632685,0.0040428571428571,0.009,0.0377142857142858,0,1,1,1,1,1
2023-10-23,22,22-30d,0.386,0.5768571428571428,0.09097535714285716,0.3376928571428571,0.361,0.19085714285714284,0,0,1,0,0,0
2023-10-23,23,22-30d,0.384,0.5768571428571428,0.09240392857142858,0.3426928571428571,0.366,0.19285714285714284,0,0,1,0,0,0
2023-10-23,24,22-30d,0.382,0.5768571428571428,0.09383250000000001,0.3474142857142857,0.371,0.19485714285714284,0,0,1,0,0,0
2023-10-23,25,22-30d,0.38,0.5768571428571428,0.09526107142857144,0.3524142857142857,0.376,0.19685714285714284,0,0,1,0,0,0
2023-10-23,26,22-30d,0.378,0.5768571428571428,0.09668964285714288,0.3573428571428572,0.382,0.19885714285714284,0,0,1,0,0,0
2023-10-23,27,22-30d,0.376,0.5768571428571428,0.09811821428571431,0.3618071428571428,0.387,0.20085714285714285,0,0,1,0,0,0
2023-10-23,28,22-30d,0.375,0.5768571428571428,0.09883250000000003,0.3658071428571428,0.391,0.20185714285714285,0,0,1,0,0,0
2023-10-23,29,22-30d,0.373,0.5768571428571428,0.10026107142857146,0.3703142857142857,0.396,0.20385714285714285,0,0,1,0,0,0
2023-10-23,30,22-30d,0.371,0.5768571428571428,0.1016896428571429,0.3751642857142857,0.4,0.20585714285714285,0,0,1,0,0,0
2023-10-23,22,22-30d,0.069,0.0424285714285714,0.023167193877551034,0.05385,0.057,0.026571428571428607,0,1,1,0,0,0
2023-10-23,23,22-30d,0.069,0.0424285714285714,0.023167193877551034,0.0544857142857142,0.058,0.026571428571428607,0,1,1,0,0,0
2023-10-23,24,22-30d,0.068,0.0424285714285714,0.022738622448979607,0.05385,0.057,0.025571428571428606,0,1,1,0,0,0
2023-10-23,25,22-30d,0.068,0.0424285714285714,0.022738622448979607,0.0541285714285714,0.057,0.025571428571428606,0,1,1,0,0,0
2023-10-23,26,22-30d,0.068,0.0424285714285714,0.022738622448979607,0.0544857142857142,0.058,0.025571428571428606,0,1,1,0,0,0
2023-10-23,27,22-30d,0.068,0.0424285714285714,0.022738622448979607,0.0547428571428571,0.058,0.025571428571428606,0,1,1,0,0,0
2023-10-23,28,22-30d,0.067,0.0424285714285714,0.022310051020408176,0.0541285714285714,0.057,0.024571428571428605,0,1,1,0,0,0
2023-10-23,29,22-30d,0.067,0.0424285714285714,0.022310051020408176,0.0544857142857142,0.058,0.024571428571428605,0,1,1,0,0,0
2023-10-23,30,22-30d,0.067,0.0424285714285714,0.022310051020408176,0.0550214285714285,0.058,0.024571428571428605,0,1,1,0,0,0
2023-10-23,22,22-30d,0.061,0.2291428571428571,0.07475086734693877,0.0166714285714285,0.032,0.1681428571428571,0,0,1,0,0,0
2023-10-23,23,22-30d,0.059,0.2291428571428571,0.07617943877551019,0.0173142857142857,0.032,0.1701428571428571,0,0,1,0,0,0
2023-10-23,24,22-30d,0.058,0.2291428571428571,0.07689372448979591,0.0170357142857142,0.0319999999999999,0.1711428571428571,0,0,1,0,0,0
2023-10-23,25,22-30d,0.058,0.2291428571428571,0.07689372448979591,0.0160357142857142,0.0309999999999999,0.1711428571428571,0,0,1,0,0,0
2023-10-23,26,22-30d,0.057,0.2291428571428571,0.07760801020408162,0.0160357142857142,0.0309999999999999,0.1721428571428571,0,0,1,0,0,0
2023-10-23,27,22-30d,0.056,0.2291428571428571,0.07832229591836734,0.0157071428571428,0.0309999999999999,0.1731428571428571,0,0,1,0,0,0
2023-10-23,28,22-30d,0.055,0.2291428571428571,0.07903658163265305,0.0156785714285714,0.0309999999999999,0.1741428571428571,0,0,1,0,0,0
2023-10-23,29,22-30d,0.054,0.2291428571428571,0.07975086734693877,0.0155357142857142,0.03,0.1751428571428571,0,0,1,0,0,0
2023-10-23,30,22-30d,0.053,0.2291428571428571,0.08046515306122448,0.0152571428571428,0.03,0.1761428571428571,0,0,1,0,0,0
2023-10-23,22,22-30d,0.083,0.1359999999999999,0.02571821428571427,0.0210642857142857,0.034,0.052999999999999894,1,1,1,0,0,0
2023-10-23,23,22-30d,0.082,0.1359999999999999,0.025861071428571414,0.0209214285714285,0.033,0.053999999999999895,1,1,1,0,0,0
2023-10-23,24,22-30d,0.081,0.1359999999999999,0.026003928571428556,0.0209214285714285,0.033,0.054999999999999896,1,1,1,0,0,0
2023-10-23,25,22-30d,0.08,0.1359999999999999,0.0261467857142857,0.0214142857142857,0.033,0.0559999999999999,1,1,1,0,0,0
2023-10-23,26,22-30d,0.08,0.1359999999999999,0.0261467857142857,0.0224142857142857,0.034,0.0559999999999999,1,1,1,0,0,0
2023-10-23,27,22-30d,0.079,0.1359999999999999,0.02628964285714284,0.0224499999999999,0.034,0.0569999999999999,1,1,1,0,0,0
2023-10-23,28,22-30d,0.078,0.1359999999999999,0.026432499999999987,0.0224214285714285,0.034,0.0579999999999999,1,1,1,0,0,0
2023-10-23,29,22-30d,0.077,0.1359999999999999,0.02657535714285713,0.0224214285714285,0.034,0.0589999999999999,1,1,1,0,0,0
2023-10-23,30,22-30d,0.077,0.1359999999999999,0.02657535714285713,0.0232071428571428,0.034,0.0589999999999999,1,1,1,0,0,0
2023-10-23,22,22-30d,0.035,0.0172857142857142,0.020677397959183687,0.0090428571428571,0.0179999999999999,0.017714285714285804,1,1,1,0,0,1
2023-10-23,23,22-30d,0.034,0.0172857142857142,0.020534540816326545,0.0093999999999999,0.0179999999999999,0.016714285714285803,1,1,1,0,0,1
2023-10-23,24,22-30d,0.034,0.0172857142857142,0.020534540816326545,0.0090428571428571,0.0179999999999999,0.016714285714285803,1,1,1,0,0,1
2023-10-23,25,22-30d,0.033,0.0172857142857142,0.020391683673469402,0.0091357142857142,0.0179999999999999,0.015714285714285802,1,1,1,0,0,1
2023-10-23,26,22-30d,0.033,0.0172857142857142,0.020391683673469402,0.0088999999999999,0.017,0.015714285714285802,1,1,1,0,0,1
2023-10-23,27,22-30d,0.033,0.0172857142857142,0.020391683673469402,0.0083214285714285,0.017,0.015714285714285802,1,1,1,0,0,1
2023-10-23,28,22-30d,0.032,0.0172857142857142,0.020248826530612257,0.0088714285714285,0.017,0.014714285714285801,1,1,1,0,0,1
2023-10-23,29,22-30d,0.032,0.0172857142857142,0.020248826530612257,0.0083214285714285,0.017,0.014714285714285801,1,1,1,0,0,1
2023-10-23,30,22-30d,0.032,0.0172857142857142,0.020248826530612257,0.0081714285714285,0.016,0.014714285714285801,1,1,1,0,0,1
2023-10-23,22,22-30d,0.461,0.3548571428571428,0.061040663265306126,0.2349642857142857,0.2679999999999999,0.1061428571428572,0,0,1,0,0,0
2023-10-23,23,22-30d,0.461,0.3548571428571428,0.061040663265306126,0.2387499999999999,0.2719999999999999,0.1061428571428572,0,0,1,0,0,0
2023-10-23,24,22-30d,0.461,0.3548571428571428,0.061040663265306126,0.2424928571428571,0.2759999999999999,0.1061428571428572,0,0,1,0,0,0
2023-10-23,25,22-30d,0.461,0.3548571428571428,0.061040663265306126,0.2462142857142857,0.2799999999999999,0.1061428571428572,0,0,1,0,0,0
2023-10-23,26,22-30d,0.462,0.3548571428571428,0.06175494897959184,0.2492142857142856,0.283,0.1071428571428572,0,0,1,0,0,0
2023-10-23,27,22-30d,0.462,0.3548571428571428,0.06175494897959184,0.2524642857142857,0.287,0.1071428571428572,0,0,1,0,0,0
2023-10-23,28,22-30d,0.462,0.3548571428571428,0.06175494897959184,0.2564571428571428,0.291,0.1071428571428572,0,0,1,0,0,0
2023-10-23,29,22-30d,0.462,0.3548571428571428,0.06175494897959184,0.2599642857142856,0.294,0.1071428571428572,0,0,1,0,0,0
2023-10-23,30,22-30d,0.463,0.3548571428571428,0.06246923469387756,0.2624642857142857,0.297,0.10814285714285721,0,0,1,0,0,0
2023-10-23,22,22-30d,0.064,0.2537142857142857,0.09015903061224494,0.0447,0.048,0.18971428571428572,0,0,1,0,0,0
2023-10-23,23,22-30d,0.064,0.2537142857142857,0.09015903061224494,0.0451071428571428,0.049,0.18971428571428572,0,0,1,0,0,0
2023-10-23,24,22-30d,0.064,0.2537142857142857,0.09015903061224494,0.0456285714285714,0.049,0.18971428571428572,0,0,1,0,0,0
2023-10-23,25,22-30d,0.064,0.2537142857142857,0.09015903061224494,0.0459571428571428,0.049,0.18971428571428572,0,0,1,0,0,0
2023-10-23,26,22-30d,0.064,0.2537142857142857,0.09015903061224494,0.0463857142857142,0.05,0.18971428571428572,0,0,1,0,0,0
2023-10-23,27,22-30d,0.064,0.2537142857142857,0.09015903061224494,0.0468857142857142,0.05,0.18971428571428572,0,0,1,0,0,0
2023-10-23,28,22-30d,0.064,0.2537142857142857,0.09015903061224494,0.0473785714285714,0.051,0.18971428571428572,0,0,1,0,0,0
2023-10-23,29,22-30d,0.064,0.2537142857142857,0.09015903061224494,0.04785,0.051,0.18971428571428572,0,0,1,0,0,0
2023-10-23,30,22-30d,0.064,0.2537142857142857,0.09015903061224494,0.0481642857142857,0.051,0.18971428571428572,0,0,1,0,0,0
2023-10-23,22,22-30d,0.142,0.2221428571428571,0.02959576530612244,0.0011428571428571,0.001,0.0801428571428571,1,1,1,1,1,1
2023-10-23,23,22-30d,0.14,0.2221428571428571,0.029881479591836728,0.0011428571428571,0.001,0.08214285714285707,1,1,1,1,1,1
2023-10-23,24,22-30d,0.139,0.2221428571428571,0.03002433673469387,0.0012571428571428,0.002,0.08314285714285707,1,1,1,1,1,1
2023-10-23,25,22-30d,0.137,0.2221428571428571,0.030310051020408155,0.0013285714285714,0.002,0.08514285714285708,1,1,1,1,1,1
2023-10-23,26,22-30d,0.136,0.2221428571428571,0.030452908163265298,0.0014714285714285,0.003,0.08614285714285708,1,1,1,1,1,1
2023-10-23,27,22-30d,0.134,0.2221428571428571,0.030738622448979586,0.0014714285714285,0.003,0.08814285714285708,1,1,1,1,1,1
2023-10-23,28,22-30d,0.133,0.2221428571428571,0.03088147959183673,0.00155,0.004,0.08914285714285708,1,1,1,1,1,1
2023-10-23,29,22-30d,0.131,0.2221428571428571,0.031167193877551014,0.0015785714285714,0.004,0.09114285714285708,1,1,1,1,1,1
2023-10-23,30,22-30d,0.13,0.2221428571428571,0.03131005102040816,0.0018571428571428,0.004,0.09214285714285708,1,1,1,0,1,1
2023-10-23,22,22-30d,0.101,0.104,0.01857535714285714,0.0019928571428571,0.005,0.002999999999999989,1,1,1,0,1,1
2023-10-23,23,22-30d,0.1,0.104,0.018718214285714286,0.0022071428571428,0.005,0.00399999999999999,1,1,1,0,1,1
2023-10-23,24,22-30d,0.099,0.104,0.01886107142857143,0.0022071428571428,0.005,0.0049999999999999906,1,1,1,0,1,1
2023-10-23,25,22-30d,0.098,0.104,0.01900392857142857,0.0024214285714285,0.006,0.0059999999999999915,1,1,1,0,1,1
2023-10-23,26,22-30d,0.097,0.104,0.019146785714285713,0.0027142857142857,0.006,0.006999999999999992,1,1,1,0,0,1
2023-10-23,27,22-30d,0.096,0.104,0.019289642857142856,0.0029214285714285,0.006,0.007999999999999993,1,1,1,0,0,1
2023-10-23,28,22-30d,0.095,0.104,0.0194325,0.0029214285714285,0.006,0.008999999999999994,1,1,1,0,0,1
2023-10-23,29,22-30d,0.095,0.104,0.0194325,0.0044214285714285,0.008,0.008999999999999994,1,1,1,0,0,0
2023-10-23,30,22-30d,0.094,0.104,0.01957535714285714,0.0046428571428571,0.008,0.009999999999999995,1,1,1,0,0,0
2023-10-23,22,22-30d,0.033,0.0781428571428571,0.024595765306122445,0.0048428571428571,0.0069999999999999,0.045142857142857096,1,1,1,0,0,0
2023-10-23,23,22-30d,0.032,0.0781428571428571,0.024738622448979588,0.0050571428571428,0.0069999999999999,0.0461428571428571,1,1,1,0,0,0
2023-10-23,24,22-30d,0.032,0.0781428571428571,0.024738622448979588,0.0046214285714285,0.0059999999999999,0.0461428571428571,1,1,1,0,0,0
2023-10-23,25,22-30d,0.031,0.0781428571428571,0.02488147959183673,0.0048428571428571,0.0069999999999999,0.0471428571428571,1,1,1,0,0,0
2023-10-23,26,22-30d,0.031,0.0781428571428571,0.02488147959183673,0.0043142857142857,0.0059999999999999,0.0471428571428571,1,1,1,0,0,0
2023-10-23,27,22-30d,0.03,0.0781428571428571,0.025024336734693873,0.0047,0.0059999999999999,0.0481428571428571,1,1,1,0,0,0
2023-10-23,28,22-30d,0.03,0.0781428571428571,0.025024336734693873,0.0038428571428571,0.0059999999999999,0.0481428571428571,1,1,1,0,0,0
2023-10-23,29,22-30d,0.029,0.0781428571428571,0.025167193877551015,0.0045928571428571,0.006,0.0491428571428571,1,1,1,0,0,0
2023-10-23,30,22-30d,0.029,0.0781428571428571,0.025167193877551015,0.0038428571428571,0.006,0.0491428571428571,1,1,1,0,0,0
2023-10-23,22,22-30d,0.489,0.5298571428571429,0.023983520408163282,0.19225,0.1999999999999999,0.040857142857142925,1,1,1,0,0,0
2023-10-23,23,22-30d,0.491,0.5298571428571429,0.023697806122448994,0.19485,0.2019999999999999,0.03885714285714292,1,1,1,0,0,0
2023-10-23,24,22-30d,0.493,0.5298571428571429,0.02341209183673471,0.1976357142857142,0.2049999999999999,0.03685714285714292,1,1,1,0,0,0
2023-10-23,25,22-30d,0.496,0.5298571428571429,0.02298352040816328,0.1993571428571428,0.2069999999999999,0.03385714285714292,1,1,1,0,0,0
2023-10-23,26,22-30d,0.498,0.5298571428571429,0.022697806122448993,0.201992857142857,0.2099999999999999,0.03185714285714292,1,1,1,0,0,0
2023-10-23,27,22-30d,0.5,0.5298571428571429,0.022412091836734708,0.2043571428571428,0.2119999999999999,0.029857142857142915,1,1,1,0,0,0
2023-10-23,28,22-30d,0.502,0.5298571428571429,0.022126377551020423,0.207,0.2149999999999999,0.027857142857142914,1,1,1,0,0,0
2023-10-23,29,22-30d,0.505,0.5298571428571429,0.021697806122448992,0.2083571428571428,0.2159999999999999,0.02485714285714291,1,1,1,0,0,0
2023-10-23,30,22-30d,0.507,0.5298571428571429,0.021412091836734707,0.211,0.2189999999999999,0.02285714285714291,1,1,1,0,0,0
2023-10-23,22,22-30d,0.047,0.0401428571428571,0.019126377551020417,0.0305714285714285,0.031,0.006857142857142902,1,1,1,0,0,0
2023-10-23,23,22-30d,0.046,0.0401428571428571,0.018983520408163274,0.0302857142857142,0.031,0.005857142857142901,1,1,1,0,0,0
2023-10-23,24,22-30d,0.046,0.0401428571428571,0.018983520408163274,0.0305714285714285,0.031,0.005857142857142901,1,1,1,0,0,0
2023-10-23,25,22-30d,0.045,0.0401428571428571,0.01884066326530613,0.0302857142857142,0.031,0.0048571428571429,1,1,1,0,0,0
2023-10-23,26,22-30d,0.045,0.0401428571428571,0.01884066326530613,0.0305714285714285,0.031,0.0048571428571429,1,1,1,0,0,0
2023-10-23,27,22-30d,0.044,0.0401428571428571,0.018697806122448986,0.0299785714285714,0.031,0.0038571428571428992,1,1,1,0,0,0
2023-10-23,28,22-30d,0.044,0.0401428571428571,0.018697806122448986,0.0305714285714285,0.031,0.0038571428571428992,1,1,1,0,0,0
2023-10-23,29,22-30d,0.043,0.0401428571428571,0.018554948979591843,0.0298285714285714,0.03,0.0028571428571428983,1,1,1,0,0,0
2023-10-23,30,22-30d,0.042,0.0401428571428571,0.0184120918367347,0.0292857142857142,0.03,0.0018571428571429044,1,1,1,0,0,0
2023-10-23,22,22-30d,0.15,0.2464285714285714,0.03192229591836735,0.0328071428571428,0.039,0.09642857142857142,1,1,1,0,0,0
2023-10-23,23,22-30d,0.148,0.2464285714285714,0.032208010204081636,0.0330214285714285,0.039,0.09842857142857142,1,1,1,0,0,0
2023-10-23,24,22-30d,0.146,0.2464285714285714,0.0330447448979592,0.0332785714285714,0.039,0.10042857142857142,0,1,1,0,0,0
2023-10-23,25,22-30d,0.144,0.2464285714285714,0.033901887755102056,0.0334285714285714,0.04,0.10242857142857142,0,1,1,0,0,0
2023-10-23,26,22-30d,0.142,0.2464285714285714,0.03475903061224491,0.0334571428571428,0.04,0.10442857142857143,0,1,1,0,0,0
2023-10-23,27,22-30d,0.14,0.2464285714285714,0.03561617346938776,0.0334571428571428,0.0399999999999999,0.1064285714285714,0,1,1,0,0,0
2023-10-23,28,22-30d,0.138,0.2464285714285714,0.036473316326530614,0.0335285714285714,0.0399999999999999,0.1084285714285714,0,1,1,0,0,0
2023-10-23,29,22-30d,0.136,0.2464285714285714,0.03733045918367347,0.0340214285714285,0.0399999999999999,0.1104285714285714,0,1,1,0,0,0
2023-10-23,30,22-30d,0.134,0.2464285714285714,0.03818760204081633,0.0340214285714285,0.0399999999999999,0.1124285714285714,0,1,1,0,0,0
2023-10-23,22,22-30d,0.074,0.1245714285714285,0.025371275510204072,0.0326999999999999,0.0349999999999999,0.0505714285714285,1,1,1,0,0,0
2023-10-23,23,22-30d,0.073,0.1245714285714285,0.025514132653061215,0.0326714285714285,0.0349999999999999,0.051571428571428504,1,1,1,0,0,0
2023-10-23,24,22-30d,0.072,0.1245714285714285,0.025656989795918357,0.0323357142857142,0.0349999999999999,0.052571428571428505,1,1,1,0,0,0
2023-10-23,25,22-30d,0.071,0.1245714285714285,0.0257998469387755,0.0319142857142857,0.0339999999999999,0.053571428571428506,1,1,1,0,0,0
2023-10-23,26,22-30d,0.07,0.1245714285714285,0.025942704081632646,0.0316714285714285,0.034,0.05457142857142849,1,1,1,0,0,0
2023-10-23,27,22-30d,0.07,0.1245714285714285,0.025942704081632646,0.0325928571428571,0.035,0.05457142857142849,1,1,1,0,0,0
2023-10-23,28,22-30d,0.069,0.1245714285714285,0.026085561224489788,0.0323357142857142,0.035,0.055571428571428494,1,1,1,0,0,0
2023-10-23,29,22-30d,0.068,0.1245714285714285,0.02622841836734693,0.0318785714285714,0.034,0.056571428571428495,1,1,1,0,0,0
2023-10-23,30,22-30d,0.067,0.1245714285714285,0.026371275510204073,0.0315928571428571,0.034,0.057571428571428496,1,1,1,0,0,0
2023-10-23,22,22-30d,0.062,0.0781428571428571,0.020452908163265303,0.0173857142857142,0.022,0.016142857142857098,1,1,1,0,0,0
2023-10-23,23,22-30d,0.062,0.0781428571428571,0.020452908163265303,0.0168571428571428,0.021,0.016142857142857098,1,1,1,0,0,0
2023-10-23,24,22-30d,0.061,0.0781428571428571,0.020595765306122445,0.0173785714285714,0.022,0.0171428571428571,1,1,1,0,0,0
2023-10-23,25,22-30d,0.06,0.0781428571428571,0.020738622448979588,0.0173857142857142,0.022,0.0181428571428571,1,1,1,0,0,0
2023-10-23,26,22-30d,0.059,0.0781428571428571,0.02088147959183673,0.0178571428571428,0.022,0.0191428571428571,1,1,1,0,0,0
2023-10-23,27,22-30d,0.059,0.0781428571428571,0.02088147959183673,0.0173857142857142,0.022,0.0191428571428571,1,1,1,0,0,0
2023-10-23,28,22-30d,0.058,0.0781428571428571,0.02102433673469387,0.0173857142857142,0.022,0.020142857142857094,1,1,1,0,0,0
2023-10-23,29,22-30d,0.057,0.0781428571428571,0.021167193877551012,0.0178857142857142,0.022,0.021142857142857095,1,1,1,0,0,0
2023-10-23,30,22-30d,0.056,0.0781428571428571,0.021310051020408154,0.0183857142857142,0.023,0.022142857142857096,1,1,1,0,0,0
2023-10-23,22,22-30d,0.305,0.3491428571428571,0.024452908163265303,0.2858285714285714,0.297,0.044142857142857095,1,1,1,0,0,0
2023-10-23,23,22-30d,0.304,0.3491428571428571,0.024595765306122445,0.2908571428571428,0.302,0.045142857142857096,1,1,1,0,0,0
2023-10-23,24,22-30d,0.302,0.3491428571428571,0.02488147959183673,0.2970714285714285,0.308,0.0471428571428571,1,1,1,0,0,0
2023-10-23,25,22-30d,0.301,0.3491428571428571,0.025024336734693873,0.3017999999999999,0.313,0.0481428571428571,1,1,1,0,0,0
2023-10-23,26,22-30d,0.3,0.3491428571428571,0.025167193877551015,0.3068714285714286,0.318,0.0491428571428571,1,1,1,0,0,0
2023-10-23,27,22-30d,0.299,0.3491428571428571,0.025310051020408158,0.3118714285714286,0.323,0.0501428571428571,1,1,1,0,0,0
2023-10-23,28,22-30d,0.297,0.3491428571428571,0.025595765306122446,0.3178714285714285,0.329,0.0521428571428571,1,1,1,0,0,0
2023-10-23,29,22-30d,0.296,0.3491428571428571,0.02573862244897959,0.3228714285714286,0.334,0.0531428571428571,1,1,1,0,0,0
2023-10-23,30,22-30d,0.295,0.3491428571428571,0.02588147959183673,0.3278714285714286,0.339,0.054142857142857104,1,1,1,0,0,0
2023-10-23,22,22-30d,0.046,0.0624285714285714,0.020493724489795917,0.0320857142857142,0.033,0.016428571428571404,1,1,1,0,0,0
2023-10-23,23,22-30d,0.046,0.0624285714285714,0.020493724489795917,0.0323,0.033,0.016428571428571404,1,1,1,0,0,0
2023-10-23,24,22-30d,0.045,0.0624285714285714,0.02063658163265306,0.03175,0.033,0.017428571428571404,1,1,1,0,0,0
2023-10-23,25,22-30d,0.045,0.0624285714285714,0.02063658163265306,0.0320857142857142,0.033,0.017428571428571404,1,1,1,0,0,0
2023-10-23,26,22-30d,0.045,0.0624285714285714,0.02063658163265306,0.0323,0.033,0.017428571428571404,1,1,1,0,0,0
2023-10-23,27,22-30d,0.045,0.0624285714285714,0.02063658163265306,0.03275,0.034,0.017428571428571404,1,1,1,0,0,0
2023-10-23,28,22-30d,0.044,0.0624285714285714,0.020779438775510202,0.0320071428571428,0.033,0.018428571428571405,1,1,1,0,0,0
2023-10-23,29,22-30d,0.044,0.0624285714285714,0.020779438775510202,0.0320857142857142,0.033,0.018428571428571405,1,1,1,0,0,0
2023-10-23,30,22-30d,0.044,0.0624285714285714,0.020779438775510202,0.0325785714285714,0.033,0.018428571428571405,1,1,1,0,0,0
2023-11-07,1,1-7d,0.081,0.0918571428571428,0.013692448979591834,0.0210642857142857,0.035,0.010857142857142801,1,1,1,0,0,0
2023-11-07,2,1-7d,0.08,0.0918571428571428,0.013835306122448977,0.0218285714285714,0.036,0.011857142857142802,1,1,1,0,0,0
2023-11-07,3,1-7d,0.08,0.0918571428571428,0.013835306122448977,0.0210785714285714,0.035,0.011857142857142802,1,1,1,0,0,0
2023-11-07,4,1-7d,0.079,0.0918571428571428,0.013978163265306121,0.0218642857142857,0.036,0.012857142857142803,1,1,1,0,0,0
2023-11-07,5,1-7d,0.078,0.0918571428571428,0.014121020408163263,0.02245,0.036,0.013857142857142804,1,1,1,0,0,0
2023-11-07,6,1-7d,0.077,0.0918571428571428,0.014263877551020406,0.0229785714285714,0.037,0.014857142857142805,1,1,1,0,0,0
2023-11-07,7,1-7d,0.076,0.0918571428571428,0.014406734693877548,0.0239071428571428,0.038,0.015857142857142806,1,1,1,0,0,0
2023-11-07,1,1-7d,0.11,0.2517142857142857,0.06357000000000003,0.0074357142857142,0.017,0.14171428571428574,0,0,1,0,1,1
2023-11-07,2,1-7d,0.109,0.2517142857142857,0.06428428571428575,0.0074285714285714,0.017,0.14271428571428574,0,0,1,0,1,1
2023-11-07,3,1-7d,0.108,0.2517142857142857,0.06499857142857146,0.0074999999999999,0.017,0.14371428571428574,0,0,1,0,1,1
2023-11-07,4,1-7d,0.107,0.2517142857142857,0.06571285714285717,0.0074999999999999,0.017,0.14471428571428574,0,0,1,0,1,1
2023-11-07,5,1-7d,0.106,0.2517142857142857,0.06642714285714289,0.0076428571428571,0.018,0.14571428571428574,0,0,1,0,1,1
2023-11-07,6,1-7d,0.105,0.2517142857142857,0.0671414285714286,0.0076428571428571,0.018,0.14671428571428574,0,0,1,0,1,1
2023-11-07,7,1-7d,0.104,0.2517142857142857,0.06785571428571432,0.0076428571428571,0.018,0.14771428571428574,0,0,1,0,1,1
2023-11-07,1,1-7d,0.058,0.1004285714285714,0.01820265306122449,0.0117928571428571,0.025,0.04242857142857139,1,1,1,0,0,1
2023-11-07,2,1-7d,0.058,0.1004285714285714,0.01820265306122449,0.0119714285714285,0.026,0.04242857142857139,1,1,1,0,0,1
2023-11-07,3,1-7d,0.058,0.1004285714285714,0.01820265306122449,0.0120428571428571,0.026,0.04242857142857139,1,1,1,0,0,1
2023-11-07,4,1-7d,0.057,0.1004285714285714,0.018345510204081632,0.0127999999999999,0.027,0.04342857142857139,1,1,1,0,0,1
2023-11-07,5,1-7d,0.057,0.1004285714285714,0.018345510204081632,0.0128285714285714,0.027,0.04342857142857139,1,1,1,0,0,1
2023-11-07,6,1-7d,0.057,0.1004285714285714,0.018345510204081632,0.0128357142857142,0.027,0.04342857142857139,1,1,1,0,0,1
2023-11-07,7,1-7d,0.056,0.1004285714285714,0.01848836734693878,0.0136571428571428,0.028,0.044428571428571394,1,1,1,0,0,1
2023-11-07,1,1-7d,0.398,0.2411428571428571,0.1230434693877551,0.1446571428571428,0.1799999999999999,0.15685714285714292,0,0,0,0,0,0
2023-11-07,2,1-7d,0.396,0.2411428571428571,0.12104346938775509,0.1479428571428571,0.1839999999999999,0.15485714285714292,0,0,0,0,0,0
2023-11-07,3,1-7d,0.394,0.2411428571428571,0.11904346938775509,0.1516642857142857,0.1879999999999999,0.1528571428571429,0,0,0,0,0,0
2023-11-07,4,1-7d,0.392,0.2411428571428571,0.11704346938775509,0.1551642857142857,0.1919999999999999,0.1508571428571429,0,0,0,0,0,0
2023-11-07,5,1-7d,0.39,0.2411428571428571,0.11504346938775509,0.1584214285714285,0.1959999999999999,0.1488571428571429,0,0,0,0,0,0
2023-11-07,6,1-7d,0.388,0.2411428571428571,0.11304346938775509,0.1622142857142857,0.1999999999999999,0.1468571428571429,0,0,0,0,0,0
2023-11-07,7,1-7d,0.386,0.2411428571428571,0.11104346938775508,0.1653285714285714,0.2029999999999999,0.1448571428571429,0,0,0,0,0,0
2023-11-07,1,1-7d,0.07,0.1575714285714285,0.032774081632653045,0.039,0.044,0.0875714285714285,0,1,1,0,0,0
2023-11-07,2,1-7d,0.07,0.1575714285714285,0.032774081632653045,0.0394357142857142,0.045,0.0875714285714285,0,1,1,0,0,0
2023-11-07,3,1-7d,0.07,0.1575714285714285,0.032774081632653045,0.0399714285714285,0.045,0.0875714285714285,0,1,1,0,0,0
2023-11-07,4,1-7d,0.069,0.1575714285714285,0.033202653061224476,0.0394285714285714,0.045,0.0885714285714285,0,1,1,0,0,0
2023-11-07,5,1-7d,0.069,0.1575714285714285,0.033202653061224476,0.0399714285714285,0.045,0.0885714285714285,0,1,1,0,0,0
2023-11-07,6,1-7d,0.069,0.1575714285714285,0.033202653061224476,0.0402571428571428,0.045,0.0885714285714285,0,1,1,0,0,0
2023-11-07,7,1-7d,0.069,0.1575714285714285,0.033202653061224476,0.0409642857142857,0.046,0.0885714285714285,0,1,1,0,0,0
2023-11-07,1,1-7d,0.151,0.2408571428571428,0.03375367346938775,0.0125285714285714,0.016,0.0898571428571428,0,1,1,0,0,0
2023-11-07,2,1-7d,0.15,0.2408571428571428,0.03418224489795917,0.0115285714285714,0.015,0.0908571428571428,0,1,1,0,0,0
2023-11-07,3,1-7d,0.148,0.2408571428571428,0.035039387755102035,0.0115357142857142,0.015,0.0928571428571428,0,1,1,0,0,0
2023-11-07,4,1-7d,0.146,0.2408571428571428,0.0358965306122449,0.0116071428571428,0.015,0.0948571428571428,0,1,1,0,0,0
2023-11-07,5,1-7d,0.145,0.2408571428571428,0.03632510204081633,0.0108214285714285,0.014,0.09585714285714281,0,1,1,0,0,0
2023-11-07,6,1-7d,0.143,0.2408571428571428,0.03718224489795918,0.0108214285714285,0.014,0.09785714285714281,0,1,1,0,0,0
2023-11-07,7,1-7d,0.142,0.2408571428571428,0.03761081632653061,0.01025,0.014,0.09885714285714281,0,1,1,0,0,0
2023-11-07,1,1-7d,0.107,0.0662857142857143,0.02405979591836734,0.0011071428571428,0.003,0.0407142857142857,0,1,1,1,1,1
2023-11-07,2,1-7d,0.106,0.0662857142857143,0.023631224489795908,0.0009642857142857,0.002,0.0397142857142857,0,1,1,1,1,1
2023-11-07,3,1-7d,0.105,0.0662857142857143,0.02320265306122448,0.0009214285714285,0.002,0.0387142857142857,0,1,1,1,1,1
2023-11-07,4,1-7d,0.104,0.0662857142857143,0.02277408163265305,0.0009214285714285,0.002,0.0377142857142857,0,1,1,1,1,1
2023-11-07,5,1-7d,0.103,0.0662857142857143,0.022345510204081622,0.0008928571428571,0.002,0.0367142857142857,0,1,1,1,1,1
2023-11-07,6,1-7d,0.102,0.0662857142857143,0.02191693877551019,0.0008214285714285,0.001,0.0357142857142857,0,1,1,1,1,1
2023-11-07,7,1-7d,0.101,0.0662857142857143,0.021488367346938767,0.0008499999999999,0.0009999999999999,0.03471428571428571,0,1,1,1,1,1
2023-11-07,1,1-7d,0.036,0.0482857142857142,0.013896530612244893,0.0046214285714285,0.006,0.012285714285714205,1,1,1,0,0,0
2023-11-07,2,1-7d,0.036,0.0482857142857142,0.013896530612244893,0.0038357142857142,0.006,0.012285714285714205,1,1,1,0,0,0
2023-11-07,3,1-7d,0.035,0.0482857142857142,0.014039387755102033,0.0040499999999999,0.0059999999999999,0.0132857142857142,1,1,1,0,0,0
2023-11-07,4,1-7d,0.034,0.0482857142857142,0.014182244897959176,0.0046214285714285,0.0059999999999999,0.0142857142857142,1,1,1,0,0,0
2023-11-07,5,1-7d,0.034,0.0482857142857142,0.014182244897959176,0.0038357142857142,0.0059999999999999,0.0142857142857142,1,1,1,0,0,0
2023-11-07,6,1-7d,0.033,0.0482857142857142,0.014325102040816318,0.0043071428571428,0.0059999999999999,0.015285714285714201,1,1,1,0,0,0
2023-11-07,7,1-7d,0.033,0.0482857142857142,0.014325102040816318,0.0038357142857142,0.0059999999999999,0.015285714285714201,1,1,1,0,0,0
2023-11-07,1,1-7d,0.474,0.4791428571428571,0.012876122448979595,0.1502642857142857,0.155,0.005142857142857116,1,1,1,0,0,0
2023-11-07,2,1-7d,0.477,0.4791428571428571,0.012447551020408166,0.1519857142857143,0.157,0.002142857142857113,1,1,1,0,0,0
2023-11-07,3,1-7d,0.479,0.4791428571428571,0.012161836734693881,0.1549857142857143,0.16,0.00014285714285711126,1,1,1,0,0,0
2023-11-07,4,1-7d,0.481,0.4791428571428571,0.012406734693877564,0.1579142857142857,0.163,0.0018571428571428905,1,1,1,0,0,0
2023-11-07,5,1-7d,0.484,0.4791428571428571,0.012835306122448991,0.1597,0.165,0.004857142857142893,1,1,1,0,0,0
2023-11-07,6,1-7d,0.486,0.4791428571428571,0.013121020408163278,0.1627,0.168,0.006857142857142895,1,1,1,0,0,0
2023-11-07,7,1-7d,0.489,0.4791428571428571,0.013549591836734707,0.1640214285714286,0.169,0.009857142857142898,1,1,1,0,0,0
2023-11-07,1,1-7d,0.051,0.1287142857142857,0.0285495918367347,0.0247499999999999,0.0259999999999999,0.07771428571428571,0,1,1,0,0,0
2023-11-07,2,1-7d,0.05,0.1287142857142857,0.028978163265306132,0.0243,0.025,0.0787142857142857,0,1,1,0,0,0
2023-11-07,3,1-7d,0.049,0.1287142857142857,0.02940673469387756,0.0240857142857142,0.025,0.0797142857142857,0,1,1,0,0,0
2023-11-07,4,1-7d,0.049,0.1287142857142857,0.02940673469387756,0.02475,0.026,0.0797142857142857,0,1,1,0,0,0
2023-11-07,5,1-7d,0.048,0.1287142857142857,0.02983530612244899,0.0243,0.025,0.0807142857142857,0,1,1,0,0,0
2023-11-07,6,1-7d,0.048,0.1287142857142857,0.02983530612244899,0.0250071428571428,0.026,0.0807142857142857,0,1,1,0,0,0
2023-11-07,7,1-7d,0.047,0.1287142857142857,0.03026387755102042,0.0247499999999999,0.026,0.0817142857142857,0,1,1,0,0,0
2023-11-07,1,1-7d,0.162,0.2022857142857142,0.01789653061224489,0.0355928571428571,0.041,0.0402857142857142,1,1,1,0,0,0
2023-11-07,2,1-7d,0.16,0.2022857142857142,0.018182244897959176,0.0360571428571428,0.042,0.042285714285714204,1,1,1,0,0,0
2023-11-07,3,1-7d,0.158,0.2022857142857142,0.018467959183673464,0.0363142857142857,0.042,0.044285714285714206,1,1,1,0,0,0
2023-11-07,4,1-7d,0.156,0.2022857142857142,0.01875367346938775,0.0370571428571428,0.043,0.04628571428571421,1,1,1,0,0,0
2023-11-07,5,1-7d,0.154,0.2022857142857142,0.019039387755102034,0.0370571428571428,0.043,0.04828571428571421,1,1,1,0,0,0
2023-11-07,6,1-7d,0.152,0.2022857142857142,0.019325102040816323,0.0377785714285714,0.044,0.05028571428571421,1,1,1,0,0,0
2023-11-07,7,1-7d,0.15,0.2022857142857142,0.019610816326530608,0.0380571428571428,0.044,0.05228571428571421,1,1,1,0,0,0
2023-11-07,1,1-7d,0.079,0.2282857142857143,0.06897816326530615,0.0147,0.018,0.1492857142857143,0,0,1,0,0,0
2023-11-07,2,1-7d,0.078,0.2282857142857143,0.06969244897959186,0.0142785714285714,0.017,0.1502857142857143,0,0,1,0,0,0
2023-11-07,3,1-7d,0.077,0.2282857142857143,0.07040673469387758,0.0142714285714285,0.017,0.1512857142857143,0,0,1,0,0,0
2023-11-07,4,1-7d,0.076,0.2282857142857143,0.07112102040816329,0.0139142857142857,0.017,0.1522857142857143,0,0,1,0,0,0
2023-11-07,5,1-7d,0.075,0.2282857142857143,0.07183530612244901,0.0139142857142857,0.0169999999999999,0.1532857142857143,0,0,1,0,0,0
2023-11-07,6,1-7d,0.075,0.2282857142857143,0.07183530612244901,0.0147,0.0179999999999999,0.1532857142857143,0,0,1,0,0,0
2023-11-07,7,1-7d,0.074,0.2282857142857143,0.07254959183673472,0.0142714285714285,0.0169999999999999,0.1542857142857143,0,0,1,0,0,0
2023-11-07,1,1-7d,0.067,0.112,0.018570000000000003,0.0180357142857142,0.0219999999999999,0.045,1,1,1,0,0,0
2023-11-07,2,1-7d,0.066,0.112,0.018712857142857146,0.0187857142857142,0.0229999999999999,0.046,1,1,1,0,0,0
2023-11-07,3,1-7d,0.066,0.112,0.018712857142857146,0.0180357142857142,0.0219999999999999,0.046,1,1,1,0,0,0
2023-11-07,4,1-7d,0.065,0.112,0.018855714285714288,0.0187857142857142,0.0229999999999999,0.047,1,1,1,0,0,0
2023-11-07,5,1-7d,0.064,0.112,0.01899857142857143,0.0190357142857142,0.0229999999999999,0.048,1,1,1,0,0,0
2023-11-07,6,1-7d,0.063,0.112,0.019141428571428577,0.0195071428571428,0.0239999999999999,0.049,1,1,1,0,0,0
2023-11-07,7,1-7d,0.062,0.112,0.01928428571428572,0.0200357142857142,0.0239999999999999,0.05,1,1,1,0,0,0
2023-11-07,1,1-7d,0.311,0.2974285714285714,0.014080204081632667,0.1815071428571428,0.189,0.013571428571428623,1,1,1,0,0,0
2023-11-07,2,1-7d,0.31,0.2974285714285714,0.013937346938775522,0.1856785714285714,0.194,0.012571428571428622,1,1,1,0,0,0
2023-11-07,3,1-7d,0.309,0.2974285714285714,0.01379448979591838,0.19025,0.198,0.011571428571428621,1,1,1,0,0,0
2023-11-07,4,1-7d,0.308,0.2974285714285714,0.013651632653061237,0.1945428571428571,0.202,0.01057142857142862,1,1,1,0,0,0
2023-11-07,5,1-7d,0.307,0.2974285714285714,0.013508775510204093,0.1987571428571428,0.207,0.00957142857142862,1,1,1,0,0,0
2023-11-07,6,1-7d,0.306,0.2974285714285714,0.01336591836734695,0.2030071428571428,0.211,0.008571428571428619,1,1,1,0,0,0
2023-11-07,7,1-7d,0.305,0.2974285714285714,0.013223061224489808,0.2070857142857143,0.215,0.007571428571428618,1,1,1,0,0,0
2023-11-07,1,1-7d,0.047,0.0455714285714285,0.012345510204081646,0.01705,0.019,0.0014285714285715012,1,1,1,0,0,0
2023-11-07,2,1-7d,0.047,0.0455714285714285,0.012345510204081646,0.0174142857142857,0.019,0.0014285714285715012,1,1,1,0,0,0
2023-11-07,3,1-7d,0.047,0.0455714285714285,0.012345510204081646,0.01805,0.02,0.0014285714285715012,1,1,1,0,0,0
2023-11-07,4,1-7d,0.046,0.0455714285714285,0.012202653061224504,0.0174142857142857,0.019,0.0004285714285715003,1,1,1,0,0,0
2023-11-07,5,1-7d,0.046,0.0455714285714285,0.012202653061224504,0.01805,0.02,0.0004285714285715003,1,1,1,0,0,0
2023-11-07,6,1-7d,0.046,0.0455714285714285,0.012202653061224504,0.0183357142857142,0.02,0.0004285714285715003,1,1,1,0,0,0
2023-11-07,7,1-7d,0.046,0.0455714285714285,0.012202653061224504,0.0186928571428571,0.02,0.0004285714285715003,1,1,1,0,0,0
2023-11-07,8,8-14d,0.075,0.0918571428571428,0.016848316326530603,0.0242428571428571,0.038,0.016857142857142807,1,1,1,0,0,0
2023-11-07,9,8-14d,0.074,0.0918571428571428,0.016991173469387746,0.0249928571428571,0.039,0.017857142857142808,1,1,1,0,0,0
2023-11-07,10,8-14d,0.073,0.0918571428571428,0.017134030612244888,0.0253571428571428,0.039,0.01885714285714281,1,1,1,0,0,0
2023-11-07,11,8-14d,0.073,0.0918571428571428,0.017134030612244888,0.0250285714285714,0.039,0.01885714285714281,1,1,1,0,0,0
2023-11-07,12,8-14d,0.072,0.0918571428571428,0.01727688775510203,0.0257571428571428,0.04,0.01985714285714281,1,1,1,0,0,0
2023-11-07,13,8-14d,0.071,0.0918571428571428,0.017419744897959173,0.0261142857142857,0.04,0.02085714285714281,1,1,1,0,0,0
2023-11-07,14,8-14d,0.07,0.0918571428571428,0.017562602040816316,0.0268357142857142,0.0409999999999999,0.021857142857142797,1,1,1,0,0,0
2023-11-07,8,8-14d,0.103,0.2517142857142857,0.05841974489795919,0.0078357142857142,0.0179999999999999,0.14871428571428574,0,1,1,0,1,1
2023-11-07,9,8-14d,0.102,0.2517142857142857,0.05884831632653061,0.0078357142857142,0.0179999999999999,0.14971428571428574,0,1,1,0,1,1
2023-11-07,10,8-14d,0.101,0.2517142857142857,0.059276887755102044,0.0078357142857142,0.018,0.15071428571428572,0,1,1,0,1,1
2023-11-07,11,8-14d,0.1,0.2517142857142857,0.059705459183673475,0.0078357142857142,0.018,0.15171428571428572,0,1,1,0,1,1
2023-11-07,12,8-14d,0.099,0.2517142857142857,0.060134030612244906,0.0078357142857142,0.018,0.15271428571428572,0,1,1,0,1,1
2023-11-07,13,8-14d,0.097,0.2517142857142857,0.06126872448979594,0.0074071428571428,0.017,0.15471428571428572,0,0,1,0,1,1
2023-11-07,14,8-14d,0.096,0.2517142857142857,0.06198301020408165,0.0074357142857142,0.017,0.15571428571428572,0,0,1,0,1,1
2023-11-07,8,8-14d,0.056,0.1004285714285714,0.020787091836734686,0.0136714285714285,0.028,0.044428571428571394,1,1,1,0,0,1
2023-11-07,9,8-14d,0.056,0.1004285714285714,0.020787091836734686,0.0136999999999999,0.028,0.044428571428571394,1,1,1,0,0,1
2023-11-07,10,8-14d,0.056,0.1004285714285714,0.020787091836734686,0.0138071428571428,0.028,0.044428571428571394,1,1,1,0,0,1
2023-11-07,11,8-14d,0.055,0.1004285714285714,0.020929948979591828,0.0142714285714285,0.029,0.045428571428571395,1,1,1,0,0,1
2023-11-07,12,8-14d,0.055,0.1004285714285714,0.020929948979591828,0.0143785714285714,0.029,0.045428571428571395,1,1,1,0,0,1
2023-11-07,13,8-14d,0.055,0.1004285714285714,0.020929948979591828,0.0144142857142857,0.029,0.045428571428571395,1,1,1,0,0,1
2023-11-07,14,8-14d,0.054,0.1004285714285714,0.02107280612244897,0.0151357142857142,0.03,0.046428571428571395,1,1,1,0,0,1
2023-11-07,8,8-14d,0.384,0.2411428571428571,0.10206260204081653,0.1688214285714286,0.2069999999999999,0.1428571428571429,0,0,0,0,0,0
2023-11-07,9,8-14d,0.382,0.2411428571428571,0.10006260204081652,0.1720785714285714,0.2109999999999999,0.1408571428571429,0,0,0,0,0,0
2023-11-07,10,8-14d,0.38,0.2411428571428571,0.09806260204081653,0.1757999999999999,0.2149999999999999,0.1388571428571429,0,0,0,0,0,0
2023-11-07,11,8-14d,0.378,0.2411428571428571,0.09606260204081653,0.1790571428571428,0.2189999999999999,0.1368571428571429,0,0,0,0,0,0
2023-11-07,12,8-14d,0.376,0.2411428571428571,0.09406260204081653,0.1823785714285714,0.2219999999999999,0.1348571428571429,0,0,0,0,0,0
2023-11-07,13,8-14d,0.375,0.2411428571428571,0.09306260204081651,0.1846357142857142,0.2249999999999999,0.1338571428571429,0,0,0,0,0,0
2023-11-07,14,8-14d,0.373,0.2411428571428571,0.0915013775510204,0.1883857142857143,0.2289999999999999,0.1318571428571429,0,0,1,0,0,0
2023-11-07,8,8-14d,0.069,0.1575714285714285,0.03264423469387751,0.0411857142857142,0.046,0.0885714285714285,0,1,1,0,0,0
2023-11-07,9,8-14d,0.068,0.1575714285714285,0.03307280612244894,0.0406857142857142,0.046,0.0895714285714285,0,1,1,0,0,0
2023-11-07,10,8-14d,0.068,0.1575714285714285,0.03307280612244894,0.0411785714285714,0.046,0.0895714285714285,0,1,1,0,0,0
2023-11-07,11,8-14d,0.068,0.1575714285714285,0.03307280612244894,0.0414428571428571,0.046,0.0895714285714285,0,1,1,0,0,0
2023-11-07,12,8-14d,0.068,0.1575714285714285,0.03307280612244894,0.0421785714285714,0.047,0.0895714285714285,0,1,1,0,0,0
2023-11-07,13,8-14d,0.067,0.1575714285714285,0.033501377551020374,0.0414357142857142,0.046,0.0905714285714285,0,1,1,0,0,0
2023-11-07,14,8-14d,0.067,0.1575714285714285,0.033501377551020374,0.0418642857142857,0.047,0.0905714285714285,0,1,1,0,0,0
2023-11-07,8,8-14d,0.14,0.2408571428571428,0.03790954081632649,0.0105285714285714,0.0139999999999999,0.10085714285714278,0,1,1,0,0,0
2023-11-07,9,8-14d,0.139,0.2408571428571428,0.03833811224489792,0.0095285714285714,0.0129999999999999,0.10185714285714279,0,1,1,0,0,0
2023-11-07,10,8-14d,0.137,0.2408571428571428,0.039195255102040784,0.0095357142857142,0.0129999999999999,0.10385714285714279,0,1,1,0,0,0
2023-11-07,11,8-14d,0.136,0.2408571428571428,0.03962382653061221,0.0086071428571428,0.0119999999999999,0.10485714285714279,0,1,1,0,0,0
2023-11-07,12,8-14d,0.134,0.2408571428571428,0.04048096938775507,0.0086071428571428,0.0119999999999999,0.10685714285714279,0,1,1,0,0,0
2023-11-07,13,8-14d,0.133,0.2408571428571428,0.040909540816326494,0.0079928571428571,0.0119999999999999,0.10785714285714279,0,1,1,0,0,0
2023-11-07,14,8-14d,0.131,0.2408571428571428,0.041766683673469356,0.0079928571428571,0.0119999999999999,0.10985714285714279,0,1,1,0,0,0
2023-11-07,8,8-14d,0.1,0.0662857142857143,0.023970765306122434,0.0007785714285714,0.001,0.03371428571428571,0,1,1,1,1,1
2023-11-07,9,8-14d,0.099,0.0662857142857143,0.023542193877551004,0.0007499999999999,0.001,0.03271428571428571,0,1,1,1,1,1
2023-11-07,10,8-14d,0.098,0.0662857142857143,0.023113622448979576,0.0008214285714285,0.001,0.03171428571428571,0,1,1,1,1,1
2023-11-07,11,8-14d,0.097,0.0662857142857143,0.02268505102040815,0.0006785714285714,0.0,0.030714285714285708,0,1,1,1,1,1
2023-11-07,12,8-14d,0.096,0.0662857142857143,0.022256479591836718,0.0007071428571428,0.0,0.029714285714285707,0,1,1,1,1,1
2023-11-07,13,8-14d,0.095,0.0662857142857143,0.02182790816326529,0.0006357142857142,0.0,0.028714285714285706,0,1,1,1,1,1
2023-11-07,14,8-14d,0.095,0.0662857142857143,0.02182790816326529,0.00075,0.001,0.028714285714285706,0,1,1,1,1,1
2023-11-07,8,8-14d,0.032,0.0482857142857142,0.01676668367346937,0.00405,0.0059999999999999,0.016285714285714202,1,1,1,0,0,0
2023-11-07,9,8-14d,0.032,0.0482857142857142,0.01676668367346937,0.0036214285714285,0.0049999999999999,0.016285714285714202,1,1,1,0,0,0
2023-11-07,10,8-14d,0.031,0.0482857142857142,0.016909540816326514,0.0038357142857142,0.0059999999999999,0.017285714285714203,1,1,1,0,0,0
2023-11-07,11,8-14d,0.031,0.0482857142857142,0.016909540816326514,0.0033071428571428,0.0049999999999999,0.017285714285714203,1,1,1,0,0,0
2023-11-07,12,8-14d,0.03,0.0482857142857142,0.017052397959183657,0.0038357142857142,0.0059999999999999,0.018285714285714204,1,1,1,0,0,0
2023-11-07,13,8-14d,0.03,0.0482857142857142,0.017052397959183657,0.0033071428571428,0.005,0.018285714285714204,1,1,1,0,0,0
2023-11-07,14,8-14d,0.029,0.0482857142857142,0.017195255102040796,0.0036214285714285,0.005,0.0192857142857142,1,1,1,0,0,0
2023-11-07,8,8-14d,0.491,0.4791428571428571,0.016134030612244898,0.1670142857142857,0.172,0.0118571428571429,1,1,1,0,0,0
2023-11-07,9,8-14d,0.493,0.4791428571428571,0.016419744897959186,0.1697,0.175,0.013857142857142901,1,1,1,0,0,0
2023-11-07,10,8-14d,0.496,0.4791428571428571,0.016848316326530614,0.1711642857142857,0.177,0.016857142857142904,1,1,1,0,0,0
2023-11-07,11,8-14d,0.498,0.4791428571428571,0.017603418367346947,0.1740142857142857,0.179,0.018857142857142906,0,1,1,0,0,0
2023-11-07,12,8-14d,0.5,0.4791428571428571,0.018460561224489806,0.1761642857142857,0.182,0.020857142857142907,0,1,1,0,0,0
2023-11-07,13,8-14d,0.502,0.4791428571428571,0.019317704081632664,0.1790214285714286,0.184,0.02285714285714291,0,1,1,0,0,0
2023-11-07,14,8-14d,0.505,0.4791428571428571,0.02060341836734695,0.1801642857142857,0.1859999999999999,0.025857142857142912,0,1,1,0,0,0
2023-11-07,8,8-14d,0.046,0.1287142857142857,0.03013403061224489,0.0240857142857142,0.0249999999999999,0.0827142857142857,0,1,1,0,0,0
2023-11-07,9,8-14d,0.046,0.1287142857142857,0.03013403061224489,0.0250071428571428,0.026,0.0827142857142857,0,1,1,0,0,0
2023-11-07,10,8-14d,0.045,0.1287142857142857,0.030562602040816317,0.0242999999999999,0.0249999999999999,0.0837142857142857,0,1,1,0,0,0
2023-11-07,11,8-14d,0.045,0.1287142857142857,0.030562602040816317,0.0250071428571428,0.026,0.0837142857142857,0,1,1,0,0,0
2023-11-07,12,8-14d,0.044,0.1287142857142857,0.030991173469387744,0.0245785714285714,0.0249999999999999,0.0847142857142857,0,1,1,0,0,0
2023-11-07,13,8-14d,0.044,0.1287142857142857,0.030991173469387744,0.0250071428571428,0.026,0.0847142857142857,0,1,1,0,0,0
2023-11-07,14,8-14d,0.043,0.1287142857142857,0.03141974489795917,0.0245785714285714,0.0249999999999999,0.0857142857142857,0,1,1,0,0,0
2023-11-07,8,8-14d,0.148,0.2022857142857142,0.0221952551020408,0.0383071428571428,0.045,0.054285714285714215,1,1,1,0,0,0
2023-11-07,9,8-14d,0.146,0.2022857142857142,0.02248096938775509,0.0387785714285714,0.045,0.05628571428571422,1,1,1,0,0,0
2023-11-07,10,8-14d,0.144,0.2022857142857142,0.022766683673469373,0.0393071428571428,0.046,0.05828571428571422,1,1,1,0,0,0
2023-11-07,11,8-14d,0.142,0.2022857142857142,0.02305239795918366,0.0397857142857143,0.046,0.06028571428571422,1,1,1,0,0,0
2023-11-07,12,8-14d,0.14,0.2022857142857142,0.02333811224489794,0.0403071428571428,0.0469999999999999,0.062285714285714194,1,1,1,0,0,0
2023-11-07,13,8-14d,0.138,0.2022857142857142,0.02362382653061223,0.0407857142857142,0.0469999999999999,0.0642857142857142,1,1,1,0,0,0
2023-11-07,14,8-14d,0.136,0.2022857142857142,0.023909540816326513,0.0410285714285714,0.0479999999999999,0.0662857142857142,1,1,1,0,0,0
2023-11-07,8,8-14d,0.073,0.2282857142857143,0.06167688775510205,0.0142428571428571,0.0169999999999999,0.1552857142857143,0,0,1,0,0,0
2023-11-07,9,8-14d,0.072,0.2282857142857143,0.062391173469387766,0.0139142857142857,0.0169999999999999,0.1562857142857143,0,0,1,0,0,0
2023-11-07,10,8-14d,0.071,0.2282857142857143,0.06310545918367348,0.0136999999999999,0.0169999999999999,0.1572857142857143,0,0,1,0,0,0
2023-11-07,11,8-14d,0.07,0.2282857142857143,0.06381974489795919,0.0132714285714285,0.016,0.15828571428571428,0,0,1,0,0,0
2023-11-07,12,8-14d,0.07,0.2282857142857143,0.06381974489795919,0.0141714285714285,0.017,0.15828571428571428,0,0,1,0,0,0
2023-11-07,13,8-14d,0.069,0.2282857142857143,0.06453403061224491,0.0139142857142857,0.017,0.15928571428571428,0,0,1,0,0,0
2023-11-07,14,8-14d,0.068,0.2282857142857143,0.06524831632653062,0.01355,0.016,0.16028571428571428,0,0,1,0,0,0
2023-11-07,8,8-14d,0.062,0.112,0.021583010204081626,0.0195071428571428,0.0239999999999999,0.05,1,1,1,0,0,0
2023-11-07,9,8-14d,0.061,0.112,0.02172586734693877,0.0200357142857142,0.024,0.051000000000000004,1,1,1,0,0,0
2023-11-07,10,8-14d,0.06,0.112,0.02186872448979591,0.0205142857142857,0.025,0.052000000000000005,1,1,1,0,0,0
2023-11-07,11,8-14d,0.059,0.112,0.022011581632653054,0.0210357142857142,0.025,0.053000000000000005,1,1,1,0,0,0
2023-11-07,12,8-14d,0.059,0.112,0.022011581632653054,0.0202571428571428,0.025,0.053000000000000005,1,1,1,0,0,0
2023-11-07,13,8-14d,0.058,0.112,0.0221544387755102,0.0210357142857142,0.025,0.054,1,1,1,0,0,0
2023-11-07,14,8-14d,0.057,0.112,0.022297295918367342,0.0212571428571428,0.026,0.055,1,1,1,0,0,0
2023-11-07,8,8-14d,0.304,0.2974285714285714,0.015378928571428573,0.2112571428571428,0.22,0.006571428571428617,1,1,1,0,0,0
2023-11-07,9,8-14d,0.302,0.2974285714285714,0.015093214285714288,0.2163357142857143,0.225,0.004571428571428615,1,1,1,0,0,0
2023-11-07,10,8-14d,0.301,0.2974285714285714,0.014950357142857144,0.2205785714285714,0.229,0.0035714285714286143,1,1,1,0,0,0
2023-11-07,11,8-14d,0.3,0.2974285714285714,0.014807500000000001,0.2250857142857143,0.234,0.0025714285714286134,1,1,1,0,0,0
2023-11-07,12,8-14d,0.299,0.2974285714285714,0.014664642857142859,0.2290857142857143,0.238,0.0015714285714286125,1,1,1,0,0,0
2023-11-07,13,8-14d,0.297,0.2974285714285714,0.014501377551020397,0.2342642857142857,0.244,0.0004285714285713893,1,1,1,0,0,0
2023-11-07,14,8-14d,0.296,0.2974285714285714,0.014644234693877541,0.23855,0.248,0.0014285714285713902,1,1,1,0,0,0
2023-11-07,8,8-14d,0.046,0.0455714285714285,0.014501377551020414,0.01905,0.0209999999999999,0.0004285714285715003,1,1,1,0,0,0
2023-11-07,9,8-14d,0.045,0.0455714285714285,0.014521785714285699,0.0186928571428571,0.0199999999999999,0.0005714285714285006,1,1,1,0,0,0
2023-11-07,10,8-14d,0.045,0.0455714285714285,0.014521785714285699,0.0190499999999999,0.0209999999999999,0.0005714285714285006,1,1,1,0,0,0
2023-11-07,11,8-14d,0.045,0.0455714285714285,0.014521785714285699,0.0194071428571428,0.0209999999999999,0.0005714285714285006,1,1,1,0,0,0
2023-11-07,12,8-14d,0.045,0.0455714285714285,0.014521785714285699,0.02005,0.022,0.0005714285714285006,1,1,1,0,0,0
2023-11-07,13,8-14d,0.044,0.0455714285714285,0.014664642857142843,0.0193071428571428,0.0209999999999999,0.0015714285714285015,1,1,1,0,0,0
2023-11-07,14,8-14d,0.044,0.0455714285714285,0.014664642857142843,0.0196928571428571,0.0209999999999999,0.0015714285714285015,1,1,1,0,0,0
2023-11-07,15,15-21d,0.069,0.0918571428571428,0.019315612244897955,0.0271499999999999,0.0409999999999999,0.022857142857142798,1,1,1,0,0,0
2023-11-07,16,15-21d,0.068,0.0918571428571428,0.0194584693877551,0.0281571428571428,0.0419999999999999,0.0238571428571428,1,1,1,0,0,0
2023-11-07,17,15-21d,0.068,0.0918571428571428,0.0194584693877551,0.0276357142857142,0.0419999999999999,0.0238571428571428,1,1,1,0,0,0
2023-11-07,18,15-21d,0.067,0.0918571428571428,0.019601326530612244,0.0282357142857142,0.0419999999999999,0.0248571428571428,1,1,1,0,0,0
2023-11-07,19,15-21d,0.066,0.0918571428571428,0.019744183673469386,0.0288857142857142,0.043,0.0258571428571428,1,1,1,0,0,0
2023-11-07,20,15-21d,0.065,0.0918571428571428,0.01988704081632653,0.0289999999999999,0.043,0.0268571428571428,1,1,1,0,0,0
2023-11-07,21,15-21d,0.064,0.0918571428571428,0.02002989795918367,0.03,0.044,0.027857142857142803,1,1,1,0,0,0
2023-11-07,15,15-21d,0.095,0.2517142857142857,0.060233979591836746,0.0074357142857142,0.017,0.15671428571428572,0,1,1,0,1,1
2023-11-07,16,15-21d,0.094,0.2517142857142857,0.06066255102040818,0.0074357142857142,0.017,0.15771428571428572,0,1,1,0,1,1
2023-11-07,17,15-21d,0.093,0.2517142857142857,0.06109112244897961,0.0074428571428571,0.017,0.15871428571428572,0,1,1,0,1,1
2023-11-07,18,15-21d,0.092,0.2517142857142857,0.06151969387755103,0.0074428571428571,0.017,0.15971428571428573,0,1,1,0,1,1
2023-11-07,19,15-21d,0.091,0.2517142857142857,0.06194826530612246,0.0074428571428571,0.017,0.16071428571428573,0,1,1,0,1,1
2023-11-07,20,15-21d,0.09,0.2517142857142857,0.062376836734693894,0.0074428571428571,0.017,0.16171428571428573,0,1,1,0,1,1
2023-11-07,21,15-21d,0.088,0.2517142857142857,0.06323397959183676,0.0066999999999999,0.016,0.16371428571428573,0,1,1,0,1,1
2023-11-07,15,15-21d,0.054,0.1004285714285714,0.022682959183673468,0.0152428571428571,0.03,0.046428571428571395,1,1,1,0,0,1
2023-11-07,16,15-21d,0.054,0.1004285714285714,0.022682959183673468,0.0149928571428571,0.03,0.046428571428571395,1,1,1,0,0,1
2023-11-07,17,15-21d,0.053,0.1004285714285714,0.02282581632653061,0.0157428571428571,0.031,0.047428571428571396,1,1,1,0,0,1
2023-11-07,18,15-21d,0.053,0.1004285714285714,0.02282581632653061,0.01575,0.031,0.047428571428571396,1,1,1,0,0,1
2023-11-07,19,15-21d,0.053,0.1004285714285714,0.02282581632653061,0.0158571428571428,0.031,0.047428571428571396,1,1,1,0,0,1
2023-11-07,20,15-21d,0.052,0.1004285714285714,0.022968673469387753,0.0166071428571428,0.032,0.0484285714285714,1,1,1,0,0,1
2023-11-07,21,15-21d,0.052,0.1004285714285714,0.022968673469387753,0.0163571428571428,0.032,0.0484285714285714,1,1,1,0,0,1
2023-11-07,15,15-21d,0.371,0.2411428571428571,0.0919401020408163,0.1918928571428571,0.2329999999999999,0.1298571428571429,0,0,1,0,0,0
2023-11-07,16,15-21d,0.368,0.2411428571428571,0.08979724489795916,0.1959428571428571,0.237,0.1268571428571429,0,0,1,0,0,0
2023-11-07,17,15-21d,0.366,0.2411428571428571,0.08836867346938773,0.1994785714285714,0.241,0.12485714285714289,0,0,1,0,0,0
2023-11-07,18,15-21d,0.364,0.2411428571428571,0.0869401020408163,0.20295,0.245,0.12285714285714289,0,0,1,0,0,0
2023-11-07,19,15-21d,0.361,0.2411428571428571,0.08479724489795916,0.2074571428571428,0.25,0.11985714285714288,0,0,1,0,0,0
2023-11-07,20,15-21d,0.359,0.2411428571428571,0.08336867346938773,0.2106428571428571,0.254,0.11785714285714288,0,0,1,0,0,0
2023-11-07,21,15-21d,0.357,0.2411428571428571,0.0819401020408163,0.2134928571428571,0.257,0.11585714285714288,0,0,1,0,0,0
2023-11-07,15,15-21d,0.067,0.1575714285714285,0.031887040816326505,0.0421785714285714,0.047,0.0905714285714285,0,1,1,0,0,0
2023-11-07,16,15-21d,0.066,0.1575714285714285,0.032315612244897936,0.0414357142857142,0.046,0.0915714285714285,0,1,1,0,0,0
2023-11-07,17,15-21d,0.066,0.1575714285714285,0.032315612244897936,0.04215,0.047,0.0915714285714285,0,1,1,0,0,0
2023-11-07,18,15-21d,0.066,0.1575714285714285,0.032315612244897936,0.0424071428571428,0.047,0.0915714285714285,0,1,1,0,0,0
2023-11-07,19,15-21d,0.066,0.1575714285714285,0.032315612244897936,0.0427142857142857,0.047,0.0915714285714285,0,1,1,0,0,0
2023-11-07,20,15-21d,0.066,0.1575714285714285,0.032315612244897936,0.0434,0.048,0.0915714285714285,0,1,1,0,0,0
2023-11-07,21,15-21d,0.066,0.1575714285714285,0.032315612244897936,0.0434071428571428,0.048,0.0915714285714285,0,1,1,0,0,0
2023-11-07,15,15-21d,0.13,0.2408571428571428,0.04058091836734693,0.0075285714285714,0.0109999999999999,0.11085714285714279,0,1,1,0,0,0
2023-11-07,16,15-21d,0.128,0.2408571428571428,0.041438061224489786,0.0075357142857142,0.011,0.1128571428571428,0,1,1,0,0,0
2023-11-07,17,15-21d,0.127,0.2408571428571428,0.04186663265306122,0.0066071428571428,0.01,0.1138571428571428,0,1,1,0,0,0
2023-11-07,18,15-21d,0.125,0.2408571428571428,0.04272377551020407,0.0069928571428571,0.011,0.1158571428571428,0,1,1,0,0,0
2023-11-07,19,15-21d,0.124,0.2408571428571428,0.0431523469387755,0.0059928571428571,0.01,0.1168571428571428,0,1,1,0,0,0
2023-11-07,20,15-21d,0.122,0.2408571428571428,0.04400948979591835,0.0065357142857142,0.01,0.1188571428571428,0,1,1,0,0,0
2023-11-07,21,15-21d,0.121,0.2408571428571428,0.04443806122448978,0.0056071428571428,0.009,0.1198571428571428,0,1,1,0,0,0
2023-11-07,15,15-21d,0.094,0.0662857142857143,0.022866632653061197,0.0008214285714285,0.001,0.027714285714285705,0,1,1,1,1,1
2023-11-07,16,15-21d,0.093,0.0662857142857143,0.02243806122448977,0.0009642857142857,0.002,0.026714285714285704,0,1,1,1,1,1
2023-11-07,17,15-21d,0.092,0.0662857142857143,0.022009489795918342,0.0009928571428571,0.002,0.025714285714285703,0,1,1,1,1,1
2023-11-07,18,15-21d,0.091,0.0662857142857143,0.02158091836734691,0.0009928571428571,0.002,0.024714285714285703,0,1,1,1,1,1
2023-11-07,19,15-21d,0.09,0.0662857142857143,0.021152346938775483,0.0009214285714285,0.002,0.0237142857142857,0,1,1,1,1,1
2023-11-07,20,15-21d,0.089,0.0662857142857143,0.020723775510204052,0.0009642857142857,0.002,0.0227142857142857,0,1,1,1,1,1
2023-11-07,21,15-21d,0.088,0.0662857142857143,0.020295204081632625,0.0009642857142857,0.002,0.0217142857142857,0,1,1,1,1,1
2023-11-07,15,15-21d,0.029,0.0482857142857142,0.018805408163265296,0.0030499999999999,0.005,0.0192857142857142,1,1,1,0,0,0
2023-11-07,16,15-21d,0.028,0.0482857142857142,0.018948265306122442,0.0035928571428571,0.005,0.020285714285714202,1,1,1,0,0,0
2023-11-07,17,15-21d,0.028,0.0482857142857142,0.018948265306122442,0.00305,0.005,0.020285714285714202,1,1,1,0,0,0
2023-11-07,18,15-21d,0.028,0.0482857142857142,0.018948265306122442,0.0025857142857142,0.004,0.020285714285714202,1,1,1,0,0,0
2023-11-07,19,15-21d,0.027,0.0482857142857142,0.019091122448979585,0.00305,0.005,0.021285714285714203,1,1,1,0,0,0
2023-11-07,20,15-21d,0.027,0.0482857142857142,0.019091122448979585,0.0025857142857142,0.004,0.021285714285714203,1,1,1,0,0,0
2023-11-07,21,15-21d,0.026,0.0482857142857142,0.019233979591836727,0.0028357142857142,0.005,0.022285714285714204,1,1,1,0,0,0
2023-11-07,15,15-21d,0.507,0.4791428571428571,0.022927857142857146,0.1830214285714285,0.1879999999999999,0.027857142857142914,0,1,1,0,0,0
2023-11-07,16,15-21d,0.509,0.4791428571428571,0.023785000000000004,0.1851642857142856,0.1909999999999999,0.029857142857142915,0,1,1,0,0,0
2023-11-07,17,15-21d,0.511,0.4791428571428571,0.024642142857142862,0.1878071428571428,0.1929999999999999,0.03185714285714292,0,1,1,0,0,0
2023-11-07,18,15-21d,0.513,0.4791428571428571,0.02549928571428572,0.1900214285714285,0.1949999999999999,0.03385714285714292,0,1,1,0,0,0
2023-11-07,19,15-21d,0.516,0.4791428571428571,0.026785000000000007,0.1911642857142856,0.1969999999999999,0.03685714285714292,0,1,1,0,0,0
2023-11-07,20,15-21d,0.518,0.4791428571428571,0.027642142857142865,0.1935499999999999,0.1989999999999999,0.03885714285714292,0,1,1,0,0,0
2023-11-07,21,15-21d,0.52,0.4791428571428571,0.028499285714285724,0.1958071428571428,0.2009999999999999,0.040857142857142925,0,1,1,0,0,0
2023-11-07,15,15-21d,0.042,0.1287142857142857,0.030233979591836737,0.0240071428571428,0.025,0.08671428571428569,0,1,1,0,0,0
2023-11-07,16,15-21d,0.042,0.1287142857142857,0.030233979591836737,0.0245785714285714,0.025,0.08671428571428569,0,1,1,0,0,0
2023-11-07,17,15-21d,0.041,0.1287142857142857,0.030662551020408164,0.0240071428571428,0.025,0.08771428571428569,0,1,1,0,0,0
2023-11-07,18,15-21d,0.041,0.1287142857142857,0.030662551020408164,0.0245785714285714,0.025,0.08771428571428569,0,1,1,0,0,0
2023-11-07,19,15-21d,0.04,0.1287142857142857,0.031091122448979595,0.0240071428571428,0.025,0.08871428571428569,0,1,1,0,0,0
2023-11-07,20,15-21d,0.04,0.1287142857142857,0.031091122448979595,0.0245714285714285,0.025,0.08871428571428569,0,1,1,0,0,0
2023-11-07,21,15-21d,0.039,0.1287142857142857,0.031519693877551026,0.0240071428571428,0.025,0.08971428571428569,0,1,1,0,0,0
2023-11-07,15,15-21d,0.134,0.2022857142857142,0.025805408163265296,0.0415714285714285,0.0479999999999999,0.0682857142857142,1,1,1,0,0,0
2023-11-07,16,15-21d,0.133,0.2022857142857142,0.025948265306122438,0.0410285714285714,0.0479999999999999,0.0692857142857142,1,1,1,0,0,0
2023-11-07,17,15-21d,0.131,0.2022857142857142,0.026233979591836726,0.0413142857142857,0.0479999999999999,0.0712857142857142,1,1,1,0,0,0
2023-11-07,18,15-21d,0.129,0.2022857142857142,0.02651969387755101,0.0420285714285714,0.0489999999999999,0.0732857142857142,1,1,1,0,0,0
2023-11-07,19,15-21d,0.127,0.2022857142857142,0.026805408163265296,0.0423142857142857,0.0489999999999999,0.0752857142857142,1,1,1,0,0,0
2023-11-07,20,15-21d,0.125,0.2022857142857142,0.02709112244897958,0.0428142857142857,0.0499999999999999,0.07728571428571421,1,1,1,0,0,0
2023-11-07,21,15-21d,0.123,0.2022857142857142,0.02737683673469387,0.0433142857142857,0.0499999999999999,0.07928571428571421,1,1,1,0,0,0
2023-11-07,15,15-21d,0.067,0.2282857142857143,0.06219316326530613,0.0132428571428571,0.016,0.16128571428571428,0,1,1,0,0,0
2023-11-07,16,15-21d,0.066,0.2282857142857143,0.06262173469387756,0.0131714285714285,0.016,0.16228571428571428,0,1,1,0,0,0
2023-11-07,17,15-21d,0.065,0.2282857142857143,0.06305030612244898,0.0127,0.016,0.16328571428571428,0,1,1,0,0,0
2023-11-07,18,15-21d,0.065,0.2282857142857143,0.06305030612244898,0.0135214285714285,0.016,0.16328571428571428,0,1,1,0,0,0
2023-11-07,19,15-21d,0.064,0.2282857142857143,0.06363397959183675,0.0131714285714285,0.016,0.16428571428571428,0,0,1,0,0,0
2023-11-07,20,15-21d,0.063,0.2282857142857143,0.06434826530612246,0.0126928571428571,0.016,0.16528571428571429,0,0,1,0,0,0
2023-11-07,21,15-21d,0.062,0.2282857142857143,0.06506255102040819,0.0125214285714285,0.015,0.1662857142857143,0,0,1,0,0,0
2023-11-07,15,15-21d,0.056,0.112,0.024050306122448985,0.0220357142857142,0.026,0.056,1,1,1,0,0,0
2023-11-07,16,15-21d,0.056,0.112,0.024050306122448985,0.0212571428571428,0.026,0.056,1,1,1,0,0,0
2023-11-07,17,15-21d,0.055,0.112,0.024193163265306128,0.0217571428571428,0.026,0.057,1,1,1,0,0,0
2023-11-07,18,15-21d,0.054,0.112,0.02433602040816327,0.0222571428571428,0.027,0.058,1,1,1,0,0,0
2023-11-07,19,15-21d,0.053,0.112,0.024478877551020413,0.0227571428571428,0.027,0.059000000000000004,1,1,1,0,0,0
2023-11-07,20,15-21d,0.053,0.112,0.024478877551020413,0.0221428571428571,0.026,0.059000000000000004,1,1,1,0,0,0
2023-11-07,21,15-21d,0.052,0.112,0.024621734693877555,0.0227642857142857,0.027,0.060000000000000005,1,1,1,0,0,0
2023-11-07,15,15-21d,0.295,0.2974285714285714,0.016397244897959184,0.2425857142857143,0.252,0.002428571428571391,1,1,1,0,0,0
2023-11-07,16,15-21d,0.293,0.2974285714285714,0.01668295918367347,0.2480142857142857,0.258,0.004428571428571393,1,1,1,0,0,0
2023-11-07,17,15-21d,0.292,0.2974285714285714,0.016825816326530612,0.2521142857142857,0.262,0.005428571428571394,1,1,1,0,0,0
2023-11-07,18,15-21d,0.291,0.2974285714285714,0.016968673469387758,0.2565928571428572,0.266,0.006428571428571395,1,1,1,0,0,0
2023-11-07,19,15-21d,0.289,0.2974285714285714,0.017254387755102043,0.2616214285714286,0.2710000000000001,0.008428571428571396,1,1,1,0,0,0
2023-11-07,20,15-21d,0.288,0.2974285714285714,0.017397244897959185,0.2657,0.2749999999999999,0.009428571428571397,1,1,1,0,0,0
2023-11-07,21,15-21d,0.286,0.2974285714285714,0.01768295918367347,0.2708428571428572,0.2809999999999999,0.011428571428571399,1,1,1,0,0,0
2023-11-07,15,15-21d,0.044,0.0455714285714285,0.016274795918367342,0.02005,0.022,0.0015714285714285015,1,1,1,0,0,0
2023-11-07,16,15-21d,0.044,0.0455714285714285,0.016274795918367342,0.0203071428571428,0.022,0.0015714285714285015,1,1,1,0,0,0
2023-11-07,17,15-21d,0.043,0.0455714285714285,0.016417653061224485,0.0199071428571428,0.0209999999999999,0.0025714285714285023,1,1,1,0,0,0
2023-11-07,18,15-21d,0.043,0.0455714285714285,0.016417653061224485,0.0203071428571428,0.0219999999999999,0.0025714285714285023,1,1,1,0,0,0
2023-11-07,19,15-21d,0.043,0.0455714285714285,0.016417653061224485,0.0206857142857142,0.0219999999999999,0.0025714285714285023,1,1,1,0,0,0
2023-11-07,20,15-21d,0.043,0.0455714285714285,0.016417653061224485,0.0210499999999999,0.0229999999999999,0.0025714285714285023,1,1,1,0,0,0
2023-11-07,21,15-21d,0.042,0.0455714285714285,0.016560510204081624,0.0203071428571428,0.022,0.0035714285714284963,1,1,1,0,0,0
2023-11-07,22,22-30d,0.063,0.0918571428571428,0.021066224489795917,0.0300785714285714,0.044,0.028857142857142803,1,1,1,0,0,0
2023-11-07,23,22-30d,0.063,0.0918571428571428,0.021066224489795917,0.0300071428571428,0.044,0.028857142857142803,1,1,1,0,0,0
2023-11-07,24,22-30d,0.062,0.0918571428571428,0.02120908163265306,0.0302571428571428,0.045,0.029857142857142804,1,1,1,0,0,0
2023-11-07,25,22-30d,0.061,0.0918571428571428,0.021351938775510202,0.0311142857142857,0.045,0.030857142857142805,1,1,1,0,0,0
2023-11-07,26,22-30d,0.06,0.0918571428571428,0.021494795918367345,0.0313357142857142,0.046,0.031857142857142806,1,1,1,0,0,0
2023-11-07,27,22-30d,0.06,0.0918571428571428,0.021494795918367345,0.0312642857142857,0.046,0.031857142857142806,1,1,1,0,0,0
2023-11-07,28,22-30d,0.059,0.0918571428571428,0.021637653061224487,0.0313714285714285,0.046,0.03285714285714281,1,1,1,0,0,0
2023-11-07,29,22-30d,0.058,0.0918571428571428,0.021780510204081633,0.0320928571428571,0.0469999999999999,0.0338571428571428,1,1,1,0,0,0
2023-11-07,30,22-30d,0.057,0.0918571428571428,0.021923367346938775,0.0328071428571428,0.0479999999999999,0.0348571428571428,1,1,1,0,0,0
2023-11-07,22,22-30d,0.087,0.2517142857142857,0.06102540816326533,0.0066999999999999,0.016,0.16471428571428573,0,1,1,0,1,1
2023-11-07,23,22-30d,0.086,0.2517142857142857,0.06145397959183675,0.0066928571428571,0.0159999999999999,0.16571428571428573,0,1,1,0,1,1
2023-11-07,24,22-30d,0.085,0.2517142857142857,0.06188255102040818,0.00655,0.015,0.1667142857142857,0,1,1,0,1,1
2023-11-07,25,22-30d,0.083,0.2517142857142857,0.06273969387755104,0.0061214285714285,0.0139999999999999,0.1687142857142857,0,1,1,0,1,1
2023-11-07,26,22-30d,0.082,0.2517142857142857,0.06316826530612248,0.00615,0.0139999999999999,0.1697142857142857,0,1,1,0,1,1
2023-11-07,27,22-30d,0.081,0.2517142857142857,0.06359683673469389,0.0061214285714285,0.0139999999999999,0.1707142857142857,0,1,1,0,1,1
2023-11-07,28,22-30d,0.08,0.2517142857142857,0.06402540816326532,0.00605,0.0139999999999999,0.1717142857142857,0,1,1,0,1,1
2023-11-07,29,22-30d,0.079,0.2517142857142857,0.06473153061224493,0.0060428571428571,0.0139999999999999,0.1727142857142857,0,0,1,0,1,1
2023-11-07,30,22-30d,0.078,0.2517142857142857,0.06544581632653065,0.0058285714285714,0.0139999999999999,0.1737142857142857,0,0,1,0,1,1
2023-11-07,22,22-30d,0.052,0.1004285714285714,0.023862142857142863,0.0164,0.032,0.0484285714285714,1,1,1,0,0,1
2023-11-07,23,22-30d,0.052,0.1004285714285714,0.023862142857142863,0.0164714285714285,0.032,0.0484285714285714,1,1,1,0,0,1
2023-11-07,24,22-30d,0.051,0.1004285714285714,0.024005000000000006,0.0172214285714285,0.033,0.0494285714285714,1,1,1,0,0,1
2023-11-07,25,22-30d,0.051,0.1004285714285714,0.024005000000000006,0.0172285714285714,0.033,0.0494285714285714,1,1,1,0,0,1
2023-11-07,26,22-30d,0.051,0.1004285714285714,0.024005000000000006,0.0172642857142857,0.033,0.0494285714285714,1,1,1,0,0,1
2023-11-07,27,22-30d,0.05,0.1004285714285714,0.02414785714285714,0.0177357142857142,0.034,0.05042857142857139,1,1,1,0,0,1
2023-11-07,28,22-30d,0.05,0.1004285714285714,0.02414785714285714,0.0177642857142857,0.034,0.05042857142857139,1,1,1,0,0,1
2023-11-07,29,22-30d,0.05,0.1004285714285714,0.02414785714285714,0.0176285714285714,0.034,0.05042857142857139,1,1,1,0,0,1
2023-11-07,30,22-30d,0.05,0.1004285714285714,0.02414785714285714,0.0176642857142857,0.034,0.05042857142857139,1,1,1,0,0,1
2023-11-07,22,22-30d,0.355,0.2411428571428571,0.08300499999999998,0.2164642857142857,0.261,0.11385714285714288,0,0,1,0,0,0
2023-11-07,23,22-30d,0.352,0.2411428571428571,0.08086214285714281,0.2208357142857143,0.266,0.11085714285714288,0,0,1,0,0,0
2023-11-07,24,22-30d,0.35,0.2411428571428571,0.0794335714285714,0.2238357142857143,0.27,0.10885714285714287,0,0,1,0,0,0
2023-11-07,25,22-30d,0.348,0.2411428571428571,0.07800499999999996,0.2269428571428571,0.273,0.10685714285714287,0,0,1,0,0,0
2023-11-07,26,22-30d,0.346,0.2411428571428571,0.07657642857142853,0.23045,0.277,0.10485714285714287,0,0,1,0,0,0
2023-11-07,27,22-30d,0.344,0.2411428571428571,0.0751478571428571,0.2339428571428571,0.281,0.10285714285714287,0,0,1,0,0,0
2023-11-07,28,22-30d,0.341,0.2411428571428571,0.073005,0.2379714285714285,0.285,0.09985714285714292,0,0,1,0,0,0
2023-11-07,29,22-30d,0.339,0.2411428571428571,0.07157642857142857,0.2412214285714285,0.289,0.09785714285714292,0,0,1,0,0,0
2023-11-07,30,22-30d,0.336,0.2411428571428571,0.06943357142857143,0.2454285714285714,0.294,0.09485714285714292,0,0,1,0,0,0
2023-11-07,22,22-30d,0.065,0.1575714285714285,0.03016826530612245,0.0429285714285714,0.047,0.0925714285714285,1,1,1,0,0,0
2023-11-07,23,22-30d,0.065,0.1575714285714285,0.03016826530612245,0.0433285714285714,0.048,0.0925714285714285,1,1,1,0,0,0
2023-11-07,24,22-30d,0.065,0.1575714285714285,0.03016826530612245,0.0436785714285714,0.048,0.0925714285714285,1,1,1,0,0,0
2023-11-07,25,22-30d,0.065,0.1575714285714285,0.03016826530612245,0.0439,0.048,0.0925714285714285,1,1,1,0,0,0
2023-11-07,26,22-30d,0.065,0.1575714285714285,0.03016826530612245,0.0443285714285714,0.049,0.0925714285714285,1,1,1,0,0,0
2023-11-07,27,22-30d,0.065,0.1575714285714285,0.03016826530612245,0.0446785714285714,0.049,0.0925714285714285,1,1,1,0,0,0
2023-11-07,28,22-30d,0.065,0.1575714285714285,0.03016826530612245,0.0448928571428571,0.049,0.0925714285714285,1,1,1,0,0,0
2023-11-07,29,22-30d,0.064,0.1575714285714285,0.03053561224489795,0.04415,0.048,0.0935714285714285,0,1,1,0,0,0
2023-11-07,30,22-30d,0.064,0.1575714285714285,0.03053561224489795,0.0446071428571428,0.049,0.0935714285714285,0,1,1,0,0,0
2023-11-07,22,22-30d,0.119,0.2408571428571428,0.0426580612244898,0.0059928571428571,0.01,0.1218571428571428,0,1,1,0,0,0
2023-11-07,23,22-30d,0.118,0.2408571428571428,0.04308663265306123,0.0049928571428571,0.009,0.1228571428571428,0,1,1,0,0,0
2023-11-07,24,22-30d,0.117,0.2408571428571428,0.043515204081632654,0.0045357142857142,0.0079999999999999,0.12385714285714279,0,1,1,0,0,0
2023-11-07,25,22-30d,0.115,0.2408571428571428,0.04437234693877551,0.0046071428571428,0.0079999999999999,0.12585714285714278,0,1,1,0,0,0
2023-11-07,26,22-30d,0.114,0.2408571428571428,0.04480091836734694,0.0039928571428571,0.0079999999999999,0.12685714285714278,0,1,1,0,0,1
2023-11-07,27,22-30d,0.112,0.2408571428571428,0.04565806122448979,0.0042571428571428,0.0079999999999999,0.12885714285714278,0,1,1,0,0,1
2023-11-07,28,22-30d,0.111,0.2408571428571428,0.04608663265306122,0.0036071428571428,0.0069999999999999,0.12985714285714278,0,1,1,0,0,1
2023-11-07,29,22-30d,0.11,0.2408571428571428,0.04651520408163264,0.0032785714285714,0.007,0.13085714285714278,0,1,1,0,0,1
2023-11-07,30,22-30d,0.108,0.2408571428571428,0.047372346938775504,0.0035357142857142,0.007,0.13285714285714278,0,1,1,0,0,1
2023-11-07,22,22-30d,0.087,0.0662857142857143,0.021617244897959156,0.0009928571428571,0.0019999999999999,0.0207142857142857,0,1,1,1,1,1
2023-11-07,23,22-30d,0.086,0.0662857142857143,0.021188673469387725,0.0011357142857142,0.0029999999999999,0.019714285714285698,0,1,1,1,1,1
2023-11-07,24,22-30d,0.085,0.0662857142857143,0.020760102040816304,0.0011357142857142,0.003,0.01871428571428571,0,1,1,1,1,1
2023-11-07,25,22-30d,0.085,0.0662857142857143,0.020760102040816304,0.0015642857142857,0.004,0.01871428571428571,0,1,1,0,1,1
2023-11-07,26,22-30d,0.084,0.0662857142857143,0.020331530612244877,0.0017785714285714,0.004,0.01771428571428571,0,1,1,0,1,1
2023-11-07,27,22-30d,0.083,0.0662857142857143,0.019902959183673446,0.00185,0.004,0.01671428571428571,0,1,1,0,1,1
2023-11-07,28,22-30d,0.082,0.0662857142857143,0.01947438775510202,0.0018214285714285,0.004,0.01571428571428571,0,1,1,0,1,1
2023-11-07,29,22-30d,0.081,0.0662857142857143,0.01904581632653062,0.0018142857142857,0.004,0.014714285714285708,1,1,1,0,1,1
2023-11-07,30,22-30d,0.08,0.0662857142857143,0.018902959183673473,0.0018142857142857,0.004,0.013714285714285707,1,1,1,0,1,1
2023-11-07,22,22-30d,0.026,0.0482857142857142,0.020127448979591827,0.0025857142857142,0.004,0.022285714285714204,1,1,1,0,0,0
2023-11-07,23,22-30d,0.025,0.0482857142857142,0.020270306122448973,0.0028357142857142,0.0049999999999999,0.0232857142857142,1,1,1,0,0,0
2023-11-07,24,22-30d,0.025,0.0482857142857142,0.020270306122448973,0.0025857142857142,0.004,0.0232857142857142,1,1,1,0,0,0
2023-11-07,25,22-30d,0.024,0.0482857142857142,0.020413163265306115,0.0028357142857142,0.005,0.024285714285714202,1,1,1,0,0,0
2023-11-07,26,22-30d,0.024,0.0482857142857142,0.020413163265306115,0.0025857142857142,0.004,0.024285714285714202,1,1,1,0,0,0
2023-11-07,27,22-30d,0.024,0.0482857142857142,0.020413163265306115,0.0018071428571428,0.004,0.024285714285714202,1,1,1,0,0,1
2023-11-07,28,22-30d,0.023,0.0482857142857142,0.020556020408163258,0.0025857142857142,0.004,0.025285714285714203,1,1,1,0,0,0
2023-11-07,29,22-30d,0.023,0.0482857142857142,0.020556020408163258,0.00205,0.004,0.025285714285714203,1,1,1,0,0,1
2023-11-07,30,22-30d,0.022,0.0482857142857142,0.0206988775510204,0.0025857142857142,0.004,0.026285714285714204,1,1,1,0,0,0
2023-11-07,22,22-30d,0.522,0.4791428571428571,0.03229071428571429,0.1980214285714285,0.2029999999999999,0.04285714285714293,0,0,1,0,0,0
2023-11-07,23,22-30d,0.524,0.4791428571428571,0.03371928571428572,0.2004428571428571,0.2059999999999999,0.04485714285714293,0,0,1,0,0,0
2023-11-07,24,22-30d,0.526,0.4791428571428571,0.035147857142857154,0.2024428571428571,0.2079999999999999,0.04685714285714293,0,0,1,0,0,0
2023-11-07,25,22-30d,0.528,0.4791428571428571,0.03657642857142858,0.2044428571428571,0.2099999999999999,0.04885714285714293,0,0,1,0,0,0
2023-11-07,26,22-30d,0.53,0.4791428571428571,0.03800500000000001,0.206442857142857,0.2119999999999999,0.050857142857142934,0,0,1,0,0,0
2023-11-07,27,22-30d,0.532,0.4791428571428571,0.03943357142857144,0.2081642857142856,0.2139999999999999,0.052857142857142936,0,0,1,0,0,0
2023-11-07,28,22-30d,0.534,0.4791428571428571,0.04086214285714287,0.2101642857142856,0.2159999999999999,0.05485714285714294,0,0,1,0,0,0
2023-11-07,29,22-30d,0.536,0.4791428571428571,0.0422907142857143,0.2120214285714285,0.2169999999999999,0.05685714285714294,0,0,1,0,0,0
2023-11-07,30,22-30d,0.538,0.4791428571428571,0.04371928571428573,0.2135499999999999,0.2189999999999999,0.05885714285714294,0,0,1,0,0,0
2023-11-07,22,22-30d,0.039,0.1287142857142857,0.02976010204081633,0.0245714285714285,0.025,0.08971428571428569,1,1,1,0,0,0
2023-11-07,23,22-30d,0.038,0.1287142857142857,0.029902959183673472,0.0238357142857142,0.024,0.09071428571428569,1,1,1,0,0,0
2023-11-07,24,22-30d,0.038,0.1287142857142857,0.029902959183673472,0.0242857142857142,0.025,0.09071428571428569,1,1,1,0,0,0
2023-11-07,25,22-30d,0.037,0.1287142857142857,0.030045816326530615,0.0235714285714285,0.024,0.09171428571428569,1,1,1,0,0,0
2023-11-07,26,22-30d,0.037,0.1287142857142857,0.030045816326530615,0.0239785714285714,0.0249999999999999,0.09171428571428569,1,1,1,0,0,0
2023-11-07,27,22-30d,0.036,0.1287142857142857,0.030188673469387757,0.0234999999999999,0.0239999999999999,0.0927142857142857,1,1,1,0,0,0
2023-11-07,28,22-30d,0.036,0.1287142857142857,0.030188673469387757,0.0238285714285714,0.0239999999999999,0.0927142857142857,1,1,1,0,0,0
2023-11-07,29,22-30d,0.035,0.1287142857142857,0.030596836734693895,0.0232571428571428,0.024,0.0937142857142857,0,1,1,0,0,0
2023-11-07,30,22-30d,0.035,0.1287142857142857,0.030596836734693895,0.0235,0.024,0.0937142857142857,0,1,1,0,0,0
2023-11-07,22,22-30d,0.121,0.2022857142857142,0.028556020408163265,0.0438214285714285,0.0509999999999999,0.08128571428571421,1,1,1,0,0,0
2023-11-07,23,22-30d,0.119,0.2022857142857142,0.02884173469387755,0.0443142857142857,0.051,0.08328571428571421,1,1,1,0,0,0
2023-11-07,24,22-30d,0.118,0.2022857142857142,0.028984591836734692,0.0438214285714285,0.051,0.08428571428571421,1,1,1,0,0,0
2023-11-07,25,22-30d,0.116,0.2022857142857142,0.02927030612244897,0.0443142857142857,0.051,0.0862857142857142,1,1,1,0,0,0
2023-11-07,26,22-30d,0.114,0.2022857142857142,0.02955602040816326,0.0445642857142857,0.052,0.0882857142857142,1,1,1,0,0,0
2023-11-07,27,22-30d,0.112,0.2022857142857142,0.029841734693877544,0.0453142857142857,0.052,0.0902857142857142,1,1,1,0,0,0
2023-11-07,28,22-30d,0.111,0.2022857142857142,0.029984591836734686,0.0445642857142857,0.052,0.0912857142857142,1,1,1,0,0,0
2023-11-07,29,22-30d,0.109,0.2022857142857142,0.030413163265306107,0.0453928571428571,0.052,0.09328571428571421,0,1,1,0,0,0
2023-11-07,30,22-30d,0.107,0.2022857142857142,0.031270306122448965,0.0455642857142857,0.053,0.09528571428571421,0,1,1,0,0,0
2023-11-07,22,22-30d,0.061,0.2282857142857143,0.06212744897959187,0.0121714285714285,0.015,0.1672857142857143,0,1,1,0,0,0
2023-11-07,23,22-30d,0.061,0.2282857142857143,0.06212744897959187,0.01295,0.016,0.1672857142857143,0,1,1,0,0,0
2023-11-07,24,22-30d,0.06,0.2282857142857143,0.0625560204081633,0.0124499999999999,0.015,0.1682857142857143,0,1,1,0,0,0
2023-11-07,25,22-30d,0.059,0.2282857142857143,0.06298459183673473,0.0121714285714285,0.015,0.1692857142857143,0,1,1,0,0,0
2023-11-07,26,22-30d,0.058,0.2282857142857143,0.06341316326530615,0.0116928571428571,0.015,0.1702857142857143,0,1,1,0,0,0
2023-11-07,27,22-30d,0.057,0.2282857142857143,0.06384173469387758,0.01145,0.014,0.1712857142857143,0,1,1,0,0,0
2023-11-07,28,22-30d,0.057,0.2282857142857143,0.06384173469387758,0.0121642857142857,0.015,0.1712857142857143,0,1,1,0,0,0
2023-11-07,29,22-30d,0.056,0.2282857142857143,0.06442540816326535,0.0115214285714285,0.0139999999999999,0.1722857142857143,0,0,1,0,0,0
2023-11-07,30,22-30d,0.055,0.2282857142857143,0.06513969387755106,0.0111714285714285,0.0139999999999999,0.1732857142857143,0,0,1,0,0,0
2023-11-07,22,22-30d,0.051,0.112,0.0256580612244898,0.0231428571428571,0.027,0.061000000000000006,1,1,1,0,0,0
2023-11-07,23,22-30d,0.05,0.112,0.025800918367346944,0.0235071428571428,0.0279999999999999,0.062,1,1,1,0,0,0
2023-11-07,24,22-30d,0.05,0.112,0.025800918367346944,0.0231428571428571,0.0269999999999999,0.062,1,1,1,0,0,0
2023-11-07,25,22-30d,0.049,0.112,0.025943775510204086,0.0235071428571428,0.0279999999999999,0.063,1,1,1,0,0,0
2023-11-07,26,22-30d,0.048,0.112,0.026086632653061232,0.0241428571428571,0.0279999999999999,0.064,1,1,1,0,0,0
2023-11-07,27,22-30d,0.048,0.112,0.026086632653061232,0.0232928571428571,0.0279999999999999,0.064,1,1,1,0,0,0
2023-11-07,28,22-30d,0.047,0.112,0.026229489795918375,0.0238642857142857,0.0279999999999999,0.065,1,1,1,0,0,0
2023-11-07,29,22-30d,0.046,0.112,0.026372346938775517,0.0242928571428571,0.0289999999999999,0.066,1,1,1,0,0,0
2023-11-07,30,22-30d,0.045,0.112,0.02651520408163266,0.0248642857142857,0.0289999999999999,0.067,1,1,1,0,0,0
2023-11-07,22,22-30d,0.285,0.2974285714285714,0.018719285714285716,0.2751285714285715,0.285,0.0124285714285714,1,1,1,0,0,0
2023-11-07,23,22-30d,0.283,0.2974285714285714,0.019005,0.28045,0.29,0.014428571428571402,1,1,1,0,0,0
2023-11-07,24,22-30d,0.281,0.2974285714285714,0.01929071428571428,0.28545,0.2949999999999999,0.016428571428571348,1,1,1,0,0,0
2023-11-07,25,22-30d,0.28,0.2974285714285714,0.01943357142857142,0.2895999999999999,0.2999999999999999,0.01742857142857135,1,1,1,0,0,0
2023-11-07,26,22-30d,0.278,0.2974285714285714,0.01971928571428571,0.2946285714285713,0.3049999999999999,0.01942857142857135,1,1,1,0,0,0
2023-11-07,27,22-30d,0.277,0.2974285714285714,0.019862142857142853,0.2986357142857142,0.3089999999999999,0.02042857142857135,1,1,1,0,0,0
2023-11-07,28,22-30d,0.275,0.2974285714285714,0.020147857142857137,0.3037071428571428,0.3139999999999999,0.022428571428571353,1,1,1,0,0,0
2023-11-07,29,22-30d,0.274,0.2974285714285714,0.02029071428571428,0.3078785714285713,0.3189999999999999,0.023428571428571354,1,1,1,0,0,0
2023-11-07,30,22-30d,0.272,0.2974285714285714,0.02057642857142857,0.3133785714285714,0.3239999999999999,0.025428571428571356,1,1,1,0,0,0
2023-11-07,22,22-30d,0.042,0.0455714285714285,0.01745397959183673,0.0206857142857142,0.022,0.0035714285714284963,1,1,1,0,0,0
2023-11-07,23,22-30d,0.042,0.0455714285714285,0.01745397959183673,0.02105,0.023,0.0035714285714284963,1,1,1,0,0,0
2023-11-07,24,22-30d,0.042,0.0455714285714285,0.01745397959183673,0.0215857142857142,0.023,0.0035714285714284963,1,1,1,0,0,0
2023-11-07,25,22-30d,0.041,0.0455714285714285,0.017596836734693873,0.0206571428571428,0.022,0.004571428571428497,1,1,1,0,0,0
2023-11-07,26,22-30d,0.041,0.0455714285714285,0.017596836734693873,0.0213071428571428,0.023,0.004571428571428497,1,1,1,0,0,0
2023-11-07,27,22-30d,0.041,0.0455714285714285,0.017596836734693873,0.0215857142857142,0.023,0.004571428571428497,1,1,1,0,0,0
2023-11-07,28,22-30d,0.041,0.0455714285714285,0.017596836734693873,0.0215857142857142,0.023,0.004571428571428497,1,1,1,0,0,0
2023-11-07,29,22-30d,0.04,0.0455714285714285,0.017739693877551015,0.0213,0.023,0.005571428571428498,1,1,1,0,0,0
2023-11-07,30,22-30d,0.04,0.0455714285714285,0.017739693877551015,0.0215857142857142,0.023,0.005571428571428498,1,1,1,0,0,0
2023-11-21,1,1-7d,0.069,0.105,0.01862311224489796,0.0378214285714285,0.0529999999999999,0.03599999999999999,1,1,1,0,0,0
2023-11-21,2,1-7d,0.068,0.105,0.018765969387755103,0.0385499999999999,0.0539999999999999,0.03699999999999999,1,1,1,0,0,0
2023-11-21,3,1-7d,0.068,0.105,0.018765969387755103,0.0383357142857142,0.0539999999999999,0.03699999999999999,1,1,1,0,0,0
2023-11-21,4,1-7d,0.067,0.105,0.018908826530612245,0.0390785714285714,0.0549999999999999,0.03799999999999999,1,1,1,0,0,0
2023-11-21,5,1-7d,0.066,0.105,0.019051683673469388,0.0398071428571428,0.0559999999999999,0.03899999999999999,1,1,1,0,0,0
2023-11-21,6,1-7d,0.065,0.105,0.019194540816326534,0.0408785714285714,0.0569999999999999,0.039999999999999994,1,1,1,0,0,0
2023-11-21,7,1-7d,0.064,0.105,0.019337397959183676,0.04165,0.0579999999999999,0.040999999999999995,1,1,1,0,0,0
2023-11-21,1,1-7d,0.095,0.0708571428571428,0.019449642857142867,0.0035,0.002,0.024142857142857202,0,1,1,1,1,1
2023-11-21,2,1-7d,0.094,0.0708571428571428,0.019021071428571436,0.0035214285714285,0.002,0.0231428571428572,0,1,1,1,1,1
2023-11-21,3,1-7d,0.093,0.0708571428571428,0.01859250000000001,0.0035285714285714,0.002,0.0221428571428572,0,1,1,1,1,1
2023-11-21,4,1-7d,0.092,0.0708571428571428,0.018163928571428577,0.0034571428571428,0.002,0.0211428571428572,0,1,1,1,1,1
2023-11-21,5,1-7d,0.091,0.0708571428571428,0.017735357142857153,0.0034928571428571,0.002,0.0201428571428572,0,1,1,1,1,1
2023-11-21,6,1-7d,0.09,0.0708571428571428,0.017306785714285722,0.0035642857142857,0.002,0.019142857142857198,0,1,1,1,1,1
2023-11-21,7,1-7d,0.088,0.0708571428571428,0.016449642857142864,0.0038285714285714,0.004,0.017142857142857196,0,1,1,1,1,1
2023-11-21,1,1-7d,0.054,0.0372857142857142,0.01626596938775513,0.0084714285714285,0.0189999999999999,0.0167142857142858,0,1,1,0,1,1
2023-11-21,2,1-7d,0.054,0.0372857142857142,0.01626596938775513,0.00855,0.0189999999999999,0.0167142857142858,0,1,1,0,1,1
2023-11-21,3,1-7d,0.053,0.0372857142857142,0.015837397959183697,0.0090142857142857,0.0199999999999999,0.0157142857142858,0,1,1,0,1,1
2023-11-21,4,1-7d,0.053,0.0372857142857142,0.015837397959183697,0.0090214285714285,0.0199999999999999,0.0157142857142858,0,1,1,0,1,1
2023-11-21,5,1-7d,0.053,0.0372857142857142,0.015837397959183697,0.0090642857142857,0.0199999999999999,0.0157142857142858,0,1,1,0,1,1
2023-11-21,6,1-7d,0.052,0.0372857142857142,0.015582295918367364,0.0095714285714285,0.0209999999999999,0.014714285714285798,1,1,1,0,1,1
2023-11-21,7,1-7d,0.052,0.0372857142857142,0.015582295918367364,0.0096,0.0209999999999999,0.014714285714285798,1,1,1,0,1,1
2023-11-21,1,1-7d,0.371,0.3855714285714285,0.015561887755102033,0.1323785714285714,0.162,0.014571428571428513,1,1,1,0,0,0
2023-11-21,2,1-7d,0.368,0.3855714285714285,0.01599045918367346,0.1358857142857143,0.166,0.017571428571428516,1,1,1,0,0,0
2023-11-21,3,1-7d,0.366,0.3855714285714285,0.01627617346938775,0.1383571428571428,0.169,0.019571428571428517,1,1,1,0,0,0
2023-11-21,4,1-7d,0.364,0.3855714285714285,0.016561887755102034,0.1408928571428571,0.172,0.02157142857142852,1,1,1,0,0,0
2023-11-21,5,1-7d,0.361,0.3855714285714285,0.01699045918367346,0.14415,0.176,0.024571428571428522,1,1,1,0,0,0
2023-11-21,6,1-7d,0.359,0.3855714285714285,0.01727617346938775,0.1468785714285714,0.179,0.026571428571428524,1,1,1,0,0,0
2023-11-21,7,1-7d,0.357,0.3855714285714285,0.017561887755102035,0.1491571428571428,0.182,0.028571428571428525,1,1,1,0,0,0
2023-11-21,1,1-7d,0.067,0.186,0.0454190306122449,0.0238071428571428,0.031,0.119,0,1,1,0,0,0
2023-11-21,2,1-7d,0.066,0.186,0.04584760204081633,0.0230571428571428,0.03,0.12,0,1,1,0,0,0
2023-11-21,3,1-7d,0.066,0.186,0.04584760204081633,0.0238071428571428,0.031,0.12,0,1,1,0,0,0
2023-11-21,4,1-7d,0.066,0.186,0.04584760204081633,0.0240214285714285,0.031,0.12,0,1,1,0,0,0
2023-11-21,5,1-7d,0.066,0.186,0.04584760204081633,0.0244571428571428,0.032,0.12,0,1,1,0,0,0
2023-11-21,6,1-7d,0.066,0.186,0.04584760204081633,0.0248071428571428,0.032,0.12,0,1,1,0,0,0
2023-11-21,7,1-7d,0.066,0.186,0.04584760204081633,0.0250214285714285,0.032,0.12,0,1,1,0,0,0
2023-11-21,1,1-7d,0.053,0.0784285714285714,0.017112908163265307,0.0021214285714285,0.003,0.025428571428571405,1,1,1,1,1,1
2023-11-21,2,1-7d,0.052,0.0784285714285714,0.01725576530612245,0.0022357142857142,0.004,0.026428571428571405,1,1,1,1,1,1
2023-11-21,3,1-7d,0.051,0.0784285714285714,0.017398622448979592,0.0022357142857142,0.004,0.027428571428571406,1,1,1,1,1,1
2023-11-21,4,1-7d,0.05,0.0784285714285714,0.017541479591836735,0.0022428571428571,0.0039999999999999,0.0284285714285714,1,1,1,1,1,1
2023-11-21,5,1-7d,0.049,0.0784285714285714,0.017684336734693877,0.0022357142857142,0.0039999999999999,0.0294285714285714,1,1,1,1,1,1
2023-11-21,6,1-7d,0.048,0.0784285714285714,0.01782719387755102,0.0021642857142857,0.0039999999999999,0.030428571428571402,1,1,1,1,1,1
2023-11-21,7,1-7d,0.047,0.0784285714285714,0.017970051020408162,0.0021642857142857,0.0039999999999999,0.0314285714285714,1,1,1,1,1,1
2023-11-21,1,1-7d,0.077,0.0628571428571428,0.015500663265306134,0.0040285714285714,0.0099999999999999,0.014142857142857193,1,1,1,0,1,1
2023-11-21,2,1-7d,0.076,0.0628571428571428,0.015357806122448992,0.0040285714285714,0.0099999999999999,0.013142857142857192,1,1,1,0,1,1
2023-11-21,3,1-7d,0.075,0.0628571428571428,0.015214948979591848,0.0038857142857142,0.0089999999999999,0.012142857142857191,1,1,1,0,1,1
2023-11-21,4,1-7d,0.075,0.0628571428571428,0.015214948979591848,0.0043428571428571,0.0099999999999999,0.012142857142857191,1,1,1,0,1,1
2023-11-21,5,1-7d,0.074,0.0628571428571428,0.015072091836734705,0.0040285714285714,0.0099999999999999,0.01114285714285719,1,1,1,0,1,1
2023-11-21,6,1-7d,0.073,0.0628571428571428,0.014929234693877563,0.0040214285714285,0.0099999999999999,0.01014285714285719,1,1,1,0,1,1
2023-11-21,7,1-7d,0.072,0.0628571428571428,0.014786377551020418,0.0040214285714285,0.0099999999999999,0.009142857142857189,1,1,1,0,1,1
2023-11-21,1,1-7d,0.032,0.0098571428571428,0.01859250000000001,0.0013357142857142,0.0,0.0221428571428572,0,1,1,1,1,1
2023-11-21,2,1-7d,0.031,0.0098571428571428,0.018163928571428577,0.0015214285714285,0.001,0.0211428571428572,0,1,1,1,1,1
2023-11-21,3,1-7d,0.031,0.0098571428571428,0.018163928571428577,0.0013357142857142,0.0,0.0211428571428572,0,1,1,1,1,1
2023-11-21,4,1-7d,0.031,0.0098571428571428,0.018163928571428577,0.0013785714285714,0.0,0.0211428571428572,0,1,1,1,1,1
2023-11-21,5,1-7d,0.03,0.0098571428571428,0.017735357142857153,0.0013428571428571,0.0,0.0201428571428572,0,1,1,1,1,1
2023-11-21,6,1-7d,0.03,0.0098571428571428,0.017735357142857153,0.0013357142857142,0.0,0.0201428571428572,0,1,1,1,1,1
2023-11-21,7,1-7d,0.03,0.0098571428571428,0.017735357142857153,0.00145,0.0009999999999999,0.0201428571428572,0,1,1,1,1,1
2023-11-21,1,1-7d,0.463,0.6151428571428571,0.062206785714285666,0.1710714285714285,0.198,0.15214285714285708,0,0,1,0,0,0
2023-11-21,2,1-7d,0.463,0.6151428571428571,0.062206785714285666,0.1733214285714285,0.201,0.15214285714285708,0,0,1,0,0,0
2023-11-21,3,1-7d,0.463,0.6151428571428571,0.062206785714285666,0.1757142857142857,0.204,0.15214285714285708,0,0,1,0,0,0
2023-11-21,4,1-7d,0.463,0.6151428571428571,0.062206785714285666,0.1775428571428571,0.206,0.15214285714285708,0,0,1,0,0,0
2023-11-21,5,1-7d,0.463,0.6151428571428571,0.062206785714285666,0.1797642857142856,0.209,0.15214285714285708,0,0,1,0,0,0
2023-11-21,6,1-7d,0.463,0.6151428571428571,0.062206785714285666,0.1818,0.211,0.15214285714285708,0,0,1,0,0,0
2023-11-21,7,1-7d,0.463,0.6151428571428571,0.062206785714285666,0.18405,0.214,0.15214285714285708,0,0,1,0,0,0
2023-11-21,1,1-7d,0.064,0.0227142857142857,0.0275598469387755,0.02945,0.035,0.0412857142857143,0,0,1,0,0,0
2023-11-21,2,1-7d,0.064,0.0227142857142857,0.0275598469387755,0.0300142857142857,0.035,0.0412857142857143,0,0,1,0,0,0
2023-11-21,3,1-7d,0.064,0.0227142857142857,0.0275598469387755,0.03045,0.036,0.0412857142857143,0,0,1,0,0,0
2023-11-21,4,1-7d,0.064,0.0227142857142857,0.0275598469387755,0.0312714285714285,0.036,0.0412857142857143,0,0,1,0,0,0
2023-11-21,5,1-7d,0.064,0.0227142857142857,0.0275598469387755,0.0317214285714285,0.037,0.0412857142857143,0,0,1,0,0,0
2023-11-21,6,1-7d,0.064,0.0227142857142857,0.0275598469387755,0.0322714285714285,0.037,0.0412857142857143,0,0,1,0,0,0
2023-11-21,7,1-7d,0.064,0.0227142857142857,0.0275598469387755,0.0327214285714285,0.038,0.0412857142857143,0,0,1,0,0,0
2023-11-21,1,1-7d,0.13,0.3234285714285714,0.09304352040816324,0.0070357142857142,0.01,0.1934285714285714,0,0,0,0,0,0
2023-11-21,2,1-7d,0.128,0.3234285714285714,0.09504352040816325,0.0071785714285714,0.011,0.1954285714285714,0,0,0,0,0,0
2023-11-21,3,1-7d,0.127,0.3234285714285714,0.09604352040816325,0.0064642857142857,0.01,0.1964285714285714,0,0,0,0,0,0
2023-11-21,4,1-7d,0.125,0.3234285714285714,0.09804352040816325,0.0070357142857142,0.01,0.1984285714285714,0,0,0,0,0,0
2023-11-21,5,1-7d,0.124,0.3234285714285714,0.09904352040816326,0.0061785714285714,0.01,0.1994285714285714,0,0,0,0,0,0
2023-11-21,6,1-7d,0.122,0.3234285714285714,0.10104352040816326,0.0064642857142857,0.01,0.2014285714285714,0,0,0,0,0,0
2023-11-21,7,1-7d,0.121,0.3234285714285714,0.10204352040816325,0.0060357142857142,0.009,0.2024285714285714,0,0,0,0,0,0
2023-11-21,1,1-7d,0.094,0.1038571428571428,0.014888418367346933,0.0101428571428571,0.0129999999999999,0.0098571428571428,1,1,1,0,0,0
2023-11-21,2,1-7d,0.093,0.1038571428571428,0.015031275510204075,0.0098857142857142,0.0129999999999999,0.010857142857142801,1,1,1,0,0,0
2023-11-21,3,1-7d,0.092,0.1038571428571428,0.01517413265306122,0.0098857142857142,0.0129999999999999,0.011857142857142802,1,1,1,0,0,0
2023-11-21,4,1-7d,0.091,0.1038571428571428,0.015316989795918362,0.0096071428571428,0.0129999999999999,0.012857142857142803,1,1,1,0,0,0
2023-11-21,5,1-7d,0.09,0.1038571428571428,0.015459846938775505,0.0096071428571428,0.0129999999999999,0.013857142857142804,1,1,1,0,0,0
2023-11-21,6,1-7d,0.089,0.1038571428571428,0.015602704081632649,0.0096071428571428,0.0129999999999999,0.014857142857142805,1,1,1,0,0,0
2023-11-21,7,1-7d,0.088,0.1038571428571428,0.01574556122448979,0.0096071428571428,0.013,0.015857142857142806,1,1,1,0,0,0
2023-11-21,1,1-7d,0.029,0.0381428571428571,0.014786377551020408,0.0025857142857142,0.004,0.009142857142857102,1,1,1,0,0,0
2023-11-21,2,1-7d,0.028,0.0381428571428571,0.01492923469387755,0.0028714285714285,0.004,0.010142857142857103,1,1,1,0,0,0
2023-11-21,3,1-7d,0.028,0.0381428571428571,0.01492923469387755,0.0025857142857142,0.004,0.010142857142857103,1,1,1,0,0,0
2023-11-21,4,1-7d,0.028,0.0381428571428571,0.01492923469387755,0.0018714285714285,0.0029999999999999,0.010142857142857103,1,1,1,0,0,0
2023-11-21,5,1-7d,0.027,0.0381428571428571,0.015072091836734693,0.0025857142857142,0.004,0.011142857142857104,1,1,1,0,0,0
2023-11-21,6,1-7d,0.027,0.0381428571428571,0.015072091836734693,0.0018714285714285,0.0029999999999999,0.011142857142857104,1,1,1,0,0,0
2023-11-21,7,1-7d,0.026,0.0381428571428571,0.015214948979591835,0.0025857142857142,0.004,0.012142857142857105,1,1,1,0,0,0
2023-11-21,1,1-7d,0.507,0.3999999999999999,0.07449862244897963,0.1535214285714286,0.16,0.1070000000000001,0,0,1,0,0,0
2023-11-21,2,1-7d,0.509,0.3999999999999999,0.07592719387755106,0.1560285714285714,0.162,0.1090000000000001,0,0,1,0,0,0
2023-11-21,3,1-7d,0.511,0.3999999999999999,0.0773557653061225,0.1581,0.164,0.1110000000000001,0,0,1,0,0,0
2023-11-21,4,1-7d,0.513,0.3999999999999999,0.07878433673469391,0.1605214285714285,0.167,0.1130000000000001,0,0,1,0,0,0
2023-11-21,5,1-7d,0.516,0.3999999999999999,0.08092719387755108,0.1618142857142857,0.168,0.1160000000000001,0,0,1,0,0,0
2023-11-21,6,1-7d,0.518,0.3999999999999999,0.08235576530612251,0.1641,0.1699999999999999,0.1180000000000001,0,0,1,0,0,0
2023-11-21,7,1-7d,0.52,0.3999999999999999,0.08378433673469395,0.1660999999999999,0.1719999999999999,0.1200000000000001,0,0,1,0,0,0
2023-11-21,1,1-7d,0.042,0.0637142857142857,0.016582295918367348,0.0131142857142857,0.014,0.021714285714285693,1,1,1,0,0,0
2023-11-21,2,1-7d,0.042,0.0637142857142857,0.016582295918367348,0.01355,0.015,0.021714285714285693,1,1,1,0,0,0
2023-11-21,3,1-7d,0.041,0.0637142857142857,0.01672515306122449,0.0133357142857142,0.014,0.022714285714285694,1,1,1,0,0,0
2023-11-21,4,1-7d,0.041,0.0637142857142857,0.01672515306122449,0.0138285714285714,0.015,0.022714285714285694,1,1,1,0,0,0
2023-11-21,5,1-7d,0.04,0.0637142857142857,0.016868010204081633,0.0134785714285714,0.015,0.023714285714285695,1,1,1,0,0,0
2023-11-21,6,1-7d,0.04,0.0637142857142857,0.016868010204081633,0.0143285714285714,0.015,0.023714285714285695,1,1,1,0,0,0
2023-11-21,7,1-7d,0.039,0.0637142857142857,0.017010867346938775,0.0138285714285714,0.015,0.024714285714285696,1,1,1,0,0,0
2023-11-21,1,1-7d,0.134,0.175,0.019337397959183676,0.0320499999999999,0.0379999999999999,0.04099999999999998,1,1,1,0,0,0
2023-11-21,2,1-7d,0.133,0.175,0.01948025510204082,0.0317,0.038,0.04199999999999998,1,1,1,0,0,0
2023-11-21,3,1-7d,0.131,0.175,0.019765969387755104,0.0320571428571428,0.038,0.043999999999999984,1,1,1,0,0,0
2023-11-21,4,1-7d,0.129,0.175,0.02005168367346939,0.0327,0.039,0.045999999999999985,1,1,1,0,0,0
2023-11-21,5,1-7d,0.127,0.175,0.020337397959183674,0.0334142857142857,0.04,0.04799999999999999,1,1,1,0,0,0
2023-11-21,6,1-7d,0.125,0.175,0.02062311224489796,0.0337714285714285,0.04,0.04999999999999999,1,1,1,0,0,0
2023-11-21,7,1-7d,0.123,0.175,0.020908826530612244,0.0341642857142857,0.041,0.05199999999999999,1,1,1,0,0,0
2023-11-21,1,1-7d,0.067,0.1242857142857142,0.021663928571428563,0.0009571428571428,0.002,0.05728571428571419,1,1,1,1,1,1
2023-11-21,2,1-7d,0.066,0.1242857142857142,0.021806785714285706,0.001,0.002,0.05828571428571419,1,1,1,1,1,1
2023-11-21,3,1-7d,0.065,0.1242857142857142,0.021949642857142848,0.00085,0.001,0.05928571428571419,1,1,1,1,1,1
2023-11-21,4,1-7d,0.065,0.1242857142857142,0.021949642857142848,0.0009571428571428,0.002,0.05928571428571419,1,1,1,1,1,1
2023-11-21,5,1-7d,0.064,0.1242857142857142,0.02209249999999999,0.001,0.002,0.06028571428571419,1,1,1,1,1,1
2023-11-21,6,1-7d,0.063,0.1242857142857142,0.022235357142857133,0.0008785714285714,0.001,0.06128571428571419,1,1,1,1,1,1
2023-11-21,7,1-7d,0.062,0.1242857142857142,0.022378214285714276,0.0008142857142857,0.001,0.062285714285714194,1,1,1,1,1,1
2023-11-21,1,1-7d,0.056,0.0484285714285714,0.01456188775510205,0.0142857142857142,0.0169999999999999,0.007571428571428604,1,1,1,0,0,0
2023-11-21,2,1-7d,0.056,0.0484285714285714,0.01456188775510205,0.0142857142857142,0.0169999999999999,0.007571428571428604,1,1,1,0,0,0
2023-11-21,3,1-7d,0.055,0.0484285714285714,0.014419030612244907,0.0142928571428571,0.0169999999999999,0.006571428571428603,1,1,1,0,0,0
2023-11-21,4,1-7d,0.054,0.0484285714285714,0.014276173469387764,0.0150071428571428,0.0179999999999999,0.005571428571428602,1,1,1,0,0,0
2023-11-21,5,1-7d,0.053,0.0484285714285714,0.01413331632653062,0.0153214285714285,0.0179999999999999,0.004571428571428601,1,1,1,0,0,0
2023-11-21,6,1-7d,0.053,0.0484285714285714,0.01413331632653062,0.0150071428571428,0.0179999999999999,0.004571428571428601,1,1,1,0,0,0
2023-11-21,7,1-7d,0.052,0.0484285714285714,0.013990459183673478,0.0153214285714285,0.018,0.0035714285714286004,1,1,1,0,0,0
2023-11-21,1,1-7d,0.295,0.3238571428571428,0.017602704081632645,0.1692642857142857,0.177,0.028857142857142803,1,1,1,0,0,0
2023-11-21,2,1-7d,0.293,0.3238571428571428,0.01788841836734693,0.1729857142857143,0.181,0.030857142857142805,1,1,1,0,0,0
2023-11-21,3,1-7d,0.292,0.3238571428571428,0.018031275510204076,0.1761357142857142,0.185,0.031857142857142806,1,1,1,0,0,0
2023-11-21,4,1-7d,0.291,0.3238571428571428,0.01817413265306122,0.1792357142857143,0.188,0.03285714285714281,1,1,1,0,0,0
2023-11-21,5,1-7d,0.289,0.3238571428571428,0.018459846938775504,0.1832357142857143,0.192,0.03485714285714281,1,1,1,0,0,0
2023-11-21,6,1-7d,0.288,0.3238571428571428,0.018602704081632646,0.1862428571428571,0.195,0.03585714285714281,1,1,1,0,0,0
2023-11-21,7,1-7d,0.286,0.3238571428571428,0.01888841836734693,0.1902428571428571,0.199,0.03785714285714281,1,1,1,0,0,0
2023-11-21,1,1-7d,0.044,0.108,0.02262311224489796,0.0074214285714285,0.0089999999999999,0.064,1,1,1,0,0,0
2023-11-21,2,1-7d,0.044,0.108,0.02262311224489796,0.0075642857142857,0.0099999999999999,0.064,1,1,1,0,0,0
2023-11-21,3,1-7d,0.043,0.108,0.022765969387755103,0.0073499999999999,0.0089999999999999,0.065,1,1,1,0,0,0
2023-11-21,4,1-7d,0.043,0.108,0.022765969387755103,0.0075642857142857,0.0099999999999999,0.065,1,1,1,0,0,0
2023-11-21,5,1-7d,0.043,0.108,0.022765969387755103,0.0075928571428571,0.0099999999999999,0.065,1,1,1,0,0,0
2023-11-21,6,1-7d,0.043,0.108,0.022765969387755103,0.0084214285714285,0.0099999999999999,0.065,1,1,1,0,0,0
2023-11-21,7,1-7d,0.042,0.108,0.022908826530612245,0.0075642857142857,0.01,0.066,1,1,1,0,0,0
2023-11-21,8,8-14d,0.063,0.105,0.020149234693877555,0.0421571428571428,0.059,0.041999999999999996,1,1,1,0,0,0
2023-11-21,9,8-14d,0.063,0.105,0.020149234693877555,0.0417642857142857,0.0579999999999999,0.041999999999999996,1,1,1,0,0,0
2023-11-21,10,8-14d,0.062,0.105,0.0202920918367347,0.0427642857142857,0.059,0.043,1,1,1,0,0,0
2023-11-21,11,8-14d,0.061,0.105,0.020434948979591843,0.0434857142857142,0.06,0.044,1,1,1,0,0,0
2023-11-21,12,8-14d,0.06,0.105,0.02057780612244899,0.0440928571428571,0.061,0.045,1,1,1,0,0,0
2023-11-21,13,8-14d,0.06,0.105,0.02057780612244899,0.0437,0.06,0.045,1,1,1,0,0,0
2023-11-21,14,8-14d,0.059,0.105,0.02072066326530613,0.0447,0.061,0.046,1,1,1,0,0,0
2023-11-21,8,8-14d,0.087,0.0708571428571428,0.017394132653061237,0.0038285714285714,0.004,0.016142857142857195,0,1,1,1,1,1
2023-11-21,9,8-14d,0.086,0.0708571428571428,0.01696556122448981,0.0038571428571428,0.004,0.015142857142857194,0,1,1,1,1,1
2023-11-21,10,8-14d,0.085,0.0708571428571428,0.016536989795918385,0.0039285714285714,0.0039999999999999,0.014142857142857207,0,1,1,1,1,1
2023-11-21,11,8-14d,0.083,0.0708571428571428,0.015883928571428584,0.0041214285714285,0.0059999999999999,0.012142857142857205,1,1,1,1,1,1
2023-11-21,12,8-14d,0.082,0.0708571428571428,0.01574107142857144,0.0041214285714285,0.0059999999999999,0.011142857142857204,1,1,1,1,1,1
2023-11-21,13,8-14d,0.081,0.0708571428571428,0.015598214285714299,0.0041499999999999,0.0059999999999999,0.010142857142857203,1,1,1,1,1,1
2023-11-21,14,8-14d,0.08,0.0708571428571428,0.015455357142857156,0.0042214285714285,0.0059999999999999,0.009142857142857203,1,1,1,1,1,1
2023-11-21,8,8-14d,0.052,0.0372857142857142,0.016781887755102066,0.0096357142857142,0.0209999999999999,0.014714285714285798,0,1,1,0,1,1
2023-11-21,9,8-14d,0.052,0.0372857142857142,0.016781887755102066,0.0096714285714285,0.0209999999999999,0.014714285714285798,0,1,1,0,1,1
2023-11-21,10,8-14d,0.051,0.0372857142857142,0.01635331632653064,0.0101071428571428,0.022,0.013714285714285797,0,1,1,0,1,1
2023-11-21,11,8-14d,0.051,0.0372857142857142,0.01635331632653064,0.0102142857142857,0.022,0.013714285714285797,0,1,1,0,1,1
2023-11-21,12,8-14d,0.051,0.0372857142857142,0.01635331632653064,0.0100071428571428,0.022,0.013714285714285797,0,1,1,0,1,1
2023-11-21,13,8-14d,0.05,0.0372857142857142,0.015965561224489812,0.0107571428571428,0.0229999999999999,0.012714285714285803,1,1,1,0,0,1
2023-11-21,14,8-14d,0.05,0.0372857142857142,0.015965561224489812,0.0107642857142857,0.0229999999999999,0.012714285714285803,1,1,1,0,0,1
2023-11-21,8,8-14d,0.355,0.3855714285714285,0.018516581632653063,0.1511357142857143,0.185,0.030571428571428527,1,1,1,0,0,0
2023-11-21,9,8-14d,0.352,0.3855714285714285,0.01894515306122449,0.1547142857142857,0.189,0.03357142857142853,1,1,1,0,0,0
2023-11-21,10,8-14d,0.35,0.3855714285714285,0.019230867346938775,0.1570714285714285,0.191,0.03557142857142853,1,1,1,0,0,0
2023-11-21,11,8-14d,0.348,0.3855714285714285,0.019516581632653063,0.1593214285714285,0.194,0.03757142857142853,1,1,1,0,0,0
2023-11-21,12,8-14d,0.346,0.3855714285714285,0.01980229591836735,0.1617928571428571,0.197,0.039571428571428535,1,1,1,0,0,0
2023-11-21,13,8-14d,0.344,0.3855714285714285,0.020088010204081633,0.1640714285714286,0.2,0.04157142857142854,1,1,1,0,0,0
2023-11-21,14,8-14d,0.341,0.3855714285714285,0.020516581632653057,0.1673999999999999,0.203,0.044571428571428484,1,1,1,0,0,0
2023-11-21,8,8-14d,0.065,0.186,0.044669642857142866,0.0244571428571428,0.032,0.121,0,1,1,0,0,0
2023-11-21,9,8-14d,0.065,0.186,0.044669642857142866,0.0250214285714285,0.032,0.121,0,1,1,0,0,0
2023-11-21,10,8-14d,0.065,0.186,0.044669642857142866,0.0250214285714285,0.032,0.121,0,1,1,0,0,0
2023-11-21,11,8-14d,0.065,0.186,0.044669642857142866,0.0254571428571428,0.033,0.121,0,1,1,0,0,0
2023-11-21,12,8-14d,0.065,0.186,0.044669642857142866,0.0260214285714285,0.033,0.121,0,1,1,0,0,0
2023-11-21,13,8-14d,0.065,0.186,0.044669642857142866,0.0260214285714285,0.033,0.121,0,1,1,0,0,0
2023-11-21,14,8-14d,0.065,0.186,0.044669642857142866,0.0264571428571428,0.034,0.121,0,1,1,0,0,0
2023-11-21,8,8-14d,0.047,0.0784285714285714,0.018639030612244898,0.0021642857142857,0.0039999999999999,0.0314285714285714,1,1,1,1,1,1
2023-11-21,9,8-14d,0.046,0.0784285714285714,0.01878188775510204,0.0022285714285714,0.004,0.032428571428571404,1,1,1,1,1,1
2023-11-21,10,8-14d,0.045,0.0784285714285714,0.018924744897959183,0.0022357142857142,0.004,0.033428571428571405,1,1,1,1,1,1
2023-11-21,11,8-14d,0.044,0.0784285714285714,0.01906760204081633,0.0021642857142857,0.004,0.034428571428571406,1,1,1,1,1,1
2023-11-21,12,8-14d,0.043,0.0784285714285714,0.01921045918367347,0.0021285714285714,0.004,0.035428571428571407,1,1,1,1,1,1
2023-11-21,13,8-14d,0.043,0.0784285714285714,0.01921045918367347,0.0019857142857142,0.003,0.035428571428571407,1,1,1,1,1,1
2023-11-21,14,8-14d,0.042,0.0784285714285714,0.019353316326530614,0.0022285714285714,0.0039999999999999,0.0364285714285714,1,1,1,1,1,1
2023-11-21,8,8-14d,0.072,0.0628571428571428,0.015455357142857151,0.0044499999999999,0.0109999999999999,0.009142857142857189,1,1,1,0,1,1
2023-11-21,9,8-14d,0.071,0.0628571428571428,0.015312500000000008,0.0040928571428571,0.0099999999999999,0.008142857142857188,1,1,1,0,1,1
2023-11-21,10,8-14d,0.07,0.0628571428571428,0.01516964285714287,0.0040928571428571,0.01,0.007142857142857201,1,1,1,0,1,1
2023-11-21,11,8-14d,0.07,0.0628571428571428,0.01516964285714287,0.0044428571428571,0.011,0.007142857142857201,1,1,1,0,1,1
2023-11-21,12,8-14d,0.069,0.0628571428571428,0.015026785714285727,0.00445,0.011,0.0061428571428572,1,1,1,0,1,1
2023-11-21,13,8-14d,0.068,0.0628571428571428,0.014883928571428584,0.0042642857142857,0.011,0.005142857142857199,1,1,1,0,1,1
2023-11-21,14,8-14d,0.068,0.0628571428571428,0.014883928571428584,0.0045428571428571,0.011,0.005142857142857199,1,1,1,0,1,1
2023-11-21,8,8-14d,0.03,0.0098571428571428,0.019108418367346953,0.0014857142857142,0.0009999999999999,0.0201428571428572,0,1,1,1,1,1
2023-11-21,9,8-14d,0.029,0.0098571428571428,0.01867984693877553,0.0015285714285714,0.001,0.0191428571428572,0,1,1,1,1,1
2023-11-21,10,8-14d,0.029,0.0098571428571428,0.01867984693877553,0.0014785714285714,0.001,0.0191428571428572,0,1,1,1,1,1
2023-11-21,11,8-14d,0.028,0.0098571428571428,0.018251275510204102,0.0013428571428571,0.0,0.0181428571428572,0,1,1,1,1,1
2023-11-21,12,8-14d,0.028,0.0098571428571428,0.018251275510204102,0.0014571428571428,0.001,0.0181428571428572,0,1,1,1,1,1
2023-11-21,13,8-14d,0.027,0.0098571428571428,0.01782270408163267,0.0013357142857142,0.0,0.0171428571428572,0,1,1,1,1,1
2023-11-21,14,8-14d,0.027,0.0098571428571428,0.01782270408163267,0.0015285714285714,0.001,0.0171428571428572,0,1,1,1,1,1
2023-11-21,8,8-14d,0.463,0.6151428571428571,0.05801658163265305,0.1861571428571428,0.216,0.15214285714285708,0,1,1,0,0,0
2023-11-21,9,8-14d,0.463,0.6151428571428571,0.05801658163265305,0.1884071428571428,0.218,0.15214285714285708,0,1,1,0,0,0
2023-11-21,10,8-14d,0.463,0.6151428571428571,0.05801658163265305,0.1906571428571428,0.221,0.15214285714285708,0,1,1,0,0,0
2023-11-21,11,8-14d,0.463,0.6151428571428571,0.05801658163265305,0.1926642857142857,0.223,0.15214285714285708,0,1,1,0,0,0
2023-11-21,12,8-14d,0.462,0.6151428571428571,0.058681887755102025,0.1955857142857142,0.2269999999999999,0.15314285714285708,0,0,1,0,0,0
2023-11-21,13,8-14d,0.462,0.6151428571428571,0.058681887755102025,0.1974142857142857,0.2289999999999999,0.15314285714285708,0,0,1,0,0,0
2023-11-21,14,8-14d,0.462,0.6151428571428571,0.058681887755102025,0.1994214285714285,0.2309999999999999,0.15314285714285708,0,0,1,0,0,0
2023-11-21,8,8-14d,0.064,0.0227142857142857,0.02816964285714286,0.0332714285714285,0.038,0.0412857142857143,0,1,1,0,0,0
2023-11-21,9,8-14d,0.064,0.0227142857142857,0.02816964285714286,0.0336928571428571,0.039,0.0412857142857143,0,1,1,0,0,0
2023-11-21,10,8-14d,0.063,0.0227142857142857,0.02774107142857143,0.0332642857142857,0.038,0.0402857142857143,0,1,1,0,0,0
2023-11-21,11,8-14d,0.063,0.0227142857142857,0.02774107142857143,0.0336928571428571,0.039,0.0402857142857143,0,1,1,0,0,0
2023-11-21,12,8-14d,0.063,0.0227142857142857,0.02774107142857143,0.0344714285714285,0.039,0.0402857142857143,0,1,1,0,0,0
2023-11-21,13,8-14d,0.063,0.0227142857142857,0.02774107142857143,0.0346928571428571,0.04,0.0402857142857143,0,1,1,0,0,0
2023-11-21,14,8-14d,0.063,0.0227142857142857,0.02774107142857143,0.0354428571428571,0.04,0.0402857142857143,0,1,1,0,0,0
2023-11-21,8,8-14d,0.119,0.3234285714285714,0.09951862244897958,0.0061785714285714,0.01,0.2044285714285714,0,0,0,0,0,0
2023-11-21,9,8-14d,0.118,0.3234285714285714,0.10051862244897959,0.00575,0.009,0.2054285714285714,0,0,0,0,0,0
2023-11-21,10,8-14d,0.117,0.3234285714285714,0.10151862244897958,0.0050357142857142,0.0079999999999999,0.2064285714285714,0,0,0,0,0,0
2023-11-21,11,8-14d,0.115,0.3234285714285714,0.10351862244897958,0.0054642857142857,0.0089999999999999,0.2084285714285714,0,0,0,0,0,0
2023-11-21,12,8-14d,0.114,0.3234285714285714,0.10451862244897958,0.0047785714285714,0.0079999999999999,0.2094285714285714,0,0,0,0,0,0
2023-11-21,13,8-14d,0.112,0.3234285714285714,0.10651862244897958,0.0051785714285714,0.0089999999999999,0.2114285714285714,0,0,0,0,0,0
2023-11-21,14,8-14d,0.111,0.3234285714285714,0.10751862244897958,0.00475,0.0079999999999999,0.2124285714285714,0,0,0,0,0,0
2023-11-21,8,8-14d,0.087,0.1038571428571428,0.016557397959183668,0.0093928571428571,0.012,0.016857142857142807,1,1,1,0,0,0
2023-11-21,9,8-14d,0.086,0.1038571428571428,0.01670025510204081,0.0091785714285714,0.012,0.017857142857142808,1,1,1,0,0,0
2023-11-21,10,8-14d,0.085,0.1038571428571428,0.016843112244897953,0.0091785714285714,0.0119999999999999,0.018857142857142795,1,1,1,0,0,0
2023-11-21,11,8-14d,0.085,0.1038571428571428,0.016843112244897953,0.0081785714285714,0.0109999999999999,0.018857142857142795,1,1,1,0,0,0
2023-11-21,12,8-14d,0.084,0.1038571428571428,0.016985969387755095,0.0081785714285714,0.0109999999999999,0.019857142857142795,1,1,1,0,0,0
2023-11-21,13,8-14d,0.083,0.1038571428571428,0.017128826530612238,0.0081785714285714,0.0109999999999999,0.020857142857142796,1,1,1,0,0,0
2023-11-21,14,8-14d,0.082,0.1038571428571428,0.01727168367346938,0.0081785714285714,0.0109999999999999,0.021857142857142797,1,1,1,0,0,0
2023-11-21,8,8-14d,0.026,0.0381428571428571,0.01588392857142857,0.0018714285714285,0.003,0.012142857142857105,1,1,1,0,0,0
2023-11-21,9,8-14d,0.025,0.0381428571428571,0.016026785714285712,0.0025857142857142,0.004,0.013142857142857102,1,1,1,0,0,0
2023-11-21,10,8-14d,0.025,0.0381428571428571,0.016026785714285712,0.0018714285714285,0.0029999999999999,0.013142857142857102,1,1,1,0,0,0
2023-11-21,11,8-14d,0.024,0.0381428571428571,0.016169642857142855,0.0025857142857142,0.004,0.014142857142857103,1,1,1,0,0,0
2023-11-21,12,8-14d,0.024,0.0381428571428571,0.016169642857142855,0.0018714285714285,0.0029999999999999,0.014142857142857103,1,1,1,0,0,0
2023-11-21,13,8-14d,0.024,0.0381428571428571,0.016169642857142855,0.0015857142857142,0.0029999999999999,0.014142857142857103,1,1,1,0,0,1
2023-11-21,14,8-14d,0.023,0.0381428571428571,0.016312499999999997,0.0018714285714285,0.0029999999999999,0.015142857142857104,1,1,1,0,0,0
2023-11-21,8,8-14d,0.522,0.3999999999999999,0.08561454081632658,0.1680999999999999,0.1739999999999999,0.12200000000000011,0,0,1,0,0,0
2023-11-21,9,8-14d,0.524,0.3999999999999999,0.08704311224489801,0.1702499999999999,0.1769999999999999,0.12400000000000011,0,0,1,0,0,0
2023-11-21,10,8-14d,0.526,0.3999999999999999,0.08847168367346944,0.1722785714285713,0.1789999999999999,0.1260000000000001,0,0,1,0,0,0
2023-11-21,11,8-14d,0.528,0.3999999999999999,0.08990025510204087,0.1742785714285713,0.1809999999999999,0.1280000000000001,0,0,1,0,0,0
2023-11-21,12,8-14d,0.53,0.3999999999999999,0.09132882653061229,0.1762785714285713,0.1829999999999999,0.13000000000000012,0,0,1,0,0,0
2023-11-21,13,8-14d,0.532,0.3999999999999999,0.09275739795918372,0.1782785714285713,0.1849999999999999,0.13200000000000012,0,0,1,0,0,0
2023-11-21,14,8-14d,0.534,0.3999999999999999,0.09418596938775516,0.1802785714285713,0.1869999999999999,0.13400000000000012,0,0,1,0,0,0
2023-11-21,8,8-14d,0.039,0.0637142857142857,0.01767984693877551,0.0143357142857142,0.015,0.024714285714285696,1,1,1,0,0,0
2023-11-21,9,8-14d,0.038,0.0637142857142857,0.017822704081632654,0.0140857142857142,0.015,0.025714285714285696,1,1,1,0,0,0
2023-11-21,10,8-14d,0.038,0.0637142857142857,0.017822704081632654,0.0143357142857142,0.015,0.025714285714285696,1,1,1,0,0,0
2023-11-21,11,8-14d,0.037,0.0637142857142857,0.0179655612244898,0.0140857142857142,0.015,0.026714285714285697,1,1,1,0,0,0
2023-11-21,12,8-14d,0.037,0.0637142857142857,0.0179655612244898,0.0144785714285714,0.0159999999999999,0.026714285714285697,1,1,1,0,0,0
2023-11-21,13,8-14d,0.036,0.0637142857142857,0.018108418367346942,0.0140857142857142,0.0149999999999999,0.027714285714285698,1,1,1,0,0,0
2023-11-21,14,8-14d,0.036,0.0637142857142857,0.018108418367346942,0.0144785714285714,0.0159999999999999,0.027714285714285698,1,1,1,0,0,0
2023-11-21,8,8-14d,0.121,0.175,0.02186352040816327,0.0347785714285714,0.041,0.05399999999999999,1,1,1,0,0,0
2023-11-21,9,8-14d,0.119,0.175,0.022149234693877556,0.0357,0.042,0.055999999999999994,1,1,1,0,0,0
2023-11-21,10,8-14d,0.118,0.175,0.0222920918367347,0.0350214285714285,0.041,0.056999999999999995,1,1,1,0,0,0
2023-11-21,11,8-14d,0.116,0.175,0.02257780612244898,0.0357714285714285,0.0419999999999999,0.05899999999999998,1,1,1,0,0,0
2023-11-21,12,8-14d,0.114,0.175,0.02286352040816327,0.0361642857142857,0.043,0.060999999999999985,1,1,1,0,0,0
2023-11-21,13,8-14d,0.112,0.175,0.023149234693877554,0.0368071428571428,0.043,0.06299999999999999,1,1,1,0,0,0
2023-11-21,14,8-14d,0.111,0.175,0.023292091836734696,0.0362357142857142,0.043,0.06399999999999999,1,1,1,0,0,0
2023-11-21,8,8-14d,0.061,0.1242857142857142,0.023190051020408158,0.0008571428571428,0.001,0.0632857142857142,1,1,1,1,1,1
2023-11-21,9,8-14d,0.061,0.1242857142857142,0.023190051020408158,0.0008071428571428,0.001,0.0632857142857142,1,1,1,1,1,1
2023-11-21,10,8-14d,0.06,0.1242857142857142,0.0233329081632653,0.0007857142857142,0.001,0.0642857142857142,1,1,1,1,1,1
2023-11-21,11,8-14d,0.059,0.1242857142857142,0.023475765306122442,0.0007142857142857,0.0,0.0652857142857142,1,1,1,1,1,1
2023-11-21,12,8-14d,0.058,0.1242857142857142,0.023618622448979585,0.0006642857142857,0.0,0.0662857142857142,1,1,1,1,1,1
2023-11-21,13,8-14d,0.057,0.1242857142857142,0.023761479591836727,0.0007142857142857,0.0,0.0672857142857142,1,1,1,1,1,1
2023-11-21,14,8-14d,0.057,0.1242857142857142,0.023761479591836727,0.0007071428571428,0.0,0.0672857142857142,1,1,1,1,1,1
2023-11-21,8,8-14d,0.051,0.0484285714285714,0.014516581632653068,0.0160071428571428,0.019,0.0025714285714285995,1,1,1,0,0,0
2023-11-21,9,8-14d,0.05,0.0484285714285714,0.014373724489795927,0.0163214285714285,0.019,0.0015714285714286055,1,1,1,0,0,0
2023-11-21,10,8-14d,0.05,0.0484285714285714,0.014373724489795927,0.0160071428571428,0.019,0.0015714285714286055,1,1,1,0,0,0
2023-11-21,11,8-14d,0.049,0.0484285714285714,0.014230867346938783,0.0163214285714285,0.019,0.0005714285714286046,1,1,1,0,0,0
2023-11-21,12,8-14d,0.048,0.0484285714285714,0.014210459183673469,0.0170071428571428,0.02,0.00042857142857139624,1,1,1,0,0,0
2023-11-21,13,8-14d,0.048,0.0484285714285714,0.014210459183673469,0.0160428571428571,0.019,0.00042857142857139624,1,1,1,0,0,0
2023-11-21,14,8-14d,0.047,0.0484285714285714,0.014353316326530611,0.0170071428571428,0.02,0.0014285714285713971,1,1,1,0,0,0
2023-11-21,8,8-14d,0.285,0.3238571428571428,0.019700255102040817,0.1932714285714285,0.202,0.03885714285714281,1,1,1,0,0,0
2023-11-21,9,8-14d,0.283,0.3238571428571428,0.0199859693877551,0.197,0.206,0.040857142857142814,1,1,1,0,0,0
2023-11-21,10,8-14d,0.281,0.3238571428571428,0.02027168367346938,0.2009999999999999,0.2099999999999999,0.04285714285714276,1,1,1,0,0,0
2023-11-21,11,8-14d,0.28,0.3238571428571428,0.020414540816326522,0.2040999999999999,0.2129999999999999,0.04385714285714276,1,1,1,0,0,0
2023-11-21,12,8-14d,0.278,0.3238571428571428,0.02070025510204081,0.20825,0.2179999999999999,0.04585714285714276,1,1,1,0,0,0
2023-11-21,13,8-14d,0.277,0.3238571428571428,0.020843112244897953,0.2112499999999999,0.2209999999999999,0.046857142857142764,1,1,1,0,0,0
2023-11-21,14,8-14d,0.275,0.3238571428571428,0.021128826530612238,0.21475,0.2249999999999999,0.048857142857142766,1,1,1,0,0,0
2023-11-21,8,8-14d,0.042,0.108,0.023577806122448985,0.0083428571428571,0.01,0.066,1,1,1,0,0,0
2023-11-21,9,8-14d,0.042,0.108,0.023577806122448985,0.0085642857142857,0.011,0.066,1,1,1,0,0,0
2023-11-21,10,8-14d,0.042,0.108,0.023577806122448985,0.0085642857142857,0.011,0.066,1,1,1,0,0,0
2023-11-21,11,8-14d,0.041,0.108,0.02372066326530613,0.0084214285714285,0.01,0.067,1,1,1,0,0,0
2023-11-21,12,8-14d,0.041,0.108,0.02372066326530613,0.0085642857142857,0.011,0.067,1,1,1,0,0,0
2023-11-21,13,8-14d,0.041,0.108,0.02372066326530613,0.0093428571428571,0.011,0.067,1,1,1,0,0,0
2023-11-21,14,8-14d,0.041,0.108,0.02372066326530613,0.0094214285714285,0.011,0.067,1,1,1,0,0,0
2023-11-21,15,15-21d,0.058,0.105,0.021564336734693882,0.0457,0.0619999999999999,0.04699999999999999,1,1,1,0,0,0
2023-11-21,16,15-21d,0.057,0.105,0.021707193877551025,0.0461714285714285,0.063,0.047999999999999994,1,1,1,0,0,0
2023-11-21,15,15-21d,0.079,0.0708571428571428,0.01601331632653063,0.0043357142857142,0.0069999999999999,0.008142857142857202,1,1,1,1,1,1
2023-11-21,16,15-21d,0.078,0.0708571428571428,0.015870459183673486,0.0042928571428571,0.007,0.007142857142857201,1,1,1,1,1,1
2023-11-21,15,15-21d,0.05,0.0372857142857142,0.017768418367346966,0.0108714285714285,0.0229999999999999,0.012714285714285803,0,1,1,0,0,1
2023-11-21,16,15-21d,0.05,0.0372857142857142,0.017768418367346966,0.0108785714285714,0.0229999999999999,0.012714285714285803,0,1,1,0,0,1
2023-11-21,15,15-21d,0.339,0.3855714285714285,0.02150311224489795,0.1699142857142856,0.206,0.046571428571428486,1,1,1,0,0,0
2023-11-21,16,15-21d,0.336,0.3855714285714285,0.021931683673469378,0.1734071428571428,0.21,0.04957142857142849,1,1,1,0,0,0
2023-11-21,15,15-21d,0.064,0.186,0.04236025510204083,0.0260214285714285,0.033,0.122,0,1,1,0,0,0
2023-11-21,16,15-21d,0.064,0.186,0.04236025510204083,0.0261642857142857,0.034,0.122,0,1,1,0,0,0
2023-11-21,15,15-21d,0.041,0.0784285714285714,0.020196989795918364,0.0021571428571428,0.0039999999999999,0.0374285714285714,1,1,1,1,1,1
2023-11-21,16,15-21d,0.04,0.0784285714285714,0.020339846938775507,0.0021285714285714,0.0039999999999999,0.0384285714285714,1,1,1,1,1,1
2023-11-21,15,15-21d,0.067,0.0628571428571428,0.015441887755102052,0.0045142857142857,0.011,0.004142857142857198,1,1,1,0,1,1
2023-11-21,16,15-21d,0.066,0.0628571428571428,0.01529903061224491,0.0042357142857142,0.011,0.003142857142857197,1,1,1,0,1,1
2023-11-21,15,15-21d,0.027,0.0098571428571428,0.019666377551020426,0.0014857142857142,0.001,0.0171428571428572,0,1,1,1,1,1
2023-11-21,16,15-21d,0.026,0.0098571428571428,0.019237806122448995,0.0013428571428571,0.0,0.0161428571428572,0,1,1,1,1,1
2023-11-21,15,15-21d,0.462,0.6151428571428571,0.05570719387755102,0.2016,0.2339999999999999,0.15314285714285708,0,1,1,0,0,0
2023-11-21,16,15-21d,0.463,0.6151428571428571,0.05527862244897959,0.2026285714285714,0.2349999999999999,0.15214285714285708,0,1,1,0,0,0
2023-11-21,15,15-21d,0.063,0.0227142857142857,0.02958474489795918,0.0356857142857142,0.041,0.0402857142857143,0,1,1,0,0,0
2023-11-21,16,15-21d,0.063,0.0227142857142857,0.02958474489795918,0.0361857142857142,0.041,0.0402857142857143,0,1,1,0,0,0
2023-11-21,15,15-21d,0.11,0.3234285714285714,0.10320515306122448,0.0041785714285714,0.0079999999999999,0.2134285714285714,0,0,0,0,0,1
2023-11-21,16,15-21d,0.108,0.3234285714285714,0.10520515306122448,0.0047428571428571,0.008,0.2154285714285714,0,0,0,0,0,0
2023-11-21,15,15-21d,0.081,0.1038571428571428,0.018115357142857138,0.0081785714285714,0.0109999999999999,0.022857142857142798,1,1,1,0,0,0
2023-11-21,16,15-21d,0.08,0.1038571428571428,0.01825821428571428,0.0081499999999999,0.0109999999999999,0.0238571428571428,1,1,1,0,0,0
2023-11-21,15,15-21d,0.023,0.0381428571428571,0.01701331632653061,0.0015857142857142,0.0029999999999999,0.015142857142857104,1,1,1,0,0,1
2023-11-21,16,15-21d,0.022,0.0381428571428571,0.01715617346938775,0.0021285714285714,0.003,0.016142857142857105,1,1,1,0,0,0
2023-11-21,15,15-21d,0.536,0.3999999999999999,0.10085617346938787,0.1822499999999999,0.1889999999999999,0.13600000000000012,0,0,0,0,0,0
2023-11-21,16,15-21d,0.538,0.3999999999999999,0.10285617346938787,0.1839714285714284,0.1909999999999999,0.13800000000000012,0,0,0,0,0,0
2023-11-21,15,15-21d,0.035,0.0637142857142857,0.018952091836734693,0.0140857142857142,0.015,0.028714285714285692,1,1,1,0,0,0
2023-11-21,16,15-21d,0.035,0.0637142857142857,0.018952091836734693,0.01475,0.016,0.028714285714285692,1,1,1,0,0,0
2023-11-21,15,15-21d,0.109,0.175,0.024278622448979596,0.0371642857142857,0.044,0.06599999999999999,1,1,1,0,0,0
2023-11-21,16,15-21d,0.107,0.175,0.02456433673469388,0.0375285714285714,0.044,0.06799999999999999,1,1,1,0,0,0
2023-11-21,15,15-21d,0.056,0.1242857142857142,0.02460515306122448,0.0006428571428571,0.0,0.0682857142857142,1,1,1,1,1,1
2023-11-21,16,15-21d,0.055,0.1242857142857142,0.024748010204081624,0.0008571428571428,0.001,0.0692857142857142,1,1,1,1,1,1
2023-11-21,15,15-21d,0.046,0.0484285714285714,0.015196989795918365,0.0170428571428571,0.02,0.002428571428571398,1,1,1,0,0,0
2023-11-21,16,15-21d,0.045,0.0484285714285714,0.015339846938775508,0.0180071428571428,0.021,0.003428571428571399,1,1,1,0,0,0
2023-11-21,15,15-21d,0.274,0.3238571428571428,0.02197249999999999,0.2177499999999999,0.2279999999999999,0.04985714285714277,1,1,1,0,0,0
2023-11-21,16,15-21d,0.272,0.3238571428571428,0.022258214285714277,0.2218214285714285,0.2319999999999999,0.05185714285714277,1,1,1,0,0,0
2023-11-21,15,15-21d,0.04,0.108,0.02456433673469388,0.0085642857142857,0.011,0.068,1,1,1,0,0,0
2023-11-21,16,15-21d,0.04,0.108,0.02456433673469388,0.0093428571428571,0.011,0.068,1,1,1,0,0,0
2023-12-05,1,1-7d,0.028,0.0809999999999999,0.020511811224489786,0.0019714285714285,0.005,0.05299999999999991,1,1,1,0,1,1
2023-12-05,1,1-7d,0.057,0.0968571428571428,0.018634260204081626,0.0017357142857142,0.002,0.03985714285714279,1,1,1,1,1,1
2023-12-05,1,1-7d,0.021,0.0372857142857142,0.015266913265306114,0.0007857142857142,0.001,0.0162857142857142,1,1,1,1,1,1
2023-12-05,1,1-7d,0.245,0.4772857142857143,0.13218017857142866,0.1585,0.178,0.23228571428571432,0,0,0,0,0,0
2023-12-05,1,1-7d,0.036,0.0727142857142857,0.0181852806122449,0.00545,0.011,0.036714285714285706,1,1,1,0,0,1
2023-12-05,1,1-7d,0.058,0.0268571428571428,0.021991403061224518,0.0119928571428571,0.022,0.0311428571428572,0,1,1,0,0,1
2023-12-05,2,1-7d,0.057,0.0268571428571428,0.02156283163265309,0.0127142857142857,0.023,0.0301428571428572,0,1,1,0,0,1
2023-12-05,1,1-7d,0.079,0.0361428571428571,0.028224056122449003,0.0091571428571428,0.019,0.0428571428571429,0,0,1,0,0,1
2023-12-05,2,1-7d,0.078,0.0361428571428571,0.02750977040816329,0.0098714285714285,0.02,0.0418571428571429,0,0,1,0,0,1
2023-12-05,1,1-7d,0.05,0.0225714285714285,0.020399566326530644,0.0025428571428571,0.0019999999999999,0.027428571428571503,0,1,1,1,1,1
2023-12-05,2,1-7d,0.05,0.0225714285714285,0.020399566326530644,0.0025428571428571,0.0019999999999999,0.027428571428571503,0,1,1,1,1,1
2023-12-05,1,1-7d,0.339,0.5885714285714286,0.14946589285714293,0.1130285714285714,0.1369999999999999,0.2495714285714286,0,0,0,0,0,0
2023-12-05,2,1-7d,0.336,0.5885714285714286,0.15246589285714293,0.1152571428571428,0.1399999999999999,0.2525714285714286,0,0,0,0,0,0
2023-12-05,1,1-7d,0.064,0.054,0.014368954081632657,0.0049214285714285,0.011,0.010000000000000002,1,1,1,0,1,1
2023-12-05,2,1-7d,0.064,0.054,0.014368954081632657,0.0049214285714285,0.011,0.010000000000000002,1,1,1,0,1,1
2023-12-05,1,1-7d,0.11,0.1471428571428571,0.018246505102040813,0.0052,0.0079999999999999,0.0371428571428571,1,1,1,0,0,0
2023-12-05,2,1-7d,0.108,0.1471428571428571,0.018532219387755098,0.0061714285714285,0.009,0.039142857142857104,1,1,1,0,0,0
2023-12-05,1,1-7d,0.081,0.0637142857142857,0.016052627551020417,0.0070928571428571,0.0099999999999999,0.017285714285714307,0,1,1,0,0,0
2023-12-05,2,1-7d,0.08,0.0637142857142857,0.015624056122448987,0.0070928571428571,0.0099999999999999,0.016285714285714306,0,1,1,0,0,0
2023-12-05,1,1-7d,0.023,0.0415714285714285,0.015593443877551015,0.0007642857142857,0.002,0.018571428571428503,1,1,1,0,1,1
2023-12-05,2,1-7d,0.022,0.0415714285714285,0.01573630102040816,0.0008571428571428,0.002,0.019571428571428504,1,1,1,0,1,1
2023-12-05,1,1-7d,0.536,0.4967142857142857,0.025673035714285718,0.1576214285714285,0.1629999999999999,0.03928571428571431,0,0,1,0,0,0
2023-12-05,2,1-7d,0.538,0.4967142857142857,0.027101607142857146,0.159592857142857,0.1649999999999999,0.041285714285714314,0,0,1,0,0,0
2023-12-05,1,1-7d,0.035,0.0831428571428571,0.019817933673469384,0.0015785714285714,0.003,0.0481428571428571,1,1,1,0,0,1
2023-12-05,2,1-7d,0.035,0.0831428571428571,0.019817933673469384,0.0018428571428571,0.003,0.0481428571428571,1,1,1,0,0,1
2023-12-05,1,1-7d,0.109,0.1071428571428571,0.013205688775510215,0.024,0.029,0.0018571428571429044,1,1,1,0,0,0
2023-12-05,2,1-7d,0.107,0.1071428571428571,0.012960790816326529,0.0245285714285714,0.029,0.00014285714285709739,1,1,1,0,0,0
2023-12-05,1,1-7d,0.056,0.0391428571428571,0.015868954081632674,0.0024857142857142,0.0049999999999999,0.016857142857142904,0,1,1,0,0,1
2023-12-05,2,1-7d,0.055,0.0391428571428571,0.015440382653061245,0.0027,0.0059999999999999,0.015857142857142903,0,1,1,0,0,1
2023-12-05,1,1-7d,0.046,0.0614285714285714,0.015144464285714285,0.0102071428571428,0.0129999999999999,0.015428571428571403,1,1,1,0,0,0
2023-12-05,2,1-7d,0.045,0.0614285714285714,0.01528732142857143,0.0109642857142857,0.0139999999999999,0.016428571428571404,1,1,1,0,0,0
2023-12-05,1,1-7d,0.274,0.4262857142857142,0.06356487244897954,0.1742928571428571,0.183,0.1522857142857142,0,0,1,0,0,0
2023-12-05,2,1-7d,0.272,0.4262857142857142,0.06499344387755097,0.1770214285714285,0.186,0.1542857142857142,0,0,1,0,0,0
2023-12-05,1,1-7d,0.04,0.0817142857142857,0.018899566326530615,0.0045428571428571,0.0069999999999999,0.0417142857142857,1,1,1,0,0,0
2023-12-05,2,1-7d,0.04,0.0817142857142857,0.018899566326530615,0.0042999999999999,0.0069999999999999,0.0417142857142857,1,1,1,0,0,0
2024-01-03,1,1-7d,0.001,0.0311428571428571,0.017155561224489795,0.0,0.0,0.0301428571428571,1,1,1,1,1,1
2024-01-03,2,1-7d,0.001,0.0311428571428571,0.017155561224489795,0.0,0.0,0.0301428571428571,1,1,1,1,1,1
2024-01-03,3,1-7d,0.001,0.0311428571428571,0.017155561224489795,0.0,0.0,0.0301428571428571,1,1,1,1,1,1
2024-01-03,4,1-7d,0.001,0.0311428571428571,0.017155561224489795,0.0,0.0,0.0301428571428571,1,1,1,1,1,1
2024-01-03,5,1-7d,0.001,0.0311428571428571,0.017155561224489795,7.142857142857149e-06,0.0,0.0301428571428571,1,1,1,1,1,1
2024-01-03,6,1-7d,0.001,0.0311428571428571,0.017155561224489795,3.571428571428572e-05,0.0,0.0301428571428571,1,1,1,1,1,1
2024-01-03,7,1-7d,0.001,0.0311428571428571,0.017155561224489795,3.571428571428572e-05,0.0,0.0301428571428571,1,1,1,1,1,1
2024-01-03,1,1-7d,0.003,0.0501428571428571,0.01958413265306122,0.0001142857142857,0.0,0.0471428571428571,1,1,1,1,1,1
2024-01-03,2,1-7d,0.003,0.0501428571428571,0.01958413265306122,7.142857142857143e-05,0.0,0.0471428571428571,1,1,1,1,1,1
2024-01-03,3,1-7d,0.003,0.0501428571428571,0.01958413265306122,0.0001428571428571,0.0,0.0471428571428571,1,1,1,1,1,1
2024-01-03,4,1-7d,0.002,0.0501428571428571,0.019726989795918363,0.0002571428571428,0.001,0.0481428571428571,1,1,1,1,1,1
2024-01-03,5,1-7d,0.002,0.0501428571428571,0.019726989795918363,0.0001071428571428,0.0,0.0481428571428571,1,1,1,1,1,1
2024-01-03,6,1-7d,0.002,0.0501428571428571,0.019726989795918363,0.0001071428571428,0.0,0.0481428571428571,1,1,1,1,1,1
2024-01-03,7,1-7d,0.002,0.0501428571428571,0.019726989795918363,3.571428571428572e-05,0.0,0.0481428571428571,1,1,1,1,1,1
2024-01-03,1,1-7d,0.001,0.022,0.01584943877551021,7.142857142857149e-06,0.0,0.020999999999999998,1,1,1,1,1,1
2024-01-03,2,1-7d,0.001,0.022,0.01584943877551021,7.142857142857149e-06,0.0,0.020999999999999998,1,1,1,1,1,1
2024-01-03,3,1-7d,0.001,0.022,0.01584943877551021,3.571428571428572e-05,0.0,0.020999999999999998,1,1,1,1,1,1
2024-01-03,4,1-7d,0.001,0.022,0.01584943877551021,3.571428571428572e-05,0.0,0.020999999999999998,1,1,1,1,1,1
2024-01-03,5,1-7d,0.001,0.022,0.01584943877551021,0.0001071428571428,0.0,0.020999999999999998,1,1,1,1,1,1
2024-01-03,6,1-7d,0.001,0.022,0.01584943877551021,0.0001071428571428,0.0,0.020999999999999998,1,1,1,1,1,1
2024-01-03,7,1-7d,0.0,0.022,0.01599229591836735,0.0001071428571428,0.0,0.022,1,1,1,1,1,1
2024-01-03,1,1-7d,0.015,0.2455714285714285,0.12920658163265303,0.0004,0.0,0.23057142857142848,0,0,0,1,1,1
2024-01-03,2,1-7d,0.014,0.2455714285714285,0.130206581632653,0.0003,0.0,0.23157142857142848,0,0,0,1,1,1
2024-01-03,3,1-7d,0.013,0.2455714285714285,0.13120658163265303,0.0004428571428571,0.001,0.23257142857142848,0,0,0,1,1,1
2024-01-03,4,1-7d,0.012,0.2455714285714285,0.132206581632653,0.0004428571428571,0.0009999999999999,0.23357142857142849,0,0,0,1,1,1
2024-01-03,5,1-7d,0.011,0.2455714285714285,0.13320658163265303,0.0004357142857142,0.001,0.2345714285714285,0,0,0,1,1,1
2024-01-03,6,1-7d,0.011,0.2455714285714285,0.13320658163265303,0.0002,0.0,0.2345714285714285,0,0,0,1,1,1
2024-01-03,7,1-7d,0.01,0.2455714285714285,0.134206581632653,0.0004142857142857,0.0009999999999999,0.2355714285714285,0,0,0,1,1,1
2024-01-03,1,1-7d,0.976,0.4937142857142857,0.44531882653061217,0.0069571428571428,0.01,0.48228571428571426,0,0,0,0,0,0
2024-01-03,2,1-7d,0.977,0.4937142857142857,0.4463188265306121,0.0061857142857142,0.009,0.48328571428571426,0,0,0,0,0,0
2024-01-03,3,1-7d,0.979,0.4937142857142857,0.4483188265306121,0.0061857142857142,0.009,0.48528571428571426,0,0,0,0,0,0
2024-01-03,4,1-7d,0.98,0.4937142857142857,0.4493188265306121,0.0054642857142857,0.008,0.48628571428571427,0,0,0,0,0,0
2024-01-03,5,1-7d,0.982,0.4937142857142857,0.4513188265306121,0.0060071428571428,0.008,0.48828571428571427,0,0,0,0,0,0
2024-01-03,6,1-7d,0.983,0.4937142857142857,0.4523188265306121,0.0054571428571428,0.008,0.48928571428571427,0,0,0,0,0,0
2024-01-03,7,1-7d,0.984,0.4937142857142857,0.4533188265306122,0.0052071428571428,0.007,0.49028571428571427,0,0,0,0,0,0
2024-01-03,1,1-7d,0.003,0.0301428571428571,0.016726989795918364,0.0001142857142857,0.0,0.0271428571428571,1,1,1,1,1,1
2024-01-03,2,1-7d,0.003,0.0301428571428571,0.016726989795918364,0.0002571428571428,0.001,0.0271428571428571,1,1,1,1,1,1
2024-01-03,3,1-7d,0.003,0.0301428571428571,0.016726989795918364,0.00025,0.001,0.0271428571428571,1,1,1,1,1,1
2024-01-03,4,1-7d,0.003,0.0301428571428571,0.016726989795918364,0.0004714285714285,0.001,0.0271428571428571,1,1,1,0,1,1
2024-01-03,5,1-7d,0.003,0.0301428571428571,0.016726989795918364,0.0005,0.001,0.0271428571428571,1,1,1,0,1,1
2024-01-03,6,1-7d,0.002,0.0301428571428571,0.016869846938775506,7.142857142857143e-05,0.0,0.0281428571428571,1,1,1,1,1,1
2024-01-03,7,1-7d,0.002,0.0301428571428571,0.016869846938775506,4.285714285714286e-05,0.0,0.0281428571428571,1,1,1,1,1,1
2024-01-03,1,1-7d,0.017,0.0358571428571428,0.01554331632653061,0.0020071428571428,0.0029999999999999,0.0188571428571428,1,1,1,0,0,0
2024-01-03,2,1-7d,0.015,0.0358571428571428,0.015829030612244895,0.0025785714285714,0.0029999999999999,0.020857142857142803,1,1,1,0,0,0
2024-01-03,3,1-7d,0.014,0.0358571428571428,0.015971887755102037,0.0025785714285714,0.003,0.021857142857142804,1,1,1,0,0,0
2024-01-03,4,1-7d,0.013,0.0358571428571428,0.016114744897959183,0.0023,0.003,0.022857142857142805,1,1,1,0,0,0
2024-01-03,5,1-7d,0.012,0.0358571428571428,0.016257602040816322,0.0022928571428571,0.0029999999999999,0.023857142857142803,1,1,1,0,0,0
2024-01-03,6,1-7d,0.011,0.0358571428571428,0.016400459183673465,0.0025714285714285,0.003,0.024857142857142803,1,1,1,0,0,0
2024-01-03,7,1-7d,0.01,0.0358571428571428,0.016543316326530607,0.0025714285714285,0.0029999999999999,0.0258571428571428,1,1,1,0,0,0
2024-01-03,1,1-7d,0.01,0.028,0.01542086734693878,0.0038642857142857,0.004,0.018000000000000002,1,1,1,0,0,0
2024-01-03,2,1-7d,0.01,0.028,0.01542086734693878,0.0030071428571428,0.004,0.018000000000000002,1,1,1,0,0,0
2024-01-03,3,1-7d,0.009,0.028,0.015563724489795924,0.0030071428571428,0.004,0.019000000000000003,1,1,1,0,0,0
2024-01-03,4,1-7d,0.008,0.028,0.015706581632653066,0.0032857142857142,0.004,0.02,1,1,1,0,0,0
2024-01-03,5,1-7d,0.008,0.028,0.015706581632653066,0.0025785714285714,0.0029999999999999,0.02,1,1,1,0,0,0
2024-01-03,6,1-7d,0.007,0.028,0.01584943877551021,0.0028357142857142,0.003,0.021,1,1,1,0,0,0
2024-01-03,7,1-7d,0.007,0.028,0.01584943877551021,0.0022571428571428,0.003,0.021,1,1,1,0,0,0
2024-01-03,1,1-7d,0.007,0.0295714285714285,0.016073928571428565,0.0031071428571428,0.003,0.0225714285714285,1,1,1,0,0,0
2024-01-03,2,1-7d,0.006,0.0295714285714285,0.016216785714285708,0.0024642857142857,0.003,0.0235714285714285,1,1,1,0,0,0
2024-01-03,3,1-7d,0.006,0.0295714285714285,0.016216785714285708,0.003,0.003,0.0235714285714285,1,1,1,0,0,0
2024-01-03,4,1-7d,0.005,0.0295714285714285,0.01635964285714285,0.0020071428571428,0.002,0.024571428571428498,1,1,1,0,0,0
2024-01-03,5,1-7d,0.005,0.0295714285714285,0.01635964285714285,0.0020357142857142,0.002,0.024571428571428498,1,1,1,0,0,0
2024-01-03,6,1-7d,0.005,0.0295714285714285,0.01635964285714285,0.00225,0.003,0.024571428571428498,1,1,1,0,0,0
2024-01-03,7,1-7d,0.004,0.0295714285714285,0.016502499999999993,0.0017214285714285,0.002,0.0255714285714285,1,1,1,0,0,0
2024-01-03,1,1-7d,0.129,0.2552857142857143,0.05001270408163268,0.0244857142857142,0.0289999999999999,0.12628571428571428,0,1,1,0,0,0
2024-01-03,2,1-7d,0.122,0.2552857142857143,0.05301270408163268,0.0239071428571428,0.0289999999999999,0.13328571428571429,0,1,1,0,0,0
2024-01-03,3,1-7d,0.115,0.2552857142857143,0.05601270408163268,0.0231214285714285,0.0279999999999999,0.1402857142857143,0,1,1,0,0,0
2024-01-03,4,1-7d,0.109,0.2552857142857143,0.05920454081632655,0.0221214285714285,0.027,0.1462857142857143,0,0,1,0,0,0
2024-01-03,5,1-7d,0.102,0.2552857142857143,0.06420454081632657,0.0221214285714285,0.027,0.1532857142857143,0,0,1,0,0,0
2024-01-03,6,1-7d,0.096,0.2552857142857143,0.06849025510204083,0.0216571428571428,0.0259999999999999,0.15928571428571428,0,0,1,0,0,0
2024-01-03,7,1-7d,0.09,0.2552857142857143,0.07277596938775512,0.0216214285714285,0.026,0.16528571428571429,0,0,1,0,0,0
2024-01-03,1,1-7d,0.798,0.5304285714285715,0.23060454081632645,0.02385,0.031,0.26757142857142857,0,0,0,0,0,0
2024-01-03,2,1-7d,0.81,0.5304285714285715,0.24260454081632646,0.0237785714285714,0.031,0.2795714285714286,0,0,0,0,0,0
2024-01-03,3,1-7d,0.822,0.5304285714285715,0.2546045408163264,0.0240785714285713,0.0309999999999999,0.2915714285714285,0,0,0,0,0,0
2024-01-03,4,1-7d,0.833,0.5304285714285715,0.2656045408163264,0.0237428571428571,0.0309999999999999,0.3025714285714285,0,0,0,0,0,0
2024-01-03,5,1-7d,0.843,0.5304285714285715,0.2756045408163264,0.0232785714285714,0.03,0.3125714285714285,0,0,0,0,0,0
2024-01-03,6,1-7d,0.853,0.5304285714285715,0.2856045408163264,0.0231,0.029,0.3225714285714285,0,0,0,0,0,0
2024-01-03,7,1-7d,0.862,0.5304285714285715,0.2946045408163264,0.0222428571428571,0.029,0.3315714285714285,0,0,0,0,0,0
2024-01-03,1,1-7d,0.019,0.0464285714285714,0.01676780612244898,0.0101071428571428,0.01,0.027428571428571403,1,1,1,0,0,0
2024-01-03,2,1-7d,0.018,0.0464285714285714,0.016910663265306124,0.0095,0.0099999999999999,0.028428571428571404,1,1,1,0,0,0
2024-01-03,3,1-7d,0.017,0.0464285714285714,0.017053520408163266,0.00925,0.01,0.0294285714285714,1,1,1,0,0,0
2024-01-03,4,1-7d,0.016,0.0464285714285714,0.01719637755102041,0.0084714285714285,0.009,0.030428571428571402,1,1,1,0,0,0
2024-01-03,5,1-7d,0.015,0.0464285714285714,0.01733923469387755,0.0081071428571428,0.008,0.0314285714285714,1,1,1,0,0,0
2024-01-03,6,1-7d,0.014,0.0464285714285714,0.017482091836734694,0.0074714285714285,0.008,0.032428571428571404,1,1,1,0,0,0
2024-01-03,7,1-7d,0.014,0.0464285714285714,0.017482091836734694,0.0081071428571428,0.008,0.032428571428571404,1,1,1,0,0,0
2024-01-03,1,1-7d,0.01,0.0249999999999999,0.014992295918367338,0.0033642857142857,0.004,0.0149999999999999,1,1,1,0,0,0
2024-01-03,2,1-7d,0.009,0.0249999999999999,0.01513515306122448,0.0035785714285714,0.004,0.015999999999999903,1,1,1,0,0,0
2024-01-03,3,1-7d,0.009,0.0249999999999999,0.01513515306122448,0.0025785714285714,0.003,0.015999999999999903,1,1,1,0,0,0
2024-01-03,4,1-7d,0.008,0.0249999999999999,0.015278010204081623,0.0030071428571428,0.004,0.0169999999999999,1,1,1,0,0,0
2024-01-03,5,1-7d,0.008,0.0249999999999999,0.015278010204081623,0.0025785714285714,0.0029999999999999,0.0169999999999999,1,1,1,0,0,0
2024-01-03,6,1-7d,0.007,0.0249999999999999,0.015420867346938765,0.0028357142857142,0.003,0.0179999999999999,1,1,1,0,0,0
2024-01-03,7,1-7d,0.007,0.0249999999999999,0.015420867346938765,0.0022857142857142,0.003,0.0179999999999999,1,1,1,0,0,0
2024-01-03,1,1-7d,0.006,0.0064285714285714,0.012910663265306124,0.0015714285714285,0.002,0.0004285714285713997,1,1,1,0,0,0
2024-01-03,2,1-7d,0.006,0.0064285714285714,0.012910663265306124,0.0012571428571428,0.002,0.0004285714285713997,1,1,1,0,0,0
2024-01-03,3,1-7d,0.006,0.0064285714285714,0.012910663265306124,0.0008285714285714,0.001,0.0004285714285713997,1,1,1,0,0,1
2024-01-03,4,1-7d,0.005,0.0064285714285714,0.013053520408163266,0.0014714285714285,0.002,0.0014285714285713997,1,1,1,0,0,0
2024-01-03,5,1-7d,0.005,0.0064285714285714,0.013053520408163266,0.0011071428571428,0.001,0.0014285714285713997,1,1,1,0,0,0
2024-01-03,6,1-7d,0.005,0.0064285714285714,0.013053520408163266,0.0007571428571428,0.001,0.0014285714285713997,1,1,1,0,0,1
2024-01-03,7,1-7d,0.004,0.0064285714285714,0.013196377551020409,0.0012571428571428,0.002,0.0024285714285713998,1,1,1,0,0,0
2024-01-03,1,1-7d,0.014,0.0217142857142857,0.013951479591836737,0.0062571428571428,0.007,0.0077142857142857,1,1,1,0,0,0
2024-01-03,2,1-7d,0.013,0.0217142857142857,0.01409433673469388,0.0054999999999999,0.0059999999999999,0.0087142857142857,1,1,1,0,0,0
2024-01-03,3,1-7d,0.012,0.0217142857142857,0.014237193877551024,0.00525,0.006,0.0097142857142857,1,1,1,0,0,0
2024-01-03,4,1-7d,0.012,0.0217142857142857,0.014237193877551024,0.0052571428571428,0.006,0.0097142857142857,1,1,1,0,0,0
2024-01-03,5,1-7d,0.011,0.0217142857142857,0.014380051020408166,0.0047571428571428,0.0049999999999999,0.0107142857142857,1,1,1,0,0,0
2024-01-03,6,1-7d,0.011,0.0217142857142857,0.014380051020408166,0.0052499999999999,0.0059999999999999,0.0107142857142857,1,1,1,0,0,0
2024-01-03,7,1-7d,0.01,0.0217142857142857,0.014522908163265307,0.0042571428571428,0.005,0.0117142857142857,1,1,1,0,0,0
2024-01-03,1,1-7d,0.049,0.152,0.04003311224489798,0.0014857142857142,0.0029999999999999,0.103,0,1,1,0,1,1
2024-01-03,2,1-7d,0.047,0.152,0.04089025510204084,0.0012428571428571,0.003,0.105,0,1,1,0,1,1
2024-01-03,3,1-7d,0.044,0.152,0.04217596938775513,0.0018785714285714,0.004,0.108,0,1,1,0,0,1
2024-01-03,4,1-7d,0.042,0.152,0.04303311224489798,0.0014857142857142,0.0029999999999999,0.10999999999999999,0,1,1,0,1,1
2024-01-03,5,1-7d,0.04,0.152,0.043890255102040844,0.0014499999999999,0.0029999999999999,0.11199999999999999,0,1,1,0,1,1
2024-01-03,6,1-7d,0.038,0.152,0.0447473979591837,0.0014428571428571,0.003,0.11399999999999999,0,1,1,0,1,1
2024-01-03,7,1-7d,0.036,0.152,0.045604540816326554,0.0017,0.003,0.11599999999999999,0,1,1,0,0,1
2024-01-03,1,1-7d,0.867,0.6675714285714286,0.1624616836734693,0.0058214285714285,0.011,0.1994285714285714,0,0,0,0,0,1
2024-01-03,2,1-7d,0.873,0.6675714285714286,0.1684616836734693,0.0053857142857142,0.01,0.2054285714285714,0,0,0,0,0,1
2024-01-03,3,1-7d,0.879,0.6675714285714286,0.17446168367346931,0.0053571428571428,0.01,0.2114285714285714,0,0,0,0,0,1
2024-01-03,4,1-7d,0.885,0.6675714285714286,0.18046168367346932,0.0053571428571428,0.01,0.21742857142857142,0,0,0,0,0,1
2024-01-03,5,1-7d,0.891,0.6675714285714286,0.18646168367346933,0.0058142857142857,0.01,0.22342857142857142,0,0,0,0,0,1
2024-01-03,6,1-7d,0.896,0.6675714285714286,0.1914616836734693,0.00525,0.01,0.22842857142857143,0,0,0,0,0,1
2024-01-03,7,1-7d,0.901,0.6675714285714286,0.19646168367346933,0.0051,0.009,0.23342857142857143,0,0,0,0,0,1
2024-01-03,1,1-7d,0.019,0.0428571428571428,0.016257602040816322,0.0063285714285714,0.0069999999999999,0.023857142857142803,1,1,1,0,0,0
2024-01-03,2,1-7d,0.018,0.0428571428571428,0.016400459183673465,0.0057571428571428,0.0069999999999999,0.024857142857142803,1,1,1,0,0,0
2024-01-03,3,1-7d,0.018,0.0428571428571428,0.016400459183673465,0.0063,0.0069999999999999,0.024857142857142803,1,1,1,0,0,0
2024-01-03,4,1-7d,0.017,0.0428571428571428,0.016543316326530607,0.0057571428571428,0.007,0.0258571428571428,1,1,1,0,0,0
2024-01-03,5,1-7d,0.016,0.0428571428571428,0.016686173469387753,0.0053,0.006,0.0268571428571428,1,1,1,0,0,0
2024-01-03,6,1-7d,0.016,0.0428571428571428,0.016686173469387753,0.00575,0.007,0.0268571428571428,1,1,1,0,0,0
2024-01-03,7,1-7d,0.015,0.0428571428571428,0.016829030612244895,0.0053,0.006,0.027857142857142803,1,1,1,0,0,0
2024-01-03,8,8-14d,0.01,0.0358571428571428,0.017246020408163257,0.0015714285714285,0.002,0.0258571428571428,1,1,1,0,0,0
2024-01-03,9,8-14d,0.009,0.0358571428571428,0.0173888775510204,0.0015714285714285,0.002,0.0268571428571428,1,1,1,0,0,0
2024-01-03,10,8-14d,0.008,0.0358571428571428,0.017531734693877542,0.0019785714285714,0.0029999999999999,0.027857142857142803,1,1,1,0,0,0
2024-01-03,11,8-14d,0.008,0.0358571428571428,0.017531734693877542,0.0012571428571428,0.002,0.027857142857142803,1,1,1,0,0,0
2024-01-03,12,8-14d,0.007,0.0358571428571428,0.01767459183673469,0.0014999999999999,0.0019999999999999,0.028857142857142803,1,1,1,0,0,0
2024-01-03,13,8-14d,0.007,0.0358571428571428,0.01767459183673469,0.0008285714285714,0.001,0.028857142857142803,1,1,1,0,0,1
2024-01-03,14,8-14d,0.006,0.0358571428571428,0.01781744897959183,0.0012571428571428,0.002,0.029857142857142804,1,1,1,0,0,0
2024-01-03,8,8-14d,0.006,0.028,0.016695000000000005,0.0024999999999999,0.0029999999999999,0.022,1,1,1,0,0,0
2024-01-03,9,8-14d,0.006,0.028,0.016695000000000005,0.0018357142857142,0.002,0.022,1,1,1,0,0,0
2024-01-03,10,8-14d,0.005,0.028,0.016837857142857147,0.0024714285714285,0.003,0.023,1,1,1,0,0,0
2024-01-03,11,8-14d,0.005,0.028,0.016837857142857147,0.0018285714285714,0.002,0.023,1,1,1,0,0,0
2024-01-03,12,8-14d,0.004,0.028,0.01698071428571429,0.0022571428571428,0.003,0.024,1,1,1,0,0,0
2024-01-03,13,8-14d,0.004,0.028,0.01698071428571429,0.0021071428571428,0.002,0.024,1,1,1,0,0,0
2024-01-03,14,8-14d,0.004,0.028,0.01698071428571429,0.0014714285714285,0.002,0.024,1,1,1,0,0,0
2024-01-03,8,8-14d,0.004,0.0295714285714285,0.017205204081632647,0.002,0.002,0.0255714285714285,1,1,1,0,0,0
2024-01-03,9,8-14d,0.004,0.0295714285714285,0.017205204081632647,0.002,0.002,0.0255714285714285,1,1,1,0,0,0
2024-01-03,10,8-14d,0.003,0.0295714285714285,0.01734806122448979,0.001,0.001,0.0265714285714285,1,1,1,0,0,0
2024-01-03,11,8-14d,0.003,0.0295714285714285,0.01734806122448979,0.0010071428571428,0.001,0.0265714285714285,1,1,1,0,0,0
2024-01-03,12,8-14d,0.003,0.0295714285714285,0.01734806122448979,0.0011071428571428,0.001,0.0265714285714285,1,1,1,0,0,0
2024-01-03,13,8-14d,0.003,0.0295714285714285,0.01734806122448979,0.00125,0.002,0.0265714285714285,1,1,1,0,0,0
2024-01-03,14,8-14d,0.003,0.0295714285714285,0.01734806122448979,0.0017214285714285,0.002,0.0265714285714285,1,1,1,0,0,0
2024-01-03,8,8-14d,0.085,0.2552857142857143,0.07256234693877552,0.0204785714285714,0.0239999999999999,0.17028571428571426,0,0,1,0,0,0
2024-01-03,9,8-14d,0.08,0.2552857142857143,0.0761337755102041,0.0194071428571428,0.0229999999999999,0.17528571428571427,0,0,1,0,0,0
2024-01-03,10,8-14d,0.075,0.2552857142857143,0.07970520408163266,0.0189,0.023,0.18028571428571427,0,0,1,0,0,0
2024-01-03,11,8-14d,0.07,0.2552857142857143,0.08327663265306125,0.0186499999999999,0.0219999999999999,0.18528571428571428,0,0,1,0,0,0
2024-01-03,12,8-14d,0.066,0.2552857142857143,0.0861337755102041,0.01765,0.0209999999999999,0.18928571428571428,0,0,1,0,0,0
2024-01-03,13,8-14d,0.062,0.2552857142857143,0.08899091836734696,0.0166428571428571,0.02,0.19328571428571428,0,0,1,0,0,0
2024-01-03,14,8-14d,0.058,0.2552857142857143,0.09184806122448982,0.0165357142857142,0.0199999999999999,0.1972857142857143,0,0,1,0,0,0
2024-01-03,8,8-14d,0.871,0.5304285714285715,0.30096744897959177,0.0219928571428571,0.028,0.3405714285714285,0,0,0,0,0,0
2024-01-03,9,8-14d,0.879,0.5304285714285715,0.3089674489795918,0.0209928571428571,0.027,0.34857142857142853,0,0,0,0,0,0
2024-01-03,10,8-14d,0.887,0.5304285714285715,0.3169674489795918,0.0205285714285714,0.026,0.35657142857142854,0,0,0,0,0,0
2024-01-03,11,8-14d,0.895,0.5304285714285715,0.3249674489795918,0.0205214285714285,0.026,0.36457142857142855,0,0,0,0,0,0
2024-01-03,12,8-14d,0.902,0.5304285714285715,0.33196744897959185,0.0204142857142857,0.026,0.37157142857142855,0,0,0,0,0,0
2024-01-03,13,8-14d,0.908,0.5304285714285715,0.3379674489795918,0.0192357142857143,0.024,0.37757142857142856,0,0,0,0,0,0
2024-01-03,14,8-14d,0.914,0.5304285714285715,0.34396744897959186,0.0184428571428571,0.023,0.38357142857142856,0,0,0,0,0,0
2024-01-03,8,8-14d,0.013,0.0464285714285714,0.01832765306122449,0.0072499999999999,0.008,0.033428571428571405,1,1,1,0,0,0
2024-01-03,9,8-14d,0.012,0.0464285714285714,0.018470510204081633,0.0067285714285714,0.007,0.034428571428571406,1,1,1,0,0,0
2024-01-03,10,8-14d,0.011,0.0464285714285714,0.018613367346938775,0.0061071428571428,0.0059999999999999,0.035428571428571407,1,1,1,0,0,0
2024-01-03,11,8-14d,0.011,0.0464285714285714,0.018613367346938775,0.0062499999999999,0.0069999999999999,0.035428571428571407,1,1,1,0,0,0
2024-01-03,12,8-14d,0.01,0.0464285714285714,0.018756224489795918,0.0057214285714285,0.006,0.0364285714285714,1,1,1,0,0,0
2024-01-03,13,8-14d,0.009,0.0464285714285714,0.01889908163265306,0.0050357142857142,0.0049999999999999,0.0374285714285714,1,1,1,0,0,0
2024-01-03,14,8-14d,0.009,0.0464285714285714,0.01889908163265306,0.0052499999999999,0.0059999999999999,0.0374285714285714,1,1,1,0,0,0
2024-01-03,8,8-14d,0.006,0.0249999999999999,0.01626642857142856,0.0025785714285714,0.0029999999999999,0.0189999999999999,1,1,1,0,0,0
2024-01-03,9,8-14d,0.006,0.0249999999999999,0.01626642857142856,0.0022571428571428,0.0029999999999999,0.0189999999999999,1,1,1,0,0,0
2024-01-03,10,8-14d,0.006,0.0249999999999999,0.01626642857142856,0.0015714285714285,0.002,0.0189999999999999,1,1,1,0,0,0
2024-01-03,11,8-14d,0.005,0.0249999999999999,0.016409285714285703,0.0022571428571428,0.003,0.0199999999999999,1,1,1,0,0,0
2024-01-03,12,8-14d,0.005,0.0249999999999999,0.016409285714285703,0.0018285714285714,0.002,0.0199999999999999,1,1,1,0,0,0
2024-01-03,13,8-14d,0.005,0.0249999999999999,0.016409285714285703,0.0012571428571428,0.002,0.0199999999999999,1,1,1,0,0,0
2024-01-03,14,8-14d,0.004,0.0249999999999999,0.016552142857142845,0.0021071428571428,0.002,0.0209999999999999,1,1,1,0,0,0
2024-01-03,8,8-14d,0.004,0.0064285714285714,0.01389908163265306,0.0011071428571428,0.001,0.0024285714285713998,1,1,1,0,0,0
2024-01-03,9,8-14d,0.004,0.0064285714285714,0.01389908163265306,0.0007571428571428,0.001,0.0024285714285713998,1,1,1,0,0,1
2024-01-03,10,8-14d,0.004,0.0064285714285714,0.01389908163265306,0.0004714285714285,0.001,0.0024285714285713998,1,1,1,0,1,1
2024-01-03,11,8-14d,0.003,0.0064285714285714,0.014041938775510203,0.00125,0.002,0.0034285714285713998,1,1,1,0,0,0
2024-01-03,12,8-14d,0.003,0.0064285714285714,0.014041938775510203,0.0011071428571428,0.001,0.0034285714285713998,1,1,1,0,0,0
2024-01-03,13,8-14d,0.003,0.0064285714285714,0.014041938775510203,0.0007285714285714,0.001,0.0034285714285713998,1,1,1,0,0,1
2024-01-03,14,8-14d,0.003,0.0064285714285714,0.014041938775510203,0.0004642857142857,0.001,0.0034285714285713998,1,1,1,0,1,1
2024-01-03,8,8-14d,0.01,0.0217142857142857,0.015225612244897959,0.0047571428571428,0.005,0.0117142857142857,1,1,1,0,0,0
2024-01-03,9,8-14d,0.009,0.0217142857142857,0.015368469387755102,0.0041071428571428,0.0039999999999999,0.0127142857142857,1,1,1,0,0,0
2024-01-03,10,8-14d,0.009,0.0217142857142857,0.015368469387755102,0.0042499999999999,0.0049999999999999,0.0127142857142857,1,1,1,0,0,0
2024-01-03,11,8-14d,0.008,0.0217142857142857,0.015511326530612244,0.0034714285714285,0.004,0.0137142857142857,1,1,1,0,0,0
2024-01-03,12,8-14d,0.008,0.0217142857142857,0.015511326530612244,0.0037571428571428,0.004,0.0137142857142857,1,1,1,0,0,0
2024-01-03,13,8-14d,0.007,0.0217142857142857,0.015654183673469386,0.0031071428571428,0.003,0.0147142857142857,1,1,1,0,0,0
2024-01-03,14,8-14d,0.007,0.0217142857142857,0.015654183673469386,0.00325,0.004,0.0147142857142857,1,1,1,0,0,0
2024-01-03,8,8-14d,0.034,0.152,0.044970510204081625,0.0016999999999999,0.0029999999999999,0.118,0,1,1,0,0,1
2024-01-03,9,8-14d,0.033,0.152,0.045399081632653056,0.0009857142857142,0.002,0.119,0,1,1,0,1,1
2024-01-03,10,8-14d,0.031,0.152,0.04625622448979592,0.0013357142857142,0.003,0.121,0,1,1,0,1,1
2024-01-03,11,8-14d,0.03,0.152,0.04668479591836734,0.0009071428571428,0.002,0.122,0,1,1,0,1,1
2024-01-03,12,8-14d,0.028,0.152,0.047541938775510204,0.0009785714285714,0.0019999999999999,0.124,0,1,1,0,1,1
2024-01-03,13,8-14d,0.027,0.152,0.04797051020408163,0.0008785714285714,0.002,0.125,0,1,1,0,1,1
2024-01-03,14,8-14d,0.025,0.152,0.04882765306122449,0.0013357142857142,0.0029999999999999,0.127,0,1,1,0,1,1
2024-01-03,8,8-14d,0.905,0.6675714285714286,0.19782459183673468,0.0043785714285714,0.008,0.23742857142857143,0,0,0,0,0,1
2024-01-03,9,8-14d,0.91,0.6675714285714286,0.20282459183673468,0.0047785714285714,0.009,0.24242857142857144,0,0,0,0,0,1
2024-01-03,10,8-14d,0.914,0.6675714285714286,0.20682459183673468,0.0042714285714285,0.008,0.24642857142857144,0,0,0,0,0,1
2024-01-03,11,8-14d,0.919,0.6675714285714286,0.2118245918367347,0.0045285714285714,0.008,0.25142857142857145,0,0,0,0,0,1
2024-01-03,12,8-14d,0.923,0.6675714285714286,0.2158245918367347,0.0045214285714285,0.008,0.25542857142857145,0,0,0,0,0,1
2024-01-03,13,8-14d,0.927,0.6675714285714286,0.2198245918367347,0.0045142857142857,0.008,0.25942857142857145,0,0,0,0,0,1
2024-01-03,14,8-14d,0.93,0.6675714285714286,0.2228245918367347,0.0037714285714285,0.007,0.26242857142857146,0,0,0,0,0,1
2024-01-03,8,8-14d,0.014,0.0428571428571428,0.017674591836734692,0.0045785714285714,0.005,0.028857142857142803,1,1,1,0,0,0
2024-01-03,9,8-14d,0.014,0.0428571428571428,0.017674591836734692,0.0050071428571428,0.006,0.028857142857142803,1,1,1,0,0,0
2024-01-03,10,8-14d,0.013,0.0428571428571428,0.017817448979591834,0.0045785714285714,0.0049999999999999,0.029857142857142804,1,1,1,0,0,0
2024-01-03,11,8-14d,0.013,0.0428571428571428,0.017817448979591834,0.0047214285714285,0.0059999999999999,0.029857142857142804,1,1,1,0,0,0
2024-01-03,12,8-14d,0.012,0.0428571428571428,0.017960306122448977,0.0040071428571428,0.005,0.030857142857142802,1,1,1,0,0,0
2024-01-03,13,8-14d,0.012,0.0428571428571428,0.017960306122448977,0.0045785714285714,0.005,0.030857142857142802,1,1,1,0,0,0
2024-01-03,14,8-14d,0.011,0.0428571428571428,0.01810316326530612,0.0037214285714285,0.0049999999999999,0.031857142857142806,1,1,1,0,0,0
2024-01-03,15,15-21d,0.006,0.0358571428571428,0.018942321428571423,0.0008285714285714,0.001,0.029857142857142804,1,1,1,0,0,1
2024-01-03,16,15-21d,0.005,0.0358571428571428,0.01908517857142857,0.0012571428571428,0.002,0.030857142857142802,1,1,1,0,0,0
2024-01-03,17,15-21d,0.005,0.0358571428571428,0.01908517857142857,0.0008285714285714,0.001,0.030857142857142802,1,1,1,0,0,1
2024-01-03,18,15-21d,0.004,0.0358571428571428,0.01922803571428571,0.0014642857142857,0.002,0.031857142857142806,1,1,1,0,0,0
2024-01-03,19,15-21d,0.004,0.0358571428571428,0.01922803571428571,0.0011071428571428,0.001,0.031857142857142806,1,1,1,0,0,0
2024-01-03,20,15-21d,0.004,0.0358571428571428,0.01922803571428571,0.0004714285714285,0.001,0.031857142857142806,1,1,1,0,1,1
2024-01-03,21,15-21d,0.003,0.0358571428571428,0.01937089285714285,0.00125,0.002,0.0328571428571428,1,1,1,0,0,0
2024-01-03,15,15-21d,0.003,0.028,0.018248443877551025,0.0021071428571428,0.002,0.025,1,1,1,0,0,0
2024-01-03,16,15-21d,0.003,0.028,0.018248443877551025,0.0017571428571428,0.002,0.025,1,1,1,0,0,0
2024-01-03,17,15-21d,0.003,0.028,0.018248443877551025,0.00125,0.002,0.025,1,1,1,0,0,0
2024-01-03,18,15-21d,0.003,0.028,0.018248443877551025,0.0011071428571428,0.001,0.025,1,1,1,0,0,0
2024-01-03,19,15-21d,0.002,0.028,0.018391301020408167,0.0017285714285714,0.002,0.026000000000000002,1,1,1,0,0,0
2024-01-03,20,15-21d,0.002,0.028,0.018391301020408167,0.0014642857142857,0.002,0.026000000000000002,1,1,1,0,0,0
2024-01-03,21,15-21d,0.002,0.028,0.018391301020408167,0.0011071428571428,0.001,0.026000000000000002,1,1,1,0,0,0
2024-01-03,15,15-21d,0.002,0.0295714285714285,0.018615790816326524,0.001,0.001,0.027571428571428497,1,1,1,0,0,0
2024-01-03,16,15-21d,0.002,0.0295714285714285,0.018615790816326524,0.001,0.001,0.027571428571428497,1,1,1,0,0,0
2024-01-03,17,15-21d,0.002,0.0295714285714285,0.018615790816326524,0.001,0.001,0.027571428571428497,1,1,1,0,0,0
2024-01-03,18,15-21d,0.002,0.0295714285714285,0.018615790816326524,0.001,0.001,0.027571428571428497,1,1,1,0,0,0
2024-01-03,19,15-21d,0.002,0.0295714285714285,0.018615790816326524,0.001,0.001,0.027571428571428497,1,1,1,0,0,0
2024-01-03,20,15-21d,0.002,0.0295714285714285,0.018615790816326524,0.001,0.001,0.027571428571428497,1,1,1,0,0,0
2024-01-03,21,15-21d,0.001,0.0295714285714285,0.018758647959183666,0.0,0.0,0.028571428571428498,1,1,1,1,1,1
2024-01-03,15,15-21d,0.054,0.2552857142857143,0.09149130102040816,0.0155714285714285,0.0189999999999999,0.2012857142857143,0,0,0,0,0,0
2024-01-03,16,15-21d,0.051,0.2552857142857143,0.09449130102040816,0.0148142857142857,0.018,0.2042857142857143,0,0,0,0,0,0
2024-01-03,17,15-21d,0.047,0.2552857142857143,0.09849130102040816,0.0150714285714285,0.018,0.2082857142857143,0,0,0,0,0,0
2024-01-03,18,15-21d,0.044,0.2552857142857143,0.10149130102040817,0.0142857142857142,0.017,0.2112857142857143,0,0,0,0,0,0
2024-01-03,19,15-21d,0.042,0.2552857142857143,0.10349130102040816,0.0125642857142857,0.015,0.21328571428571427,0,0,0,0,0,0
2024-01-03,20,15-21d,0.039,0.2552857142857143,0.10649130102040816,0.0125571428571428,0.015,0.21628571428571428,0,0,0,0,0,0
2024-01-03,21,15-21d,0.036,0.2552857142857143,0.10949130102040816,0.0124571428571428,0.015,0.21928571428571428,0,0,0,0,0,0
2024-01-03,15,15-21d,0.92,0.5304285714285715,0.3539310969387755,0.0179142857142857,0.023,0.38957142857142857,0,0,0,0,0,0
2024-01-03,16,15-21d,0.926,0.5304285714285715,0.3599310969387755,0.0176642857142857,0.022,0.3955714285714286,0,0,0,0,0,0
2024-01-03,17,15-21d,0.931,0.5304285714285715,0.3649310969387755,0.0171571428571428,0.021,0.4005714285714286,0,0,0,0,0,0
2024-01-03,18,15-21d,0.935,0.5304285714285715,0.36893109693877546,0.0158357142857142,0.02,0.4045714285714286,0,0,0,0,0,0
2024-01-03,19,15-21d,0.94,0.5304285714285715,0.37393109693877535,0.0158285714285713,0.0199999999999999,0.4095714285714285,0,0,0,0,0,0
2024-01-03,20,15-21d,0.944,0.5304285714285715,0.3779310969387754,0.0148285714285713,0.0189999999999999,0.4135714285714285,0,0,0,0,0,0
2024-01-03,21,15-21d,0.948,0.5304285714285715,0.3819310969387754,0.0145785714285713,0.0179999999999999,0.4175714285714285,0,0,0,0,0,0
2024-01-03,15,15-21d,0.008,0.0464285714285714,0.020166811224489795,0.0044642857142857,0.005,0.0384285714285714,1,1,1,0,0,0
2024-01-03,16,15-21d,0.008,0.0464285714285714,0.020166811224489795,0.005,0.005,0.0384285714285714,1,1,1,0,0,0
2024-01-03,17,15-21d,0.007,0.0464285714285714,0.020309668367346937,0.0040071428571428,0.004,0.0394285714285714,1,1,1,0,0,0
2024-01-03,18,15-21d,0.007,0.0464285714285714,0.020309668367346937,0.0041071428571428,0.004,0.0394285714285714,1,1,1,0,0,0
2024-01-03,19,15-21d,0.006,0.0464285714285714,0.02045252551020408,0.00325,0.004,0.040428571428571404,1,1,1,0,0,0
2024-01-03,20,15-21d,0.006,0.0464285714285714,0.02045252551020408,0.0037214285714285,0.004,0.040428571428571404,1,1,1,0,0,0
2024-01-03,21,15-21d,0.005,0.0464285714285714,0.020595382653061222,0.003,0.003,0.041428571428571405,1,1,1,0,0,0
2024-01-03,15,15-21d,0.004,0.0249999999999999,0.017677015306122434,0.0014999999999999,0.002,0.0209999999999999,1,1,1,0,0,0
2024-01-03,16,15-21d,0.004,0.0249999999999999,0.017677015306122434,0.0012571428571428,0.002,0.0209999999999999,1,1,1,0,0,0
2024-01-03,17,15-21d,0.003,0.0249999999999999,0.01781987244897958,0.0021071428571428,0.002,0.0219999999999999,1,1,1,0,0,0
2024-01-03,18,15-21d,0.003,0.0249999999999999,0.01781987244897958,0.0017571428571428,0.002,0.0219999999999999,1,1,1,0,0,0
2024-01-03,19,15-21d,0.003,0.0249999999999999,0.01781987244897958,0.0012571428571428,0.002,0.0219999999999999,1,1,1,0,0,0
2024-01-03,20,15-21d,0.003,0.0249999999999999,0.01781987244897958,0.0011071428571428,0.001,0.0219999999999999,1,1,1,0,0,0
2024-01-03,21,15-21d,0.003,0.0249999999999999,0.01781987244897958,0.0010357142857142,0.001,0.0219999999999999,1,1,1,0,0,0
2024-01-03,15,15-21d,0.003,0.0064285714285714,0.015166811224489794,0.00025,0.001,0.0034285714285713998,1,1,1,1,1,1
2024-01-03,16,15-21d,0.003,0.0064285714285714,0.015166811224489794,0.0001071428571428,0.0,0.0034285714285713998,1,1,1,1,1,1
2024-01-03,17,15-21d,0.002,0.0064285714285714,0.015309668367346938,0.0010357142857142,0.001,0.0044285714285714,1,1,1,0,0,0
2024-01-03,18,15-21d,0.002,0.0064285714285714,0.015309668367346938,0.0010071428571428,0.001,0.0044285714285714,1,1,1,0,0,0
2024-01-03,19,15-21d,0.002,0.0064285714285714,0.015309668367346938,0.0007214285714285,0.001,0.0044285714285714,1,1,1,0,0,1
2024-01-03,20,15-21d,0.002,0.0064285714285714,0.015309668367346938,0.0004642857142857,0.001,0.0044285714285714,1,1,1,0,1,1
2024-01-03,21,15-21d,0.002,0.0064285714285714,0.015309668367346938,0.00025,0.001,0.0044285714285714,1,1,1,1,1,1
2024-01-03,15,15-21d,0.007,0.0217142857142857,0.01677905612244898,0.0034642857142857,0.004,0.0147142857142857,1,1,1,0,0,0
2024-01-03,16,15-21d,0.006,0.0217142857142857,0.01692191326530612,0.0027214285714285,0.003,0.0157142857142857,1,1,1,0,0,0
2024-01-03,17,15-21d,0.006,0.0217142857142857,0.01692191326530612,0.0030071428571428,0.003,0.0157142857142857,1,1,1,0,0,0
2024-01-03,18,15-21d,0.006,0.0217142857142857,0.01692191326530612,0.0030357142857142,0.003,0.0157142857142857,1,1,1,0,0,0
2024-01-03,19,15-21d,0.005,0.0217142857142857,0.017064770408163264,0.0021071428571428,0.002,0.0167142857142857,1,1,1,0,0,0
2024-01-03,20,15-21d,0.005,0.0217142857142857,0.017064770408163264,0.00225,0.003,0.0167142857142857,1,1,1,0,0,0
2024-01-03,21,15-21d,0.005,0.0217142857142857,0.017064770408163264,0.0024642857142857,0.003,0.0167142857142857,1,1,1,0,0,0
2024-01-03,15,15-21d,0.024,0.152,0.04519742346938777,0.0008785714285714,0.0019999999999999,0.128,0,1,1,0,1,1
2024-01-03,16,15-21d,0.023,0.152,0.0456259948979592,0.0008785714285714,0.002,0.129,0,1,1,0,1,1
2024-01-03,17,15-21d,0.022,0.152,0.046054566326530634,0.0008714285714285,0.002,0.13,0,1,1,0,1,1
2024-01-03,18,15-21d,0.02,0.152,0.04691170918367349,0.0013428571428571,0.0019999999999999,0.132,0,1,1,0,0,1
2024-01-03,19,15-21d,0.019,0.152,0.04734028061224492,0.0011285714285714,0.002,0.133,0,1,1,0,0,1
2024-01-03,20,15-21d,0.018,0.152,0.047768852040816344,0.0011214285714285,0.002,0.134,0,1,1,0,0,1
2024-01-03,21,15-21d,0.017,0.152,0.048197423469387775,0.0011214285714285,0.0019999999999999,0.135,0,1,1,0,0,1
2024-01-03,15,15-21d,0.934,0.6675714285714286,0.23078823979591837,0.0044142857142857,0.008,0.26642857142857146,0,0,0,0,0,1
2024-01-03,16,15-21d,0.937,0.6675714285714286,0.2337882397959184,0.0036928571428571,0.007,0.26942857142857146,0,0,0,0,0,1
2024-01-03,17,15-21d,0.94,0.6675714285714286,0.23678823979591826,0.0036571428571428,0.0069999999999998,0.27242857142857135,0,0,0,0,0,1
2024-01-03,18,15-21d,0.943,0.6675714285714286,0.2397882397959183,0.0035142857142856,0.0059999999999998,0.27542857142857136,0,0,0,0,0,1
2024-01-03,19,15-21d,0.946,0.6675714285714286,0.2427882397959183,0.0034357142857142,0.006,0.27842857142857136,0,0,0,0,0,1
2024-01-03,20,15-21d,0.949,0.6675714285714286,0.24578823979591832,0.0034285714285714,0.006,0.28142857142857136,0,0,0,0,0,1
2024-01-03,21,15-21d,0.951,0.6675714285714286,0.2477882397959183,0.0030428571428571,0.005,0.28342857142857136,0,0,0,0,0,1
2024-01-03,15,15-21d,0.011,0.0428571428571428,0.01922803571428571,0.0040071428571428,0.0049999999999999,0.031857142857142806,1,1,1,0,0,0
2024-01-03,16,15-21d,0.01,0.0428571428571428,0.01937089285714285,0.0035714285714285,0.004,0.0328571428571428,1,1,1,0,0,0
2024-01-03,17,15-21d,0.01,0.0428571428571428,0.01937089285714285,0.0035785714285714,0.004,0.0328571428571428,1,1,1,0,0,0
2024-01-03,18,15-21d,0.01,0.0428571428571428,0.01937089285714285,0.0039785714285714,0.005,0.0328571428571428,1,1,1,0,0,0
2024-01-03,19,15-21d,0.009,0.0428571428571428,0.019513749999999993,0.0034999999999999,0.0039999999999999,0.0338571428571428,1,1,1,0,0,0
2024-01-03,20,15-21d,0.009,0.0428571428571428,0.019513749999999993,0.0034999999999999,0.0039999999999999,0.0338571428571428,1,1,1,0,0,0
2024-01-03,21,15-21d,0.008,0.0428571428571428,0.019656607142857135,0.0028285714285714,0.003,0.0348571428571428,1,1,1,0,0,0
2024-01-03,22,22-30d,0.003,0.0358571428571428,0.01984367346938775,0.0010357142857142,0.001,0.0328571428571428,1,1,1,0,0,0
2024-01-03,22,22-30d,0.002,0.028,0.018864081632653067,0.0010357142857142,0.001,0.026000000000000002,1,1,1,0,0,0
2024-01-03,22,22-30d,0.001,0.0295714285714285,0.019231428571428566,0.0,0.0,0.028571428571428498,1,1,1,1,1,1
2024-01-03,22,22-30d,0.034,0.2552857142857143,0.10395693877551022,0.0114499999999999,0.0139999999999999,0.22128571428571428,0,0,0,0,0,0
2024-01-03,22,22-30d,0.952,0.5304285714285715,0.3929120408163264,0.0145428571428571,0.0179999999999999,0.4215714285714285,0,0,0,0,0,0
2024-01-03,22,22-30d,0.005,0.0464285714285714,0.02106816326530612,0.003,0.003,0.041428571428571405,1,1,1,0,0,0
2024-01-03,22,22-30d,0.002,0.0249999999999999,0.01843551020408163,0.0017285714285714,0.002,0.022999999999999902,1,1,1,0,0,0
2024-01-03,22,22-30d,0.002,0.0064285714285714,0.01578244897959184,0.0001071428571428,0.0,0.0044285714285714,1,1,1,1,1,1
2024-01-03,22,22-30d,0.005,0.0217142857142857,0.017537551020408167,0.0027214285714285,0.003,0.0167142857142857,1,1,1,0,0,0
2024-01-03,22,22-30d,0.017,0.152,0.046517142857142875,0.0004071428571428,0.0009999999999999,0.135,0,1,1,1,1,1
2024-01-03,22,22-30d,0.954,0.6675714285714286,0.2577691836734693,0.0031857142857142,0.006,0.28642857142857137,0,0,0,0,0,1
2024-01-03,22,22-30d,0.008,0.0428571428571428,0.02012938775510204,0.0029785714285714,0.004,0.0348571428571428,1,1,1,0,0,0
2024-01-19,1,1-7d,0.005,0.0121428571428571,0.014301938775510193,0.00025,0.001,0.007142857142857099,1,1,1,1,1,1
2024-01-19,2,1-7d,0.004,0.0121428571428571,0.014444795918367335,0.0,0.0,0.0081428571428571,1,1,1,1,1,1
2024-01-19,3,1-7d,0.004,0.0121428571428571,0.014444795918367335,7.142857142857149e-06,0.0,0.0081428571428571,1,1,1,1,1,1
2024-01-19,4,1-7d,0.004,0.0121428571428571,0.014444795918367335,0.00025,0.001,0.0081428571428571,1,1,1,1,1,1
2024-01-19,5,1-7d,0.003,0.0121428571428571,0.014587653061224478,0.0,0.0,0.009142857142857098,1,1,1,1,1,1
2024-01-19,6,1-7d,0.003,0.0121428571428571,0.014587653061224478,0.0,0.0,0.009142857142857098,1,1,1,1,1,1
2024-01-19,1,1-7d,0.003,0.0084285714285714,0.014057040816326522,0.0,0.0,0.0054285714285714,1,1,1,1,1,1
2024-01-19,2,1-7d,0.003,0.0084285714285714,0.014057040816326522,0.0,0.0,0.0054285714285714,1,1,1,1,1,1
2024-01-19,3,1-7d,0.002,0.0084285714285714,0.014199897959183664,0.00025,0.001,0.0064285714285714,1,1,1,1,1,1
2024-01-19,4,1-7d,0.002,0.0084285714285714,0.014199897959183664,3.571428571428572e-05,0.0,0.0064285714285714,1,1,1,1,1,1
2024-01-19,5,1-7d,0.002,0.0084285714285714,0.014199897959183664,0.0,0.0,0.0064285714285714,1,1,1,1,1,1
2024-01-19,6,1-7d,0.002,0.0084285714285714,0.014199897959183664,0.0,0.0,0.0064285714285714,1,1,1,1,1,1
2024-01-19,1,1-7d,0.002,0.0088571428571428,0.014261122448979577,0.001,0.001,0.0068571428571427995,1,1,1,0,0,0
2024-01-19,2,1-7d,0.002,0.0088571428571428,0.014261122448979577,0.001,0.001,0.0068571428571427995,1,1,1,0,0,0
2024-01-19,3,1-7d,0.002,0.0088571428571428,0.014261122448979577,0.001,0.001,0.0068571428571427995,1,1,1,0,0,0
2024-01-19,4,1-7d,0.002,0.0088571428571428,0.014261122448979577,0.001,0.001,0.0068571428571427995,1,1,1,0,0,0
2024-01-19,5,1-7d,0.001,0.0088571428571428,0.01440397959183672,0.0,0.0,0.007857142857142799,1,1,1,1,1,1
2024-01-19,6,1-7d,0.001,0.0088571428571428,0.01440397959183672,0.0,0.0,0.007857142857142799,1,1,1,1,1,1
2024-01-19,1,1-7d,0.047,0.1214285714285714,0.028812142857142866,0.0008714285714285,0.002,0.0744285714285714,0,1,1,0,1,1
2024-01-19,2,1-7d,0.044,0.1214285714285714,0.030097857142857152,0.0008714285714285,0.0019999999999999,0.0774285714285714,0,1,1,0,1,1
2024-01-19,3,1-7d,0.042,0.1214285714285714,0.03095500000000001,0.0011214285714285,0.002,0.0794285714285714,0,1,1,0,0,1
2024-01-19,4,1-7d,0.039,0.1214285714285714,0.032240714285714296,0.0008714285714285,0.002,0.0824285714285714,0,1,1,0,1,1
2024-01-19,5,1-7d,0.036,0.1214285714285714,0.03352642857142858,0.0007642857142857,0.0019999999999999,0.08542857142857141,0,1,1,0,1,1
2024-01-19,6,1-7d,0.034,0.1214285714285714,0.03438357142857144,0.0008642857142857,0.002,0.0874285714285714,0,1,1,0,1,1
2024-01-19,1,1-7d,0.931,0.7507142857142857,0.1265060204081633,0.0006,0.001,0.18028571428571438,0,0,1,1,1,1
2024-01-19,2,1-7d,0.935,0.7507142857142857,0.12936316326530617,0.0007357142857142,0.002,0.18428571428571439,0,0,1,1,1,1
2024-01-19,3,1-7d,0.94,0.7507142857142857,0.13293459183673467,0.0005857142857142,0.001,0.18928571428571428,0,0,1,1,1,1
2024-01-19,4,1-7d,0.944,0.7507142857142857,0.13579173469387754,0.0005142857142857,0.001,0.19328571428571428,0,0,1,1,1,1
2024-01-19,5,1-7d,0.948,0.7507142857142857,0.13864887755102037,0.0005571428571428,0.001,0.1972857142857143,0,0,1,1,1,1
2024-01-19,6,1-7d,0.952,0.7507142857142857,0.14150602040816324,0.0003357142857142,0.0,0.2012857142857143,0,0,1,1,1,1
2024-01-19,1,1-7d,0.007,0.0697142857142857,0.02379173469387757,0.0024642857142857,0.003,0.0627142857142857,0,1,1,0,0,0
2024-01-19,2,1-7d,0.007,0.0697142857142857,0.02379173469387757,0.003,0.003,0.0627142857142857,0,1,1,0,0,0
2024-01-19,3,1-7d,0.006,0.0697142857142857,0.024220306122448996,0.0020357142857142,0.002,0.0637142857142857,0,1,1,0,0,0
2024-01-19,4,1-7d,0.006,0.0697142857142857,0.024220306122448996,0.00225,0.003,0.0637142857142857,0,1,1,0,0,0
2024-01-19,5,1-7d,0.005,0.0697142857142857,0.024648877551020427,0.0017214285714285,0.002,0.0647142857142857,0,1,1,0,0,0
2024-01-19,6,1-7d,0.005,0.0697142857142857,0.024648877551020427,0.002,0.002,0.0647142857142857,0,1,1,0,0,0
2024-01-19,1,1-7d,0.003,0.002,0.013424387755102036,0.0010071428571428,0.001,0.001,1,1,1,0,0,0
2024-01-19,2,1-7d,0.003,0.002,0.013424387755102036,0.0007214285714285,0.001,0.001,1,1,1,0,0,1
2024-01-19,3,1-7d,0.003,0.002,0.013424387755102036,0.00025,0.001,0.001,1,1,1,1,1,1
2024-01-19,4,1-7d,0.003,0.002,0.013424387755102036,0.0001071428571428,0.0,0.001,1,1,1,1,1,1
2024-01-19,5,1-7d,0.003,0.002,0.013424387755102036,7.142857142857149e-06,0.0,0.001,1,1,1,1,1,1
2024-01-19,6,1-7d,0.002,0.002,0.013281530612244893,0.001,0.001,0.0,1,1,1,0,0,0
2024-01-19,1,1-7d,0.002,0.0024285714285714,0.013342755102040806,0.0004642857142857,0.001,0.00042857142857140014,1,1,1,0,1,1
2024-01-19,2,1-7d,0.002,0.0024285714285714,0.013342755102040806,0.00025,0.001,0.00042857142857140014,1,1,1,1,1,1
2024-01-19,3,1-7d,0.002,0.0024285714285714,0.013342755102040806,0.0001071428571428,0.0,0.00042857142857140014,1,1,1,1,1,1
2024-01-19,4,1-7d,0.002,0.0024285714285714,0.013342755102040806,3.571428571428572e-05,0.0,0.00042857142857140014,1,1,1,1,1,1
2024-01-19,5,1-7d,0.002,0.0024285714285714,0.013342755102040806,7.142857142857149e-06,0.0,0.00042857142857140014,1,1,1,1,1,1
2024-01-19,6,1-7d,0.002,0.0024285714285714,0.013342755102040806,0.0,0.0,0.00042857142857140014,1,1,1,1,1,1
2024-01-19,1,1-7d,0.006,0.0358571428571428,0.017546836734693864,0.00125,0.002,0.029857142857142804,1,1,1,0,0,0
2024-01-19,2,1-7d,0.006,0.0358571428571428,0.017546836734693864,0.0014714285714285,0.002,0.029857142857142804,1,1,1,0,0,0
2024-01-19,3,1-7d,0.005,0.0358571428571428,0.017689693877551007,0.0007285714285714,0.001,0.030857142857142802,1,1,1,0,0,1
2024-01-19,4,1-7d,0.005,0.0358571428571428,0.017689693877551007,0.0010357142857142,0.001,0.030857142857142802,1,1,1,0,0,0
2024-01-19,5,1-7d,0.005,0.0358571428571428,0.017689693877551007,0.00125,0.002,0.030857142857142802,1,1,1,0,0,0
2024-01-19,6,1-7d,0.005,0.0358571428571428,0.017689693877551007,0.0014642857142857,0.002,0.030857142857142802,1,1,1,0,0,0
2024-01-19,1,1-7d,0.022,0.0427142857142857,0.01624071428571428,0.0003999999999999,0.0009999999999999,0.0207142857142857,1,1,1,1,1,1
2024-01-19,2,1-7d,0.02,0.0427142857142857,0.016526428571428563,0.0002285714285714,0.0,0.022714285714285697,1,1,1,1,1,1
2024-01-19,3,1-7d,0.019,0.0427142857142857,0.016669285714285706,0.0002285714285714,0.0,0.023714285714285698,1,1,1,1,1,1
2024-01-19,4,1-7d,0.018,0.0427142857142857,0.01681214285714285,0.0002285714285714,0.0,0.0247142857142857,1,1,1,1,1,1
2024-01-19,5,1-7d,0.017,0.0427142857142857,0.01695499999999999,0.0002214285714285,0.0,0.025714285714285696,1,1,1,1,1,1
2024-01-19,6,1-7d,0.017,0.0427142857142857,0.01695499999999999,0.0002928571428571,0.001,0.025714285714285696,1,1,1,1,1,1
2024-01-19,1,1-7d,0.94,0.8447142857142858,0.06579173469387746,0.0051999999999998,0.0069999999999998,0.0952857142857142,0,0,1,0,0,0
2024-01-19,2,1-7d,0.943,0.8447142857142858,0.0679345918367346,0.0049571428571428,0.0069999999999998,0.0982857142857142,0,0,1,0,0,0
2024-01-19,3,1-7d,0.946,0.8447142857142858,0.07007744897959176,0.0049499999999999,0.007,0.1012857142857142,0,0,1,0,0,0
2024-01-19,4,1-7d,0.949,0.8447142857142858,0.0722203061224489,0.0051642857142857,0.007,0.1042857142857142,0,0,1,0,0,0
2024-01-19,5,1-7d,0.951,0.8447142857142858,0.07364887755102033,0.0044214285714285,0.006,0.1062857142857142,0,0,1,0,0,0
2024-01-19,6,1-7d,0.954,0.8447142857142858,0.07579173469387747,0.0048428571428571,0.007,0.10928571428571421,0,0,1,0,0,0
2024-01-19,1,1-7d,0.01,0.0167142857142857,0.014240714285714278,0.0015,0.002,0.006714285714285699,1,1,1,0,0,0
2024-01-19,2,1-7d,0.01,0.0167142857142857,0.014240714285714278,0.0015785714285714,0.002,0.006714285714285699,1,1,1,0,0,0
2024-01-19,3,1-7d,0.009,0.0167142857142857,0.014383571428571423,0.0012571428571428,0.0019999999999999,0.0077142857142857,1,1,1,0,0,0
2024-01-19,4,1-7d,0.009,0.0167142857142857,0.014383571428571423,0.0014999999999999,0.0019999999999999,0.0077142857142857,1,1,1,0,0,0
2024-01-19,5,1-7d,0.008,0.0167142857142857,0.014526428571428563,0.0008285714285714,0.001,0.008714285714285699,1,1,1,0,0,1
2024-01-19,6,1-7d,0.008,0.0167142857142857,0.014526428571428563,0.0012571428571428,0.002,0.008714285714285699,1,1,1,0,0,0
2024-03-30,1,1-7d,0.001,0.0,0.012488979591836733,0.0007214285714285,0.001,0.001,1,1,1,0,0,1
2024-03-30,2,1-7d,0.0,0.0,0.01234612244897959,0.0,0.0,0.0,1,1,1,1,1,1
2024-03-30,3,1-7d,0.0,0.0,0.01234612244897959,0.0,0.0,0.0,1,1,1,1,1,1
2024-03-30,1,1-7d,0.999,0.9841428571428572,0.015284897959183643,0.0,0.0,0.014857142857142791,0,1,1,1,1,1
2024-03-30,2,1-7d,0.999,0.9841428571428572,0.015284897959183643,0.0,0.0,0.014857142857142791,0,1,1,1,1,1
2024-03-30,3,1-7d,0.999,0.9841428571428572,0.015284897959183643,0.0,0.0,0.014857142857142791,0,1,1,1,1,1
2024-04-27,1,1-7d,0.0,0.0,0.01232346938775511,0.0,0.0,0.0,1,1,1,1,1,1
2024-04-27,2,1-7d,0.0,0.0,0.01232346938775511,0.0,0.0,0.0,1,1,1,1,1,1
2024-04-27,3,1-7d,0.0,0.0,0.01232346938775511,0.0,0.0,0.0,1,1,1,1,1,1
2024-04-27,4,1-7d,0.0,0.0,0.01232346938775511,0.0,0.0,0.0,1,1,1,1,1,1
2024-04-27,5,1-7d,0.0,0.0,0.01232346938775511,0.0,0.0,0.0,1,1,1,1,1,1
2024-04-27,6,1-7d,0.0,0.0,0.01232346938775511,0.0,0.0,0.0,1,1,1,1,1,1
2024-04-27,7,1-7d,0.0,0.0,0.01232346938775511,0.0,0.0,0.0,1,1,1,1,1,1
2024-04-27,1,1-7d,0.866,0.8348571428571429,0.022201020408163245,0.1324642857142857,0.133,0.03114285714285714,0,1,1,0,0,0
2024-04-27,2,1-7d,0.865,0.8348571428571429,0.021772448979591817,0.1337214285714285,0.134,0.030142857142857138,0,1,1,0,0,0
2024-04-27,3,1-7d,0.864,0.8348571428571429,0.021343877551020386,0.135,0.135,0.029142857142857137,0,1,1,0,0,0
2024-04-27,4,1-7d,0.863,0.8348571428571429,0.02091530612244896,0.136,0.136,0.028142857142857136,0,1,1,0,0,0
2024-04-27,5,1-7d,0.862,0.8348571428571429,0.020486734693877528,0.137,0.137,0.027142857142857135,0,1,1,0,0,0
2024-04-27,6,1-7d,0.861,0.8348571428571429,0.0200581632653061,0.138,0.138,0.026142857142857134,0,1,1,0,0,0
2024-04-27,7,1-7d,0.861,0.8348571428571429,0.0200581632653061,0.138,0.138,0.026142857142857134,0,1,1,0,0,0
2024-04-27,8,8-14d,0.0,0.0,0.013618520408163262,0.0,0.0,0.0,1,1,1,1,1,1
2024-04-27,9,8-14d,0.0,0.0,0.013618520408163262,0.0,0.0,0.0,1,1,1,1,1,1
2024-04-27,10,8-14d,0.0,0.0,0.013618520408163262,0.0,0.0,0.0,1,1,1,1,1,1
2024-04-27,11,8-14d,0.0,0.0,0.013618520408163262,0.0,0.0,0.0,1,1,1,1,1,1
2024-04-27,12,8-14d,0.0,0.0,0.013618520408163262,0.0,0.0,0.0,1,1,1,1,1,1
2024-04-27,13,8-14d,0.0,0.0,0.013618520408163262,0.0,0.0,0.0,1,1,1,1,1,1
2024-04-27,14,8-14d,0.0,0.0,0.013618520408163262,0.0,0.0,0.0,1,1,1,1,1,1
2024-04-27,8,8-14d,0.86,0.8348571428571429,0.021526683673469382,0.139,0.139,0.025142857142857133,0,1,1,0,0,0
2024-04-27,9,8-14d,0.859,0.8348571428571429,0.021098112244897955,0.14,0.14,0.024142857142857133,0,1,1,0,0,0
2024-04-27,10,8-14d,0.858,0.8348571428571429,0.020669540816326524,0.141,0.141,0.02314285714285713,0,1,1,0,0,0
2024-04-27,11,8-14d,0.857,0.8348571428571429,0.020240969387755096,0.142,0.142,0.02214285714285713,0,1,1,0,0,0
2024-04-27,12,8-14d,0.856,0.8348571428571429,0.019812397959183665,0.143,0.143,0.02114285714285713,0,1,1,0,0,0
2024-04-27,13,8-14d,0.855,0.8348571428571429,0.019383826530612238,0.144,0.144,0.02014285714285713,0,1,1,0,0,0
2024-04-27,14,8-14d,0.854,0.8348571428571429,0.018955255102040807,0.145,0.145,0.019142857142857128,0,1,1,0,0,0
2024-04-27,15,15-21d,0.0,0.0,0.015168903061224495,0.0,0.0,0.0,1,1,1,1,1,1
2024-04-27,16,15-21d,0.0,0.0,0.015168903061224495,0.0,0.0,0.0,1,1,1,1,1,1
2024-04-27,17,15-21d,0.0,0.0,0.015168903061224495,0.0,0.0,0.0,1,1,1,1,1,1
2024-04-27,18,15-21d,0.0,0.0,0.015168903061224495,0.0,0.0,0.0,1,1,1,1,1,1
2024-04-27,19,15-21d,0.0,0.0,0.015168903061224495,0.0,0.0,0.0,1,1,1,1,1,1
2024-04-27,15,15-21d,0.853,0.8348571428571429,0.021546454081632648,0.146,0.146,0.018142857142857127,0,1,1,0,0,0
2024-04-27,16,15-21d,0.853,0.8348571428571429,0.021546454081632648,0.146,0.146,0.018142857142857127,0,1,1,0,0,0
2024-04-27,17,15-21d,0.852,0.8348571428571429,0.02111788265306122,0.147,0.147,0.017142857142857126,0,1,1,0,0,0
2024-04-27,18,15-21d,0.851,0.8348571428571429,0.020689311224489793,0.148,0.148,0.016142857142857125,0,1,1,0,0,0
2024-04-27,19,15-21d,0.85,0.8348571428571429,0.020260739795918362,0.149,0.149,0.015142857142857125,0,1,1,0,0,0
2024-06-30,1,1-7d,0.857,0.771,0.058212653061224466,0.0065857142857142,0.016,0.08599999999999997,0,0,1,1,1,1
2024-06-30,2,1-7d,0.863,0.771,0.06249836734693876,0.0063714285714285,0.015,0.09199999999999997,0,0,1,1,1,1
2024-06-30,3,1-7d,0.868,0.771,0.06606979591836734,0.0061785714285714,0.014,0.09699999999999998,0,0,1,1,1,1
2024-06-30,1,1-7d,0.2,0.2205714285714285,0.015233061224489785,0.0593714285714285,0.081,0.02057142857142849,1,1,1,0,0,0
2024-06-30,2,1-7d,0.195,0.2205714285714285,0.0159473469387755,0.0591142857142857,0.08,0.025571428571428495,1,1,1,0,0,0
2024-06-30,3,1-7d,0.189,0.2205714285714285,0.016804489795918358,0.0585428571428571,0.079,0.0315714285714285,1,1,1,0,0,0
2024-06-30,1,1-7d,0.772,0.4688571428571428,0.2419432653061225,0.0763571428571428,0.0839999999999999,0.3031428571428572,0,0,0,0,0,0
2024-06-30,2,1-7d,0.778,0.4688571428571428,0.24794326530612257,0.0761785714285713,0.0829999999999999,0.3091428571428572,0,0,0,0,0,0
2024-06-30,3,1-7d,0.784,0.4688571428571428,0.25394326530612255,0.0759285714285713,0.0829999999999999,0.3151428571428572,0,0,0,0,0,0
2024-06-30,1,1-7d,0.236,0.5261428571428571,0.1957922448979592,0.0898571428571428,0.0969999999999999,0.29014285714285715,0,0,0,0,0,0
2024-06-30,2,1-7d,0.229,0.5261428571428571,0.2027922448979592,0.0886785714285714,0.095,0.29714285714285715,0,0,0,0,0,0
2024-06-30,3,1-7d,0.223,0.5261428571428571,0.2087922448979592,0.0877071428571428,0.094,0.30314285714285716,0,0,0,0,0,0
2024-07-18,1,1-7d,0.168,0.1864285714285714,0.015232755102040807,0.0070071428571428,0.006,0.018428571428571378,1,1,1,1,1,1
2024-07-18,2,1-7d,0.166,0.1864285714285714,0.015518469387755094,0.0070714285714285,0.007,0.02042857142857138,1,1,1,1,1,1
2024-07-18,3,1-7d,0.164,0.1864285714285714,0.01580418367346938,0.0071714285714285,0.008,0.02242857142857138,1,1,1,1,1,1
2024-07-18,4,1-7d,0.162,0.1864285714285714,0.016089897959183665,0.0073142857142857,0.009,0.024428571428571383,1,1,1,1,1,1
2024-07-18,5,1-7d,0.16,0.1864285714285714,0.01637561224489795,0.0074571428571428,0.01,0.026428571428571385,1,1,1,1,1,1
2024-07-18,6,1-7d,0.157,0.1864285714285714,0.01680418367346938,0.00745,0.01,0.029428571428571387,1,1,1,1,1,1
2024-07-18,7,1-7d,0.155,0.1864285714285714,0.017089897959183666,0.00745,0.01,0.03142857142857139,1,1,1,1,1,1
2024-07-18,1,1-7d,0.715,0.6689999999999999,0.02885316326530613,0.0282928571428571,0.057,0.04600000000000004,0,0,1,0,0,1
2024-07-18,2,1-7d,0.721,0.6689999999999999,0.03313887755102042,0.0282928571428571,0.057,0.052000000000000046,0,0,1,0,0,1
2024-07-18,3,1-7d,0.727,0.6689999999999999,0.03742459183673471,0.0282928571428571,0.057,0.05800000000000005,0,0,1,0,0,1
2024-07-18,4,1-7d,0.733,0.6689999999999999,0.041710306122449005,0.0281857142857143,0.057,0.06400000000000006,0,0,1,0,0,1
2024-07-18,5,1-7d,0.739,0.6689999999999999,0.04599602040816329,0.0279285714285714,0.057,0.07000000000000006,0,0,1,0,0,1
2024-07-18,6,1-7d,0.745,0.6689999999999999,0.05028173469387758,0.0274714285714285,0.056,0.07600000000000007,0,0,1,0,0,1
2024-07-18,7,1-7d,0.751,0.6689999999999999,0.05456744897959187,0.0269,0.056,0.08200000000000007,0,0,1,0,0,1
2024-07-18,1,1-7d,0.162,0.1302857142857142,0.022191938775510244,0.09285,0.104,0.031714285714285806,0,1,1,0,0,0
2024-07-18,2,1-7d,0.158,0.1302857142857142,0.02047765306122453,0.0920499999999999,0.103,0.027714285714285802,0,1,1,0,0,0
2024-07-18,3,1-7d,0.155,0.1302857142857142,0.01919193877551024,0.0920142857142857,0.103,0.0247142857142858,0,1,1,0,0,0
2024-07-18,4,1-7d,0.151,0.1302857142857142,0.017477653061224528,0.0907642857142857,0.1009999999999999,0.020714285714285796,0,1,1,0,0,0
2024-07-18,5,1-7d,0.147,0.1302857142857142,0.01576336734693881,0.0896571428571428,0.0999999999999999,0.016714285714285793,0,1,1,0,0,0
2024-07-18,6,1-7d,0.144,0.1302857142857142,0.014559285714285723,0.0889142857142857,0.0989999999999999,0.01371428571428579,1,1,1,0,0,0
2024-07-18,7,1-7d,0.14,0.1302857142857142,0.013987857142857154,0.0876571428571428,0.097,0.009714285714285814,1,1,1,0,0,0
2024-07-18,1,1-7d,0.337,0.3027142857142857,0.02329397959183674,0.0354714285714285,0.0439999999999999,0.03428571428571431,0,1,1,0,0,0
2024-07-18,2,1-7d,0.337,0.3027142857142857,0.02329397959183674,0.0332214285714285,0.0419999999999999,0.03428571428571431,0,1,1,0,0,0
2024-07-18,3,1-7d,0.336,0.3027142857142857,0.02286540816326531,0.0320428571428571,0.0409999999999999,0.03328571428571431,0,1,1,0,0,0
2024-07-18,4,1-7d,0.336,0.3027142857142857,0.02286540816326531,0.0300428571428571,0.0389999999999999,0.03328571428571431,0,1,1,0,0,0
2024-07-18,5,1-7d,0.335,0.3027142857142857,0.02243683673469388,0.0288357142857142,0.0379999999999999,0.032285714285714306,0,1,1,0,0,0
2024-07-18,6,1-7d,0.334,0.3027142857142857,0.022008265306122453,0.0272999999999999,0.0369999999999999,0.031285714285714306,0,1,1,0,0,0
2024-07-18,7,1-7d,0.334,0.3027142857142857,0.022008265306122453,0.0253285714285713,0.0349999999999999,0.031285714285714306,0,1,1,0,0,0
2024-07-18,1,1-7d,0.368,0.2722857142857143,0.06436336734693875,0.1044142857142857,0.1149999999999999,0.0957142857142857,0,0,1,0,0,0
2024-07-18,2,1-7d,0.372,0.2722857142857143,0.06722051020408161,0.1065857142857142,0.118,0.0997142857142857,0,0,1,0,0,0
2024-07-18,3,1-7d,0.375,0.2722857142857143,0.06936336734693875,0.1096928571428571,0.121,0.1027142857142857,0,0,1,0,0,0
2024-07-18,4,1-7d,0.379,0.2722857142857143,0.0722205102040816,0.1115642857142857,0.124,0.1067142857142857,0,0,1,0,0,0
2024-07-18,5,1-7d,0.383,0.2722857142857143,0.07507765306122446,0.1136642857142857,0.126,0.11071428571428571,0,0,1,0,0,0
2024-07-18,6,1-7d,0.387,0.2722857142857143,0.07793479591836731,0.1159142857142857,0.128,0.11471428571428571,0,0,1,0,0,0
2024-07-18,7,1-7d,0.391,0.2722857142857143,0.08079193877551018,0.1181285714285714,0.131,0.11871428571428572,0,0,1,0,0,0
2024-07-18,1,1-7d,0.297,0.4124285714285714,0.04651846938775511,0.1649714285714285,0.1689999999999999,0.11542857142857144,0,1,1,0,0,0
2024-07-18,2,1-7d,0.294,0.4124285714285714,0.0478041836734694,0.1660785714285714,0.1699999999999999,0.11842857142857144,0,1,1,0,0,0
2024-07-18,3,1-7d,0.291,0.4124285714285714,0.04949806122448981,0.1677571428571428,0.172,0.12142857142857144,0,0,1,0,0,0
2024-07-18,4,1-7d,0.288,0.4124285714285714,0.05164091836734696,0.1689714285714285,0.173,0.12442857142857144,0,0,1,0,0,0
2024-07-18,5,1-7d,0.285,0.4124285714285714,0.0537837755102041,0.1699714285714285,0.174,0.12742857142857145,0,0,1,0,0,0
2024-07-18,6,1-7d,0.282,0.4124285714285714,0.05592663265306125,0.1709642857142856,0.175,0.13042857142857145,0,0,1,0,0,0
2024-07-18,7,1-7d,0.279,0.4124285714285714,0.05806948979591835,0.1719357142857143,0.176,0.1334285714285714,0,0,1,0,0,0
2024-07-18,1,1-7d,0.157,0.1541428571428571,0.013008265306122452,0.0136285714285714,0.0199999999999999,0.0028571428571428914,1,1,1,0,0,0
2024-07-18,2,1-7d,0.154,0.1541428571428571,0.012620510204081626,0.0127071428571428,0.0189999999999999,0.00014285714285711126,1,1,1,0,0,0
2024-07-18,3,1-7d,0.151,0.1541428571428571,0.013049081632653056,0.0122071428571428,0.018,0.003142857142857114,1,1,1,0,0,0
2024-07-18,4,1-7d,0.147,0.1541428571428571,0.013620510204081627,0.0127071428571428,0.019,0.0071428571428571175,1,1,1,0,0,0
2024-07-18,5,1-7d,0.144,0.1541428571428571,0.014049081632653056,0.0122071428571428,0.018,0.01014285714285712,1,1,1,0,0,0
2024-07-18,6,1-7d,0.141,0.1541428571428571,0.014477653061224486,0.0117071428571428,0.018,0.013142857142857123,1,1,1,0,0,0
2024-07-18,7,1-7d,0.138,0.1541428571428571,0.01490622448979591,0.0116357142857142,0.0179999999999999,0.016142857142857098,1,1,1,0,0,0
2024-07-18,1,1-7d,0.757,0.7472857142857142,0.01398785714285715,0.0139714285714285,0.024,0.009714285714285786,1,1,1,0,0,0
2024-07-18,2,1-7d,0.763,0.7472857142857142,0.015334795918367375,0.0139428571428571,0.024,0.01571428571428579,0,1,1,0,0,0
2024-07-18,3,1-7d,0.769,0.7472857142857142,0.01790622448979595,0.0131928571428571,0.023,0.021714285714285797,0,1,1,0,0,0
2024-07-18,4,1-7d,0.775,0.7472857142857142,0.02047765306122452,0.0129428571428571,0.023,0.027714285714285802,0,1,1,0,0,0
2024-07-18,5,1-7d,0.781,0.7472857142857142,0.023049081632653096,0.0119428571428571,0.022,0.03371428571428581,0,1,1,0,0,0
2024-07-18,6,1-7d,0.786,0.7472857142857142,0.02519193877551024,0.0124357142857142,0.022,0.03871428571428581,0,1,1,0,0,0
2024-07-18,7,1-7d,0.792,0.7472857142857142,0.027934795918367398,0.0114357142857142,0.0209999999999999,0.04471428571428582,0,0,1,0,0,0
2024-07-18,1,1-7d,0.104,0.0914285714285714,0.014396020408163266,0.0629142857142857,0.065,0.012571428571428594,1,1,1,0,0,0
2024-07-18,2,1-7d,0.101,0.0914285714285714,0.013967448979591842,0.0618785714285714,0.064,0.009571428571428606,1,1,1,0,0,0
2024-07-18,3,1-7d,0.098,0.0914285714285714,0.013538877551020413,0.0605928571428571,0.063,0.006571428571428603,1,1,1,0,0,0
2024-07-18,4,1-7d,0.095,0.0914285714285714,0.013110306122448984,0.0595857142857142,0.062,0.0035714285714286004,1,1,1,0,0,0
2024-07-18,5,1-7d,0.093,0.0914285714285714,0.012824591836734697,0.0594142857142857,0.061,0.0015714285714285986,1,1,1,0,0,0
2024-07-18,6,1-7d,0.09,0.0914285714285714,0.012804183673469385,0.0578642857142857,0.06,0.001428571428571404,1,1,1,0,0,0
2024-07-18,7,1-7d,0.088,0.0914285714285714,0.01308989795918367,0.0574142857142857,0.059,0.003428571428571406,1,1,1,0,0,0
2024-07-18,8,8-14d,0.153,0.1864285714285714,0.018382142857142857,0.0076428571428571,0.011,0.03342857142857139,1,1,1,1,1,1
2024-07-18,9,8-14d,0.151,0.1864285714285714,0.018667857142857146,0.0077857142857142,0.0119999999999999,0.03542857142857139,1,1,1,1,1,1
2024-07-18,10,8-14d,0.149,0.1864285714285714,0.01895357142857143,0.0079285714285714,0.0129999999999999,0.037428571428571394,1,1,1,1,1,1
2024-07-18,11,8-14d,0.147,0.1864285714285714,0.019239285714285716,0.0080999999999999,0.0139999999999999,0.039428571428571396,1,1,1,1,1,1
2024-07-18,12,8-14d,0.145,0.1864285714285714,0.019525000000000004,0.0080571428571428,0.0139999999999999,0.0414285714285714,1,1,1,1,1,1
2024-07-18,13,8-14d,0.143,0.1864285714285714,0.01981071428571429,0.0081642857142857,0.0149999999999999,0.0434285714285714,1,1,1,1,1,1
2024-07-18,14,8-14d,0.141,0.1864285714285714,0.020096428571428574,0.0082928571428571,0.0159999999999999,0.0454285714285714,1,1,1,1,1,1
2024-07-18,8,8-14d,0.757,0.6689999999999999,0.06163724489795923,0.0267214285714285,0.055,0.08800000000000008,0,0,1,0,0,1
2024-07-18,9,8-14d,0.763,0.6689999999999999,0.06592295918367351,0.0262571428571428,0.0539999999999999,0.09400000000000008,0,0,1,0,0,1
2024-07-18,10,8-14d,0.768,0.6689999999999999,0.0694943877551021,0.0264857142857142,0.0539999999999999,0.09900000000000009,0,0,1,0,0,1
2024-07-18,11,8-14d,0.774,0.6689999999999999,0.07378010204081639,0.0259785714285714,0.0529999999999999,0.1050000000000001,0,0,1,0,0,1
2024-07-18,12,8-14d,0.779,0.6689999999999999,0.07735153061224496,0.0261285714285714,0.0529999999999999,0.1100000000000001,0,0,1,0,0,1
2024-07-18,13,8-14d,0.785,0.6689999999999999,0.08163724489795925,0.0249857142857142,0.0509999999999999,0.1160000000000001,0,0,1,0,0,1
2024-07-18,14,8-14d,0.79,0.6689999999999999,0.08520867346938783,0.0248785714285714,0.0509999999999999,0.12100000000000011,0,0,1,0,0,1
2024-07-18,8,8-14d,0.137,0.1302857142857142,0.014565816326530631,0.0866571428571428,0.096,0.0067142857142858114,1,1,1,0,0,0
2024-07-18,9,8-14d,0.134,0.1302857142857142,0.014137244897959202,0.0861571428571428,0.095,0.0037142857142858088,1,1,1,0,0,0
2024-07-18,10,8-14d,0.13,0.1302857142857142,0.013647448979591829,0.0843714285714285,0.093,0.00028571428571419477,1,1,1,0,0,0
2024-07-18,11,8-14d,0.127,0.1302857142857142,0.014076020408163258,0.0832642857142857,0.092,0.0032857142857141974,1,1,1,0,0,0
2024-07-18,12,8-14d,0.124,0.1302857142857142,0.014504591836734687,0.0822571428571428,0.091,0.0062857142857142,1,1,1,0,0,0
2024-07-18,13,8-14d,0.121,0.1302857142857142,0.014933163265306115,0.0810785714285714,0.089,0.009285714285714203,1,1,1,0,0,0
2024-07-18,14,8-14d,0.118,0.1302857142857142,0.015361734693877544,0.0797571428571428,0.088,0.012285714285714205,1,1,1,0,0,0
2024-07-18,8,8-14d,0.333,0.3027142857142857,0.023412755102040817,0.0237928571428571,0.0339999999999999,0.030285714285714305,0,1,1,0,0,0
2024-07-18,9,8-14d,0.332,0.3027142857142857,0.022984183673469386,0.0222285714285714,0.0329999999999999,0.029285714285714304,0,1,1,0,0,0
2024-07-18,10,8-14d,0.331,0.3027142857142857,0.02255561224489796,0.0203071428571428,0.0309999999999999,0.028285714285714303,0,1,1,0,0,0
2024-07-18,11,8-14d,0.331,0.3027142857142857,0.02255561224489796,0.0176285714285714,0.0279999999999999,0.028285714285714303,0,1,1,0,0,0
2024-07-18,12,8-14d,0.33,0.3027142857142857,0.022127040816326528,0.0160857142857142,0.0269999999999999,0.027285714285714302,0,1,1,0,0,0
2024-07-18,13,8-14d,0.329,0.3027142857142857,0.0216984693877551,0.0141928571428571,0.0249999999999999,0.0262857142857143,0,1,1,0,0,0
2024-07-18,14,8-14d,0.328,0.3027142857142857,0.02126989795918367,0.0126642857142857,0.0229999999999999,0.0252857142857143,0,1,1,0,0,0
2024-07-18,8,8-14d,0.395,0.2722857142857143,0.08643316326530612,0.1198785714285714,0.133,0.12271428571428572,0,0,1,0,0,0
2024-07-18,9,8-14d,0.399,0.2722857142857143,0.08929030612244897,0.1216285714285714,0.135,0.12671428571428572,0,0,1,0,0,0
2024-07-18,10,8-14d,0.403,0.2722857142857143,0.09214744897959183,0.1236999999999999,0.137,0.13071428571428573,0,0,1,0,0,0
2024-07-18,11,8-14d,0.407,0.2722857142857143,0.09500459183673464,0.1251714285714286,0.139,0.13471428571428568,0,0,1,0,0,0
2024-07-18,12,8-14d,0.411,0.2722857142857143,0.0978617346938775,0.1271714285714286,0.141,0.13871428571428568,0,0,1,0,0,0
2024-07-18,13,8-14d,0.415,0.2722857142857143,0.10071887755102037,0.1289214285714286,0.143,0.14271428571428568,0,0,1,0,0,0
2024-07-18,14,8-14d,0.419,0.2722857142857143,0.10357602040816323,0.13045,0.1449999999999999,0.14671428571428569,0,0,1,0,0,0
2024-07-18,8,8-14d,0.276,0.4124285714285714,0.0532188775510204,0.1725071428571429,0.176,0.1364285714285714,0,1,1,0,0,0
2024-07-18,9,8-14d,0.274,0.4124285714285714,0.05407602040816326,0.1742428571428571,0.178,0.1384285714285714,0,1,1,0,0,0
2024-07-18,10,8-14d,0.271,0.4124285714285714,0.05536173469387755,0.1747785714285714,0.178,0.1414285714285714,0,1,1,0,0,0
2024-07-18,11,8-14d,0.268,0.4124285714285714,0.056647448979591834,0.1752142857142857,0.179,0.1444285714285714,0,1,1,0,0,0
2024-07-18,12,8-14d,0.265,0.4124285714285714,0.05793316326530612,0.17575,0.179,0.1474285714285714,0,1,1,0,0,0
2024-07-18,13,8-14d,0.262,0.4124285714285714,0.05928010204081631,0.1757785714285714,0.179,0.1504285714285714,0,0,1,0,0,0
2024-07-18,14,8-14d,0.259,0.4124285714285714,0.06142295918367346,0.1757785714285714,0.179,0.15342857142857141,0,0,1,0,0,0
2024-07-18,8,8-14d,0.135,0.1541428571428571,0.016341326530612245,0.0107071428571428,0.0169999999999999,0.0191428571428571,1,1,1,0,0,0
2024-07-18,9,8-14d,0.133,0.1541428571428571,0.01662704081632653,0.0097071428571428,0.0159999999999999,0.021142857142857102,1,1,1,0,0,0
2024-07-18,10,8-14d,0.13,0.1541428571428571,0.017055612244897957,0.0096285714285714,0.0159999999999999,0.024142857142857105,1,1,1,0,0,0
2024-07-18,11,8-14d,0.127,0.1541428571428571,0.017484183673469388,0.0094571428571428,0.0149999999999999,0.027142857142857107,1,1,1,0,0,0
2024-07-18,12,8-14d,0.124,0.1541428571428571,0.01791275510204082,0.0087,0.015,0.03014285714285711,1,1,1,0,0,0
2024-07-18,13,8-14d,0.122,0.1541428571428571,0.018198469387755104,0.0077,0.014,0.03214285714285711,1,1,1,0,0,0
2024-07-18,14,8-14d,0.119,0.1541428571428571,0.018627040816326535,0.0076714285714285,0.014,0.035142857142857115,1,1,1,0,0,0
2024-07-18,8,8-14d,0.797,0.7472857142857142,0.03429030612244905,0.0114357142857142,0.0209999999999999,0.04971428571428582,0,0,1,0,0,0
2024-07-18,9,8-14d,0.803,0.7472857142857142,0.03857602040816333,0.0104357142857142,0.0199999999999999,0.05571428571428583,0,0,1,0,0,1
2024-07-18,10,8-14d,0.808,0.7472857142857142,0.042147448979591905,0.0101857142857142,0.0199999999999999,0.06071428571428583,0,0,1,0,0,1
2024-07-18,11,8-14d,0.813,0.7472857142857142,0.0457188775510204,0.0097142857142857,0.019,0.06571428571428573,0,0,1,0,0,1
2024-07-18,12,8-14d,0.818,0.7472857142857142,0.04929030612244898,0.0094714285714285,0.019,0.07071428571428573,0,0,1,0,0,1
2024-07-18,13,8-14d,0.823,0.7472857142857142,0.05286173469387755,0.0089642857142857,0.018,0.07571428571428573,0,0,1,0,0,1
2024-07-18,14,8-14d,0.828,0.7472857142857142,0.056433163265306126,0.0085357142857142,0.017,0.08071428571428574,0,0,1,0,0,1
2024-07-18,8,8-14d,0.085,0.0914285714285714,0.014525000000000001,0.0558357142857142,0.058,0.006428571428571395,1,1,1,0,0,0
2024-07-18,9,8-14d,0.083,0.0914285714285714,0.014810714285714288,0.0553071428571428,0.057,0.008428571428571396,1,1,1,0,0,0
2024-07-18,10,8-14d,0.08,0.0914285714285714,0.015239285714285717,0.0536142857142857,0.055,0.011428571428571399,1,1,1,0,0,0
2024-07-18,11,8-14d,0.078,0.0914285714285714,0.015525000000000002,0.0530928571428571,0.055,0.0134285714285714,1,1,1,0,0,0
2024-07-18,12,8-14d,0.075,0.0914285714285714,0.01595357142857143,0.0513071428571428,0.053,0.016428571428571404,1,1,1,0,0,0
2024-07-18,13,8-14d,0.073,0.0914285714285714,0.016239285714285717,0.0503071428571428,0.0519999999999999,0.018428571428571405,1,1,1,0,0,0
2024-07-18,14,8-14d,0.071,0.0914285714285714,0.016525000000000005,0.0495857142857142,0.0509999999999999,0.020428571428571407,1,1,1,0,0,0
2024-07-18,15,15-21d,0.139,0.1864285714285714,0.021921173469387756,0.0084,0.017,0.047428571428571376,1,1,1,1,1,1
2024-07-18,16,15-21d,0.137,0.1864285714285714,0.02220688775510204,0.0083642857142857,0.017,0.04942857142857138,1,1,1,1,1,1
2024-07-18,17,15-21d,0.135,0.1864285714285714,0.022492602040816326,0.0085714285714285,0.018,0.05142857142857138,1,1,1,1,1,1
2024-07-18,18,15-21d,0.133,0.1864285714285714,0.02277831632653061,0.0084928571428571,0.018,0.05342857142857138,1,1,1,1,1,1
2024-07-18,19,15-21d,0.131,0.1864285714285714,0.0230640306122449,0.0086785714285714,0.019,0.05542857142857138,1,1,1,1,1,1
2024-07-18,20,15-21d,0.129,0.1864285714285714,0.023349744897959185,0.0085714285714285,0.019,0.057428571428571384,1,1,1,1,1,1
2024-07-18,21,15-21d,0.127,0.1864285714285714,0.02363545918367347,0.0086142857142857,0.019,0.059428571428571386,1,1,1,1,1,1
2024-07-18,15,15-21d,0.795,0.6689999999999999,0.09144362244897963,0.0244857142857142,0.0499999999999999,0.1260000000000001,0,0,1,0,0,1
2024-07-18,16,15-21d,0.8,0.6689999999999999,0.0950150510204082,0.0239928571428571,0.0489999999999999,0.13100000000000012,0,0,1,0,0,1
2024-07-18,17,15-21d,0.805,0.6689999999999999,0.09858647959183678,0.0232714285714285,0.0479999999999999,0.13600000000000012,0,0,1,0,0,1
2024-07-18,18,15-21d,0.81,0.6689999999999999,0.10215790816326535,0.0227785714285713,0.0469999999999999,0.14100000000000013,0,0,1,0,0,1
2024-07-18,19,15-21d,0.814,0.6689999999999999,0.10501505102040813,0.0229142857142857,0.047,0.14500000000000002,0,0,1,0,0,1
2024-07-18,20,15-21d,0.819,0.6689999999999999,0.10858647959183673,0.0219428571428571,0.046,0.15000000000000002,0,0,1,0,0,1
2024-07-18,21,15-21d,0.823,0.6689999999999999,0.11144362244897958,0.0220928571428571,0.046,0.15400000000000003,0,0,1,0,0,1
2024-07-18,15,15-21d,0.115,0.1302857142857142,0.01732933673469387,0.0785428571428571,0.086,0.015285714285714194,1,1,1,0,0,0
2024-07-18,16,15-21d,0.112,0.1302857142857142,0.017757908163265296,0.0775,0.085,0.018285714285714197,1,1,1,0,0,0
2024-07-18,17,15-21d,0.109,0.1302857142857142,0.018186479591836727,0.0760357142857142,0.083,0.0212857142857142,1,1,1,0,0,0
2024-07-18,18,15-21d,0.106,0.1302857142857142,0.01861505102040816,0.07465,0.0819999999999999,0.024285714285714202,1,1,1,0,0,0
2024-07-18,19,15-21d,0.103,0.1302857142857142,0.019043622448979586,0.0729285714285714,0.0799999999999999,0.027285714285714205,1,1,1,0,0,0
2024-07-18,20,15-21d,0.101,0.1302857142857142,0.019329336734693867,0.0726785714285714,0.079,0.029285714285714193,1,1,1,0,0,0
2024-07-18,21,15-21d,0.098,0.1302857142857142,0.019757908163265298,0.0706785714285714,0.077,0.032285714285714195,1,1,1,0,0,0
2024-07-18,15,15-21d,0.327,0.3027142857142857,0.02351301020408162,0.0112071428571428,0.0219999999999999,0.0242857142857143,0,1,1,0,0,1
2024-07-18,16,15-21d,0.326,0.3027142857142857,0.023084438775510193,0.0097857142857142,0.0199999999999999,0.0232857142857143,0,1,1,0,0,1
2024-07-18,17,15-21d,0.325,0.3027142857142857,0.022655867346938762,0.0084571428571428,0.018,0.022285714285714298,0,1,1,0,0,1
2024-07-18,18,15-21d,0.324,0.3027142857142857,0.022227295918367335,0.0071785714285714,0.017,0.021285714285714297,0,1,1,0,1,1
2024-07-18,19,15-21d,0.323,0.3027142857142857,0.021798724489795907,0.00645,0.015,0.020285714285714296,0,1,1,0,1,1
2024-07-18,20,15-21d,0.322,0.3027142857142857,0.021370153061224476,0.0056,0.013,0.019285714285714295,0,1,1,0,1,1
2024-07-18,21,15-21d,0.321,0.3027142857142857,0.02094158163265305,0.00475,0.011,0.018285714285714294,0,1,1,0,1,1
2024-07-18,15,15-21d,0.423,0.2722857142857143,0.10909668367346935,0.1321785714285714,0.1469999999999999,0.1507142857142857,0,0,1,0,0,0
2024-07-18,16,15-21d,0.427,0.2722857142857143,0.11195382653061221,0.1339214285714285,0.1489999999999999,0.1547142857142857,0,0,1,0,0,0
2024-07-18,17,15-21d,0.431,0.2722857142857143,0.11481096938775506,0.1349571428571428,0.1499999999999999,0.1587142857142857,0,0,1,0,0,0
2024-07-18,18,15-21d,0.435,0.2722857142857143,0.11766811224489793,0.13665,0.1519999999999999,0.1627142857142857,0,0,1,0,0,0
2024-07-18,19,15-21d,0.439,0.2722857142857143,0.12052525510204079,0.1383928571428571,0.1539999999999999,0.1667142857142857,0,0,1,0,0,0
2024-07-18,20,15-21d,0.443,0.2722857142857143,0.12338239795918364,0.1394928571428571,0.1549999999999999,0.1707142857142857,0,0,1,0,0,0
2024-07-18,21,15-21d,0.447,0.2722857142857143,0.12623954081632652,0.1411428571428571,0.1569999999999999,0.1747142857142857,0,0,1,0,0,0
2024-07-18,15,15-21d,0.257,0.4124285714285714,0.05970688775510206,0.17675,0.18,0.15542857142857142,0,1,1,0,0,0
2024-07-18,16,15-21d,0.254,0.4124285714285714,0.060996683673469394,0.1767428571428571,0.18,0.15842857142857142,0,0,1,0,0,0
2024-07-18,17,15-21d,0.251,0.4124285714285714,0.06313954081632654,0.1766714285714285,0.18,0.16142857142857142,0,0,1,0,0,0
2024-07-18,18,15-21d,0.248,0.4124285714285714,0.06528239795918368,0.1766357142857142,0.18,0.16442857142857142,0,0,1,0,0,0
2024-07-18,19,15-21d,0.245,0.4124285714285714,0.06742525510204082,0.1762785714285714,0.179,0.16742857142857143,0,0,1,0,0,0
2024-07-18,20,15-21d,0.243,0.4124285714285714,0.06885382653061226,0.1766357142857142,0.18,0.16942857142857143,0,0,1,0,0,0
2024-07-18,21,15-21d,0.24,0.4124285714285714,0.0709966836734694,0.1762785714285714,0.179,0.17242857142857143,0,0,1,0,0,0
2024-07-18,15,15-21d,0.116,0.1541428571428571,0.020594642857142857,0.0075999999999999,0.0139999999999999,0.0381428571428571,1,1,1,0,0,0
2024-07-18,16,15-21d,0.114,0.1541428571428571,0.02088035714285714,0.0068785714285714,0.0129999999999999,0.040142857142857105,1,1,1,0,0,0
2024-07-18,17,15-21d,0.111,0.1541428571428571,0.021308928571428572,0.0071285714285714,0.0129999999999999,0.04314285714285711,1,1,1,0,0,0
2024-07-18,18,15-21d,0.109,0.1541428571428571,0.021594642857142857,0.0061357142857142,0.0119999999999999,0.04514285714285711,1,1,1,0,0,1
2024-07-18,19,15-21d,0.107,0.1541428571428571,0.021880357142857142,0.0054928571428571,0.0109999999999999,0.04714285714285711,1,1,1,0,0,1
2024-07-18,20,15-21d,0.104,0.1541428571428571,0.022308928571428573,0.0057,0.011,0.050142857142857114,1,1,1,0,0,1
2024-07-18,21,15-21d,0.102,0.1541428571428571,0.02259464285714286,0.0054142857142857,0.011,0.052142857142857116,1,1,1,0,0,1
2024-07-18,15,15-21d,0.832,0.7472857142857142,0.06195382653061222,0.0086785714285714,0.018,0.08471428571428574,0,0,1,0,0,1
2024-07-18,16,15-21d,0.837,0.7472857142857142,0.0655252551020408,0.0079285714285714,0.017,0.08971428571428575,0,0,1,0,0,1
2024-07-18,17,15-21d,0.841,0.7472857142857142,0.06838239795918365,0.0077857142857142,0.016,0.09371428571428575,0,0,1,0,0,1
2024-07-18,18,15-21d,0.846,0.7472857142857142,0.07195382653061223,0.0070714285714285,0.015,0.09871428571428575,0,0,1,0,0,1
2024-07-18,19,15-21d,0.85,0.7472857142857142,0.0748109693877551,0.0069928571428571,0.015,0.10271428571428576,0,0,1,0,0,1
2024-07-18,20,15-21d,0.854,0.7472857142857142,0.07766811224489796,0.0067071428571428,0.015,0.10671428571428576,0,0,1,0,0,1
2024-07-18,21,15-21d,0.859,0.7472857142857142,0.08123954081632653,0.00585,0.013,0.11171428571428577,0,0,1,0,0,1
2024-07-18,15,15-21d,0.069,0.0914285714285714,0.018349744897959184,0.0485785714285714,0.05,0.022428571428571395,1,1,1,0,0,0
2024-07-18,16,15-21d,0.067,0.0914285714285714,0.01863545918367347,0.0475785714285714,0.049,0.024428571428571397,1,1,1,0,0,0
2024-07-18,17,15-21d,0.065,0.0914285714285714,0.018921173469387757,0.0465785714285714,0.048,0.0264285714285714,1,1,1,0,0,0
2024-07-18,18,15-21d,0.063,0.0914285714285714,0.019206887755102042,0.0454785714285714,0.047,0.0284285714285714,1,1,1,0,0,0
2024-07-18,19,15-21d,0.061,0.0914285714285714,0.019492602040816327,0.0443357142857142,0.045,0.030428571428571402,1,1,1,0,0,0
2024-07-18,20,15-21d,0.059,0.0914285714285714,0.019778316326530616,0.0431142857142857,0.044,0.032428571428571404,1,1,1,0,0,0
2024-07-18,21,15-21d,0.057,0.0914285714285714,0.0200640306122449,0.0421142857142857,0.043,0.0344285714285714,1,1,1,0,0,0
2024-07-18,22,22-30d,0.125,0.1864285714285714,0.02397216836734694,0.0087499999999999,0.02,0.06142857142857139,1,1,1,1,1,1
2024-07-18,23,22-30d,0.123,0.1864285714285714,0.024257882653061225,0.0089357142857142,0.02,0.06342857142857139,1,1,1,0,1,1
2024-07-18,24,22-30d,0.121,0.1864285714285714,0.02454359693877551,0.0089,0.0199999999999999,0.06542857142857139,1,1,1,0,1,1
2024-07-18,25,22-30d,0.119,0.1864285714285714,0.024829311224489798,0.0090357142857142,0.0209999999999999,0.0674285714285714,1,1,1,0,1,1
2024-07-18,26,22-30d,0.117,0.1864285714285714,0.025115025510204083,0.0091928571428571,0.021,0.06942857142857138,1,1,1,0,1,1
2024-07-18,27,22-30d,0.115,0.1864285714285714,0.025400739795918368,0.0091785714285714,0.021,0.07142857142857138,1,1,1,0,1,1
2024-07-18,28,22-30d,0.113,0.1864285714285714,0.025686454081632653,0.0091428571428571,0.021,0.07342857142857138,1,1,1,0,1,1
2024-07-18,29,22-30d,0.111,0.1864285714285714,0.02597216836734694,0.0091071428571428,0.021,0.07542857142857139,1,1,1,0,1,1
2024-07-18,30,22-30d,0.109,0.1864285714285714,0.026257882653061226,0.0093142857142857,0.021,0.07742857142857139,1,1,1,0,1,1
2024-07-18,22,22-30d,0.827,0.6689999999999999,0.1278589030612245,0.0219142857142857,0.045,0.15800000000000003,0,0,0,0,0,1
2024-07-18,23,22-30d,0.831,0.6689999999999999,0.13185890306122447,0.0215928571428571,0.045,0.16200000000000003,0,0,0,0,0,1
2024-07-18,24,22-30d,0.836,0.6689999999999999,0.13685890306122453,0.0203714285714285,0.043,0.16700000000000004,0,0,0,0,0,1
2024-07-18,25,22-30d,0.84,0.6689999999999999,0.1408589030612245,0.0196142857142857,0.042,0.17100000000000004,0,0,0,0,0,1
2024-07-18,26,22-30d,0.844,0.6689999999999999,0.14485890306122454,0.0195071428571428,0.042,0.17500000000000004,0,0,0,0,0,1
2024-07-18,27,22-30d,0.848,0.6689999999999999,0.14885890306122454,0.0187785714285714,0.041,0.17900000000000005,0,0,0,0,0,1
2024-07-18,28,22-30d,0.853,0.6689999999999999,0.15385890306122452,0.0173142857142857,0.039,0.18400000000000005,0,0,0,0,0,1
2024-07-18,29,22-30d,0.857,0.6689999999999999,0.15785890306122452,0.01675,0.038,0.18800000000000006,0,0,0,0,0,1
2024-07-18,30,22-30d,0.86,0.6689999999999999,0.16085890306122455,0.0168071428571428,0.037,0.19100000000000006,0,0,0,0,0,1
2024-07-18,22,22-30d,0.095,0.1302857142857142,0.02023747448979591,0.0689214285714285,0.075,0.0352857142857142,1,1,1,0,0,0
2024-07-18,23,22-30d,0.093,0.1302857142857142,0.0205231887755102,0.0681785714285714,0.074,0.0372857142857142,1,1,1,0,0,0
2024-07-18,24,22-30d,0.09,0.1302857142857142,0.020951760204081626,0.06645,0.072,0.0402857142857142,1,1,1,0,0,0
2024-07-18,25,22-30d,0.088,0.1302857142857142,0.02123747448979591,0.06545,0.071,0.042285714285714204,1,1,1,0,0,0
2024-07-18,26,22-30d,0.086,0.1302857142857142,0.0215231887755102,0.0644142857142857,0.0699999999999999,0.044285714285714206,1,1,1,0,0,0
2024-07-18,27,22-30d,0.083,0.1302857142857142,0.021951760204081627,0.0626214285714285,0.068,0.047285714285714195,1,1,1,0,0,0
2024-07-18,28,22-30d,0.081,0.1302857142857142,0.022237474489795912,0.0618428571428571,0.067,0.0492857142857142,1,1,1,0,0,0
2024-07-18,29,22-30d,0.079,0.1302857142857142,0.0225231887755102,0.0607,0.065,0.0512857142857142,1,1,1,0,0,0
2024-07-18,30,22-30d,0.077,0.1302857142857142,0.022808903061224486,0.0593642857142857,0.064,0.0532857142857142,1,1,1,0,0,0
2024-07-18,22,22-30d,0.321,0.3027142857142857,0.021931352040816327,0.0040642857142857,0.008,0.018285714285714294,0,1,1,1,1,1
2024-07-18,23,22-30d,0.32,0.3027142857142857,0.021502780612244896,0.0037142857142857,0.005,0.017285714285714293,0,1,1,1,1,1
2024-07-18,24,22-30d,0.319,0.3027142857142857,0.02107420918367347,0.0034357142857142,0.003,0.016285714285714292,0,1,1,1,1,1
2024-07-18,25,22-30d,0.318,0.3027142857142857,0.020645637755102038,0.0031785714285714,0.001,0.015285714285714291,0,1,1,1,1,1
2024-07-18,26,22-30d,0.317,0.3027142857142857,0.02021706632653061,0.0031928571428571,0.001,0.01428571428571429,0,1,1,1,1,1
2024-07-18,27,22-30d,0.315,0.3027142857142857,0.019359923469387752,0.0033357142857142,0.002,0.012285714285714289,0,1,1,1,1,1
2024-07-18,28,22-30d,0.314,0.3027142857142857,0.018931352040816325,0.0036285714285714,0.004,0.011285714285714288,0,1,1,1,1,1
2024-07-18,29,22-30d,0.313,0.3027142857142857,0.018502780612244894,0.0039714285714285,0.006,0.010285714285714287,0,1,1,1,1,1
2024-07-18,30,22-30d,0.312,0.3027142857142857,0.018074209183673466,0.0042642857142857,0.008,0.009285714285714286,0,1,1,1,1,1
2024-07-18,22,22-30d,0.451,0.2722857142857143,0.14857318877551018,0.1422214285714285,0.1579999999999999,0.17871428571428571,0,0,0,0,0,0
2024-07-18,23,22-30d,0.455,0.2722857142857143,0.15257318877551018,0.1433928571428571,0.1599999999999999,0.18271428571428572,0,0,0,0,0,0
2024-07-18,24,22-30d,0.459,0.2722857142857143,0.15657318877551019,0.1446857142857142,0.1609999999999999,0.18671428571428572,0,0,0,0,0,0
2024-07-18,25,22-30d,0.463,0.2722857142857143,0.1605731887755102,0.1457142857142856,0.1619999999999999,0.19071428571428573,0,0,0,0,0,0
2024-07-18,26,22-30d,0.467,0.2722857142857143,0.1645731887755102,0.1469785714285714,0.1629999999999999,0.19471428571428573,0,0,0,0,0,0
2024-07-18,27,22-30d,0.471,0.2722857142857143,0.16857318877551014,0.1481928571428571,0.165,0.19871428571428568,0,0,0,0,0,0
2024-07-18,28,22-30d,0.475,0.2722857142857143,0.17257318877551014,0.1491928571428571,0.166,0.20271428571428568,0,0,0,0,0,0
2024-07-18,29,22-30d,0.48,0.2722857142857143,0.17757318877551012,0.1486928571428571,0.166,0.20771428571428568,0,0,0,0,0,0
2024-07-18,30,22-30d,0.484,0.2722857142857143,0.18157318877551012,0.14955,0.166,0.2117142857142857,0,0,0,0,0,0
2024-07-18,22,22-30d,0.237,0.4124285714285714,0.06567216836734695,0.1757714285714285,0.178,0.17542857142857143,0,0,1,0,0,0
2024-07-18,23,22-30d,0.234,0.4124285714285714,0.06781502551020407,0.1749142857142857,0.178,0.1784285714285714,0,0,1,0,0,0
2024-07-18,24,22-30d,0.232,0.4124285714285714,0.0692435969387755,0.1751714285714285,0.178,0.1804285714285714,0,0,1,0,0,0
2024-07-18,25,22-30d,0.229,0.4124285714285714,0.07138645408163265,0.17445,0.177,0.1834285714285714,0,0,1,0,0,0
2024-07-18,26,22-30d,0.226,0.4124285714285714,0.07352931122448979,0.17345,0.176,0.18642857142857142,0,0,1,0,0,0
2024-07-18,27,22-30d,0.224,0.4124285714285714,0.07495788265306122,0.17345,0.176,0.18842857142857142,0,0,1,0,0,0
2024-07-18,28,22-30d,0.221,0.4124285714285714,0.07710073979591836,0.17245,0.175,0.19142857142857142,0,0,1,0,0,0
2024-07-18,29,22-30d,0.219,0.4124285714285714,0.07852931122448979,0.1724142857142857,0.175,0.19342857142857142,0,0,1,0,0,0
2024-07-18,30,22-30d,0.216,0.4124285714285714,0.08067216836734693,0.1713428571428571,0.174,0.19642857142857142,0,0,1,0,0,0
2024-07-18,22,22-30d,0.1,0.1541428571428571,0.022931352040816328,0.0046999999999999,0.0099999999999999,0.054142857142857104,1,1,1,0,0,1
2024-07-18,23,22-30d,0.097,0.1541428571428571,0.023359923469387756,0.0052428571428571,0.0099999999999999,0.057142857142857106,1,1,1,0,0,1
2024-07-18,24,22-30d,0.095,0.1541428571428571,0.02364563775510204,0.0047,0.0099999999999999,0.05914285714285711,1,1,1,0,0,1
2024-07-18,25,22-30d,0.093,0.1541428571428571,0.02393135204081633,0.00445,0.0089999999999999,0.06114285714285711,1,1,1,0,0,1
2024-07-18,26,22-30d,0.091,0.1541428571428571,0.024217066326530614,0.00395,0.009,0.06314285714285711,1,1,1,0,1,1
2024-07-18,27,22-30d,0.089,0.1541428571428571,0.0245027806122449,0.0037357142857142,0.008,0.06514285714285711,1,1,1,0,1,1
2024-07-18,28,22-30d,0.087,0.1541428571428571,0.024788494897959184,0.0037071428571428,0.008,0.06714285714285712,1,1,1,0,1,1
2024-07-18,29,22-30d,0.085,0.1541428571428571,0.025074209183673472,0.0035142857142857,0.0079999999999999,0.0691428571428571,1,1,1,0,1,1
2024-07-18,30,22-30d,0.083,0.1541428571428571,0.025359923469387757,0.0032999999999999,0.0069999999999999,0.0711428571428571,1,1,1,0,1,1
2024-07-18,22,22-30d,0.863,0.7472857142857142,0.08557318877551022,0.0055357142857142,0.013,0.11571428571428577,0,0,0,0,0,1
2024-07-18,23,22-30d,0.866,0.7472857142857142,0.08857318877551022,0.0057428571428571,0.013,0.11871428571428577,0,0,0,0,0,1
2024-07-18,24,22-30d,0.87,0.7472857142857142,0.09257318877551023,0.0053142857142857,0.012,0.12271428571428578,0,0,0,0,0,1
2024-07-18,25,22-30d,0.874,0.7472857142857142,0.09657318877551023,0.0046642857142857,0.011,0.12671428571428578,0,0,0,0,1,1
2024-07-18,26,22-30d,0.878,0.7472857142857142,0.10057318877551023,0.0043785714285714,0.011,0.13071428571428578,0,0,0,0,1,1
2024-07-18,27,22-30d,0.881,0.7472857142857142,0.10357318877551024,0.0045928571428571,0.011,0.13371428571428579,0,0,0,0,1,1
2024-07-18,28,22-30d,0.885,0.7472857142857142,0.10757318877551024,0.0037071428571428,0.009,0.1377142857142858,0,0,0,0,1,1
2024-07-18,29,22-30d,0.888,0.7472857142857142,0.11057318877551024,0.0037071428571428,0.009,0.1407142857142858,0,0,0,0,1,1
2024-07-18,30,22-30d,0.891,0.7472857142857142,0.11357318877551024,0.0037,0.009,0.1437142857142858,0,0,0,0,1,1
2024-07-18,22,22-30d,0.056,0.0914285714285714,0.020257882653061228,0.0414785714285714,0.043,0.0354285714285714,1,1,1,0,0,0
2024-07-18,23,22-30d,0.054,0.0914285714285714,0.020543596938775516,0.0403285714285714,0.041,0.0374285714285714,1,1,1,0,0,0
2024-07-18,24,22-30d,0.052,0.0914285714285714,0.0208293112244898,0.0391142857142857,0.0399999999999999,0.0394285714285714,1,1,1,0,0,0
2024-07-18,25,22-30d,0.051,0.0914285714285714,0.020972168367346944,0.03875,0.0399999999999999,0.040428571428571404,1,1,1,0,0,0
2024-07-18,26,22-30d,0.049,0.0914285714285714,0.02125788265306123,0.0373285714285714,0.038,0.0424285714285714,1,1,1,0,0,0
2024-07-18,27,22-30d,0.048,0.0914285714285714,0.02140073979591837,0.0370071428571428,0.038,0.0434285714285714,1,1,1,0,0,0
2024-07-18,28,22-30d,0.046,0.0914285714285714,0.02168645408163266,0.0353285714285714,0.036,0.0454285714285714,1,1,1,0,0,0
2024-07-18,29,22-30d,0.045,0.0914285714285714,0.021829311224489802,0.0350071428571428,0.036,0.0464285714285714,1,1,1,0,0,0
2024-07-18,30,22-30d,0.043,0.0914285714285714,0.022115025510204087,0.0335785714285714,0.0339999999999999,0.048428571428571404,1,1,1,0,0,0
2024-08-04,1,1-7d,0.099,0.1532857142857142,0.021011428571428552,0.0035285714285714,0.004,0.05428571428571419,0,1,1,1,1,1
2024-08-04,2,1-7d,0.097,0.1532857142857142,0.02186857142857141,0.0035285714285714,0.004,0.05628571428571419,0,1,1,1,1,1
2024-08-04,3,1-7d,0.095,0.1532857142857142,0.02272571428571427,0.0035214285714285,0.004,0.05828571428571419,0,1,1,1,1,1
2024-08-04,4,1-7d,0.094,0.1532857142857142,0.0231542857142857,0.0036571428571428,0.005,0.05928571428571419,0,1,1,1,1,1
2024-08-04,5,1-7d,0.093,0.1532857142857142,0.023582857142857128,0.0037642857142857,0.006,0.06028571428571419,0,1,1,1,1,1
2024-08-04,6,1-7d,0.091,0.1532857142857142,0.024439999999999986,0.0037357142857142,0.0059999999999999,0.062285714285714194,0,1,1,1,1,1
2024-08-04,7,1-7d,0.09,0.1532857142857142,0.024868571428571414,0.0038714285714285,0.0069999999999999,0.0632857142857142,0,1,1,1,1,1
2024-08-04,1,1-7d,0.823,0.6418571428571429,0.1225542857142856,0.0109642857142857,0.025,0.18114285714285705,0,0,1,0,1,1
2024-08-04,2,1-7d,0.827,0.6418571428571429,0.12541142857142845,0.0110071428571428,0.025,0.18514285714285705,0,0,1,0,1,1
2024-08-04,3,1-7d,0.832,0.6418571428571429,0.128982857142857,0.0105714285714285,0.024,0.19014285714285706,0,0,1,0,1,1
2024-08-04,4,1-7d,0.836,0.6418571428571429,0.13183999999999987,0.0105642857142857,0.024,0.19414285714285706,0,0,1,0,1,1
2024-08-04,5,1-7d,0.84,0.6418571428571429,0.13469714285714274,0.0104642857142857,0.024,0.19814285714285707,0,0,1,0,1,1
2024-08-04,6,1-7d,0.844,0.6418571428571429,0.1375542857142856,0.0102428571428571,0.024,0.20214285714285707,0,0,1,0,1,1
2024-08-04,7,1-7d,0.848,0.6418571428571429,0.14041142857142846,0.0101785714285714,0.024,0.20614285714285707,0,0,1,0,1,1
2024-08-04,1,1-7d,0.116,0.1927142857142857,0.030623673469387772,0.05145,0.062,0.0767142857142857,0,1,1,0,0,0
2024-08-04,2,1-7d,0.114,0.1927142857142857,0.03148081632653063,0.0514428571428571,0.062,0.0787142857142857,0,1,1,0,0,0
2024-08-04,3,1-7d,0.112,0.1927142857142857,0.032337959183673486,0.0515785714285714,0.061,0.0807142857142857,0,1,1,0,0,0
2024-08-04,4,1-7d,0.11,0.1927142857142857,0.03319510204081635,0.0515428571428571,0.061,0.0827142857142857,0,1,1,0,0,0
2024-08-04,5,1-7d,0.107,0.1927142857142857,0.03448081632653063,0.0505428571428571,0.06,0.0857142857142857,0,1,1,0,0,0
2024-08-04,6,1-7d,0.105,0.1927142857142857,0.03533795918367349,0.0504642857142857,0.06,0.0877142857142857,0,1,1,0,0,0
2024-08-04,7,1-7d,0.102,0.1927142857142857,0.036623673469387774,0.0491785714285714,0.059,0.0907142857142857,0,1,1,0,0,0
2024-08-04,1,1-7d,0.133,0.214,0.03246040816326533,0.0053285714285714,0.011,0.08099999999999999,0,1,1,1,1,1
2024-08-04,2,1-7d,0.131,0.214,0.03331755102040818,0.0053928571428571,0.011,0.08299999999999999,0,1,1,1,1,1
2024-08-04,3,1-7d,0.129,0.214,0.034174693877551045,0.0054714285714285,0.0119999999999999,0.08499999999999999,0,1,1,1,1,1
2024-08-04,4,1-7d,0.127,0.214,0.0350318367346939,0.0054357142857142,0.0119999999999999,0.087,0,1,1,1,1,1
2024-08-04,5,1-7d,0.125,0.214,0.035888979591836755,0.0054714285714285,0.0119999999999999,0.089,0,1,1,1,1,1
2024-08-04,6,1-7d,0.123,0.214,0.036746122448979616,0.0055071428571428,0.0129999999999999,0.091,0,1,1,1,1,1
2024-08-04,7,1-7d,0.121,0.214,0.03760326530612247,0.0055785714285714,0.0129999999999999,0.093,0,1,1,1,1,1
2024-08-04,1,1-7d,0.81,0.6251428571428572,0.12520734693877544,0.0066714285714285,0.0149999999999999,0.18485714285714283,0,0,1,0,1,1
2024-08-04,2,1-7d,0.814,0.6251428571428572,0.1280644897959182,0.00685,0.016,0.18885714285714272,0,0,1,0,1,1
2024-08-04,3,1-7d,0.819,0.6251428571428572,0.1316359183673468,0.0066071428571428,0.015,0.19385714285714273,0,0,1,0,1,1
2024-08-04,4,1-7d,0.823,0.6251428571428572,0.13449306122448965,0.0066071428571428,0.015,0.19785714285714273,0,0,1,0,1,1
2024-08-04,5,1-7d,0.827,0.6251428571428572,0.1373502040816325,0.0067785714285714,0.016,0.20185714285714274,0,0,1,0,1,1
2024-08-04,6,1-7d,0.831,0.6251428571428572,0.14020734693877537,0.0067785714285714,0.016,0.20585714285714274,0,0,1,0,1,1
2024-08-04,7,1-7d,0.836,0.6251428571428572,0.1444297959183672,0.0063214285714285,0.015,0.21085714285714274,0,0,0,1,1,1
2024-08-04,1,1-7d,0.106,0.1607142857142857,0.021195102040816347,0.0513428571428571,0.059,0.0547142857142857,0,1,1,0,0,0
2024-08-04,2,1-7d,0.103,0.1607142857142857,0.022480816326530633,0.0503142857142857,0.0579999999999999,0.057714285714285704,0,1,1,0,0,0
2024-08-04,3,1-7d,0.101,0.1607142857142857,0.023337959183673485,0.0508428571428571,0.058,0.05971428571428569,0,1,1,0,0,0
2024-08-04,4,1-7d,0.098,0.1607142857142857,0.02462367346938777,0.0497428571428571,0.057,0.0627142857142857,0,1,1,0,0,0
2024-08-04,5,1-7d,0.095,0.1607142857142857,0.025909387755102063,0.0487357142857142,0.056,0.0657142857142857,0,1,1,0,0,0
2024-08-04,6,1-7d,0.093,0.1607142857142857,0.02676653061224492,0.0485857142857142,0.055,0.0677142857142857,0,1,1,0,0,0
2024-08-04,7,1-7d,0.09,0.1607142857142857,0.028052244897959207,0.0472714285714285,0.054,0.0707142857142857,0,1,1,0,0,0
2024-08-04,1,1-7d,0.324,0.3572857142857142,0.017491020408163253,0.0046714285714285,0.01,0.033285714285714196,1,1,1,0,1,1
2024-08-04,2,1-7d,0.323,0.3572857142857142,0.017633877551020395,0.0043857142857142,0.01,0.0342857142857142,1,1,1,0,1,1
2024-08-04,3,1-7d,0.322,0.3572857142857142,0.017776734693877538,0.00385,0.008,0.0352857142857142,1,1,1,0,1,1
2024-08-04,4,1-7d,0.321,0.3572857142857142,0.017919591836734684,0.0034285714285714,0.007,0.0362857142857142,1,1,1,0,1,1
2024-08-04,5,1-7d,0.321,0.3572857142857142,0.017919591836734684,0.0023571428571428,0.005,0.0362857142857142,1,1,1,1,1,1
2024-08-04,6,1-7d,0.32,0.3572857142857142,0.018062448979591826,0.0022428571428571,0.004,0.0372857142857142,1,1,1,1,1,1
2024-08-04,7,1-7d,0.319,0.3572857142857142,0.01820530612244897,0.0021071428571428,0.003,0.0382857142857142,1,1,1,1,1,1
2024-08-04,1,1-7d,0.435,0.344,0.05816653061224485,0.09705,0.105,0.09100000000000003,0,0,1,0,0,0
2024-08-04,2,1-7d,0.439,0.344,0.06102367346938771,0.0988357142857143,0.107,0.09500000000000003,0,0,1,0,0,0
2024-08-04,3,1-7d,0.443,0.344,0.06388081632653057,0.1000857142857143,0.108,0.09900000000000003,0,0,1,0,0,0
2024-08-04,4,1-7d,0.447,0.344,0.06673795918367344,0.1013357142857143,0.11,0.10300000000000004,0,0,1,0,0,0
2024-08-04,5,1-7d,0.451,0.344,0.0695951020408163,0.1030928571428571,0.111,0.10700000000000004,0,0,1,0,0,0
2024-08-04,6,1-7d,0.455,0.344,0.07245224489795916,0.1043428571428571,0.1129999999999999,0.11100000000000004,0,0,1,0,0,0
2024-08-04,7,1-7d,0.459,0.344,0.07530938775510201,0.1055642857142857,0.1139999999999999,0.11500000000000005,0,0,1,0,0,0
2024-08-04,1,1-7d,0.248,0.2892857142857142,0.018633877551020396,0.1254214285714285,0.129,0.0412857142857142,1,1,1,0,0,0
2024-08-04,2,1-7d,0.245,0.2892857142857142,0.019062448979591827,0.126,0.129,0.044285714285714206,1,1,1,0,0,0
2024-08-04,3,1-7d,0.243,0.2892857142857142,0.019348163265306112,0.1274214285714285,0.131,0.04628571428571421,1,1,1,0,0,0
2024-08-04,4,1-7d,0.24,0.2892857142857142,0.01977673469387754,0.1276785714285714,0.131,0.04928571428571421,1,1,1,0,0,0
2024-08-04,5,1-7d,0.237,0.2892857142857142,0.02020530612244897,0.1279642857142857,0.131,0.05228571428571421,1,1,1,0,0,0
2024-08-04,6,1-7d,0.234,0.2892857142857142,0.021439999999999983,0.1283857142857143,0.132,0.05528571428571419,0,1,1,0,0,0
2024-08-04,7,1-7d,0.232,0.2892857142857142,0.022297142857142842,0.1293857142857142,0.133,0.05728571428571419,0,1,1,0,0,0
2024-08-04,1,1-7d,0.109,0.2647142857142857,0.07468489795918368,0.0039714285714285,0.0079999999999999,0.1557142857142857,0,0,1,0,0,1
2024-08-04,2,1-7d,0.107,0.2647142857142857,0.07611346938775511,0.0044071428571428,0.0089999999999999,0.1577142857142857,0,0,1,0,0,1
2024-08-04,3,1-7d,0.104,0.2647142857142857,0.07825632653061225,0.0039714285714285,0.0079999999999999,0.1607142857142857,0,0,1,0,0,1
2024-08-04,4,1-7d,0.102,0.2647142857142857,0.07968489795918368,0.0044071428571428,0.0089999999999999,0.1627142857142857,0,0,1,0,0,1
2024-08-04,5,1-7d,0.1,0.2647142857142857,0.0811134693877551,0.0046142857142857,0.009,0.16471428571428567,0,0,1,0,0,1
2024-08-04,6,1-7d,0.097,0.2647142857142857,0.08325632653061224,0.0042285714285714,0.008,0.16771428571428568,0,0,1,0,0,1
2024-08-04,7,1-7d,0.095,0.2647142857142857,0.08468489795918367,0.0043642857142857,0.009,0.16971428571428568,0,0,1,0,0,1
2024-08-04,1,1-7d,0.846,0.6818571428571428,0.11041142857142852,0.0220714285714285,0.028,0.16414285714285715,0,0,1,0,0,0
2024-08-04,2,1-7d,0.85,0.6818571428571428,0.11326857142857139,0.0217142857142857,0.027,0.16814285714285715,0,0,1,0,0,0
2024-08-04,3,1-7d,0.854,0.6818571428571428,0.11612571428571425,0.0214214285714285,0.027,0.17214285714285715,0,0,1,0,0,0
2024-08-04,4,1-7d,0.859,0.6818571428571428,0.11969714285714281,0.02035,0.026,0.17714285714285716,0,0,1,0,0,0
2024-08-04,5,1-7d,0.863,0.6818571428571428,0.12255428571428566,0.0196071428571428,0.025,0.18114285714285716,0,0,1,0,0,0
2024-08-04,6,1-7d,0.866,0.6818571428571428,0.12469714285714283,0.0201714285714285,0.025,0.18414285714285716,0,0,1,0,0,0
2024-08-04,7,1-7d,0.87,0.6818571428571428,0.12755428571428568,0.0193428571428571,0.025,0.18814285714285717,0,0,1,0,0,0
2024-08-04,1,1-7d,0.063,0.0532857142857142,0.014123673469387768,0.0383357142857142,0.039,0.0097142857142858,1,1,1,0,0,0
2024-08-04,2,1-7d,0.061,0.0532857142857142,0.013837959183673481,0.0375499999999999,0.039,0.0077142857142857985,1,1,1,0,0,0
2024-08-04,3,1-7d,0.059,0.0532857142857142,0.013552244897959196,0.0365499999999999,0.0379999999999999,0.005714285714285797,1,1,1,0,0,0
2024-08-04,4,1-7d,0.057,0.0532857142857142,0.013266530612244911,0.03555,0.037,0.003714285714285802,1,1,1,0,0,0
2024-08-04,5,1-7d,0.056,0.0532857142857142,0.013123673469387769,0.03555,0.037,0.002714285714285801,1,1,1,0,0,0
2024-08-04,6,1-7d,0.054,0.0532857142857142,0.012837959183673484,0.0344785714285714,0.036,0.0007142857142857992,1,1,1,0,0,0
2024-08-04,7,1-7d,0.052,0.0532857142857142,0.012919591836734684,0.0333357142857142,0.034,0.0012857142857142026,1,1,1,0,0,0
2024-08-04,8,8-14d,0.088,0.1532857142857142,0.02366418367346938,0.0038714285714285,0.0069999999999999,0.0652857142857142,0,1,1,1,1,1
2024-08-04,9,8-14d,0.087,0.1532857142857142,0.02409275510204081,0.0039071428571428,0.0079999999999999,0.0662857142857142,0,1,1,1,1,1
2024-08-04,10,8-14d,0.085,0.1532857142857142,0.024949897959183658,0.0037642857142857,0.007,0.06828571428571419,0,1,1,1,1,1
2024-08-04,11,8-14d,0.084,0.1532857142857142,0.02537846938775509,0.0038285714285714,0.008,0.06928571428571419,0,1,1,1,1,1
2024-08-04,12,8-14d,0.082,0.1532857142857142,0.026235612244897948,0.0038785714285714,0.008,0.07128571428571419,0,1,1,1,1,1
2024-08-04,13,8-14d,0.08,0.1532857142857142,0.027092755102040806,0.0038785714285714,0.008,0.07328571428571419,0,1,1,1,1,1
2024-08-04,14,8-14d,0.079,0.1532857142857142,0.027521326530612233,0.0037714285714285,0.008,0.07428571428571419,0,1,1,1,1,1
2024-08-04,8,8-14d,0.852,0.6418571428571429,0.15386418367346924,0.01,0.023,0.21014285714285708,0,0,0,0,1,1
2024-08-04,9,8-14d,0.856,0.6418571428571429,0.15786418367346924,0.0097071428571428,0.023,0.21414285714285708,0,0,0,0,1,1
2024-08-04,10,8-14d,0.86,0.6418571428571429,0.16186418367346925,0.0094642857142857,0.022,0.21814285714285708,0,0,0,0,1,1
2024-08-04,11,8-14d,0.864,0.6418571428571429,0.16586418367346925,0.0090714285714285,0.021,0.2221428571428571,0,0,0,0,1,1
2024-08-04,12,8-14d,0.868,0.6418571428571429,0.16986418367346925,0.009,0.021,0.2261428571428571,0,0,0,0,1,1
2024-08-04,13,8-14d,0.871,0.6418571428571429,0.17286418367346923,0.0089571428571428,0.021,0.2291428571428571,0,0,0,0,1,1
2024-08-04,14,8-14d,0.875,0.6418571428571429,0.17686418367346923,0.0085285714285714,0.02,0.2331428571428571,0,0,0,0,1,1
2024-08-04,8,8-14d,0.1,0.1927142857142857,0.03541928571428573,0.0487142857142857,0.058,0.0927142857142857,0,1,1,0,0,0
2024-08-04,9,8-14d,0.098,0.1927142857142857,0.03627642857142859,0.0487071428571428,0.058,0.0947142857142857,0,1,1,0,0,0
2024-08-04,10,8-14d,0.096,0.1927142857142857,0.037133571428571446,0.0482071428571428,0.057,0.0967142857142857,0,1,1,0,0,0
2024-08-04,11,8-14d,0.094,0.1927142857142857,0.03799071428571431,0.0481714285714285,0.057,0.0987142857142857,0,1,1,0,0,0
2024-08-04,12,8-14d,0.092,0.1927142857142857,0.03884785714285716,0.04745,0.056,0.1007142857142857,0,1,1,0,0,0
2024-08-04,13,8-14d,0.09,0.1927142857142857,0.039705000000000025,0.0473428571428571,0.0559999999999999,0.1027142857142857,0,1,1,0,0,0
2024-08-04,14,8-14d,0.088,0.1927142857142857,0.04056214285714288,0.0463428571428571,0.0549999999999999,0.1047142857142857,0,1,1,0,0,0
2024-08-04,8,8-14d,0.119,0.214,0.03639887755102045,0.0055785714285714,0.0129999999999999,0.095,0,1,1,1,1,1
2024-08-04,9,8-14d,0.117,0.214,0.037256020408163296,0.0055714285714285,0.013,0.09699999999999999,0,1,1,1,1,1
2024-08-04,10,8-14d,0.115,0.214,0.03811316326530616,0.0054714285714285,0.013,0.09899999999999999,0,1,1,1,1,1
2024-08-04,11,8-14d,0.113,0.214,0.038970306122449005,0.0056142857142857,0.0139999999999999,0.10099999999999999,0,1,1,1,1,1
2024-08-04,12,8-14d,0.111,0.214,0.03982744897959186,0.0056142857142857,0.0139999999999999,0.103,0,1,1,1,1,1
2024-08-04,13,8-14d,0.109,0.214,0.04068459183673472,0.0056071428571428,0.0139999999999999,0.105,0,1,1,1,1,1
2024-08-04,14,8-14d,0.107,0.214,0.04154173469387758,0.0056,0.0139999999999999,0.107,0,1,1,1,1,1
2024-08-04,8,8-14d,0.84,0.6251428571428572,0.1585784693877549,0.0063214285714285,0.015,0.21485714285714275,0,0,0,1,1,1
2024-08-04,9,8-14d,0.844,0.6251428571428572,0.16257846938775491,0.0063142857142857,0.015,0.21885714285714275,0,0,0,1,1,1
2024-08-04,10,8-14d,0.848,0.6251428571428572,0.16657846938775492,0.0062142857142857,0.015,0.22285714285714275,0,0,0,1,1,1
2024-08-04,11,8-14d,0.853,0.6251428571428572,0.1715784693877549,0.0059571428571428,0.013,0.22785714285714276,0,0,0,1,1,1
2024-08-04,12,8-14d,0.857,0.6251428571428572,0.1755784693877549,0.00585,0.013,0.23185714285714276,0,0,0,1,1,1
2024-08-04,13,8-14d,0.86,0.6251428571428572,0.17857846938775493,0.0058928571428571,0.013,0.23485714285714276,0,0,0,1,1,1
2024-08-04,14,8-14d,0.864,0.6251428571428572,0.18257846938775493,0.0057142857142857,0.012,0.23885714285714277,0,0,0,1,1,1
2024-08-04,8,8-14d,0.088,0.1607142857142857,0.02684785714285717,0.0469785714285714,0.0539999999999999,0.0727142857142857,0,1,1,0,0,0
2024-08-04,9,8-14d,0.086,0.1607142857142857,0.027705000000000028,0.0467285714285714,0.0529999999999999,0.0747142857142857,0,1,1,0,0,0
2024-08-04,10,8-14d,0.083,0.1607142857142857,0.028990714285714307,0.0454357142857142,0.052,0.0777142857142857,0,1,1,0,0,0
2024-08-04,11,8-14d,0.081,0.1607142857142857,0.029847857142857166,0.0447214285714285,0.051,0.0797142857142857,0,1,1,0,0,0
2024-08-04,12,8-14d,0.079,0.1607142857142857,0.03070500000000002,0.0442571428571428,0.05,0.0817142857142857,0,1,1,0,0,0
2024-08-04,13,8-14d,0.077,0.1607142857142857,0.03156214285714288,0.0436785714285714,0.05,0.0837142857142857,0,1,1,0,0,0
2024-08-04,14,8-14d,0.075,0.1607142857142857,0.03241928571428574,0.0428928571428571,0.049,0.0857142857142857,0,1,1,0,0,0
2024-08-04,8,8-14d,0.318,0.3572857142857142,0.019378469387755094,0.0018214285714285,0.001,0.0392857142857142,1,1,1,1,1,1
2024-08-04,9,8-14d,0.317,0.3572857142857142,0.019521326530612237,0.0017857142857142,0.0,0.0402857142857142,1,1,1,1,1,1
2024-08-04,10,8-14d,0.315,0.3572857142857142,0.019807040816326525,0.0017142857142857,0.0,0.042285714285714204,1,1,1,1,1,1
2024-08-04,11,8-14d,0.314,0.3572857142857142,0.019949897959183668,0.0019642857142857,0.001,0.043285714285714205,1,1,1,1,1,1
2024-08-04,12,8-14d,0.313,0.3572857142857142,0.02009275510204081,0.0022214285714285,0.003,0.044285714285714206,1,1,1,1,1,1
2024-08-04,13,8-14d,0.312,0.3572857142857142,0.020235612244897953,0.0024714285714285,0.004,0.04528571428571421,1,1,1,1,1,1
2024-08-04,14,8-14d,0.311,0.3572857142857142,0.020378469387755095,0.0026857142857142,0.006,0.04628571428571421,1,1,1,1,1,1
2024-08-04,8,8-14d,0.463,0.344,0.07884785714285712,0.1068071428571428,0.1159999999999999,0.11900000000000005,0,0,1,0,0,0
2024-08-04,9,8-14d,0.467,0.344,0.08170499999999999,0.1080714285714285,0.1169999999999999,0.12300000000000005,0,0,1,0,0,0
2024-08-04,10,8-14d,0.471,0.344,0.08456214285714278,0.1093857142857142,0.118,0.127,0,0,1,0,0,0
2024-08-04,11,8-14d,0.475,0.344,0.08741928571428563,0.1105357142857142,0.12,0.131,0,0,1,0,0,0
2024-08-04,12,8-14d,0.48,0.344,0.09099071428571423,0.1106357142857142,0.12,0.136,0,0,1,0,0,0
2024-08-04,13,8-14d,0.484,0.344,0.09384785714285708,0.1116428571428571,0.121,0.14,0,0,1,0,0,0
2024-08-04,14,8-14d,0.488,0.344,0.09670499999999994,0.1126714285714285,0.122,0.14400000000000002,0,0,1,0,0,0
2024-08-04,8,8-14d,0.229,0.2892857142857142,0.022378469387755093,0.1293857142857142,0.133,0.06028571428571419,1,1,1,0,0,0
2024-08-04,9,8-14d,0.226,0.2892857142857142,0.022807040816326524,0.1293857142857143,0.133,0.0632857142857142,1,1,1,0,0,0
2024-08-04,10,8-14d,0.224,0.2892857142857142,0.02366418367346938,0.1301714285714285,0.133,0.0652857142857142,0,1,1,0,0,0
2024-08-04,11,8-14d,0.221,0.2892857142857142,0.02494989795918367,0.1298928571428571,0.133,0.0682857142857142,0,1,1,0,0,0
2024-08-04,12,8-14d,0.219,0.2892857142857142,0.025807040816326527,0.1306428571428571,0.134,0.0702857142857142,0,1,1,0,0,0
2024-08-04,13,8-14d,0.216,0.2892857142857142,0.027092755102040813,0.1301714285714285,0.133,0.0732857142857142,0,1,1,0,0,0
2024-08-04,14,8-14d,0.213,0.2892857142857142,0.0283784693877551,0.1301357142857142,0.133,0.0762857142857142,0,1,1,0,0,0
2024-08-04,8,8-14d,0.093,0.2647142857142857,0.0777580612244898,0.0045857142857142,0.0089999999999999,0.17171428571428568,0,0,1,0,0,1
2024-08-04,9,8-14d,0.091,0.2647142857142857,0.07918663265306124,0.0048714285714285,0.0089999999999999,0.17371428571428568,0,0,1,0,0,1
2024-08-04,10,8-14d,0.089,0.2647142857142857,0.08061520408163267,0.0049357142857142,0.0089999999999999,0.17571428571428568,0,0,1,0,0,1
2024-08-04,11,8-14d,0.087,0.2647142857142857,0.0820437755102041,0.0050785714285714,0.0099999999999999,0.17771428571428569,0,0,1,0,0,1
2024-08-04,12,8-14d,0.085,0.2647142857142857,0.08347234693877552,0.0050785714285714,0.01,0.17971428571428566,0,0,1,0,0,1
2024-08-04,13,8-14d,0.083,0.2647142857142857,0.08490091836734695,0.0050785714285714,0.01,0.18171428571428566,0,0,1,0,0,1
2024-08-04,14,8-14d,0.081,0.2647142857142857,0.08632948979591838,0.005,0.01,0.18371428571428566,0,0,1,0,0,1
2024-08-04,8,8-14d,0.874,0.6818571428571428,0.13586418367346934,0.0186,0.024,0.19214285714285717,0,0,0,0,0,0
2024-08-04,9,8-14d,0.878,0.6818571428571428,0.13986418367346934,0.0178785714285714,0.023,0.19614285714285717,0,0,0,0,0,0
2024-08-04,10,8-14d,0.881,0.6818571428571428,0.14286418367346937,0.01785,0.023,0.19914285714285718,0,0,0,0,0,0
2024-08-04,11,8-14d,0.885,0.6818571428571428,0.14686418367346937,0.0168428571428571,0.022,0.20314285714285718,0,0,0,0,0,0
2024-08-04,12,8-14d,0.888,0.6818571428571428,0.14986418367346935,0.0168428571428571,0.022,0.20614285714285718,0,0,0,0,0,0
2024-08-04,13,8-14d,0.891,0.6818571428571428,0.15286418367346938,0.0166214285714285,0.021,0.20914285714285719,0,0,0,0,0,0
2024-08-04,14,8-14d,0.895,0.6818571428571428,0.15686418367346938,0.0153142857142857,0.02,0.2131428571428572,0,0,0,0,0,0
2024-08-04,8,8-14d,0.051,0.0532857142857142,0.01409275510204081,0.0333357142857142,0.0339999999999999,0.0022857142857142035,1,1,1,0,0,0
2024-08-04,9,8-14d,0.049,0.0532857142857142,0.014378469387755095,0.0321142857142857,0.033,0.004285714285714198,1,1,1,0,0,0
2024-08-04,10,8-14d,0.048,0.0532857142857142,0.014521326530612238,0.0318285714285714,0.033,0.005285714285714199,1,1,1,0,0,0
2024-08-04,11,8-14d,0.046,0.0532857142857142,0.014807040816326524,0.0307571428571428,0.032,0.007285714285714201,1,1,1,0,0,0
2024-08-04,12,8-14d,0.045,0.0532857142857142,0.014949897959183667,0.0303285714285714,0.031,0.008285714285714202,1,1,1,0,0,0
2024-08-04,13,8-14d,0.043,0.0532857142857142,0.015235612244897953,0.0290857142857142,0.03,0.010285714285714204,1,1,1,0,0,0
2024-08-04,14,8-14d,0.042,0.0532857142857142,0.015378469387755096,0.02875,0.03,0.011285714285714198,1,1,1,0,0,0
2024-08-04,15,15-21d,0.078,0.1532857142857142,0.028516836734693875,0.0039857142857142,0.0089999999999999,0.07528571428571419,0,1,1,1,1,1
2024-08-04,16,15-21d,0.076,0.1532857142857142,0.029373979591836734,0.0039142857142857,0.0089999999999999,0.0772857142857142,0,1,1,1,1,1
2024-08-04,17,15-21d,0.075,0.1532857142857142,0.02980255102040816,0.0041928571428571,0.0089999999999999,0.0782857142857142,0,1,1,0,1,1
2024-08-04,18,15-21d,0.074,0.1532857142857142,0.030231122448979592,0.0043071428571428,0.0099999999999999,0.0792857142857142,0,1,1,0,1,1
2024-08-04,19,15-21d,0.072,0.1532857142857142,0.031088265306122447,0.0042999999999999,0.0099999999999999,0.0812857142857142,0,1,1,0,1,1
2024-08-04,20,15-21d,0.071,0.1532857142857142,0.031516836734693875,0.0042999999999999,0.0099999999999999,0.0822857142857142,0,1,1,0,1,1
2024-08-04,21,15-21d,0.069,0.1532857142857142,0.03237397959183673,0.0042642857142857,0.01,0.08428571428571419,0,1,1,0,1,1
2024-08-04,15,15-21d,0.878,0.6418571428571429,0.1618964285714279,0.00845,0.02,0.2361428571428571,0,0,0,0,1,1
2024-08-04,16,15-21d,0.881,0.6418571428571429,0.16489642857142786,0.0084571428571428,0.02,0.2391428571428571,0,0,0,0,1,1
2024-08-04,17,15-21d,0.884,0.6418571428571429,0.1678964285714279,0.00845,0.02,0.2421428571428571,0,0,0,0,1,1
2024-08-04,18,15-21d,0.887,0.6418571428571429,0.17089642857142787,0.0084214285714285,0.02,0.2451428571428571,0,0,0,0,1,1
2024-08-04,19,15-21d,0.89,0.6418571428571429,0.1738964285714279,0.0082,0.019,0.2481428571428571,0,0,0,0,1,1
2024-08-04,20,15-21d,0.893,0.6418571428571429,0.17689642857142787,0.0079857142857142,0.019,0.2511428571428571,0,0,0,0,1,1
2024-08-04,21,15-21d,0.896,0.6418571428571429,0.1798964285714279,0.0077357142857142,0.018,0.2541428571428571,0,0,0,0,1,1
2024-08-04,15,15-21d,0.086,0.1927142857142857,0.04198622448979595,0.04595,0.0539999999999999,0.1067142857142857,0,1,1,0,0,0
2024-08-04,16,15-21d,0.084,0.1927142857142857,0.0428433673469388,0.0454714285714285,0.053,0.1087142857142857,0,1,1,0,0,0
2024-08-04,17,15-21d,0.082,0.1927142857142857,0.04370051020408166,0.0444714285714285,0.052,0.1107142857142857,0,1,1,0,0,0
2024-08-04,18,15-21d,0.08,0.1927142857142857,0.044557653061224514,0.04415,0.052,0.1127142857142857,0,1,1,0,0,0
2024-08-04,19,15-21d,0.078,0.1927142857142857,0.045414795918367376,0.04315,0.051,0.1147142857142857,0,1,1,0,0,0
2024-08-04,20,15-21d,0.077,0.1927142857142857,0.0458433673469388,0.0436428571428571,0.051,0.1157142857142857,0,1,1,0,0,0
2024-08-04,21,15-21d,0.075,0.1927142857142857,0.04670051020408166,0.0426357142857142,0.0499999999999999,0.1177142857142857,0,1,1,0,0,0
2024-08-04,15,15-21d,0.105,0.214,0.04296581632653065,0.0056,0.0139999999999999,0.109,0,1,1,1,1,1
2024-08-04,16,15-21d,0.103,0.214,0.04382295918367351,0.0054214285714285,0.0129999999999999,0.111,0,1,1,1,1,1
2024-08-04,17,15-21d,0.101,0.214,0.044680102040816363,0.00535,0.013,0.11299999999999999,0,1,1,1,1,1
2024-08-04,18,15-21d,0.1,0.214,0.045108673469387794,0.0057357142857142,0.014,0.11399999999999999,0,1,1,0,1,1
2024-08-04,19,15-21d,0.098,0.214,0.04596581632653065,0.0057,0.0139999999999999,0.11599999999999999,0,1,1,0,1,1
2024-08-04,20,15-21d,0.096,0.214,0.04682295918367351,0.0056928571428571,0.0139999999999999,0.118,0,1,1,0,1,1
2024-08-04,21,15-21d,0.094,0.214,0.047680102040816366,0.0056928571428571,0.0139999999999999,0.12,0,1,1,0,1,1
2024-08-04,15,15-21d,0.868,0.6251428571428572,0.16861071428571356,0.0056357142857142,0.012,0.24285714285714277,0,0,0,1,1,1
2024-08-04,16,15-21d,0.871,0.6251428571428572,0.17161071428571353,0.0056,0.012,0.24585714285714277,0,0,0,1,1,1
2024-08-04,17,15-21d,0.875,0.6251428571428572,0.17561071428571354,0.0054285714285714,0.011,0.24985714285714278,0,0,0,1,1,1
2024-08-04,18,15-21d,0.878,0.6251428571428572,0.17861071428571357,0.00535,0.011,0.2528571428571428,0,0,0,1,1,1
2024-08-04,19,15-21d,0.882,0.6251428571428572,0.18261071428571357,0.0052071428571428,0.01,0.2568571428571428,0,0,0,1,1,1
2024-08-04,20,15-21d,0.885,0.6251428571428572,0.18561071428571355,0.0052071428571428,0.01,0.2598571428571428,0,0,0,1,1,1
2024-08-04,21,15-21d,0.888,0.6251428571428572,0.18861071428571358,0.0051785714285714,0.01,0.2628571428571428,0,0,0,1,1,1
2024-08-04,15,15-21d,0.073,0.1607142857142857,0.03384336734693881,0.0424285714285714,0.0479999999999999,0.0877142857142857,0,1,1,0,0,0
2024-08-04,16,15-21d,0.071,0.1607142857142857,0.034700510204081665,0.0414285714285714,0.0469999999999999,0.0897142857142857,0,1,1,0,0,0
2024-08-04,17,15-21d,0.069,0.1607142857142857,0.03555765306122452,0.0407071428571428,0.046,0.09171428571428569,0,1,1,0,0,0
2024-08-04,18,15-21d,0.067,0.1607142857142857,0.03641479591836738,0.0401785714285714,0.045,0.0937142857142857,0,1,1,0,0,0
2024-08-04,19,15-21d,0.066,0.1607142857142857,0.03684336734693881,0.0401714285714285,0.045,0.0947142857142857,0,1,1,0,0,0
2024-08-04,20,15-21d,0.064,0.1607142857142857,0.03770051020408167,0.03945,0.044,0.0967142857142857,0,1,1,0,0,0
2024-08-04,21,15-21d,0.062,0.1607142857142857,0.03855765306122453,0.0383499999999999,0.043,0.0987142857142857,0,1,1,0,0,0
2024-08-04,15,15-21d,0.31,0.3572857142857142,0.022925000000000004,0.0029071428571428,0.007,0.04728571428571421,1,1,1,1,1,1
2024-08-04,16,15-21d,0.309,0.3572857142857142,0.023067857142857147,0.0033357142857142,0.008,0.04828571428571421,1,1,1,0,1,1
2024-08-04,17,15-21d,0.308,0.3572857142857142,0.02321071428571429,0.0042285714285714,0.01,0.04928571428571421,1,1,1,0,1,1
2024-08-04,18,15-21d,0.307,0.3572857142857142,0.023353571428571435,0.0048714285714285,0.012,0.05028571428571421,1,1,1,0,1,1
2024-08-04,19,15-21d,0.305,0.3572857142857142,0.02363928571428572,0.0050857142857142,0.012,0.05228571428571421,1,1,1,0,1,1
2024-08-04,20,15-21d,0.304,0.3572857142857142,0.023782142857142863,0.0059785714285714,0.014,0.053285714285714214,1,1,1,0,1,1
2024-08-04,21,15-21d,0.303,0.3572857142857142,0.023925000000000005,0.00705,0.015,0.054285714285714215,1,1,1,0,0,1
2024-08-04,15,15-21d,0.492,0.344,0.09055765306122446,0.1136714285714285,0.123,0.14800000000000002,0,0,1,0,0,0
2024-08-04,16,15-21d,0.496,0.344,0.09341479591836732,0.1146714285714285,0.124,0.15200000000000002,0,0,1,0,0,0
2024-08-04,17,15-21d,0.5,0.344,0.09627193877551019,0.1153999999999999,0.125,0.15600000000000003,0,0,1,0,0,0
2024-08-04,18,15-21d,0.505,0.344,0.09984336734693876,0.1151428571428571,0.125,0.16100000000000003,0,0,1,0,0,0
2024-08-04,19,15-21d,0.509,0.344,0.1027005102040816,0.1161357142857142,0.126,0.16500000000000004,0,0,1,0,0,0
2024-08-04,20,15-21d,0.513,0.344,0.10555765306122446,0.1166428571428571,0.127,0.16900000000000004,0,0,1,0,0,0
2024-08-04,21,15-21d,0.517,0.344,0.10841479591836733,0.1176428571428571,0.128,0.17300000000000004,0,0,1,0,0,0
2024-08-04,15,15-21d,0.211,0.2892857142857142,0.029802551020408165,0.1301714285714285,0.133,0.07828571428571421,0,1,1,0,0,0
2024-08-04,16,15-21d,0.208,0.2892857142857142,0.031088265306122454,0.1301357142857142,0.133,0.08128571428571421,0,1,1,0,0,0
2024-08-04,17,15-21d,0.206,0.2892857142857142,0.03194540816326531,0.1301357142857142,0.133,0.08328571428571421,0,1,1,0,0,0
2024-08-04,18,15-21d,0.203,0.2892857142857142,0.03323112244897959,0.1295642857142857,0.133,0.08628571428571419,0,1,1,0,0,0
2024-08-04,19,15-21d,0.201,0.2892857142857142,0.034088265306122446,0.1301357142857142,0.133,0.08828571428571419,0,1,1,0,0,0
2024-08-04,20,15-21d,0.198,0.2892857142857142,0.03537397959183673,0.1291357142857143,0.132,0.09128571428571419,0,1,1,0,0,0
2024-08-04,21,15-21d,0.196,0.2892857142857142,0.036231122448979594,0.1291357142857143,0.132,0.0932857142857142,0,1,1,0,0,0
2024-08-04,15,15-21d,0.079,0.2647142857142857,0.08376173469387756,0.0049714285714285,0.0099999999999999,0.18571428571428567,0,0,1,0,0,1
2024-08-04,16,15-21d,0.077,0.2647142857142857,0.08519030612244897,0.0048285714285714,0.0089999999999999,0.18771428571428567,0,0,1,0,0,1
2024-08-04,17,15-21d,0.075,0.2647142857142857,0.0866188775510204,0.0048285714285714,0.0089999999999999,0.18971428571428567,0,0,1,0,0,1
2024-08-04,18,15-21d,0.073,0.2647142857142857,0.08804744897959184,0.0047499999999999,0.0089999999999999,0.19171428571428567,0,0,1,0,0,1
2024-08-04,19,15-21d,0.072,0.2647142857142857,0.08876173469387756,0.0057214285714285,0.0099999999999999,0.19271428571428567,0,0,1,0,0,0
2024-08-04,20,15-21d,0.07,0.2647142857142857,0.09019030612244898,0.0053642857142857,0.009,0.19471428571428567,0,0,1,0,0,0
2024-08-04,21,15-21d,0.068,0.2647142857142857,0.09161887755102041,0.0052571428571428,0.009,0.19671428571428567,0,0,1,0,0,0
2024-08-04,15,15-21d,0.898,0.6818571428571428,0.14189642857142795,0.0148357142857142,0.02,0.2161428571428572,0,0,0,0,0,0
2024-08-04,16,15-21d,0.901,0.6818571428571428,0.14489642857142795,0.0145857142857142,0.019,0.2191428571428572,0,0,0,0,0,0
2024-08-04,17,15-21d,0.904,0.6818571428571428,0.14789642857142793,0.0137357142857142,0.019,0.2221428571428572,0,0,0,0,0,0
2024-08-04,18,15-21d,0.907,0.6818571428571428,0.15089642857142796,0.0135857142857142,0.018,0.2251428571428572,0,0,0,0,0,0
2024-08-04,19,15-21d,0.909,0.6818571428571428,0.15289642857142796,0.0135857142857142,0.018,0.2271428571428572,0,0,0,0,0,0
2024-08-04,20,15-21d,0.912,0.6818571428571428,0.15589642857142796,0.0131214285714285,0.017,0.2301428571428572,0,0,0,0,0,0
2024-08-04,21,15-21d,0.915,0.6818571428571428,0.15889642857142797,0.0122642857142857,0.017,0.2331428571428572,0,0,0,0,0,0
2024-08-04,15,15-21d,0.04,0.0532857142857142,0.018067857142857153,0.0273,0.028,0.0132857142857142,1,1,1,0,0,0
2024-08-04,16,15-21d,0.039,0.0532857142857142,0.018210714285714295,0.0270071428571428,0.028,0.0142857142857142,1,1,1,0,0,0
2024-08-04,17,15-21d,0.038,0.0532857142857142,0.018353571428571438,0.0265785714285714,0.027,0.015285714285714201,1,1,1,0,0,0
2024-08-04,18,15-21d,0.037,0.0532857142857142,0.01849642857142858,0.0260071428571428,0.0269999999999999,0.016285714285714202,1,1,1,0,0,0
2024-08-04,19,15-21d,0.035,0.0532857142857142,0.018782142857142865,0.0245785714285714,0.025,0.018285714285714197,1,1,1,0,0,0
2024-08-04,20,15-21d,0.034,0.0532857142857142,0.018925000000000008,0.0240071428571428,0.025,0.019285714285714198,1,1,1,0,0,0
2024-08-04,21,15-21d,0.033,0.0532857142857142,0.019067857142857154,0.0235785714285714,0.024,0.0202857142857142,1,1,1,0,0,0
2024-08-04,22,22-30d,0.068,0.1532857142857142,0.030236734693877537,0.0042928571428571,0.01,0.08528571428571419,1,1,1,0,1,1
2024-08-04,23,22-30d,0.067,0.1532857142857142,0.030379591836734682,0.0044,0.011,0.08628571428571419,1,1,1,0,1,1
2024-08-04,24,22-30d,0.066,0.1532857142857142,0.030522448979591825,0.0046071428571428,0.011,0.08728571428571419,1,1,1,0,1,1
2024-08-04,25,22-30d,0.064,0.1532857142857142,0.03080816326530611,0.0042214285714285,0.01,0.08928571428571419,1,1,1,0,1,1
2024-08-04,26,22-30d,0.063,0.1532857142857142,0.030951020408163252,0.0045642857142857,0.011,0.09028571428571419,1,1,1,0,1,1
2024-08-04,27,22-30d,0.062,0.1532857142857142,0.031093877551020395,0.0045571428571428,0.011,0.09128571428571419,1,1,1,0,1,1
2024-08-04,28,22-30d,0.061,0.1532857142857142,0.03150204081632651,0.0045285714285714,0.0109999999999999,0.0922857142857142,0,1,1,0,1,1
2024-08-04,29,22-30d,0.06,0.1532857142857142,0.03193061224489794,0.0045571428571428,0.0109999999999999,0.0932857142857142,0,1,1,0,1,1
2024-08-04,30,22-30d,0.059,0.1532857142857142,0.03235918367346936,0.0048785714285714,0.0119999999999999,0.0942857142857142,0,1,1,0,1,1
2024-08-04,22,22-30d,0.899,0.6418571428571429,0.19075918367346936,0.0076642857142857,0.018,0.2571428571428571,0,0,0,0,1,1
2024-08-04,23,22-30d,0.902,0.6418571428571429,0.19375918367346934,0.0072,0.017,0.2601428571428571,0,0,0,0,1,1
2024-08-04,24,22-30d,0.904,0.6418571428571429,0.19575918367346937,0.0076285714285714,0.018,0.2621428571428571,0,0,0,0,1,1
2024-08-04,25,22-30d,0.907,0.6418571428571429,0.19875918367346937,0.0071928571428571,0.017,0.2651428571428571,0,0,0,0,1,1
2024-08-04,26,22-30d,0.909,0.6418571428571429,0.20075918367346937,0.0073714285714285,0.017,0.2671428571428571,0,0,0,0,1,1
2024-08-04,27,22-30d,0.911,0.6418571428571429,0.20275918367346937,0.0073428571428571,0.017,0.26914285714285713,0,0,0,0,1,1
2024-08-04,28,22-30d,0.914,0.6418571428571429,0.20575918367346938,0.0069071428571428,0.016,0.27214285714285713,0,0,0,0,1,1
2024-08-04,29,22-30d,0.916,0.6418571428571429,0.20775918367346938,0.0070428571428571,0.017,0.27414285714285713,0,0,0,0,1,1
2024-08-04,30,22-30d,0.918,0.6418571428571429,0.20975918367346935,0.0070142857142857,0.017,0.27614285714285713,0,0,0,0,1,1
2024-08-04,22,22-30d,0.074,0.1927142857142857,0.04282857142857144,0.0426071428571428,0.0499999999999999,0.1187142857142857,0,1,1,0,0,0
2024-08-04,23,22-30d,0.072,0.1927142857142857,0.04368571428571429,0.0418142857142857,0.0489999999999999,0.1207142857142857,0,1,1,0,0,0
2024-08-04,24,22-30d,0.07,0.1927142857142857,0.044542857142857155,0.0408071428571428,0.048,0.12271428571428569,0,1,1,0,0,0
2024-08-04,25,22-30d,0.069,0.1927142857142857,0.044971428571428586,0.0406357142857142,0.047,0.1237142857142857,0,1,1,0,0,0
2024-08-04,26,22-30d,0.067,0.1927142857142857,0.04582857142857144,0.0399142857142857,0.046,0.1257142857142857,0,1,1,0,0,0
2024-08-04,27,22-30d,0.066,0.1927142857142857,0.04625714285714287,0.0398357142857142,0.046,0.1267142857142857,0,1,1,0,0,0
2024-08-04,28,22-30d,0.065,0.1927142857142857,0.046685714285714296,0.0398071428571428,0.046,0.1277142857142857,0,1,1,0,0,0
2024-08-04,29,22-30d,0.063,0.1927142857142857,0.04754285714285716,0.0385857142857142,0.045,0.1297142857142857,0,1,1,0,0,0
2024-08-04,30,22-30d,0.062,0.1927142857142857,0.04797142857142859,0.0383428571428571,0.044,0.1307142857142857,0,1,1,0,0,0
2024-08-04,22,22-30d,0.093,0.214,0.043808163265306135,0.0059499999999999,0.0139999999999999,0.121,0,1,1,0,1,1
2024-08-04,23,22-30d,0.091,0.214,0.044665306122449,0.0058714285714285,0.0139999999999999,0.123,0,1,1,0,1,1
2024-08-04,24,22-30d,0.09,0.214,0.04509387755102042,0.00605,0.015,0.124,0,1,1,0,1,1
2024-08-04,25,22-30d,0.088,0.214,0.04595102040816328,0.0059,0.0139999999999999,0.126,0,1,1,0,1,1
2024-08-04,26,22-30d,0.087,0.214,0.046379591836734714,0.0062214285714285,0.015,0.127,0,1,1,0,1,1
2024-08-04,27,22-30d,0.085,0.214,0.04723673469387757,0.0061857142857142,0.015,0.129,0,1,1,0,1,1
2024-08-04,28,22-30d,0.084,0.214,0.047665306122449,0.0061785714285714,0.015,0.13,0,1,1,0,1,1
2024-08-04,29,22-30d,0.082,0.214,0.048522448979591855,0.00615,0.015,0.132,0,1,1,0,1,1
2024-08-04,30,22-30d,0.081,0.214,0.048951020408163286,0.0063642857142857,0.015,0.133,0,1,1,0,1,1
2024-08-04,22,22-30d,0.891,0.6251428571428572,0.19947346938775504,0.0050285714285714,0.009,0.2658571428571428,0,0,0,1,1,1
2024-08-04,23,22-30d,0.894,0.6251428571428572,0.20247346938775504,0.0049214285714285,0.009,0.2688571428571428,0,0,0,1,1,1
2024-08-04,24,22-30d,0.897,0.6251428571428572,0.20547346938775504,0.0049642857142857,0.009,0.2718571428571428,0,0,0,1,1,1
2024-08-04,25,22-30d,0.9,0.6251428571428572,0.20847346938775502,0.0047428571428571,0.008,0.2748571428571428,0,0,0,1,1,1
2024-08-04,26,22-30d,0.903,0.6251428571428572,0.211473469387755,0.0047357142857142,0.008,0.2778571428571428,0,0,0,1,1,1
2024-08-04,27,22-30d,0.906,0.6251428571428572,0.21447346938775505,0.0045571428571428,0.007,0.2808571428571428,0,0,0,1,1,1
2024-08-04,28,22-30d,0.909,0.6251428571428572,0.21747346938775505,0.0043857142857142,0.006,0.2838571428571428,0,0,0,1,1,1
2024-08-04,29,22-30d,0.911,0.6251428571428572,0.219473469387755,0.0043142857142857,0.006,0.2858571428571428,0,0,0,1,1,1
2024-08-04,30,22-30d,0.914,0.6251428571428572,0.22247346938775506,0.0043,0.006,0.2888571428571428,0,0,0,1,1,1
2024-08-04,22,22-30d,0.06,0.1607142857142857,0.03511428571428572,0.0373499999999999,0.0419999999999999,0.1007142857142857,0,1,1,0,0,0
2024-08-04,23,22-30d,0.059,0.1607142857142857,0.035542857142857154,0.0373428571428571,0.0419999999999999,0.1017142857142857,0,1,1,0,0,0
2024-08-04,24,22-30d,0.057,0.1607142857142857,0.03640000000000001,0.0359571428571428,0.04,0.1037142857142857,0,1,1,0,0,0
2024-08-04,25,22-30d,0.055,0.1607142857142857,0.03725714285714287,0.0348785714285714,0.039,0.1057142857142857,0,1,1,0,0,0
2024-08-04,26,22-30d,0.054,0.1607142857142857,0.0376857142857143,0.0348785714285714,0.039,0.1067142857142857,0,1,1,0,0,0
2024-08-04,27,22-30d,0.052,0.1607142857142857,0.038542857142857156,0.0336999999999999,0.037,0.10871428571428571,0,1,1,0,0,0
2024-08-04,28,22-30d,0.051,0.1607142857142857,0.03897142857142859,0.0336285714285714,0.037,0.10971428571428571,0,1,1,0,0,0
2024-08-04,29,22-30d,0.049,0.1607142857142857,0.039828571428571435,0.0323785714285714,0.036,0.1117142857142857,0,1,1,0,0,0
2024-08-04,30,22-30d,0.048,0.1607142857142857,0.040257142857142866,0.0319071428571428,0.035,0.1127142857142857,0,1,1,0,0,0
2024-08-04,22,22-30d,0.302,0.3572857142857142,0.025951020408163255,0.0081214285714285,0.017,0.055285714285714216,1,1,1,0,0,1
2024-08-04,23,22-30d,0.3,0.3572857142857142,0.026236734693877543,0.0086214285714285,0.018,0.05728571428571422,1,1,1,0,0,1
2024-08-04,24,22-30d,0.299,0.3572857142857142,0.026379591836734686,0.0095857142857142,0.0189999999999999,0.05828571428571422,1,1,1,0,0,1
2024-08-04,25,22-30d,0.298,0.3572857142857142,0.02652244897959183,0.0105142857142857,0.0209999999999999,0.05928571428571422,1,1,1,0,0,1
2024-08-04,26,22-30d,0.296,0.3572857142857142,0.026808163265306113,0.0110857142857142,0.0209999999999999,0.06128571428571422,1,1,1,0,0,1
2024-08-04,27,22-30d,0.295,0.3572857142857142,0.026951020408163256,0.0125499999999999,0.0229999999999999,0.06228571428571422,1,1,1,0,0,0
2024-08-04,28,22-30d,0.294,0.3572857142857142,0.027093877551020402,0.0142642857142857,0.0249999999999999,0.06328571428571422,1,1,1,0,0,0
2024-08-04,29,22-30d,0.292,0.3572857142857142,0.027379591836734687,0.0148071428571428,0.0249999999999999,0.06528571428571422,1,1,1,0,0,0
2024-08-04,30,22-30d,0.291,0.3572857142857142,0.02752244897959183,0.0165499999999999,0.0269999999999999,0.06628571428571423,1,1,1,0,0,0
2024-08-04,22,22-30d,0.521,0.344,0.11114285714285713,0.1179642857142857,0.128,0.17700000000000005,0,0,1,0,0,0
2024-08-04,23,22-30d,0.525,0.344,0.11461632653061224,0.1189642857142857,0.129,0.18100000000000005,0,0,0,0,0,0
2024-08-04,24,22-30d,0.529,0.344,0.11861632653061224,0.1191071428571428,0.13,0.18500000000000005,0,0,0,0,0,0
2024-08-04,25,22-30d,0.534,0.344,0.12361632653061225,0.1189642857142857,0.129,0.19000000000000006,0,0,0,0,0,0
2024-08-04,26,22-30d,0.538,0.344,0.12761632653061225,0.1191357142857142,0.13,0.19400000000000006,0,0,0,0,0,0
2024-08-04,27,22-30d,0.542,0.344,0.13161632653061225,0.1194285714285714,0.13,0.19800000000000006,0,0,0,0,0,0
2024-08-04,28,22-30d,0.546,0.344,0.13561632653061226,0.1202071428571428,0.131,0.20200000000000007,0,0,0,0,0,0
2024-08-04,29,22-30d,0.55,0.344,0.13961632653061226,0.1202142857142857,0.131,0.20600000000000007,0,0,0,0,0,0
2024-08-04,30,22-30d,0.554,0.344,0.14361632653061226,0.1205999999999999,0.132,0.21000000000000008,0,0,0,0,0,0
2024-08-04,22,22-30d,0.193,0.2892857142857142,0.033216326530612225,0.1281357142857142,0.131,0.0962857142857142,0,1,1,0,0,0
2024-08-04,23,22-30d,0.191,0.2892857142857142,0.03407346938775508,0.1281285714285714,0.131,0.0982857142857142,0,1,1,0,0,0
2024-08-04,24,22-30d,0.188,0.2892857142857142,0.035359183673469366,0.1271285714285714,0.13,0.1012857142857142,0,1,1,0,0,0
2024-08-04,25,22-30d,0.186,0.2892857142857142,0.03621632653061223,0.1270571428571428,0.13,0.1032857142857142,0,1,1,0,0,0
2024-08-04,26,22-30d,0.184,0.2892857142857142,0.03707346938775508,0.1270285714285714,0.13,0.1052857142857142,0,1,1,0,0,0
2024-08-04,27,22-30d,0.181,0.2892857142857142,0.03835918367346937,0.1258857142857143,0.128,0.10828571428571421,0,1,1,0,0,0
2024-08-04,28,22-30d,0.179,0.2892857142857142,0.03921632653061223,0.1256642857142857,0.128,0.11028571428571421,0,1,1,0,0,0
2024-08-04,29,22-30d,0.177,0.2892857142857142,0.040073469387755085,0.1255928571428571,0.128,0.11228571428571421,0,1,1,0,0,0
2024-08-04,30,22-30d,0.174,0.2892857142857142,0.04135918367346937,0.1241571428571428,0.126,0.11528571428571421,0,1,1,0,0,0
2024-08-04,22,22-30d,0.067,0.2647142857142857,0.08471020408163264,0.0057214285714285,0.01,0.19771428571428568,0,0,1,0,0,0
2024-08-04,23,22-30d,0.065,0.2647142857142857,0.08613877551020407,0.0053571428571428,0.009,0.19971428571428568,0,0,1,0,0,0
2024-08-04,24,22-30d,0.063,0.2647142857142857,0.08812653061224489,0.00525,0.009,0.20171428571428568,0,0,0,0,0,0
2024-08-04,25,22-30d,0.062,0.2647142857142857,0.08912653061224489,0.0054714285714285,0.009,0.20271428571428568,0,0,0,0,0,0
2024-08-04,26,22-30d,0.06,0.2647142857142857,0.09112653061224489,0.0052499999999999,0.009,0.20471428571428568,0,0,0,0,0,0
2024-08-04,27,22-30d,0.059,0.2647142857142857,0.09212653061224489,0.0054642857142857,0.0089999999999999,0.20571428571428568,0,0,0,0,0,0
2024-08-04,28,22-30d,0.058,0.2647142857142857,0.09312653061224488,0.0062214285714285,0.01,0.20671428571428568,0,0,0,0,0,0
2024-08-04,29,22-30d,0.056,0.2647142857142857,0.09512653061224488,0.00525,0.009,0.20871428571428569,0,0,0,0,0,0
2024-08-04,30,22-30d,0.055,0.2647142857142857,0.0961265306122449,0.0057428571428571,0.009,0.2097142857142857,0,0,0,0,0,0
2024-08-04,22,22-30d,0.917,0.6818571428571428,0.16875918367346943,0.0124785714285714,0.017,0.2351428571428572,0,0,0,0,0,0
2024-08-04,23,22-30d,0.92,0.6818571428571428,0.1717591836734694,0.0114785714285714,0.016,0.2381428571428572,0,0,0,0,0,0
2024-08-04,24,22-30d,0.922,0.6818571428571428,0.1737591836734694,0.0114714285714285,0.0159999999999999,0.2401428571428572,0,0,0,0,0,0
2024-08-04,25,22-30d,0.924,0.6818571428571428,0.1757591836734694,0.0114428571428571,0.0159999999999999,0.24214285714285722,0,0,0,0,0,0
2024-08-04,26,22-30d,0.927,0.6818571428571428,0.17875918367346944,0.0100857142857142,0.0139999999999999,0.24514285714285722,0,0,0,0,0,0
2024-08-04,27,22-30d,0.929,0.6818571428571428,0.18075918367346944,0.0100071428571427,0.0139999999999999,0.24714285714285722,0,0,0,0,0,0
2024-08-04,28,22-30d,0.931,0.6818571428571428,0.1827591836734694,0.0100071428571427,0.0139999999999999,0.24914285714285722,0,0,0,0,0,0
2024-08-04,29,22-30d,0.933,0.6818571428571428,0.18475918367346944,0.0099785714285713,0.0139999999999999,0.2511428571428572,0,0,0,0,0,0
2024-08-04,30,22-30d,0.935,0.6818571428571428,0.18675918367346944,0.0094999999999998,0.0129999999999999,0.2531428571428572,0,0,0,0,0,0
2024-08-04,22,22-30d,0.032,0.0532857142857142,0.021093877551020396,0.0230071428571428,0.024,0.0212857142857142,1,1,1,0,0,0
2024-08-04,23,22-30d,0.031,0.0532857142857142,0.02123673469387754,0.0225714285714285,0.023,0.0222857142857142,1,1,1,0,0,0
2024-08-04,24,22-30d,0.03,0.0532857142857142,0.02137959183673468,0.0218357142857142,0.022,0.0232857142857142,1,1,1,0,0,0
2024-08-04,25,22-30d,0.029,0.0532857142857142,0.021522448979591824,0.0212857142857142,0.022,0.0242857142857142,1,1,1,0,0,0
2024-08-04,26,22-30d,0.028,0.0532857142857142,0.021665306122448966,0.0205714285714285,0.021,0.0252857142857142,1,1,1,0,0,0
2024-08-04,27,22-30d,0.027,0.0532857142857142,0.02180816326530611,0.0199785714285714,0.0209999999999999,0.0262857142857142,1,1,1,0,0,0
2024-08-04,28,22-30d,0.026,0.0532857142857142,0.02195102040816325,0.0192857142857142,0.0199999999999999,0.0272857142857142,1,1,1,0,0,0
2024-08-04,29,22-30d,0.026,0.0532857142857142,0.02195102040816325,0.0195714285714285,0.0199999999999999,0.0272857142857142,1,1,1,0,0,0
2024-08-04,30,22-30d,0.025,0.0532857142857142,0.022093877551020397,0.0188285714285714,0.019,0.0282857142857142,1,1,1,0,0,0
2024-08-19,1,1-7d,0.103,0.3274285714285714,0.1322026530612245,0.0080499999999999,0.017,0.22442857142857142,0,0,0,0,0,1
2024-08-19,2,1-7d,0.101,0.3274285714285714,0.1342026530612245,0.0080428571428571,0.017,0.2264285714285714,0,0,0,0,0,1
2024-08-19,3,1-7d,0.1,0.3274285714285714,0.13520265306122448,0.0085142857142857,0.018,0.2274285714285714,0,0,0,0,0,1
2024-08-19,4,1-7d,0.098,0.3274285714285714,0.1372026530612245,0.0085142857142857,0.018,0.2294285714285714,0,0,0,0,0,1
2024-08-19,5,1-7d,0.096,0.3274285714285714,0.1392026530612245,0.0082928571428571,0.017,0.2314285714285714,0,0,0,0,0,1
2024-08-19,6,1-7d,0.094,0.3274285714285714,0.14120265306122448,0.0082642857142857,0.017,0.2334285714285714,0,0,0,0,0,1
2024-08-19,7,1-7d,0.093,0.3274285714285714,0.1422026530612245,0.0087142857142857,0.018,0.2344285714285714,0,0,0,0,0,1
2024-08-19,1,1-7d,0.871,0.6178571428571429,0.1759944897959183,0.0041928571428571,0.008,0.2531428571428571,0,0,0,1,1,1
2024-08-19,2,1-7d,0.875,0.6178571428571429,0.1799944897959183,0.0041857142857142,0.008,0.2571428571428571,0,0,0,1,1,1
2024-08-19,3,1-7d,0.878,0.6178571428571429,0.18299448979591834,0.0040857142857142,0.008,0.2601428571428571,0,0,0,1,1,1
2024-08-19,4,1-7d,0.882,0.6178571428571429,0.18699448979591834,0.0039357142857142,0.007,0.2641428571428571,0,0,0,1,1,1
2024-08-19,5,1-7d,0.885,0.6178571428571429,0.18999448979591832,0.0039357142857142,0.007,0.2671428571428571,0,0,0,1,1,1
2024-08-19,6,1-7d,0.888,0.6178571428571429,0.19299448979591835,0.0039285714285714,0.007,0.27014285714285713,0,0,0,1,1,1
2024-08-19,7,1-7d,0.891,0.6178571428571429,0.19599448979591833,0.0038928571428571,0.007,0.27314285714285713,0,0,0,1,1,1
2024-08-19,1,1-7d,0.071,0.0547142857142857,0.016557755102040824,0.0328357142857142,0.0379999999999999,0.016285714285714292,1,1,1,0,0,0
2024-08-19,2,1-7d,0.069,0.0547142857142857,0.01627204081632654,0.0324714285714285,0.038,0.014285714285714304,1,1,1,0,0,0
2024-08-19,3,1-7d,0.067,0.0547142857142857,0.01598632653061225,0.0317285714285714,0.037,0.012285714285714303,1,1,1,0,0,0
2024-08-19,4,1-7d,0.066,0.0547142857142857,0.015843469387755108,0.0322214285714285,0.037,0.011285714285714302,1,1,1,0,0,0
2024-08-19,5,1-7d,0.064,0.0547142857142857,0.015557755102040823,0.0314785714285714,0.036,0.0092857142857143,1,1,1,0,0,0
2024-08-19,6,1-7d,0.062,0.0547142857142857,0.015272040816326536,0.0306142857142857,0.036,0.007285714285714298,1,1,1,0,0,0
2024-08-19,7,1-7d,0.06,0.0547142857142857,0.014986326530612252,0.0298928571428571,0.0349999999999999,0.005285714285714296,1,1,1,0,0,0
2024-08-19,1,1-7d,0.309,0.3364285714285714,0.0181495918367347,0.0035428571428571,0.008,0.027428571428571413,1,1,1,0,1,1
2024-08-19,2,1-7d,0.308,0.3364285714285714,0.01829244897959184,0.0033642857142857,0.008,0.028428571428571414,1,1,1,0,1,1
2024-08-19,3,1-7d,0.307,0.3364285714285714,0.018435306122448984,0.0029357142857142,0.007,0.029428571428571415,1,1,1,0,1,1
2024-08-19,4,1-7d,0.305,0.3364285714285714,0.01872102040816327,0.0029428571428571,0.007,0.03142857142857142,1,1,1,0,1,1
2024-08-19,5,1-7d,0.304,0.3364285714285714,0.018863877551020414,0.0025428571428571,0.006,0.03242857142857142,1,1,1,1,1,1
2024-08-19,6,1-7d,0.303,0.3364285714285714,0.019006734693877557,0.0024357142857142,0.005,0.03342857142857142,1,1,1,1,1,1
2024-08-19,7,1-7d,0.302,0.3364285714285714,0.0191495918367347,0.0022928571428571,0.004,0.03442857142857142,1,1,1,1,1,1
2024-08-19,1,1-7d,0.496,0.3187142857142856,0.10833530612244903,0.0588428571428571,0.0669999999999999,0.17728571428571438,0,0,1,0,0,0
2024-08-19,2,1-7d,0.5,0.3187142857142856,0.11119244897959189,0.0595642857142857,0.0679999999999999,0.18128571428571438,0,0,1,0,0,0
2024-08-19,3,1-7d,0.505,0.3187142857142856,0.11476387755102045,0.0590857142857142,0.0679999999999999,0.1862857142857144,0,0,1,0,0,0
2024-08-19,4,1-7d,0.509,0.3187142857142856,0.11762102040816332,0.0596642857142856,0.0679999999999999,0.1902857142857144,0,0,1,0,0,0
2024-08-19,5,1-7d,0.513,0.3187142857142856,0.12047816326530617,0.0600999999999999,0.0689999999999999,0.1942857142857144,0,0,1,0,0,0
2024-08-19,6,1-7d,0.517,0.3187142857142856,0.12333530612244903,0.0606714285714285,0.0689999999999999,0.1982857142857144,0,0,1,0,0,0
2024-08-19,7,1-7d,0.521,0.3187142857142856,0.12619244897959186,0.0611357142857142,0.0699999999999999,0.2022857142857144,0,0,1,0,0,0
2024-08-19,1,1-7d,0.208,0.3415714285714286,0.05954755102040817,0.0898357142857142,0.0929999999999999,0.1335714285714286,0,0,1,0,0,0
2024-08-19,2,1-7d,0.206,0.3415714285714286,0.060976122448979604,0.0905285714285714,0.0939999999999999,0.1355714285714286,0,0,1,0,0,0
2024-08-19,3,1-7d,0.203,0.3415714285714286,0.06311897959183674,0.0903785714285714,0.093,0.13857142857142857,0,0,1,0,0,0
2024-08-19,4,1-7d,0.201,0.3415714285714286,0.06454755102040817,0.0913071428571428,0.094,0.14057142857142857,0,0,1,0,0,0
2024-08-19,5,1-7d,0.198,0.3415714285714286,0.06669040816326531,0.0908071428571428,0.094,0.14357142857142857,0,0,1,0,0,0
2024-08-19,6,1-7d,0.196,0.3415714285714286,0.06811897959183674,0.0913071428571428,0.094,0.14557142857142857,0,0,1,0,0,0
2024-08-19,7,1-7d,0.193,0.3415714285714286,0.07026183673469388,0.0910642857142857,0.094,0.14857142857142858,0,0,1,0,0,0
2024-08-19,1,1-7d,0.077,0.2282857142857143,0.07220061224489796,0.0106785714285714,0.0139999999999999,0.1512857142857143,0,0,1,0,0,0
2024-08-19,2,1-7d,0.075,0.2282857142857143,0.07362918367346939,0.0106785714285714,0.0139999999999999,0.1532857142857143,0,0,1,0,0,0
2024-08-19,3,1-7d,0.073,0.2282857142857143,0.07505775510204082,0.0101999999999999,0.0139999999999999,0.1552857142857143,0,0,1,0,0,0
2024-08-19,4,1-7d,0.072,0.2282857142857143,0.07577204081632653,0.0107499999999999,0.0139999999999999,0.1562857142857143,0,0,1,0,0,0
2024-08-19,5,1-7d,0.07,0.2282857142857143,0.07720061224489795,0.0106714285714285,0.014,0.15828571428571428,0,0,1,0,0,0
2024-08-19,6,1-7d,0.068,0.2282857142857143,0.07862918367346938,0.0100285714285714,0.013,0.16028571428571428,0,0,1,0,0,0
2024-08-19,7,1-7d,0.067,0.2282857142857143,0.07934346938775509,0.0106714285714285,0.014,0.16128571428571428,0,0,1,0,0,0
2024-08-19,1,1-7d,0.901,0.6757142857142856,0.14813734693877564,0.0157357142857143,0.02,0.22528571428571442,0,0,0,0,0,0
2024-08-19,2,1-7d,0.904,0.6757142857142856,0.15113734693877565,0.0152571428571428,0.019,0.22828571428571443,0,0,0,0,0,0
2024-08-19,3,1-7d,0.907,0.6757142857142856,0.15413734693877565,0.0150071428571428,0.019,0.23128571428571443,0,0,0,0,0,0
2024-08-19,4,1-7d,0.909,0.6757142857142856,0.15613734693877565,0.0150071428571428,0.019,0.23328571428571443,0,0,0,0,0,0
2024-08-19,5,1-7d,0.912,0.6757142857142856,0.15913734693877565,0.0145071428571428,0.018,0.23628571428571443,0,0,0,0,0,0
2024-08-19,6,1-7d,0.915,0.6757142857142856,0.16213734693877566,0.0139357142857142,0.018,0.23928571428571443,0,0,0,0,0,0
2024-08-19,7,1-7d,0.917,0.6757142857142856,0.16413734693877566,0.014,0.018,0.24128571428571444,0,0,0,0,0,0
2024-08-19,1,1-7d,0.039,0.0962857142857143,0.022976122448979598,0.0224714285714285,0.024,0.057285714285714294,0,1,1,0,0,0
2024-08-19,2,1-7d,0.038,0.0962857142857143,0.02340469387755103,0.0223285714285714,0.023,0.058285714285714295,0,1,1,0,0,0
2024-08-19,3,1-7d,0.037,0.0962857142857143,0.023833265306122457,0.0218285714285714,0.023,0.059285714285714296,0,1,1,0,0,0
2024-08-19,4,1-7d,0.035,0.0962857142857143,0.024690408163265315,0.02075,0.022,0.06128571428571429,0,1,1,0,0,0
2024-08-19,5,1-7d,0.034,0.0962857142857143,0.025118979591836742,0.0203,0.021,0.06228571428571429,0,1,1,0,0,0
2024-08-19,6,1-7d,0.033,0.0962857142857143,0.025547551020408173,0.01975,0.021,0.06328571428571429,0,1,1,0,0,0
2024-08-19,7,1-7d,0.032,0.0962857142857143,0.0259761224489796,0.0195785714285714,0.02,0.0642857142857143,0,1,1,0,0,0
2024-08-19,8,8-14d,0.091,0.3274285714285714,0.13937959183673468,0.0086785714285714,0.018,0.2364285714285714,0,0,0,0,0,1
2024-08-19,9,8-14d,0.09,0.3274285714285714,0.14037959183673468,0.0089642857142857,0.018,0.2374285714285714,0,0,0,0,0,1
2024-08-19,10,8-14d,0.088,0.3274285714285714,0.14237959183673468,0.0089357142857142,0.0179999999999999,0.2394285714285714,0,0,0,0,0,1
2024-08-19,11,8-14d,0.087,0.3274285714285714,0.14337959183673468,0.0095714285714285,0.0189999999999999,0.2404285714285714,0,0,0,0,0,1
2024-08-19,12,8-14d,0.085,0.3274285714285714,0.14537959183673468,0.0089285714285714,0.018,0.24242857142857138,0,0,0,0,0,1
2024-08-19,13,8-14d,0.084,0.3274285714285714,0.14637959183673468,0.0095642857142857,0.019,0.24342857142857138,0,0,0,0,0,1
2024-08-19,14,8-14d,0.082,0.3274285714285714,0.1483795918367347,0.0093928571428571,0.018,0.24542857142857138,0,0,0,0,0,1
2024-08-19,8,8-14d,0.894,0.6178571428571429,0.19280000000000003,0.0037928571428571,0.007,0.27614285714285713,0,0,0,1,1,1
2024-08-19,9,8-14d,0.897,0.6178571428571429,0.1958,0.0036142857142857,0.006,0.27914285714285714,0,0,0,1,1,1
2024-08-19,10,8-14d,0.9,0.6178571428571429,0.19880000000000003,0.0036357142857142,0.006,0.28214285714285714,0,0,0,1,1,1
2024-08-19,11,8-14d,0.903,0.6178571428571429,0.2018,0.0034642857142857,0.005,0.28514285714285714,0,0,0,1,1,1
2024-08-19,12,8-14d,0.906,0.6178571428571429,0.20480000000000004,0.0033571428571428,0.005,0.28814285714285715,0,0,0,1,1,1
2024-08-19,13,8-14d,0.909,0.6178571428571429,0.2078,0.0032142857142857,0.004,0.29114285714285715,0,0,0,1,1,1
2024-08-19,14,8-14d,0.911,0.6178571428571429,0.20980000000000001,0.00335,0.005,0.29314285714285715,0,0,0,1,1,1
2024-08-19,8,8-14d,0.059,0.0547142857142857,0.016346938775510217,0.0298928571428571,0.0349999999999999,0.0042857142857142955,1,1,1,0,0,0
2024-08-19,9,8-14d,0.057,0.0547142857142857,0.016061224489795932,0.0288928571428571,0.034,0.0022857142857143006,1,1,1,0,0,0
2024-08-19,10,8-14d,0.055,0.0547142857142857,0.015775510204081643,0.02815,0.033,0.00028571428571429885,1,1,1,0,0,0
2024-08-19,11,8-14d,0.054,0.0547142857142857,0.015836734693877558,0.0286071428571428,0.033,0.000714285714285702,1,1,1,0,0,0
2024-08-19,12,8-14d,0.052,0.0547142857142857,0.016122448979591843,0.0272499999999999,0.0309999999999999,0.002714285714285704,1,1,1,0,0,0
2024-08-19,13,8-14d,0.051,0.0547142857142857,0.016265306122448985,0.0272499999999999,0.0309999999999999,0.0037142857142857047,1,1,1,0,0,0
2024-08-19,14,8-14d,0.049,0.0547142857142857,0.016551020408163274,0.0261428571428571,0.03,0.0057142857142856995,1,1,1,0,0,0
2024-08-19,8,8-14d,0.3,0.3364285714285714,0.02093877551020409,0.0025071428571428,0.005,0.03642857142857142,1,1,1,1,1,1
2024-08-19,9,8-14d,0.299,0.3364285714285714,0.021081632653061233,0.0023714285714285,0.004,0.03742857142857142,1,1,1,1,1,1
2024-08-19,10,8-14d,0.298,0.3364285714285714,0.021224489795918376,0.0022285714285714,0.003,0.03842857142857142,1,1,1,1,1,1
2024-08-19,11,8-14d,0.296,0.3364285714285714,0.02151020408163266,0.0022571428571428,0.003,0.040428571428571425,1,1,1,1,1,1
2024-08-19,12,8-14d,0.295,0.3364285714285714,0.021653061224489806,0.0021214285714285,0.002,0.041428571428571426,1,1,1,1,1,1
2024-08-19,13,8-14d,0.294,0.3364285714285714,0.02179591836734695,0.0018642857142857,0.0,0.04242857142857143,1,1,1,1,1,1
2024-08-19,14,8-14d,0.292,0.3364285714285714,0.022081632653061234,0.0018642857142857,0.0,0.04442857142857143,1,1,1,1,1,1
2024-08-19,8,8-14d,0.525,0.3187142857142856,0.12917959183673472,0.0617785714285713,0.0699999999999999,0.2062857142857144,0,0,1,0,0,0
2024-08-19,9,8-14d,0.529,0.3187142857142856,0.13203673469387758,0.0619285714285713,0.0709999999999999,0.2102857142857144,0,0,1,0,0,0
2024-08-19,10,8-14d,0.534,0.3187142857142856,0.13560816326530617,0.061242857142857,0.0699999999999999,0.2152857142857144,0,0,1,0,0,0
2024-08-19,11,8-14d,0.538,0.3187142857142856,0.13846530612244903,0.061392857142857,0.0709999999999999,0.21928571428571442,0,0,1,0,0,0
2024-08-19,12,8-14d,0.542,0.3187142857142856,0.14132244897959187,0.0620357142857142,0.0709999999999999,0.22328571428571442,0,0,1,0,0,0
2024-08-19,13,8-14d,0.546,0.3187142857142856,0.14417959183673476,0.0622499999999999,0.0709999999999999,0.22728571428571442,0,0,1,0,0,0
2024-08-19,14,8-14d,0.55,0.3187142857142856,0.14794285714285724,0.0624999999999999,0.0719999999999999,0.23128571428571443,0,0,0,0,0,0
2024-08-19,8,8-14d,0.191,0.3415714285714286,0.06470612244897961,0.0913071428571428,0.094,0.15057142857142858,0,0,1,0,0,0
2024-08-19,9,8-14d,0.188,0.3415714285714286,0.06684897959183675,0.0910642857142857,0.094,0.15357142857142858,0,0,1,0,0,0
2024-08-19,10,8-14d,0.186,0.3415714285714286,0.06827755102040818,0.0912785714285714,0.094,0.15557142857142858,0,0,1,0,0,0
2024-08-19,11,8-14d,0.184,0.3415714285714286,0.06970612244897961,0.0915857142857142,0.094,0.15757142857142858,0,0,1,0,0,0
2024-08-19,12,8-14d,0.181,0.3415714285714286,0.07184897959183677,0.0912714285714285,0.094,0.1605714285714286,0,0,1,0,0,0
2024-08-19,13,8-14d,0.179,0.3415714285714286,0.0732775510204082,0.0912785714285714,0.0939999999999999,0.1625714285714286,0,0,1,0,0,0
2024-08-19,14,8-14d,0.177,0.3415714285714286,0.07470612244897963,0.0912785714285714,0.0939999999999999,0.1645714285714286,0,0,1,0,0,0
2024-08-19,8,8-14d,0.065,0.2282857142857143,0.07378775510204083,0.0102785714285714,0.013,0.16328571428571428,0,0,1,0,0,0
2024-08-19,9,8-14d,0.063,0.2282857142857143,0.07521632653061225,0.0096428571428571,0.0129999999999999,0.16528571428571429,0,0,1,0,0,0
2024-08-19,10,8-14d,0.062,0.2282857142857143,0.07593061224489797,0.0102785714285714,0.0129999999999999,0.1662857142857143,0,0,1,0,0,0
2024-08-19,11,8-14d,0.06,0.2282857142857143,0.0773591836734694,0.0096357142857142,0.0129999999999999,0.1682857142857143,0,0,1,0,0,0
2024-08-19,12,8-14d,0.059,0.2282857142857143,0.0780734693877551,0.0101785714285714,0.0129999999999999,0.1692857142857143,0,0,1,0,0,0
2024-08-19,13,8-14d,0.058,0.2282857142857143,0.07878775510204084,0.0104214285714285,0.013,0.1702857142857143,0,0,1,0,0,0
2024-08-19,14,8-14d,0.056,0.2282857142857143,0.08021632653061225,0.0099142857142857,0.013,0.1722857142857143,0,0,1,0,0,0
2024-08-19,8,8-14d,0.92,0.6757142857142856,0.16094285714285728,0.013,0.017,0.24428571428571444,0,0,0,0,0,0
2024-08-19,9,8-14d,0.922,0.6757142857142856,0.16294285714285728,0.0129285714285714,0.0169999999999999,0.24628571428571444,0,0,0,0,0,0
2024-08-19,10,8-14d,0.924,0.6757142857142856,0.16494285714285728,0.0129285714285713,0.0169999999999999,0.24828571428571444,0,0,0,0,0,0
2024-08-19,11,8-14d,0.927,0.6757142857142856,0.1679428571428573,0.0118999999999999,0.0159999999999999,0.25128571428571445,0,0,0,0,0,0
2024-08-19,12,8-14d,0.929,0.6757142857142856,0.1699428571428573,0.0117499999999999,0.0149999999999999,0.25328571428571445,0,0,0,0,0,0
2024-08-19,13,8-14d,0.931,0.6757142857142856,0.1719428571428573,0.0117499999999999,0.0149999999999999,0.25528571428571445,0,0,0,0,0,0
2024-08-19,14,8-14d,0.933,0.6757142857142856,0.17394285714285732,0.011642857142857,0.0149999999999999,0.25728571428571445,0,0,0,0,0,0
2024-08-19,8,8-14d,0.031,0.0962857142857143,0.02506122448979593,0.0190071428571428,0.02,0.0652857142857143,1,1,1,0,0,0
2024-08-19,9,8-14d,0.03,0.0962857142857143,0.025204081632653075,0.0187214285714285,0.0199999999999999,0.0662857142857143,1,1,1,0,0,0
2024-08-19,10,8-14d,0.029,0.0962857142857143,0.02542857142857144,0.0180071428571428,0.019,0.0672857142857143,0,1,1,0,0,0
2024-08-19,11,8-14d,0.028,0.0962857142857143,0.025857142857142867,0.0175785714285714,0.018,0.0682857142857143,0,1,1,0,0,0
2024-08-19,12,8-14d,0.027,0.0962857142857143,0.026285714285714298,0.0170071428571428,0.018,0.0692857142857143,0,1,1,0,0,0
2024-08-19,13,8-14d,0.026,0.0962857142857143,0.026714285714285725,0.0165714285714285,0.017,0.0702857142857143,0,1,1,0,0,0
2024-08-19,14,8-14d,0.026,0.0962857142857143,0.026714285714285725,0.0169785714285714,0.018,0.0702857142857143,0,1,1,0,0,0
2024-08-19,15,15-21d,0.081,0.3274285714285714,0.14044311224489794,0.0095285714285714,0.019,0.24642857142857139,0,0,0,0,0,1
2024-08-19,16,15-21d,0.079,0.3274285714285714,0.14244311224489797,0.00935,0.018,0.2484285714285714,0,0,0,0,0,1
2024-08-19,17,15-21d,0.078,0.3274285714285714,0.14344311224489797,0.0097857142857142,0.019,0.2494285714285714,0,0,0,0,0,1
2024-08-19,18,15-21d,0.077,0.3274285714285714,0.14444311224489795,0.0097785714285714,0.0189999999999999,0.2504285714285714,0,0,0,0,0,1
2024-08-19,19,15-21d,0.075,0.3274285714285714,0.14644311224489795,0.0093428571428571,0.0179999999999999,0.2524285714285714,0,0,0,0,0,1
2024-08-19,20,15-21d,0.074,0.3274285714285714,0.14744311224489798,0.0097428571428571,0.0189999999999999,0.2534285714285714,0,0,0,0,0,1
2024-08-19,21,15-21d,0.073,0.3274285714285714,0.14844311224489795,0.0099499999999999,0.0189999999999999,0.2544285714285714,0,0,0,0,0,1
2024-08-19,15,15-21d,0.914,0.6178571428571429,0.1985553571428571,0.0031714285714285,0.004,0.29614285714285715,0,0,0,1,1,1
2024-08-19,16,15-21d,0.916,0.6178571428571429,0.20055535714285708,0.0031714285714285,0.004,0.29814285714285715,0,0,0,1,1,1
2024-08-19,17,15-21d,0.919,0.6178571428571429,0.20355535714285708,0.0029214285714285,0.003,0.30114285714285716,0,0,0,1,1,1
2024-08-19,18,15-21d,0.921,0.6178571428571429,0.20555535714285708,0.0030642857142857,0.004,0.30314285714285716,0,0,0,1,1,1
2024-08-19,19,15-21d,0.923,0.6178571428571429,0.20755535714285708,0.0030499999999999,0.004,0.30514285714285716,0,0,0,1,1,1
2024-08-19,20,15-21d,0.925,0.6178571428571429,0.20955535714285708,0.0030214285714285,0.004,0.30714285714285716,0,0,0,1,1,1
2024-08-19,21,15-21d,0.928,0.6178571428571429,0.21255535714285712,0.0028714285714285,0.003,0.31014285714285716,0,0,0,1,1,1
2024-08-19,15,15-21d,0.048,0.0547142857142857,0.019524744897959186,0.0261428571428571,0.03,0.0067142857142857,1,1,1,0,0,0
2024-08-19,16,15-21d,0.047,0.0547142857142857,0.01966760204081633,0.0261357142857142,0.03,0.007714285714285701,1,1,1,0,0,0
2024-08-19,17,15-21d,0.045,0.0547142857142857,0.019953316326530614,0.0246357142857142,0.0279999999999999,0.009714285714285703,1,1,1,0,0,0
2024-08-19,18,15-21d,0.044,0.0547142857142857,0.020096173469387756,0.0243499999999999,0.0279999999999999,0.010714285714285704,1,1,1,0,0,0
2024-08-19,19,15-21d,0.043,0.0547142857142857,0.020239030612244902,0.0241071428571428,0.0279999999999999,0.011714285714285705,1,1,1,0,0,0
2024-08-19,20,15-21d,0.042,0.0547142857142857,0.020381887755102045,0.0238857142857142,0.027,0.012714285714285699,1,1,1,0,0,0
2024-08-19,21,15-21d,0.04,0.0547142857142857,0.020667602040816326,0.0228571428571428,0.026,0.0147142857142857,1,1,1,0,0,0
2024-08-19,15,15-21d,0.291,0.3364285714285714,0.025055357142857143,0.0020785714285714,0.001,0.04542857142857143,1,1,1,1,1,1
2024-08-19,16,15-21d,0.289,0.3364285714285714,0.025341071428571428,0.0020785714285714,0.001,0.04742857142857143,1,1,1,1,1,1
2024-08-19,17,15-21d,0.288,0.3364285714285714,0.02548392857142857,0.0021857142857142,0.002,0.04842857142857143,1,1,1,1,1,1
2024-08-19,18,15-21d,0.287,0.3364285714285714,0.025626785714285717,0.0023285714285714,0.003,0.04942857142857143,1,1,1,1,1,1
2024-08-19,19,15-21d,0.285,0.3364285714285714,0.0259125,0.0023285714285714,0.003,0.051428571428571435,1,1,1,1,1,1
2024-08-19,20,15-21d,0.284,0.3364285714285714,0.026055357142857144,0.0024714285714285,0.0039999999999999,0.052428571428571435,1,1,1,1,1,1
2024-08-19,21,15-21d,0.282,0.3364285714285714,0.02634107142857143,0.0025785714285714,0.0039999999999999,0.05442857142857144,1,1,1,1,1,1
2024-08-19,15,15-21d,0.554,0.3187142857142856,0.14407576530612248,0.0627571428571428,0.0719999999999999,0.23528571428571443,0,0,1,0,0,0
2024-08-19,16,15-21d,0.558,0.3187142857142856,0.14693290816326535,0.0628642857142856,0.0719999999999999,0.23928571428571443,0,0,1,0,0,0
2024-08-19,17,15-21d,0.561,0.3187142857142856,0.1490757653061225,0.0638642857142856,0.0729999999999999,0.24228571428571444,0,0,1,0,0,0
2024-08-19,18,15-21d,0.565,0.3187142857142856,0.15193290816326527,0.0645071428571429,0.074,0.24628571428571433,0,0,1,0,0,0
2024-08-19,19,15-21d,0.569,0.3187142857142856,0.15479005102040813,0.0645357142857143,0.074,0.25028571428571433,0,0,1,0,0,0
2024-08-19,20,15-21d,0.573,0.3187142857142856,0.157647193877551,0.0646071428571429,0.074,0.25428571428571434,0,0,1,0,0,0
2024-08-19,21,15-21d,0.577,0.3187142857142856,0.1606982142857143,0.0646071428571429,0.074,0.25828571428571434,0,0,0,0,0,0
2024-08-19,15,15-21d,0.174,0.3415714285714286,0.07023903061224492,0.0905571428571428,0.0929999999999999,0.1675714285714286,0,0,1,0,0,0
2024-08-19,16,15-21d,0.172,0.3415714285714286,0.07166760204081635,0.0905571428571428,0.0929999999999999,0.1695714285714286,0,0,1,0,0,0
2024-08-19,17,15-21d,0.17,0.3415714285714286,0.07309617346938777,0.0908142857142857,0.093,0.17157142857142857,0,0,1,0,0,0
2024-08-19,18,15-21d,0.168,0.3415714285714286,0.0745247448979592,0.0908142857142857,0.093,0.17357142857142857,0,0,1,0,0,0
2024-08-19,19,15-21d,0.165,0.3415714285714286,0.07666760204081634,0.0898142857142857,0.092,0.17657142857142857,0,0,1,0,0,0
2024-08-19,20,15-21d,0.163,0.3415714285714286,0.07809617346938777,0.0898071428571428,0.092,0.17857142857142858,0,0,1,0,0,0
2024-08-19,21,15-21d,0.161,0.3415714285714286,0.0795247448979592,0.08955,0.092,0.18057142857142858,0,0,1,0,0,0
2024-08-19,15,15-21d,0.055,0.2282857142857143,0.07432066326530615,0.0101714285714285,0.0129999999999999,0.1732857142857143,0,0,1,0,0,0
2024-08-19,16,15-21d,0.053,0.2282857142857143,0.07574923469387758,0.0091714285714285,0.0119999999999999,0.1752857142857143,0,0,1,0,0,0
2024-08-19,17,15-21d,0.052,0.2282857142857143,0.07646352040816329,0.0093857142857142,0.0119999999999999,0.1762857142857143,0,0,1,0,0,0
2024-08-19,18,15-21d,0.051,0.2282857142857143,0.077177806122449,0.0096642857142857,0.0119999999999999,0.1772857142857143,0,0,1,0,0,0
2024-08-19,19,15-21d,0.05,0.2282857142857143,0.0778920918367347,0.0100642857142857,0.013,0.17828571428571427,0,0,1,0,0,0
2024-08-19,20,15-21d,0.048,0.2282857142857143,0.07932066326530614,0.0091357142857142,0.012,0.18028571428571427,0,0,1,0,0,0
2024-08-19,21,15-21d,0.047,0.2282857142857143,0.08003494897959185,0.0091357142857142,0.0119999999999999,0.18128571428571427,0,0,1,0,0,0
2024-08-19,15,15-21d,0.935,0.6757142857142856,0.16169821428571438,0.0114285714285713,0.0149999999999999,0.25928571428571445,0,0,0,0,0,0
2024-08-19,16,15-21d,0.937,0.6757142857142856,0.1636982142857144,0.0110214285714284,0.0139999999999999,0.26128571428571445,0,0,0,0,0,0
2024-08-19,17,15-21d,0.939,0.6757142857142856,0.16569821428571427,0.0106428571428571,0.014,0.26328571428571435,0,0,0,0,0,0
2024-08-19,18,15-21d,0.941,0.6757142857142856,0.16769821428571427,0.0102785714285714,0.013,0.26528571428571435,0,0,0,0,0,0
2024-08-19,19,15-21d,0.943,0.6757142857142856,0.16969821428571427,0.0096357142857142,0.013,0.26728571428571435,0,0,0,0,0,0
2024-08-19,20,15-21d,0.944,0.6757142857142856,0.17069821428571427,0.0101785714285714,0.013,0.26828571428571435,0,0,0,0,0,0
2024-08-19,21,15-21d,0.946,0.6757142857142856,0.1726982142857143,0.0094642857142857,0.012,0.27028571428571435,0,0,0,0,0,0
2024-08-19,15,15-21d,0.025,0.0962857142857143,0.028749234693877555,0.0165,0.017,0.07128571428571429,1,1,1,0,0,0
2024-08-19,16,15-21d,0.024,0.0962857142857143,0.028892091836734697,0.0155714285714285,0.016,0.07228571428571429,1,1,1,0,0,0
2024-08-19,17,15-21d,0.023,0.0962857142857143,0.02903494897959184,0.0150071428571428,0.016,0.07328571428571429,1,1,1,0,0,0
2024-08-19,18,15-21d,0.022,0.0962857142857143,0.029177806122448986,0.0144999999999999,0.015,0.07428571428571429,1,1,1,0,0,0
2024-08-19,19,15-21d,0.022,0.0962857142857143,0.029177806122448986,0.0148285714285714,0.015,0.07428571428571429,1,1,1,0,0,0
2024-08-19,20,15-21d,0.021,0.0962857142857143,0.029320663265306128,0.0142571428571428,0.015,0.07528571428571429,1,1,1,0,0,0
2024-08-19,21,15-21d,0.02,0.0962857142857143,0.029463520408163274,0.0135,0.014,0.07628571428571429,1,1,1,0,0,0
2024-08-19,22,22-30d,0.071,0.3274285714285714,0.143422193877551,0.0096357142857142,0.0189999999999999,0.2564285714285714,0,0,0,0,0,1
2024-08-19,23,22-30d,0.07,0.3274285714285714,0.144422193877551,0.0096571428571428,0.019,0.2574285714285714,0,0,0,0,0,1
2024-08-19,24,22-30d,0.069,0.3274285714285714,0.145422193877551,0.0099428571428571,0.019,0.2584285714285714,0,0,0,0,0,1
2024-08-19,22,22-30d,0.93,0.6178571428571429,0.21098341836734694,0.0028642857142857,0.003,0.31214285714285717,0,0,0,1,1,1
2024-08-19,23,22-30d,0.932,0.6178571428571429,0.21298341836734694,0.0027571428571428,0.003,0.31414285714285717,0,0,0,1,1,1
2024-08-19,24,22-30d,0.934,0.6178571428571429,0.21498341836734694,0.0027571428571428,0.003,0.31614285714285717,0,0,0,1,1,1
2024-08-19,22,22-30d,0.039,0.0547142857142857,0.022381377551020407,0.0221642857142857,0.025,0.0157142857142857,1,1,1,0,0,0
2024-08-19,23,22-30d,0.038,0.0547142857142857,0.02252423469387755,0.0218571428571428,0.025,0.016714285714285702,1,1,1,0,0,0
2024-08-19,24,22-30d,0.037,0.0547142857142857,0.022667091836734692,0.0217785714285714,0.0249999999999999,0.017714285714285703,1,1,1,0,0,0
2024-08-19,22,22-30d,0.281,0.3364285714285714,0.028054846938775507,0.0027214285714285,0.005,0.05542857142857138,1,1,1,1,1,1
2024-08-19,23,22-30d,0.279,0.3364285714285714,0.028340561224489795,0.0028642857142857,0.006,0.057428571428571384,1,1,1,1,1,1
2024-08-19,24,22-30d,0.278,0.3364285714285714,0.028483418367346938,0.0033285714285714,0.007,0.058428571428571385,1,1,1,0,1,1
2024-08-19,22,22-30d,0.581,0.3187142857142856,0.16172831632653062,0.0643285714285714,0.074,0.26228571428571434,0,0,1,0,0,0
2024-08-19,23,22-30d,0.585,0.3187142857142856,0.16512627551020412,0.0643357142857143,0.074,0.26628571428571435,0,0,0,0,0,0
2024-08-19,24,22-30d,0.589,0.3187142857142856,0.16912627551020412,0.0643357142857143,0.074,0.27028571428571435,0,0,0,0,0,0
2024-08-19,22,22-30d,0.159,0.3415714285714286,0.07556505102040818,0.0894785714285714,0.092,0.18257142857142858,0,0,1,0,0,0
2024-08-19,23,22-30d,0.157,0.3415714285714286,0.0769936224489796,0.08945,0.092,0.18457142857142858,0,0,1,0,0,0
2024-08-19,24,22-30d,0.155,0.3415714285714286,0.07842219387755103,0.0891642857142857,0.092,0.18657142857142858,0,0,1,0,0,0
2024-08-19,22,22-30d,0.046,0.2282857142857143,0.07536096938775512,0.0091357142857142,0.0119999999999999,0.18228571428571427,0,0,1,0,0,0
2024-08-19,23,22-30d,0.045,0.2282857142857143,0.07607525510204083,0.0091357142857142,0.0119999999999999,0.18328571428571427,0,0,1,0,0,0
2024-08-19,24,22-30d,0.044,0.2282857142857143,0.07678954081632654,0.0090642857142857,0.0119999999999999,0.18428571428571427,0,0,1,0,0,0
2024-08-19,22,22-30d,0.948,0.6757142857142856,0.17112627551020412,0.0089142857142857,0.012,0.27228571428571435,0,0,0,0,0,0
2024-08-19,23,22-30d,0.949,0.6757142857142856,0.17212627551020415,0.0091714285714285,0.012,0.27328571428571435,0,0,0,0,0,0
2024-08-19,24,22-30d,0.951,0.6757142857142856,0.17412627551020415,0.0086642857142857,0.011,0.27528571428571436,0,0,0,0,0,0
2024-08-19,22,22-30d,0.019,0.0962857142857143,0.03117729591836735,0.0128285714285714,0.013,0.07728571428571429,1,1,1,0,0,0
2024-08-19,23,22-30d,0.019,0.0962857142857143,0.03117729591836735,0.0132499999999999,0.0139999999999999,0.07728571428571429,1,1,1,0,0,0
2024-08-19,24,22-30d,0.018,0.0962857142857143,0.031320153061224494,0.0122571428571428,0.0129999999999999,0.07828571428571429,1,1,1,0,0,0
2024-09-02,1,1-7d,0.059,0.1342857142857142,0.0315456632653061,0.0067071428571428,0.0139999999999999,0.0752857142857142,0,1,1,0,0,1
2024-09-02,2,1-7d,0.058,0.1342857142857142,0.03197423469387752,0.0067071428571428,0.014,0.0762857142857142,0,1,1,0,0,1
2024-09-02,3,1-7d,0.057,0.1342857142857142,0.03240280612244895,0.0069642857142857,0.014,0.07728571428571421,0,1,1,0,0,1
2024-09-02,4,1-7d,0.056,0.1342857142857142,0.03283137755102038,0.0069571428571428,0.0139999999999999,0.07828571428571421,0,1,1,0,0,1
2024-09-02,5,1-7d,0.055,0.1342857142857142,0.03325994897959181,0.00695,0.0139999999999999,0.07928571428571421,0,1,1,0,0,1
2024-09-02,6,1-7d,0.054,0.1342857142857142,0.03368852040816324,0.00695,0.0139999999999999,0.08028571428571421,0,1,1,0,0,1
2024-09-02,7,1-7d,0.053,0.1342857142857142,0.03411709183673466,0.0071642857142857,0.0139999999999999,0.08128571428571421,0,1,1,0,0,1
2024-09-02,1,1-7d,0.918,0.6975714285714286,0.1377823979591837,0.0039428571428571,0.009,0.22042857142857142,0,0,1,0,1,1
2024-09-02,2,1-7d,0.92,0.6975714285714286,0.13921096938775512,0.0038714285714285,0.009,0.22242857142857142,0,0,1,0,1,1
2024-09-02,3,1-7d,0.922,0.6975714285714286,0.14063954081632654,0.0038642857142857,0.009,0.22442857142857142,0,0,1,0,1,1
2024-09-02,4,1-7d,0.924,0.6975714285714286,0.142068112244898,0.0038357142857142,0.009,0.22642857142857142,0,0,1,0,1,1
2024-09-02,5,1-7d,0.926,0.6975714285714286,0.1434966836734694,0.0036857142857142,0.008,0.22842857142857143,0,0,1,0,1,1
2024-09-02,6,1-7d,0.928,0.6975714285714286,0.14492525510204082,0.0036142857142857,0.008,0.23042857142857143,0,0,1,0,1,1
2024-09-02,7,1-7d,0.93,0.6975714285714286,0.14635382653061227,0.0035785714285714,0.008,0.23242857142857143,0,0,1,0,1,1
2024-09-02,1,1-7d,0.062,0.1454285714285714,0.03503545918367347,0.0185071428571428,0.026,0.08342857142857141,0,1,1,0,0,0
2024-09-02,2,1-7d,0.06,0.1454285714285714,0.03589260204081633,0.0177857142857142,0.0249999999999999,0.08542857142857141,0,1,1,0,0,0
2024-09-02,3,1-7d,0.059,0.1454285714285714,0.036321173469387756,0.0177857142857142,0.0249999999999999,0.08642857142857141,0,1,1,0,0,0
2024-09-02,4,1-7d,0.058,0.1454285714285714,0.03674974489795918,0.0177785714285714,0.025,0.08742857142857141,0,1,1,0,0,0
2024-09-02,5,1-7d,0.057,0.1454285714285714,0.03717831632653061,0.0177785714285714,0.025,0.08842857142857141,0,1,1,0,0,0
2024-09-02,6,1-7d,0.056,0.1454285714285714,0.037606887755102035,0.0182214285714285,0.025,0.08942857142857141,0,1,1,0,0,0
2024-09-02,7,1-7d,0.054,0.1454285714285714,0.0384640306122449,0.0172214285714285,0.024,0.09142857142857141,0,1,1,0,0,0
2024-09-02,1,1-7d,0.081,0.0538571428571428,0.022382397959183686,0.01645,0.025,0.027142857142857205,0,1,1,0,0,0
2024-09-02,2,1-7d,0.079,0.0538571428571428,0.02152525510204083,0.0162357142857142,0.024,0.025142857142857203,0,1,1,0,0,0
2024-09-02,3,1-7d,0.078,0.0538571428571428,0.0210966836734694,0.01645,0.025,0.024142857142857202,0,1,1,0,0,0
2024-09-02,4,1-7d,0.077,0.0538571428571428,0.020668112244897972,0.0169214285714285,0.025,0.0231428571428572,0,1,1,0,0,0
2024-09-02,5,1-7d,0.075,0.0538571428571428,0.019810969387755114,0.0162,0.024,0.0211428571428572,0,1,1,0,0,0
2024-09-02,6,1-7d,0.074,0.0538571428571428,0.019382397959183683,0.0161999999999999,0.0239999999999999,0.0201428571428572,0,1,1,0,0,0
2024-09-02,7,1-7d,0.073,0.0538571428571428,0.018953826530612256,0.0170928571428571,0.0249999999999999,0.019142857142857198,0,1,1,0,0,0
2024-09-02,1,1-7d,0.914,0.8738571428571429,0.027953826530612243,0.0026642857142857,0.004,0.04014285714285715,0,1,1,1,1,1
2024-09-02,2,1-7d,0.916,0.8738571428571429,0.0288109693877551,0.0026642857142857,0.004,0.04214285714285715,0,1,1,1,1,1
2024-09-02,3,1-7d,0.919,0.8738571428571429,0.030096683673469387,0.0024214285714285,0.003,0.04514285714285715,0,1,1,1,1,1
2024-09-02,4,1-7d,0.921,0.8738571428571429,0.030953826530612245,0.0024857142857142,0.003,0.04714285714285715,0,1,1,1,1,1
2024-09-02,5,1-7d,0.923,0.8738571428571429,0.03181096938775511,0.0024499999999999,0.003,0.049142857142857155,0,1,1,1,1,1
2024-09-02,6,1-7d,0.925,0.8738571428571429,0.03266811224489796,0.0025928571428571,0.004,0.05114285714285716,0,1,1,1,1,1
2024-09-02,7,1-7d,0.928,0.8738571428571429,0.03395382653061225,0.0024214285714285,0.003,0.05414285714285716,0,1,1,1,1,1
2024-09-02,1,1-7d,0.048,0.0605714285714285,0.017464030612244892,0.0189857142857142,0.023,0.012571428571428497,1,1,1,0,0,0
2024-09-02,2,1-7d,0.047,0.0605714285714285,0.017606887755102035,0.0189142857142857,0.023,0.013571428571428498,1,1,1,0,0,0
2024-09-02,3,1-7d,0.045,0.0605714285714285,0.01789260204081632,0.0179071428571428,0.022,0.0155714285714285,1,1,1,0,0,0
2024-09-02,4,1-7d,0.044,0.0605714285714285,0.018035459183673462,0.0179714285714285,0.022,0.0165714285714285,1,1,1,0,0,0
2024-09-02,5,1-7d,0.043,0.0605714285714285,0.018178316326530605,0.0179428571428571,0.0219999999999999,0.017571428571428502,1,1,1,0,0,0
2024-09-02,6,1-7d,0.042,0.0605714285714285,0.018321173469387747,0.0178642857142857,0.022,0.018571428571428496,1,1,1,0,0,0
2024-09-02,7,1-7d,0.04,0.0605714285714285,0.018606887755102032,0.0164642857142857,0.02,0.020571428571428498,1,1,1,0,0,0
2024-09-02,1,1-7d,0.291,0.3207142857142857,0.019913010204081632,0.0099428571428571,0.016,0.029714285714285693,1,1,1,0,0,0
2024-09-02,2,1-7d,0.289,0.3207142857142857,0.02019872448979592,0.0104142857142857,0.016,0.031714285714285695,1,1,1,0,0,0
2024-09-02,3,1-7d,0.288,0.3207142857142857,0.020341581632653063,0.0099428571428571,0.016,0.032714285714285696,1,1,1,0,0,0
2024-09-02,4,1-7d,0.287,0.3207142857142857,0.020484438775510205,0.0089428571428571,0.015,0.0337142857142857,1,1,1,0,0,0
2024-09-02,5,1-7d,0.285,0.3207142857142857,0.02077015306122449,0.00945,0.015,0.0357142857142857,1,1,1,0,0,0
2024-09-02,6,1-7d,0.284,0.3207142857142857,0.020913010204081633,0.0086714285714285,0.015,0.0367142857142857,1,1,1,0,0,0
2024-09-02,7,1-7d,0.282,0.3207142857142857,0.02119872448979592,0.0087,0.015,0.0387142857142857,1,1,1,0,0,0
2024-09-02,1,1-7d,0.554,0.4468571428571429,0.05686403061224493,0.0050714285714285,0.0109999999999998,0.10714285714285715,0,0,1,0,0,1
2024-09-02,2,1-7d,0.558,0.4468571428571429,0.05972117346938779,0.0050714285714285,0.0109999999999998,0.11114285714285715,0,0,1,0,0,1
2024-09-02,3,1-7d,0.561,0.4468571428571429,0.061864030612244936,0.0057857142857142,0.0119999999999999,0.11414285714285716,0,0,1,0,0,1
2024-09-02,4,1-7d,0.565,0.4468571428571429,0.06472117346938772,0.0055285714285714,0.012,0.11814285714285705,0,0,1,0,0,1
2024-09-02,5,1-7d,0.569,0.4468571428571429,0.06757831632653058,0.0055285714285714,0.012,0.12214285714285705,0,0,1,0,0,1
2024-09-02,6,1-7d,0.573,0.4468571428571429,0.07043545918367343,0.0053857142857142,0.011,0.12614285714285706,0,0,1,0,0,1
2024-09-02,7,1-7d,0.577,0.4468571428571429,0.0732926020408163,0.0053214285714285,0.011,0.13014285714285706,0,0,1,0,0,1
2024-09-02,1,1-7d,0.174,0.2144285714285714,0.021443622448979592,0.0456999999999999,0.0489999999999999,0.040428571428571425,1,1,1,0,0,0
2024-09-02,2,1-7d,0.172,0.2144285714285714,0.021729336734693877,0.0461714285714285,0.0489999999999999,0.04242857142857143,1,1,1,0,0,0
2024-09-02,3,1-7d,0.17,0.2144285714285714,0.022015051020408162,0.0466714285714285,0.05,0.0444285714285714,1,1,1,0,0,0
2024-09-02,4,1-7d,0.168,0.2144285714285714,0.02230076530612245,0.0467,0.05,0.0464285714285714,1,1,1,0,0,0
2024-09-02,5,1-7d,0.165,0.2144285714285714,0.022729336734693878,0.0461714285714285,0.049,0.049428571428571405,1,1,1,0,0,0
2024-09-02,6,1-7d,0.163,0.2144285714285714,0.023015051020408163,0.0465928571428571,0.05,0.05142857142857141,1,1,1,0,0,0
2024-09-02,7,1-7d,0.161,0.2144285714285714,0.02330076530612245,0.0466714285714285,0.05,0.05342857142857141,1,1,1,0,0,0
2024-09-02,1,1-7d,0.055,0.0684285714285714,0.017586479591836734,0.0047,0.0069999999999999,0.013428571428571394,1,1,1,0,0,0
2024-09-02,2,1-7d,0.053,0.0684285714285714,0.01787219387755102,0.0039142857142857,0.0059999999999999,0.015428571428571396,1,1,1,0,0,0
2024-09-02,3,1-7d,0.052,0.0684285714285714,0.018015051020408162,0.0043214285714285,0.0069999999999999,0.016428571428571397,1,1,1,0,0,0
2024-09-02,4,1-7d,0.051,0.0684285714285714,0.018157908163265308,0.0046714285714285,0.0069999999999999,0.017428571428571397,1,1,1,0,0,0
2024-09-02,5,1-7d,0.05,0.0684285714285714,0.018300765306122447,0.0046714285714285,0.007,0.01842857142857139,1,1,1,0,0,0
2024-09-02,6,1-7d,0.048,0.0684285714285714,0.018586479591836732,0.0038857142857142,0.0059999999999999,0.020428571428571393,1,1,1,0,0,0
2024-09-02,7,1-7d,0.047,0.0684285714285714,0.018729336734693874,0.0039142857142857,0.0059999999999999,0.021428571428571394,1,1,1,0,0,0
2024-09-02,1,1-7d,0.935,0.8172857142857143,0.06441505102040822,0.0017428571428571,0.0039999999999998,0.11771428571428577,0,0,1,0,1,1
2024-09-02,2,1-7d,0.937,0.8172857142857143,0.06584362244897965,0.001592857142857,0.0029999999999998,0.11971428571428577,0,0,1,0,1,1
2024-09-02,3,1-7d,0.939,0.8172857142857143,0.067272193877551,0.0015214285714285,0.003,0.12171428571428566,0,0,1,0,1,1
2024-09-02,4,1-7d,0.941,0.8172857142857143,0.06870076530612243,0.0013142857142857,0.003,0.12371428571428567,0,0,1,0,1,1
2024-09-02,5,1-7d,0.943,0.8172857142857143,0.07012933673469386,0.0012785714285714,0.003,0.12571428571428567,0,0,1,0,1,1
2024-09-02,6,1-7d,0.944,0.8172857142857143,0.07084362244897957,0.0014928571428571,0.003,0.12671428571428567,0,0,1,0,1,1
2024-09-02,7,1-7d,0.946,0.8172857142857143,0.072272193877551,0.0013,0.003,0.12871428571428567,0,0,1,0,1,1
2024-09-02,1,1-7d,0.025,0.1142857142857143,0.03754566326530613,0.0113,0.012,0.0892857142857143,0,1,1,0,0,0
2024-09-02,2,1-7d,0.024,0.1142857142857143,0.03797423469387756,0.0110071428571428,0.012,0.0902857142857143,0,1,1,0,0,0
2024-09-02,3,1-7d,0.023,0.1142857142857143,0.03840280612244899,0.0103,0.011,0.0912857142857143,0,1,1,0,0,0
2024-09-02,4,1-7d,0.022,0.1142857142857143,0.03883137755102042,0.0100071428571428,0.011,0.0922857142857143,0,1,1,0,0,0
2024-09-02,5,1-7d,0.022,0.1142857142857143,0.03883137755102042,0.0102928571428571,0.011,0.0922857142857143,0,1,1,0,0,0
2024-09-02,6,1-7d,0.021,0.1142857142857143,0.03925994897959185,0.0099785714285714,0.011,0.09328571428571429,0,1,1,0,0,0
2024-09-02,7,1-7d,0.02,0.1142857142857143,0.03968852040816328,0.0092214285714285,0.01,0.09428571428571429,0,1,1,0,0,0
2024-09-02,8,8-14d,0.052,0.1342857142857142,0.033075892857142845,0.0071357142857142,0.0139999999999999,0.08228571428571421,0,1,1,0,0,1
2024-09-02,9,8-14d,0.051,0.1342857142857142,0.033504464285714276,0.0071357142857142,0.0139999999999999,0.08328571428571421,0,1,1,0,0,1
2024-09-02,8,8-14d,0.932,0.6975714285714286,0.1432493622448979,0.0035499999999999,0.008,0.23442857142857143,0,0,1,0,1,1
2024-09-02,9,8-14d,0.934,0.6975714285714286,0.14467793367346934,0.0035357142857142,0.008,0.23642857142857143,0,0,1,0,1,1
2024-09-02,8,8-14d,0.053,0.1454285714285714,0.03742283163265307,0.01715,0.0239999999999999,0.09242857142857142,0,1,1,0,0,0
2024-09-02,9,8-14d,0.052,0.1454285714285714,0.037851403061224496,0.0169285714285714,0.0239999999999999,0.09342857142857142,0,1,1,0,0,0
2024-09-02,8,8-14d,0.071,0.0538571428571428,0.020004464285714296,0.0160928571428571,0.0239999999999999,0.017142857142857196,0,1,1,0,0,0
2024-09-02,9,8-14d,0.07,0.0538571428571428,0.019626913265306134,0.0160928571428571,0.024,0.01614285714285721,1,1,1,0,0,0
2024-09-02,10,8-14d,0.069,0.0538571428571428,0.01948405612244899,0.0163714285714285,0.024,0.015142857142857208,1,1,1,0,0,0
2024-09-02,8,8-14d,0.93,0.8738571428571429,0.03671875000000001,0.0023214285714285,0.003,0.05614285714285716,0,1,1,1,1,1
2024-09-02,9,8-14d,0.932,0.8738571428571429,0.03757589285714286,0.0023071428571428,0.003,0.05814285714285716,0,1,1,1,1,1
2024-09-02,10,8-14d,0.934,0.8738571428571429,0.038433035714285725,0.0021357142857142,0.002,0.060142857142857165,0,1,1,1,1,1
2024-09-02,8,8-14d,0.039,0.0605714285714285,0.02040242346938775,0.0161571428571428,0.02,0.0215714285714285,1,1,1,0,0,0
2024-09-02,9,8-14d,0.038,0.0605714285714285,0.020545280612244893,0.0161499999999999,0.02,0.0225714285714285,1,1,1,0,0,0
2024-09-02,10,8-14d,0.037,0.0605714285714285,0.020688137755102035,0.0157214285714285,0.019,0.0235714285714285,1,1,1,0,0,0
2024-09-02,8,8-14d,0.281,0.3207142857142857,0.022994260204081626,0.0086714285714285,0.0149999999999999,0.039714285714285646,1,1,1,0,0,0
2024-09-02,9,8-14d,0.279,0.3207142857142857,0.02327997448979591,0.0086999999999999,0.0149999999999999,0.04171428571428565,1,1,1,0,0,0
2024-09-02,10,8-14d,0.278,0.3207142857142857,0.023422831632653053,0.0077785714285713,0.0139999999999999,0.04271428571428565,1,1,1,0,0,0
2024-09-02,8,8-14d,0.581,0.4468571428571429,0.07161670918367337,0.0051071428571428,0.011,0.13414285714285706,0,0,1,0,0,1
2024-09-02,9,8-14d,0.585,0.4468571428571429,0.07447385204081623,0.00485,0.011,0.13814285714285707,0,0,1,0,0,1
2024-09-02,10,8-14d,0.589,0.4468571428571429,0.0773309948979591,0.0048571428571428,0.011,0.14214285714285707,0,0,1,0,0,1
2024-09-02,8,8-14d,0.159,0.2144285714285714,0.025239158163265305,0.0466714285714285,0.05,0.05542857142857141,1,1,1,0,0,0
2024-09-02,9,8-14d,0.157,0.2144285714285714,0.02552487244897959,0.0471428571428571,0.05,0.05742857142857141,1,1,1,0,0,0
2024-09-02,10,8-14d,0.155,0.2144285714285714,0.02581058673469388,0.0474214285714285,0.05,0.059428571428571414,1,1,1,0,0,0
2024-09-02,8,8-14d,0.046,0.0684285714285714,0.020524872448979593,0.0041928571428571,0.0059999999999999,0.022428571428571395,1,1,1,0,0,0
2024-09-02,9,8-14d,0.045,0.0684285714285714,0.020667729591836735,0.0044499999999999,0.0059999999999999,0.023428571428571396,1,1,1,0,0,0
2024-09-02,10,8-14d,0.044,0.0684285714285714,0.020810586734693878,0.0045928571428571,0.0069999999999999,0.024428571428571397,1,1,1,0,0,0
2024-09-02,8,8-14d,0.948,0.8172857142857143,0.06916772959183666,0.0012071428571428,0.003,0.13071428571428567,0,0,1,0,1,1
2024-09-02,9,8-14d,0.949,0.8172857142857143,0.06988201530612238,0.0012714285714285,0.003,0.13171428571428567,0,0,1,0,1,1
2024-09-02,10,8-14d,0.951,0.8172857142857143,0.0713105867346938,0.0010571428571428,0.002,0.13371428571428567,0,0,1,0,1,1
2024-09-02,8,8-14d,0.019,0.1142857142857143,0.038647321428571454,0.0088357142857142,0.009,0.09528571428571429,0,1,1,0,0,0
2024-09-02,9,8-14d,0.019,0.1142857142857143,0.038647321428571454,0.0090071428571428,0.01,0.09528571428571429,0,1,1,0,0,0
2024-09-02,10,8-14d,0.018,0.1142857142857143,0.03907589285714287,0.0085714285714285,0.009,0.0962857142857143,0,1,1,0,0,0
2024-11-08,1,1-7d,0.02,0.0221428571428571,0.015785714285714285,0.0154714285714285,0.017,0.002142857142857099,1,1,1,0,0,0
2024-11-08,2,1-7d,0.02,0.0221428571428571,0.015785714285714285,0.0154714285714285,0.017,0.002142857142857099,1,1,1,0,0,0
2024-11-08,3,1-7d,0.02,0.0221428571428571,0.015785714285714285,0.0160785714285714,0.017,0.002142857142857099,1,1,1,0,0,0
2024-11-08,4,1-7d,0.02,0.0221428571428571,0.015785714285714285,0.0160785714285714,0.017,0.002142857142857099,1,1,1,0,0,0
2024-11-08,5,1-7d,0.019,0.0221428571428571,0.015928571428571427,0.0152928571428571,0.016,0.0031428571428571,1,1,1,0,0,0
2024-11-08,6,1-7d,0.019,0.0221428571428571,0.015928571428571427,0.0153,0.016,0.0031428571428571,1,1,1,0,0,0
2024-11-08,7,1-7d,0.019,0.0221428571428571,0.015928571428571427,0.0154428571428571,0.017,0.0031428571428571,1,1,1,0,0,0
2024-11-08,1,1-7d,0.013,0.0282857142857142,0.017663265306122444,0.0083,0.009,0.0152857142857142,1,1,1,0,0,0
2024-11-08,2,1-7d,0.013,0.0282857142857142,0.017663265306122444,0.0087499999999999,0.0099999999999999,0.0152857142857142,1,1,1,0,0,0
2024-11-08,3,1-7d,0.012,0.0282857142857142,0.017806122448979583,0.00775,0.009,0.0162857142857142,1,1,1,0,0,0
2024-11-08,4,1-7d,0.012,0.0282857142857142,0.017806122448979583,0.0080071428571428,0.009,0.0162857142857142,1,1,1,0,0,0
2024-11-08,5,1-7d,0.012,0.0282857142857142,0.017806122448979583,0.0080071428571428,0.009,0.0162857142857142,1,1,1,0,0,0
2024-11-08,6,1-7d,0.012,0.0282857142857142,0.017806122448979583,0.0082928571428571,0.009,0.0162857142857142,1,1,1,0,0,0
2024-11-08,7,1-7d,0.011,0.0282857142857142,0.017948979591836726,0.0075714285714285,0.008,0.0172857142857142,1,1,1,0,0,0
2024-11-08,1,1-7d,0.516,0.6468571428571429,0.05701020408163267,0.0559785714285714,0.092,0.1308571428571429,0,0,1,0,0,0
2024-11-08,2,1-7d,0.512,0.6468571428571429,0.05986734693877553,0.05845,0.095,0.1348571428571429,0,0,1,0,0,0
2024-11-08,3,1-7d,0.509,0.6468571428571429,0.06201020408163267,0.0616642857142857,0.099,0.1378571428571429,0,0,1,0,0,0
2024-11-08,4,1-7d,0.505,0.6468571428571429,0.06486734693877554,0.0639928571428571,0.1019999999999999,0.1418571428571429,0,0,1,0,0,0
2024-11-08,5,1-7d,0.502,0.6468571428571429,0.06701020408163268,0.0671,0.1049999999999999,0.1448571428571429,0,0,1,0,0,0
2024-11-08,6,1-7d,0.498,0.6468571428571429,0.06986734693877554,0.0696,0.1079999999999999,0.1488571428571429,0,0,1,0,0,0
2024-11-08,7,1-7d,0.494,0.6468571428571429,0.0727244897959184,0.0718714285714285,0.1109999999999999,0.1528571428571429,0,0,1,0,0,0
2024-11-08,1,1-7d,0.41,0.199,0.12766326530612243,0.0831285714285714,0.125,0.21099999999999997,0,0,1,0,0,0
2024-11-08,2,1-7d,0.415,0.199,0.131234693877551,0.0855928571428571,0.128,0.21599999999999997,0,0,1,0,0,0
2024-11-08,3,1-7d,0.42,0.199,0.13480612244897958,0.0880857142857143,0.131,0.22099999999999997,0,0,1,0,0,0
2024-11-08,4,1-7d,0.425,0.199,0.13837755102040813,0.0903428571428571,0.134,0.22599999999999998,0,0,1,0,0,0
2024-11-08,5,1-7d,0.43,0.199,0.14194897959183672,0.0930857142857142,0.1369999999999999,0.23099999999999998,0,0,1,0,0,0
2024-11-08,6,1-7d,0.435,0.199,0.14626530612244895,0.0956214285714285,0.1399999999999999,0.236,0,0,0,0,0,0
2024-11-08,7,1-7d,0.44,0.199,0.15126530612244896,0.0980857142857142,0.1429999999999999,0.241,0,0,0,0,0,0
2024-11-08,1,1-7d,0.015,0.0249999999999999,0.016908163265306114,0.0074499999999999,0.0099999999999999,0.009999999999999901,1,1,1,0,0,0
2024-11-08,2,1-7d,0.015,0.0249999999999999,0.016908163265306114,0.0080142857142857,0.0099999999999999,0.009999999999999901,1,1,1,0,0,0
2024-11-08,3,1-7d,0.015,0.0249999999999999,0.016908163265306114,0.0082999999999999,0.0099999999999999,0.009999999999999901,1,1,1,0,0,0
2024-11-08,4,1-7d,0.014,0.0249999999999999,0.017051020408163257,0.0073,0.009,0.0109999999999999,1,1,1,0,0,0
2024-11-08,5,1-7d,0.014,0.0249999999999999,0.017051020408163257,0.0073,0.009,0.0109999999999999,1,1,1,0,0,0
2024-11-08,6,1-7d,0.014,0.0249999999999999,0.017051020408163257,0.0077285714285714,0.01,0.0109999999999999,1,1,1,0,0,0
2024-11-08,7,1-7d,0.014,0.0249999999999999,0.017051020408163257,0.0082,0.01,0.0109999999999999,1,1,1,0,0,0
2024-11-08,1,1-7d,0.049,0.0505714285714285,0.015704081632653057,0.0374857142857142,0.04,0.0015714285714285015,1,1,1,0,0,0
2024-11-08,2,1-7d,0.048,0.0505714285714285,0.0158469387755102,0.0367714285714285,0.039,0.0025714285714285023,1,1,1,0,0,0
2024-11-08,3,1-7d,0.048,0.0505714285714285,0.0158469387755102,0.0370285714285714,0.039,0.0025714285714285023,1,1,1,0,0,0
2024-11-08,4,1-7d,0.048,0.0505714285714285,0.0158469387755102,0.0377642857142857,0.04,0.0025714285714285023,1,1,1,0,0,0
2024-11-08,5,1-7d,0.047,0.0505714285714285,0.015989795918367345,0.0370214285714285,0.039,0.0035714285714285032,1,1,1,0,0,0
2024-11-08,6,1-7d,0.047,0.0505714285714285,0.015989795918367345,0.0373071428571428,0.039,0.0035714285714285032,1,1,1,0,0,0
2024-11-08,7,1-7d,0.047,0.0505714285714285,0.015989795918367345,0.0377357142857142,0.04,0.0035714285714285032,1,1,1,0,0,0
2024-11-08,1,1-7d,0.012,0.0,0.017193877551020413,0.0095714285714285,0.01,0.012,1,1,1,0,0,0
2024-11-08,2,1-7d,0.012,0.0,0.017193877551020413,0.0095714285714285,0.01,0.012,1,1,1,0,0,0
2024-11-08,3,1-7d,0.012,0.0,0.017193877551020413,0.0098285714285714,0.01,0.012,1,1,1,0,0,0
2024-11-08,4,1-7d,0.012,0.0,0.017193877551020413,0.0099714285714285,0.011,0.012,1,1,1,0,0,0
2024-11-08,5,1-7d,0.011,0.0,0.01705102040816327,0.0089714285714285,0.0099999999999999,0.011,1,1,1,0,0,0
2024-11-08,6,1-7d,0.011,0.0,0.01705102040816327,0.0089714285714285,0.0099999999999999,0.011,1,1,1,0,0,0
2024-11-08,7,1-7d,0.011,0.0,0.01705102040816327,0.0089714285714285,0.0099999999999999,0.011,1,1,1,0,0,0
2024-11-08,1,1-7d,0.026,0.0144285714285714,0.0171326530612245,0.0188,0.0199999999999999,0.011571428571428599,1,1,1,0,0,0
2024-11-08,2,1-7d,0.026,0.0144285714285714,0.0171326530612245,0.0194785714285714,0.0209999999999999,0.011571428571428599,1,1,1,0,0,0
2024-11-08,3,1-7d,0.026,0.0144285714285714,0.0171326530612245,0.01955,0.0209999999999999,0.011571428571428599,1,1,1,0,0,0
2024-11-08,4,1-7d,0.025,0.0144285714285714,0.016989795918367356,0.01855,0.02,0.010571428571428601,1,1,1,0,0,0
2024-11-08,5,1-7d,0.025,0.0144285714285714,0.016989795918367356,0.0193285714285714,0.02,0.010571428571428601,1,1,1,0,0,0
2024-11-08,6,1-7d,0.024,0.0144285714285714,0.016846938775510214,0.0184714285714285,0.02,0.0095714285714286,1,1,1,0,0,0
2024-11-08,7,1-7d,0.024,0.0144285714285714,0.016846938775510214,0.0184785714285714,0.02,0.0095714285714286,1,1,1,0,0,0
2024-11-08,1,1-7d,0.399,0.6982857142857143,0.20506122448979594,0.0232571428571428,0.0469999999999999,0.29928571428571427,0,0,0,0,0,1
2024-11-08,2,1-7d,0.396,0.6982857142857143,0.20806122448979592,0.0224142857142857,0.0459999999999999,0.30228571428571427,0,0,0,0,0,1
2024-11-08,3,1-7d,0.392,0.6982857142857143,0.21206122448979592,0.0221642857142857,0.0459999999999999,0.3062857142857143,0,0,0,0,0,1
2024-11-08,4,1-7d,0.389,0.6982857142857143,0.2150612244897959,0.0211357142857142,0.0439999999999999,0.3092857142857143,0,0,0,0,0,1
2024-11-08,5,1-7d,0.385,0.6982857142857143,0.21906122448979595,0.0208071428571428,0.0439999999999999,0.3132857142857143,0,0,0,0,0,1
2024-11-08,6,1-7d,0.381,0.6982857142857143,0.2230612244897959,0.0206071428571428,0.0439999999999999,0.3172857142857143,0,0,0,0,0,1
2024-11-08,7,1-7d,0.378,0.6982857142857143,0.22606122448979593,0.0194285714285714,0.0429999999999999,0.3202857142857143,0,0,0,0,0,1
2024-11-08,1,1-7d,0.492,0.2462857142857142,0.15597959183673477,0.0067071428571428,0.0,0.2457142857142858,0,0,0,1,1,1
2024-11-08,2,1-7d,0.497,0.2462857142857142,0.16097959183673474,0.007,0.001,0.2507142857142858,0,0,0,1,1,1
2024-11-08,3,1-7d,0.501,0.2462857142857142,0.16497959183673475,0.0072142857142857,0.002,0.2547142857142858,0,0,0,1,1,1
2024-11-08,4,1-7d,0.506,0.2462857142857142,0.16997959183673478,0.0073357142857142,0.002,0.2597142857142858,0,0,0,1,1,1
2024-11-08,5,1-7d,0.51,0.2462857142857142,0.17397959183673478,0.0076642857142857,0.004,0.2637142857142858,0,0,0,1,1,1
2024-11-08,6,1-7d,0.515,0.2462857142857142,0.17897959183673476,0.0078,0.004,0.2687142857142858,0,0,0,1,1,1
2024-11-08,7,1-7d,0.519,0.2462857142857142,0.18297959183673476,0.0079571428571428,0.005,0.2727142857142858,0,0,0,1,1,1
2024-11-08,1,1-7d,0.007,0.0,0.0164795918367347,0.0008642857142857,0.002,0.007,1,1,1,0,1,1
2024-11-08,2,1-7d,0.007,0.0,0.0164795918367347,0.0011214285714285,0.002,0.007,1,1,1,0,0,1
2024-11-08,3,1-7d,0.007,0.0,0.0164795918367347,0.0013428571428571,0.003,0.007,1,1,1,0,0,1
2024-11-08,4,1-7d,0.006,0.0,0.016336734693877558,0.0008357142857142,0.002,0.006,1,1,1,0,1,1
2024-11-08,5,1-7d,0.006,0.0,0.016336734693877558,0.0008357142857142,0.002,0.006,1,1,1,0,1,1
2024-11-08,6,1-7d,0.006,0.0,0.016336734693877558,0.0008357142857142,0.002,0.006,1,1,1,0,1,1
2024-11-08,7,1-7d,0.006,0.0,0.016336734693877558,0.0008642857142857,0.002,0.006,1,1,1,0,1,1
2024-11-08,1,1-7d,0.047,0.0407142857142857,0.01637755102040817,0.0335642857142857,0.036,0.006285714285714297,1,1,1,0,0,0
2024-11-08,2,1-7d,0.046,0.0407142857142857,0.016234693877551026,0.0326642857142857,0.035,0.005285714285714296,1,1,1,0,0,0
2024-11-08,3,1-7d,0.046,0.0407142857142857,0.016234693877551026,0.0334142857142857,0.035,0.005285714285714296,1,1,1,0,0,0
2024-11-08,4,1-7d,0.046,0.0407142857142857,0.016234693877551026,0.0335571428571428,0.036,0.005285714285714296,1,1,1,0,0,0
2024-11-08,5,1-7d,0.046,0.0407142857142857,0.016234693877551026,0.0341571428571428,0.036,0.005285714285714296,1,1,1,0,0,0
2024-11-08,6,1-7d,0.045,0.0407142857142857,0.016091836734693884,0.0334142857142857,0.0349999999999999,0.0042857142857142955,1,1,1,0,0,0
2024-11-08,7,1-7d,0.045,0.0407142857142857,0.016091836734693884,0.0338357142857142,0.036,0.0042857142857142955,1,1,1,0,0,0
2024-11-08,1,1-7d,0.045,0.0627142857142857,0.018010204081632654,0.0254714285714285,0.027,0.017714285714285696,1,1,1,0,0,0
2024-11-08,2,1-7d,0.044,0.0627142857142857,0.018153061224489796,0.0251142857142857,0.026,0.018714285714285697,1,1,1,0,0,0
2024-11-08,3,1-7d,0.043,0.0627142857142857,0.018295918367346942,0.0250857142857142,0.0259999999999999,0.019714285714285698,1,1,1,0,0,0
2024-11-08,4,1-7d,0.042,0.0627142857142857,0.018438775510204085,0.0244714285714285,0.026,0.020714285714285692,1,1,1,0,0,0
2024-11-08,5,1-7d,0.041,0.0627142857142857,0.018581632653061227,0.0243285714285714,0.025,0.021714285714285693,1,1,1,0,0,0
2024-11-08,6,1-7d,0.04,0.0627142857142857,0.01872448979591837,0.0240857142857142,0.025,0.022714285714285694,1,1,1,0,0,0
2024-11-08,7,1-7d,0.039,0.0627142857142857,0.018867346938775512,0.02375,0.025,0.023714285714285695,1,1,1,0,0,0
2024-11-08,1,1-7d,0.048,0.03,0.01805102040816327,0.0310857142857142,0.032,0.018000000000000002,1,1,1,0,0,0
2024-11-08,2,1-7d,0.047,0.03,0.017908163265306126,0.0307499999999999,0.032,0.017,1,1,1,0,0,0
2024-11-08,3,1-7d,0.046,0.03,0.017765306122448987,0.0303285714285714,0.031,0.016,1,1,1,0,0,0
2024-11-08,4,1-7d,0.046,0.03,0.017765306122448987,0.0310857142857142,0.032,0.016,1,1,1,0,0,0
2024-11-08,5,1-7d,0.045,0.03,0.017622448979591844,0.0306071428571428,0.031,0.015,1,1,1,0,0,0
2024-11-08,6,1-7d,0.044,0.03,0.0174795918367347,0.0302999999999999,0.031,0.013999999999999999,1,1,1,0,0,0
2024-11-08,7,1-7d,0.043,0.03,0.017336734693877556,0.0300071428571428,0.0309999999999999,0.012999999999999998,1,1,1,0,0,0
2024-11-08,1,1-7d,0.533,0.508,0.020438775510204073,0.0181285714285714,0.0369999999999999,0.025000000000000022,0,1,1,0,0,1
2024-11-08,2,1-7d,0.531,0.508,0.019581632653061214,0.0157785714285714,0.0339999999999999,0.02300000000000002,0,1,1,0,0,1
2024-11-08,3,1-7d,0.528,0.508,0.018336734693877563,0.0139214285714285,0.032,0.020000000000000018,1,1,1,0,0,1
2024-11-08,4,1-7d,0.526,0.508,0.01805102040816328,0.0116785714285714,0.028,0.018000000000000016,1,1,1,0,1,1
2024-11-08,5,1-7d,0.524,0.508,0.017765306122448993,0.0102571428571428,0.025,0.016000000000000014,1,1,1,0,1,1
2024-11-08,6,1-7d,0.521,0.508,0.017336734693877563,0.0090428571428571,0.022,0.013000000000000012,1,1,1,0,1,1
2024-11-08,7,1-7d,0.518,0.508,0.016908163265306135,0.0076571428571428,0.019,0.010000000000000009,1,1,1,0,1,1
2024-11-08,1,1-7d,0.236,0.1572857142857142,0.04345918367346941,0.0652428571428571,0.086,0.07871428571428579,0,1,1,0,0,0
2024-11-08,2,1-7d,0.242,0.1572857142857142,0.04603061224489798,0.0676,0.089,0.0847142857142858,0,1,1,0,0,0
2024-11-08,3,1-7d,0.247,0.1572857142857142,0.04817346938775513,0.0710785714285714,0.093,0.0897142857142858,0,1,1,0,0,0
2024-11-08,4,1-7d,0.253,0.1572857142857142,0.0507448979591837,0.07365,0.0959999999999999,0.09571428571428581,0,1,1,0,0,0
2024-11-08,5,1-7d,0.259,0.1572857142857142,0.05331632653061228,0.0764071428571428,0.0989999999999999,0.10171428571428581,0,1,1,0,0,0
2024-11-08,6,1-7d,0.264,0.1572857142857142,0.05545918367346942,0.0799071428571428,0.1039999999999999,0.10671428571428582,0,1,1,0,0,0
2024-11-08,7,1-7d,0.27,0.1572857142857142,0.05803061224489799,0.0827428571428571,0.1069999999999999,0.11271428571428582,0,1,1,0,0,0
2024-11-08,1,1-7d,0.024,0.0662857142857142,0.021520408163265302,0.0068357142857142,0.009,0.0422857142857142,1,1,1,0,0,0
2024-11-08,2,1-7d,0.023,0.0662857142857142,0.021663265306122444,0.0068357142857142,0.009,0.0432857142857142,1,1,1,0,0,0
2024-11-08,3,1-7d,0.022,0.0662857142857142,0.021806122448979587,0.0068357142857142,0.009,0.0442857142857142,1,1,1,0,0,0
2024-11-08,4,1-7d,0.022,0.0662857142857142,0.021806122448979587,0.0058357142857142,0.008,0.0442857142857142,1,1,1,0,0,0
2024-11-08,5,1-7d,0.021,0.0662857142857142,0.02194897959183673,0.0058357142857142,0.008,0.04528571428571419,1,1,1,0,0,0
2024-11-08,6,1-7d,0.02,0.0662857142857142,0.022091836734693872,0.0058357142857142,0.008,0.046285714285714194,1,1,1,0,0,0
2024-11-08,7,1-7d,0.02,0.0662857142857142,0.022091836734693872,0.0048357142857142,0.0069999999999999,0.046285714285714194,1,1,1,0,0,0
2024-11-08,1,1-7d,0.075,0.0964285714285714,0.018540816326530617,0.0364142857142857,0.038,0.021428571428571408,1,1,1,0,0,0
2024-11-08,2,1-7d,0.073,0.0964285714285714,0.0188265306122449,0.0358357142857142,0.0379999999999999,0.02342857142857141,1,1,1,0,0,0
2024-11-08,3,1-7d,0.072,0.0964285714285714,0.018969387755102044,0.0363071428571428,0.0379999999999999,0.02442857142857141,1,1,1,0,0,0
2024-11-08,4,1-7d,0.07,0.0964285714285714,0.019255102040816326,0.0356857142857142,0.037,0.0264285714285714,1,1,1,0,0,0
2024-11-08,5,1-7d,0.069,0.0964285714285714,0.019397959183673468,0.0358357142857142,0.038,0.0274285714285714,1,1,1,0,0,0
2024-11-08,6,1-7d,0.067,0.0964285714285714,0.019683673469387757,0.03505,0.037,0.0294285714285714,1,1,1,0,0,0
2024-11-08,7,1-7d,0.066,0.0964285714285714,0.0198265306122449,0.0355857142857142,0.037,0.030428571428571402,1,1,1,0,0,0
2024-11-08,1,1-7d,0.025,0.0,0.02043877551020407,0.0237214285714285,0.024,0.025,0,1,1,0,0,0
2024-11-08,2,1-7d,0.025,0.0,0.02043877551020407,0.024,0.024,0.025,0,1,1,0,0,0
2024-11-08,3,1-7d,0.025,0.0,0.02043877551020407,0.024,0.024,0.025,0,1,1,0,0,0
2024-11-08,4,1-7d,0.025,0.0,0.02043877551020407,0.024,0.024,0.025,0,1,1,0,0,0
2024-11-08,5,1-7d,0.025,0.0,0.02043877551020407,0.024,0.024,0.025,0,1,1,0,0,0
2024-11-08,6,1-7d,0.025,0.0,0.02043877551020407,0.024,0.024,0.025,0,1,1,0,0,0
2024-11-08,7,1-7d,0.024,0.0,0.020010204081632642,0.023,0.023,0.024,0,1,1,0,0,0
2024-11-08,1,1-7d,0.03,0.0231428571428571,0.0164591836734694,0.0244999999999999,0.0249999999999999,0.006857142857142898,1,1,1,0,0,0
2024-11-08,2,1-7d,0.029,0.0231428571428571,0.016316326530612258,0.0238285714285714,0.024,0.005857142857142901,1,1,1,0,0,0
2024-11-08,3,1-7d,0.029,0.0231428571428571,0.016316326530612258,0.0241071428571428,0.024,0.005857142857142901,1,1,1,0,0,0
2024-11-08,4,1-7d,0.028,0.0231428571428571,0.016173469387755112,0.0232571428571428,0.024,0.0048571428571429,1,1,1,0,0,0
2024-11-08,5,1-7d,0.028,0.0231428571428571,0.016173469387755112,0.0235,0.024,0.0048571428571429,1,1,1,0,0,0
2024-11-08,6,1-7d,0.027,0.0231428571428571,0.01603061224489797,0.0228285714285714,0.023,0.0038571428571428992,1,1,1,0,0,0
2024-11-08,7,1-7d,0.026,0.0231428571428571,0.015887755102040827,0.0221071428571428,0.022,0.0028571428571428983,1,1,1,0,0,0
2024-11-08,1,1-7d,0.475,0.4938571428571428,0.018173469387755103,0.0441214285714285,0.0689999999999999,0.018857142857142795,1,1,1,0,0,0
2024-11-08,2,1-7d,0.47,0.4938571428571428,0.01888775510204082,0.0470214285714285,0.0729999999999999,0.0238571428571428,1,1,1,0,0,0
2024-11-08,3,1-7d,0.465,0.4938571428571428,0.019602040816326525,0.0502714285714286,0.077,0.028857142857142748,1,1,1,0,0,0
2024-11-08,4,1-7d,0.46,0.4938571428571428,0.02031632653061224,0.0535642857142857,0.08,0.03385714285714275,1,1,1,0,0,0
2024-11-08,5,1-7d,0.455,0.4938571428571428,0.021030612244897957,0.0565071428571428,0.084,0.03885714285714276,1,1,1,0,0,0
2024-11-08,6,1-7d,0.45,0.4938571428571428,0.02174489795918367,0.0595428571428571,0.087,0.04385714285714276,1,1,1,0,0,0
2024-11-08,7,1-7d,0.445,0.4938571428571428,0.022459183673469385,0.0626857142857143,0.091,0.048857142857142766,1,1,1,0,0,0
2024-11-08,1,1-7d,0.43,0.4445714285714285,0.017561224489795912,0.1227642857142857,0.1499999999999999,0.014571428571428513,1,1,1,0,0,0
2024-11-08,2,1-7d,0.436,0.4445714285714285,0.016704081632653054,0.1258714285714285,0.1529999999999999,0.008571428571428508,1,1,1,0,0,0
2024-11-08,3,1-7d,0.442,0.4445714285714285,0.015846938775510196,0.1286,0.1559999999999999,0.0025714285714285023,1,1,1,0,0,0
2024-11-08,4,1-7d,0.449,0.4445714285714285,0.016112244897959198,0.1308142857142857,0.1589999999999999,0.004428571428571504,1,1,1,0,0,0
2024-11-08,5,1-7d,0.455,0.4445714285714285,0.016969387755102056,0.1335428571428571,0.1619999999999999,0.01042857142857151,1,1,1,0,0,0
2024-11-08,6,1-7d,0.461,0.4445714285714285,0.01782653061224491,0.1360499999999999,0.1649999999999999,0.016428571428571515,1,1,1,0,0,0
2024-11-08,7,1-7d,0.467,0.4445714285714285,0.01933673469387758,0.1387642857142856,0.1679999999999999,0.02242857142857152,0,1,1,0,0,0
2024-11-08,1,1-7d,0.005,0.0,0.016193877551020416,0.00325,0.004,0.005,1,1,1,0,0,0
2024-11-08,2,1-7d,0.005,0.0,0.016193877551020416,0.00325,0.004,0.005,1,1,1,0,0,0
2024-11-08,3,1-7d,0.004,0.0,0.016051020408163273,0.0024642857142857,0.003,0.004,1,1,1,0,0,0
2024-11-08,4,1-7d,0.004,0.0,0.016051020408163273,0.0024642857142857,0.003,0.004,1,1,1,0,0,0
2024-11-08,5,1-7d,0.004,0.0,0.016051020408163273,0.0027214285714285,0.003,0.004,1,1,1,0,0,0
2024-11-08,6,1-7d,0.004,0.0,0.016051020408163273,0.0027214285714285,0.003,0.004,1,1,1,0,0,0
2024-11-08,7,1-7d,0.004,0.0,0.016051020408163273,0.0027214285714285,0.003,0.004,1,1,1,0,0,0
2024-11-08,1,1-7d,0.04,0.0227142857142857,0.017948979591836743,0.0344999999999999,0.035,0.0172857142857143,1,1,1,0,0,0
2024-11-08,2,1-7d,0.039,0.0227142857142857,0.0178061224489796,0.0338285714285714,0.034,0.0162857142857143,1,1,1,0,0,0
2024-11-08,3,1-7d,0.039,0.0227142857142857,0.0178061224489796,0.0339785714285714,0.035,0.0162857142857143,1,1,1,0,0,0
2024-11-08,4,1-7d,0.039,0.0227142857142857,0.0178061224489796,0.0342571428571428,0.035,0.0162857142857143,1,1,1,0,0,0
2024-11-08,5,1-7d,0.039,0.0227142857142857,0.0178061224489796,0.0344999999999999,0.035,0.0162857142857143,1,1,1,0,0,0
2024-11-08,6,1-7d,0.038,0.0227142857142857,0.017663265306122455,0.0338285714285714,0.034,0.015285714285714298,1,1,1,0,0,0
2024-11-08,7,1-7d,0.038,0.0227142857142857,0.017663265306122455,0.0338285714285714,0.034,0.015285714285714298,1,1,1,0,0,0
2024-11-08,8,8-14d,0.019,0.0221428571428571,0.01785612244897958,0.0154428571428571,0.017,0.0031428571428571,1,1,1,0,0,0
2024-11-08,9,8-14d,0.019,0.0221428571428571,0.01785612244897958,0.0157214285714285,0.017,0.0031428571428571,1,1,1,0,0,0
2024-11-08,10,8-14d,0.019,0.0221428571428571,0.01785612244897958,0.0160071428571428,0.017,0.0031428571428571,1,1,1,0,0,0
2024-11-08,11,8-14d,0.019,0.0221428571428571,0.01785612244897958,0.0160071428571428,0.017,0.0031428571428571,1,1,1,0,0,0
2024-11-08,12,8-14d,0.019,0.0221428571428571,0.01785612244897958,0.0160071428571428,0.017,0.0031428571428571,1,1,1,0,0,0
2024-11-08,13,8-14d,0.019,0.0221428571428571,0.01785612244897958,0.0162214285714285,0.017,0.0031428571428571,1,1,1,0,0,0
2024-11-08,14,8-14d,0.019,0.0221428571428571,0.01785612244897958,0.0162928571428571,0.017,0.0031428571428571,1,1,1,0,0,0
2024-11-08,8,8-14d,0.011,0.0282857142857142,0.01987653061224488,0.0075714285714285,0.008,0.0172857142857142,1,1,1,0,0,0
2024-11-08,9,8-14d,0.011,0.0282857142857142,0.01987653061224488,0.0079785714285714,0.009,0.0172857142857142,1,1,1,0,0,0
2024-11-08,10,8-14d,0.011,0.0282857142857142,0.01987653061224488,0.0079785714285714,0.009,0.0172857142857142,1,1,1,0,0,0
2024-11-08,11,8-14d,0.01,0.0282857142857142,0.020019387755102026,0.0069785714285714,0.008,0.018285714285714197,1,1,1,0,0,0
2024-11-08,12,8-14d,0.01,0.0282857142857142,0.020019387755102026,0.0072857142857142,0.008,0.018285714285714197,1,1,1,0,0,0
2024-11-08,13,8-14d,0.01,0.0282857142857142,0.020019387755102026,0.0075,0.008,0.018285714285714197,1,1,1,0,0,0
2024-11-08,14,8-14d,0.01,0.0282857142857142,0.020019387755102026,0.0075,0.008,0.018285714285714197,1,1,1,0,0,0
2024-11-08,8,8-14d,0.491,0.6468571428571429,0.06575408163265316,0.0751999999999999,0.1139999999999999,0.15585714285714292,0,0,1,0,0,0
2024-11-08,9,8-14d,0.487,0.6468571428571429,0.06861122448979602,0.0776642857142857,0.1169999999999999,0.15985714285714292,0,0,1,0,0,0
2024-11-08,10,8-14d,0.483,0.6468571428571429,0.07146836734693887,0.0799142857142857,0.12,0.16385714285714292,0,0,1,0,0,0
2024-11-08,11,8-14d,0.479,0.6468571428571429,0.07432551020408174,0.0821642857142857,0.123,0.16785714285714293,0,0,1,0,0,0
2024-11-08,12,8-14d,0.476,0.6468571428571429,0.07646836734693888,0.0855571428571428,0.127,0.17085714285714293,0,0,1,0,0,0
2024-11-08,13,8-14d,0.472,0.6468571428571429,0.07932551020408174,0.0877999999999999,0.1299999999999999,0.17485714285714293,0,0,1,0,0,0
2024-11-08,14,8-14d,0.468,0.6468571428571429,0.08218265306122455,0.0898142857142857,0.132,0.17885714285714288,0,0,1,0,0,0
2024-11-08,8,8-14d,0.445,0.199,0.15058265306122445,0.1003428571428571,0.1459999999999999,0.246,0,0,1,0,0,0
2024-11-08,9,8-14d,0.45,0.199,0.1542438775510204,0.10245,0.1479999999999999,0.251,0,0,0,0,0,0
2024-11-08,10,8-14d,0.455,0.199,0.15924387755102037,0.1049142857142857,0.1509999999999999,0.256,0,0,0,0,0,0
2024-11-08,11,8-14d,0.461,0.199,0.1652438775510204,0.1061428571428571,0.1529999999999999,0.262,0,0,0,0,0,0
2024-11-08,12,8-14d,0.466,0.199,0.1702438775510204,0.1083928571428571,0.1549999999999999,0.267,0,0,0,0,0,0
2024-11-08,13,8-14d,0.471,0.199,0.17524387755102036,0.1106428571428571,0.158,0.27199999999999996,0,0,0,0,0,0
2024-11-08,14,8-14d,0.476,0.199,0.18024387755102037,0.1129357142857143,0.16,0.27699999999999997,0,0,0,0,0,0
2024-11-08,8,8-14d,0.014,0.0249999999999999,0.018978571428571407,0.0082714285714285,0.01,0.0109999999999999,1,1,1,0,0,0
2024-11-08,9,8-14d,0.014,0.0249999999999999,0.018978571428571407,0.0082714285714285,0.01,0.0109999999999999,1,1,1,0,0,0
2024-11-08,10,8-14d,0.014,0.0249999999999999,0.018978571428571407,0.00855,0.01,0.0109999999999999,1,1,1,0,0,0
2024-11-08,11,8-14d,0.013,0.0249999999999999,0.01912142857142855,0.0075785714285714,0.009,0.011999999999999901,1,1,1,0,0,0
2024-11-08,12,8-14d,0.013,0.0249999999999999,0.01912142857142855,0.0078357142857142,0.009,0.011999999999999901,1,1,1,0,0,0
2024-11-08,13,8-14d,0.013,0.0249999999999999,0.01912142857142855,0.0081928571428571,0.0099999999999999,0.011999999999999901,1,1,1,0,0,0
2024-11-08,14,8-14d,0.013,0.0249999999999999,0.01912142857142855,0.0081928571428571,0.0099999999999999,0.011999999999999901,1,1,1,0,0,0
2024-11-08,8,8-14d,0.047,0.0505714285714285,0.0179173469387755,0.0383,0.04,0.0035714285714285032,1,1,1,0,0,0
2024-11-08,9,8-14d,0.047,0.0505714285714285,0.0179173469387755,0.0383,0.04,0.0035714285714285032,1,1,1,0,0,0
2024-11-08,10,8-14d,0.046,0.0505714285714285,0.01806020408163264,0.0375142857142857,0.039,0.004571428571428504,1,1,1,0,0,0
2024-11-08,11,8-14d,0.046,0.0505714285714285,0.01806020408163264,0.0382714285714285,0.04,0.004571428571428504,1,1,1,0,0,0
2024-11-08,12,8-14d,0.046,0.0505714285714285,0.01806020408163264,0.0382714285714285,0.04,0.004571428571428504,1,1,1,0,0,0
2024-11-08,13,8-14d,0.046,0.0505714285714285,0.01806020408163264,0.0385785714285714,0.04,0.004571428571428504,1,1,1,0,0,0
2024-11-08,14,8-14d,0.046,0.0505714285714285,0.01806020408163264,0.0390499999999999,0.04,0.004571428571428504,1,1,1,0,0,0
2024-11-08,8,8-14d,0.011,0.0,0.018978571428571425,0.0089714285714285,0.0099999999999999,0.011,1,1,1,0,0,0
2024-11-08,9,8-14d,0.011,0.0,0.018978571428571425,0.0092499999999999,0.0099999999999999,0.011,1,1,1,0,0,0
2024-11-08,10,8-14d,0.01,0.0,0.018835714285714282,0.0084642857142857,0.009,0.01,1,1,1,0,0,0
2024-11-08,11,8-14d,0.01,0.0,0.018835714285714282,0.0084714285714285,0.009,0.01,1,1,1,0,0,0
2024-11-08,12,8-14d,0.01,0.0,0.018835714285714282,0.0084714285714285,0.009,0.01,1,1,1,0,0,0
2024-11-08,13,8-14d,0.01,0.0,0.018835714285714282,0.0084714285714285,0.009,0.01,1,1,1,0,0,0
2024-11-08,14,8-14d,0.01,0.0,0.018835714285714282,0.0084714285714285,0.009,0.01,1,1,1,0,0,0
2024-11-08,8,8-14d,0.023,0.0144285714285714,0.018631632653061222,0.0178285714285714,0.019,0.0085714285714286,1,1,1,0,0,0
2024-11-08,9,8-14d,0.023,0.0144285714285714,0.018631632653061222,0.0180857142857142,0.019,0.0085714285714286,1,1,1,0,0,0
2024-11-08,10,8-14d,0.023,0.0144285714285714,0.018631632653061222,0.0183,0.019,0.0085714285714286,1,1,1,0,0,0
2024-11-08,11,8-14d,0.022,0.0144285714285714,0.01848877551020408,0.0173,0.018,0.007571428571428599,1,1,1,0,0,0
2024-11-08,12,8-14d,0.022,0.0144285714285714,0.01848877551020408,0.0177499999999999,0.019,0.007571428571428599,1,1,1,0,0,0
2024-11-08,13,8-14d,0.022,0.0144285714285714,0.01848877551020408,0.0177499999999999,0.019,0.007571428571428599,1,1,1,0,0,0
2024-11-08,14,8-14d,0.021,0.0144285714285714,0.01834591836734694,0.0170071428571428,0.018,0.006571428571428601,1,1,1,0,0,0
2024-11-08,8,8-14d,0.375,0.6982857142857143,0.22157448979591843,0.0186071428571428,0.0409999999999999,0.3232857142857143,0,0,0,0,0,1
2024-11-08,9,8-14d,0.371,0.6982857142857143,0.22557448979591843,0.01815,0.0409999999999999,0.3272857142857143,0,0,0,0,0,1
2024-11-08,10,8-14d,0.368,0.6982857142857143,0.22857448979591846,0.0173214285714285,0.0389999999999999,0.3302857142857143,0,0,0,0,1,1
2024-11-08,11,8-14d,0.364,0.6982857142857143,0.23257448979591847,0.01715,0.039,0.3342857142857143,0,0,0,0,1,1
2024-11-08,12,8-14d,0.361,0.6982857142857143,0.23557448979591844,0.0165714285714285,0.038,0.3372857142857143,0,0,0,0,1,1
2024-11-08,13,8-14d,0.357,0.6982857142857143,0.23957448979591844,0.0166071428571428,0.038,0.3412857142857143,0,0,0,0,1,1
2024-11-08,14,8-14d,0.353,0.6982857142857143,0.24357448979591845,0.01625,0.037,0.3452857142857143,0,0,0,0,1,1
2024-11-08,8,8-14d,0.523,0.2462857142857142,0.1799581632653062,0.0083142857142857,0.007,0.2767142857142858,0,0,0,1,1,1
2024-11-08,9,8-14d,0.527,0.2462857142857142,0.1839581632653062,0.0084642857142857,0.008,0.2807142857142858,0,0,0,1,1,1
2024-11-08,10,8-14d,0.531,0.2462857142857142,0.1879581632653062,0.0087499999999999,0.009,0.2847142857142858,0,0,0,1,1,1
2024-11-08,11,8-14d,0.534,0.2462857142857142,0.1909581632653062,0.0090714285714285,0.011,0.2877142857142858,0,0,0,1,1,1
2024-11-08,12,8-14d,0.538,0.2462857142857142,0.1949581632653062,0.0092285714285714,0.012,0.2917142857142858,0,0,0,1,1,1
2024-11-08,13,8-14d,0.542,0.2462857142857142,0.19895816326530621,0.0094428571428571,0.013,0.2957142857142858,0,0,0,1,1,1
2024-11-08,14,8-14d,0.546,0.2462857142857142,0.20295816326530622,0.0095928571428571,0.014,0.2997142857142858,0,0,0,1,1,1
2024-11-08,8,8-14d,0.006,0.0,0.01826428571428571,0.0011214285714285,0.002,0.006,1,1,1,0,0,1
2024-11-08,9,8-14d,0.006,0.0,0.01826428571428571,0.0011142857142857,0.002,0.006,1,1,1,0,0,1
2024-11-08,10,8-14d,0.006,0.0,0.01826428571428571,0.0014714285714285,0.003,0.006,1,1,1,0,0,1
2024-11-08,11,8-14d,0.005,0.0,0.018121428571428566,0.0007571428571428,0.002,0.005,1,1,1,0,1,1
2024-11-08,12,8-14d,0.005,0.0,0.018121428571428566,0.0008285714285714,0.002,0.005,1,1,1,0,1,1
2024-11-08,13,8-14d,0.005,0.0,0.018121428571428566,0.0008285714285714,0.002,0.005,1,1,1,0,1,1
2024-11-08,14,8-14d,0.005,0.0,0.018121428571428566,0.0010785714285714,0.002,0.005,1,1,1,0,0,1
2024-11-08,8,8-14d,0.045,0.0407142857142857,0.018019387755102038,0.0343071428571428,0.036,0.0042857142857142955,1,1,1,0,0,0
2024-11-08,9,8-14d,0.044,0.0407142857142857,0.017876530612244895,0.0334142857142857,0.0349999999999999,0.0032857142857142946,1,1,1,0,0,0
2024-11-08,10,8-14d,0.044,0.0407142857142857,0.017876530612244895,0.0338357142857142,0.036,0.0032857142857142946,1,1,1,0,0,0
2024-11-08,11,8-14d,0.044,0.0407142857142857,0.017876530612244895,0.0343071428571428,0.036,0.0032857142857142946,1,1,1,0,0,0
2024-11-08,12,8-14d,0.044,0.0407142857142857,0.017876530612244895,0.0345857142857142,0.036,0.0032857142857142946,1,1,1,0,0,0
2024-11-08,13,8-14d,0.043,0.0407142857142857,0.017733673469387753,0.0338285714285714,0.036,0.0022857142857142937,1,1,1,0,0,0
2024-11-08,14,8-14d,0.043,0.0407142857142857,0.017733673469387753,0.0343071428571428,0.036,0.0022857142857142937,1,1,1,0,0,0
2024-11-08,8,8-14d,0.038,0.0627142857142857,0.020937755102040812,0.0232999999999999,0.024,0.024714285714285696,1,1,1,0,0,0
2024-11-08,9,8-14d,0.037,0.0627142857142857,0.021080612244897955,0.0230785714285714,0.024,0.025714285714285696,1,1,1,0,0,0
2024-11-08,10,8-14d,0.036,0.0627142857142857,0.021223469387755097,0.0222999999999999,0.023,0.026714285714285697,1,1,1,0,0,0
2024-11-08,11,8-14d,0.036,0.0627142857142857,0.021223469387755097,0.0230857142857142,0.0239999999999999,0.026714285714285697,1,1,1,0,0,0
2024-11-08,12,8-14d,0.035,0.0627142857142857,0.021366326530612236,0.0227214285714285,0.024,0.02771428571428569,1,1,1,0,0,0
2024-11-08,13,8-14d,0.034,0.0627142857142857,0.02150918367346938,0.0220785714285714,0.023,0.028714285714285692,1,1,1,0,0,0
2024-11-08,14,8-14d,0.033,0.0627142857142857,0.02165204081632652,0.0217214285714285,0.023,0.029714285714285693,1,1,1,0,0,0
2024-11-08,8,8-14d,0.042,0.03,0.019121428571428567,0.0293,0.03,0.012000000000000004,1,1,1,0,0,0
2024-11-08,9,8-14d,0.041,0.03,0.018978571428571425,0.0290071428571428,0.03,0.011000000000000003,1,1,1,0,0,0
2024-11-08,10,8-14d,0.04,0.03,0.018835714285714282,0.0285785714285714,0.029,0.010000000000000002,1,1,1,0,0,0
2024-11-08,11,8-14d,0.04,0.03,0.018835714285714282,0.0290071428571428,0.03,0.010000000000000002,1,1,1,0,0,0
2024-11-08,12,8-14d,0.039,0.03,0.01869285714285714,0.0285714285714285,0.0289999999999999,0.009000000000000001,1,1,1,0,0,0
2024-11-08,13,8-14d,0.038,0.03,0.018549999999999994,0.0280071428571428,0.0289999999999999,0.008,1,1,1,0,0,0
2024-11-08,14,8-14d,0.037,0.03,0.01840714285714285,0.0275714285714285,0.0279999999999999,0.006999999999999999,1,1,1,0,0,0
2024-11-08,8,8-14d,0.515,0.508,0.018407142857142855,0.0070142857142857,0.016,0.007000000000000006,1,1,1,1,1,1
2024-11-08,9,8-14d,0.512,0.508,0.017978571428571427,0.0065857142857142,0.012,0.0040000000000000036,1,1,1,1,1,1
2024-11-08,10,8-14d,0.509,0.508,0.01755,0.0062357142857142,0.009,0.0010000000000000009,1,1,1,1,1,1
2024-11-08,11,8-14d,0.506,0.508,0.017692857142857142,0.0057857142857142,0.005,0.0020000000000000018,1,1,1,1,1,1
2024-11-08,12,8-14d,0.503,0.508,0.01812142857142857,0.0053285714285714,0.001,0.0050000000000000044,1,1,1,1,1,1
2024-11-08,13,8-14d,0.499,0.508,0.018692857142857143,0.0054714285714285,0.001,0.009000000000000008,1,1,1,1,1,1
2024-11-08,14,8-14d,0.496,0.508,0.01912142857142857,0.0061571428571428,0.005,0.01200000000000001,1,1,1,1,1,1
2024-11-08,8,8-14d,0.276,0.1572857142857142,0.06338673469387758,0.0855999999999999,0.1109999999999999,0.11871428571428583,0,1,1,0,0,0
2024-11-08,9,8-14d,0.283,0.1572857142857142,0.06638673469387756,0.0877071428571428,0.113,0.12571428571428578,0,1,1,0,0,0
2024-11-08,10,8-14d,0.289,0.1572857142857142,0.06895816326530613,0.0907142857142857,0.117,0.13171428571428578,0,1,1,0,0,0
2024-11-08,11,8-14d,0.295,0.1572857142857142,0.07323571428571432,0.0936928571428571,0.121,0.1377142857142858,0,0,1,0,0,0
2024-11-08,12,8-14d,0.301,0.1572857142857142,0.07752142857142862,0.0968071428571428,0.124,0.1437142857142858,0,0,1,0,0,0
2024-11-08,13,8-14d,0.308,0.1572857142857142,0.08252142857142862,0.0993071428571428,0.127,0.1507142857142858,0,0,1,0,0,0
2024-11-08,14,8-14d,0.314,0.1572857142857142,0.0868071428571429,0.1022857142857143,0.131,0.1567142857142858,0,0,1,0,0,0
2024-11-08,8,8-14d,0.019,0.0662857142857142,0.024162244897959168,0.0050928571428571,0.0069999999999999,0.047285714285714195,1,1,1,0,0,0
2024-11-08,9,8-14d,0.019,0.0662857142857142,0.024162244897959168,0.0045857142857142,0.006,0.047285714285714195,1,1,1,0,0,0
2024-11-08,10,8-14d,0.018,0.0662857142857142,0.02430510204081631,0.0045857142857142,0.006,0.048285714285714196,1,1,1,0,0,0
2024-11-08,11,8-14d,0.017,0.0662857142857142,0.024447959183673453,0.0045857142857142,0.0059999999999999,0.0492857142857142,1,1,1,0,0,0
2024-11-08,12,8-14d,0.017,0.0662857142857142,0.024447959183673453,0.0035857142857142,0.0049999999999999,0.0492857142857142,1,1,1,0,0,0
2024-11-08,13,8-14d,0.016,0.0662857142857142,0.024590816326530596,0.0038714285714285,0.005,0.0502857142857142,1,1,1,0,0,0
2024-11-08,14,8-14d,0.016,0.0662857142857142,0.024590816326530596,0.0033714285714285,0.005,0.0502857142857142,1,1,1,0,0,0
2024-11-08,8,8-14d,0.065,0.0964285714285714,0.021896938775510195,0.0355857142857142,0.037,0.0314285714285714,1,1,1,0,0,0
2024-11-08,9,8-14d,0.063,0.0964285714285714,0.022182653061224484,0.0346571428571428,0.036,0.033428571428571405,1,1,1,0,0,0
2024-11-08,10,8-14d,0.062,0.0964285714285714,0.022325510204081626,0.0348,0.037,0.034428571428571406,1,1,1,0,0,0
2024-11-08,11,8-14d,0.06,0.0964285714285714,0.02261122448979591,0.0338,0.036,0.03642857142857141,1,1,1,0,0,0
2024-11-08,12,8-14d,0.059,0.0964285714285714,0.022754081632653054,0.0338,0.036,0.03742857142857141,1,1,1,0,0,0
2024-11-08,13,8-14d,0.058,0.0964285714285714,0.022896938775510196,0.0338,0.036,0.0384285714285714,1,1,1,0,0,0
2024-11-08,14,8-14d,0.056,0.0964285714285714,0.023182653061224485,0.0328,0.035,0.040428571428571404,1,1,1,0,0,0
2024-11-08,8,8-14d,0.024,0.0,0.022794897959183654,0.0230071428571428,0.023,0.024,0,1,1,0,0,0
2024-11-08,9,8-14d,0.024,0.0,0.022794897959183654,0.0230071428571428,0.023,0.024,0,1,1,0,0,0
2024-11-08,10,8-14d,0.024,0.0,0.022794897959183654,0.0230357142857142,0.023,0.024,0,1,1,0,0,0
2024-11-08,11,8-14d,0.024,0.0,0.022794897959183654,0.0231071428571428,0.023,0.024,0,1,1,0,0,0
2024-11-08,12,8-14d,0.024,0.0,0.022794897959183654,0.0231071428571428,0.023,0.024,0,1,1,0,0,0
2024-11-08,13,8-14d,0.023,0.0,0.022366326530612223,0.02225,0.023,0.023,0,1,1,0,0,0
2024-11-08,14,8-14d,0.023,0.0,0.022366326530612223,0.02225,0.023,0.023,0,1,1,0,0,0
2024-11-08,8,8-14d,0.026,0.0231428571428571,0.017815306122448978,0.02225,0.023,0.0028571428571428983,1,1,1,0,0,0
2024-11-08,9,8-14d,0.025,0.0231428571428571,0.01767244897959184,0.0214714285714285,0.022,0.001857142857142901,1,1,1,0,0,0
2024-11-08,10,8-14d,0.025,0.0231428571428571,0.01767244897959184,0.0217571428571428,0.022,0.001857142857142901,1,1,1,0,0,0
2024-11-08,11,8-14d,0.024,0.0231428571428571,0.017529591836734696,0.0211071428571428,0.021,0.0008571428571429,1,1,1,0,0,0
2024-11-08,12,8-14d,0.024,0.0231428571428571,0.017529591836734696,0.0211071428571428,0.021,0.0008571428571429,1,1,1,0,0,0
2024-11-08,13,8-14d,0.023,0.0231428571428571,0.017427551020408154,0.0202499999999999,0.0209999999999999,0.00014285714285710086,1,1,1,0,0,0
2024-11-08,14,8-14d,0.023,0.0231428571428571,0.017427551020408154,0.0204642857142857,0.0209999999999999,0.00014285714285710086,1,1,1,0,0,0
2024-11-08,8,8-14d,0.441,0.4938571428571428,0.02495816326530611,0.0665071428571428,0.095,0.05285714285714277,1,1,1,0,0,0
2024-11-08,9,8-14d,0.436,0.4938571428571428,0.02567244897959182,0.06965,0.0989999999999999,0.057857142857142774,1,1,1,0,0,0
2024-11-08,10,8-14d,0.432,0.4938571428571428,0.026243877551020395,0.07365,0.1029999999999999,0.06185714285714278,1,1,1,0,0,0
2024-11-08,11,8-14d,0.427,0.4938571428571428,0.02695816326530611,0.0762571428571428,0.1049999999999999,0.06685714285714278,1,1,1,0,0,0
2024-11-08,12,8-14d,0.422,0.4938571428571428,0.02869285714285714,0.0790142857142857,0.1079999999999999,0.07185714285714279,0,1,1,0,0,0
2024-11-08,13,8-14d,0.418,0.4938571428571428,0.03040714285714286,0.0829428571428571,0.1119999999999999,0.07585714285714279,0,1,1,0,0,0
2024-11-08,14,8-14d,0.413,0.4938571428571428,0.03255,0.0856857142857142,0.1149999999999999,0.0808571428571428,0,1,1,0,0,0
2024-11-08,8,8-14d,0.474,0.4445714285714285,0.025121428571428572,0.1404857142857143,0.17,0.02942857142857147,0,1,1,0,0,0
2024-11-08,9,8-14d,0.48,0.4445714285714285,0.027692857142857148,0.1430142857142857,0.173,0.035428571428571476,0,1,1,0,0,0
2024-11-08,10,8-14d,0.486,0.4445714285714285,0.03026428571428572,0.1454928571428571,0.175,0.04142857142857148,0,1,1,0,0,0
2024-11-08,11,8-14d,0.492,0.4445714285714285,0.032835714285714294,0.1477357142857143,0.178,0.04742857142857149,0,1,1,0,0,0
2024-11-08,12,8-14d,0.499,0.4445714285714285,0.0358357142857143,0.1494857142857142,0.179,0.05442857142857149,0,1,1,0,0,0
2024-11-08,13,8-14d,0.505,0.4445714285714285,0.03840714285714287,0.1515214285714285,0.181,0.0604285714285715,0,1,1,0,0,0
2024-11-08,14,8-14d,0.511,0.4445714285714285,0.04097857142857144,0.1535214285714285,0.1829999999999999,0.0664285714285715,0,1,1,0,0,0
2024-11-08,8,8-14d,0.004,0.0,0.017978571428571424,0.0027214285714285,0.003,0.004,1,1,1,0,0,0
2024-11-08,9,8-14d,0.004,0.0,0.017978571428571424,0.003,0.003,0.004,1,1,1,0,0,0
2024-11-08,10,8-14d,0.004,0.0,0.017978571428571424,0.003,0.003,0.004,1,1,1,0,0,0
2024-11-08,11,8-14d,0.003,0.0,0.01783571428571428,0.002,0.002,0.003,1,1,1,0,0,0
2024-11-08,12,8-14d,0.003,0.0,0.01783571428571428,0.002,0.002,0.003,1,1,1,0,0,0
2024-11-08,13,8-14d,0.003,0.0,0.01783571428571428,0.002,0.002,0.003,1,1,1,0,0,0
2024-11-08,14,8-14d,0.003,0.0,0.01783571428571428,0.0020071428571428,0.002,0.003,1,1,1,0,0,0
2024-11-08,8,8-14d,0.038,0.0227142857142857,0.019590816326530612,0.0342571428571428,0.0349999999999999,0.015285714285714298,1,1,1,0,0,0
2024-11-08,9,8-14d,0.037,0.0227142857142857,0.01944795918367347,0.0334714285714285,0.0339999999999999,0.014285714285714297,1,1,1,0,0,0
2024-11-08,10,8-14d,0.037,0.0227142857142857,0.01944795918367347,0.0337571428571428,0.0339999999999999,0.014285714285714297,1,1,1,0,0,0
2024-11-08,11,8-14d,0.037,0.0227142857142857,0.01944795918367347,0.0337571428571428,0.0339999999999999,0.014285714285714297,1,1,1,0,0,0
2024-11-08,12,8-14d,0.036,0.0227142857142857,0.019305102040816324,0.0331071428571428,0.0329999999999999,0.013285714285714297,1,1,1,0,0,0
2024-11-08,13,8-14d,0.036,0.0227142857142857,0.019305102040816324,0.0331071428571428,0.0329999999999999,0.013285714285714297,1,1,1,0,0,0
2024-11-08,14,8-14d,0.036,0.0227142857142857,0.019305102040816324,0.0332499999999999,0.0339999999999999,0.013285714285714297,1,1,1,0,0,0
2024-11-08,15,15-21d,0.019,0.0221428571428571,0.020482295918367338,0.0162928571428571,0.017,0.0031428571428571,1,1,1,0,0,0
2024-11-08,16,15-21d,0.019,0.0221428571428571,0.020482295918367338,0.0165714285714285,0.017,0.0031428571428571,1,1,1,0,0,0
2024-11-08,17,15-21d,0.019,0.0221428571428571,0.020482295918367338,0.0165714285714285,0.017,0.0031428571428571,1,1,1,0,0,0
2024-11-08,18,15-21d,0.019,0.0221428571428571,0.020482295918367338,0.0165714285714285,0.017,0.0031428571428571,1,1,1,0,0,0
2024-11-08,19,15-21d,0.019,0.0221428571428571,0.020482295918367338,0.0169714285714285,0.018,0.0031428571428571,1,1,1,0,0,0
2024-11-08,20,15-21d,0.019,0.0221428571428571,0.020482295918367338,0.0169714285714285,0.018,0.0031428571428571,1,1,1,0,0,0
2024-11-08,21,15-21d,0.019,0.0221428571428571,0.020482295918367338,0.0169714285714285,0.018,0.0031428571428571,1,1,1,0,0,0
2024-11-08,15,15-21d,0.009,0.0282857142857142,0.022788418367346925,0.0065714285714285,0.0069999999999999,0.019285714285714198,1,1,1,0,0,0
2024-11-08,16,15-21d,0.009,0.0282857142857142,0.022788418367346925,0.0068285714285714,0.0069999999999999,0.019285714285714198,1,1,1,0,0,0
2024-11-08,17,15-21d,0.009,0.0282857142857142,0.022788418367346925,0.0068285714285714,0.0069999999999999,0.019285714285714198,1,1,1,0,0,0
2024-11-08,18,15-21d,0.009,0.0282857142857142,0.022788418367346925,0.0068285714285714,0.0069999999999999,0.019285714285714198,1,1,1,0,0,0
2024-11-08,19,15-21d,0.009,0.0282857142857142,0.022788418367346925,0.0072499999999999,0.008,0.019285714285714198,1,1,1,0,0,0
2024-11-08,20,15-21d,0.008,0.0282857142857142,0.022931275510204067,0.0062499999999999,0.007,0.0202857142857142,1,1,1,0,0,0
2024-11-08,21,15-21d,0.008,0.0282857142857142,0.022931275510204067,0.0062499999999999,0.007,0.0202857142857142,1,1,1,0,0,0
2024-11-08,15,15-21d,0.464,0.6468571428571429,0.07988637755102043,0.0919928571428571,0.135,0.18285714285714288,0,0,1,0,0,0
2024-11-08,16,15-21d,0.46,0.6468571428571429,0.08274352040816328,0.09445,0.138,0.1868571428571429,0,0,1,0,0,0
2024-11-08,17,15-21d,0.457,0.6468571428571429,0.08488637755102044,0.0974571428571428,0.141,0.1898571428571429,0,0,1,0,0,0
2024-11-08,18,15-21d,0.454,0.6468571428571429,0.08702923469387758,0.1004928571428571,0.144,0.1928571428571429,0,0,1,0,0,0
2024-11-08,19,15-21d,0.451,0.6468571428571429,0.08917209183673472,0.1036357142857142,0.148,0.1958571428571429,0,0,1,0,0,0
2024-11-08,20,15-21d,0.447,0.6468571428571429,0.09202923469387758,0.1056357142857142,0.15,0.1998571428571429,0,0,1,0,0,0
2024-11-08,21,15-21d,0.443,0.6468571428571429,0.09488637755102045,0.1073857142857142,0.152,0.2038571428571429,0,0,1,0,0,0
2024-11-08,15,15-21d,0.482,0.199,0.17387923469387753,0.1139428571428571,0.161,0.283,0,0,0,0,0,0
2024-11-08,16,15-21d,0.487,0.199,0.17887923469387754,0.1159785714285714,0.163,0.288,0,0,0,0,0,0
2024-11-08,17,15-21d,0.493,0.199,0.18487923469387754,0.1169785714285714,0.164,0.294,0,0,0,0,0,0
2024-11-08,18,15-21d,0.498,0.199,0.18987923469387755,0.1187285714285714,0.166,0.299,0,0,0,0,0,0
2024-11-08,19,15-21d,0.504,0.199,0.19587923469387755,0.1197571428571428,0.167,0.305,0,0,0,0,0,0
2024-11-08,20,15-21d,0.509,0.199,0.20087923469387756,0.1212214285714285,0.169,0.31,0,0,0,0,0,0
2024-11-08,21,15-21d,0.515,0.199,0.20687923469387756,0.1220071428571428,0.17,0.316,0,0,0,0,0,0
2024-11-08,15,15-21d,0.013,0.0249999999999999,0.021747602040816306,0.0084714285714285,0.0099999999999999,0.011999999999999901,1,1,1,0,0,0
2024-11-08,16,15-21d,0.013,0.0249999999999999,0.021747602040816306,0.0084714285714285,0.0099999999999999,0.011999999999999901,1,1,1,0,0,0
2024-11-08,17,15-21d,0.012,0.0249999999999999,0.02189045918367345,0.00755,0.009,0.0129999999999999,1,1,1,0,0,0
2024-11-08,18,15-21d,0.012,0.0249999999999999,0.02189045918367345,0.0078071428571428,0.009,0.0129999999999999,1,1,1,0,0,0
2024-11-08,19,15-21d,0.012,0.0249999999999999,0.02189045918367345,0.0078071428571428,0.009,0.0129999999999999,1,1,1,0,0,0
2024-11-08,20,15-21d,0.012,0.0249999999999999,0.02189045918367345,0.0083,0.009,0.0129999999999999,1,1,1,0,0,0
2024-11-08,21,15-21d,0.012,0.0249999999999999,0.02189045918367345,0.0083,0.009,0.0129999999999999,1,1,1,0,0,0
2024-11-08,15,15-21d,0.046,0.0505714285714285,0.020686377551020395,0.0391928571428571,0.041,0.004571428571428504,1,1,1,0,0,0
2024-11-08,16,15-21d,0.046,0.0505714285714285,0.020686377551020395,0.0395499999999999,0.041,0.004571428571428504,1,1,1,0,0,0
2024-11-08,17,15-21d,0.045,0.0505714285714285,0.020829234693877537,0.0385499999999999,0.04,0.005571428571428505,1,1,1,0,0,0
2024-11-08,18,15-21d,0.045,0.0505714285714285,0.020829234693877537,0.0390499999999999,0.04,0.005571428571428505,1,1,1,0,0,0
2024-11-08,19,15-21d,0.045,0.0505714285714285,0.020829234693877537,0.0391928571428571,0.0409999999999999,0.005571428571428505,1,1,1,0,0,0
2024-11-08,20,15-21d,0.045,0.0505714285714285,0.020829234693877537,0.0394714285714285,0.0409999999999999,0.005571428571428505,1,1,1,0,0,0
2024-11-08,21,15-21d,0.045,0.0505714285714285,0.020829234693877537,0.0394714285714285,0.0409999999999999,0.005571428571428505,1,1,1,0,0,0
2024-11-08,15,15-21d,0.01,0.0,0.02146188775510204,0.0087285714285714,0.009,0.01,1,1,1,0,0,0
2024-11-08,16,15-21d,0.009,0.0,0.021319030612244893,0.0077571428571428,0.008,0.009,1,1,1,0,0,0
2024-11-08,17,15-21d,0.009,0.0,0.021319030612244893,0.0077571428571428,0.008,0.009,1,1,1,0,0,0
2024-11-08,18,15-21d,0.009,0.0,0.021319030612244893,0.0077571428571428,0.008,0.009,1,1,1,0,0,0
2024-11-08,19,15-21d,0.009,0.0,0.021319030612244893,0.0077571428571428,0.008,0.009,1,1,1,0,0,0
2024-11-08,20,15-21d,0.009,0.0,0.021319030612244893,0.0077571428571428,0.008,0.009,1,1,1,0,0,0
2024-11-08,21,15-21d,0.009,0.0,0.021319030612244893,0.0081071428571428,0.008,0.009,1,1,1,0,0,0
2024-11-08,15,15-21d,0.021,0.0144285714285714,0.020972091836734697,0.0172928571428571,0.018,0.006571428571428601,1,1,1,0,0,0
2024-11-08,16,15-21d,0.021,0.0144285714285714,0.020972091836734697,0.0172928571428571,0.018,0.006571428571428601,1,1,1,0,0,0
2024-11-08,17,15-21d,0.02,0.0144285714285714,0.02082923469387755,0.0165785714285714,0.017,0.0055714285714286,1,1,1,0,0,0
2024-11-08,18,15-21d,0.02,0.0144285714285714,0.02082923469387755,0.0165785714285714,0.017,0.0055714285714286,1,1,1,0,0,0
2024-11-08,19,15-21d,0.02,0.0144285714285714,0.02082923469387755,0.0169785714285714,0.018,0.0055714285714286,1,1,1,0,0,0
2024-11-08,20,15-21d,0.019,0.0144285714285714,0.02068637755102041,0.0159785714285714,0.017,0.0045714285714285995,1,1,1,0,0,0
2024-11-08,21,15-21d,0.019,0.0144285714285714,0.02068637755102041,0.0159785714285714,0.017,0.0045714285714285995,1,1,1,0,0,0
2024-11-08,15,15-21d,0.349,0.6982857142857143,0.2375935204081633,0.0162857142857142,0.037,0.3492857142857143,0,0,0,0,1,1
2024-11-08,16,15-21d,0.346,0.6982857142857143,0.2405935204081633,0.0157285714285714,0.036,0.3522857142857143,0,0,0,0,1,1
2024-11-08,17,15-21d,0.342,0.6982857142857143,0.24459352040816326,0.0156857142857142,0.0359999999999999,0.35628571428571426,0,0,0,0,1,1
2024-11-08,18,15-21d,0.339,0.6982857142857143,0.24759352040816326,0.0152642857142856,0.0349999999999999,0.35928571428571426,0,0,0,0,1,1
2024-11-08,19,15-21d,0.335,0.6982857142857143,0.2515935204081633,0.0149428571428571,0.0339999999999999,0.36328571428571427,0,0,0,0,1,1
2024-11-08,20,15-21d,0.332,0.6982857142857143,0.25459352040816324,0.0145714285714285,0.0329999999999999,0.36628571428571427,0,0,0,0,1,1
2024-11-08,21,15-21d,0.328,0.6982857142857143,0.25859352040816325,0.0145785714285714,0.0329999999999999,0.3702857142857143,0,0,0,0,1,1
2024-11-08,15,15-21d,0.551,0.2462857142857142,0.1955935204081634,0.0096285714285714,0.0139999999999999,0.3047142857142858,0,0,0,1,1,1
2024-11-08,16,15-21d,0.555,0.2462857142857142,0.19959352040816342,0.0098857142857142,0.0149999999999999,0.30871428571428583,0,0,0,1,1,1
2024-11-08,17,15-21d,0.559,0.2462857142857142,0.20359352040816342,0.0100357142857142,0.0159999999999999,0.31271428571428583,0,0,0,1,1,1
2024-11-08,18,15-21d,0.563,0.2462857142857142,0.2075935204081633,0.0103928571428571,0.018,0.3167142857142857,0,0,0,1,1,1
2024-11-08,19,15-21d,0.568,0.2462857142857142,0.21259352040816332,0.0104285714285714,0.018,0.32171428571428573,0,0,0,1,1,1
2024-11-08,20,15-21d,0.572,0.2462857142857142,0.21659352040816332,0.01065,0.019,0.32571428571428573,0,0,0,1,1,1
2024-11-08,21,15-21d,0.576,0.2462857142857142,0.22059352040816332,0.0108285714285714,0.02,0.32971428571428574,0,0,0,1,1,1
2024-11-08,15,15-21d,0.005,0.0,0.020747602040816323,0.0010785714285714,0.002,0.005,1,1,1,0,0,1
2024-11-08,16,15-21d,0.005,0.0,0.020747602040816323,0.0010857142857142,0.002,0.005,1,1,1,0,0,1
2024-11-08,17,15-21d,0.005,0.0,0.020747602040816323,0.0010857142857142,0.002,0.005,1,1,1,0,0,1
2024-11-08,18,15-21d,0.005,0.0,0.020747602040816323,0.0013,0.002,0.005,1,1,1,0,0,1
2024-11-08,19,15-21d,0.004,0.0,0.020604744897959184,0.0005857142857142,0.001,0.004,1,1,1,0,1,1
2024-11-08,20,15-21d,0.004,0.0,0.020604744897959184,0.0007571428571428,0.002,0.004,1,1,1,0,1,1
2024-11-08,21,15-21d,0.004,0.0,0.020604744897959184,0.00075,0.002,0.004,1,1,1,0,1,1
2024-11-08,15,15-21d,0.043,0.0407142857142857,0.02035984693877551,0.0345857142857142,0.036,0.0022857142857142937,1,1,1,0,0,0
2024-11-08,16,15-21d,0.042,0.0407142857142857,0.020216989795918367,0.0335857142857142,0.035,0.0012857142857142997,1,1,1,0,0,0
2024-11-08,17,15-21d,0.042,0.0407142857142857,0.020216989795918367,0.0338,0.036,0.0012857142857142997,1,1,1,0,0,0
2024-11-08,18,15-21d,0.042,0.0407142857142857,0.020216989795918367,0.0343,0.036,0.0012857142857142997,1,1,1,0,0,0
2024-11-08,19,15-21d,0.042,0.0407142857142857,0.020216989795918367,0.0345785714285714,0.036,0.0012857142857142997,1,1,1,0,0,0
2024-11-08,20,15-21d,0.041,0.0407142857142857,0.02007413265306122,0.0335785714285714,0.035,0.00028571428571429885,1,1,1,0,0,0
2024-11-08,21,15-21d,0.041,0.0407142857142857,0.02007413265306122,0.0338428571428571,0.035,0.00028571428571429885,1,1,1,0,0,0
2024-11-08,15,15-21d,0.032,0.0627142857142857,0.02442107142857142,0.0210785714285714,0.022,0.030714285714285694,1,1,1,0,0,0
2024-11-08,16,15-21d,0.032,0.0627142857142857,0.02442107142857142,0.0215785714285714,0.022,0.030714285714285694,1,1,1,0,0,0
2024-11-08,17,15-21d,0.031,0.0627142857142857,0.024563928571428563,0.0210071428571428,0.022,0.031714285714285695,1,1,1,0,0,0
2024-11-08,18,15-21d,0.03,0.0627142857142857,0.024706785714285705,0.0205785714285714,0.0209999999999999,0.032714285714285696,1,1,1,0,0,0
2024-11-08,19,15-21d,0.029,0.0627142857142857,0.02484964285714285,0.0199785714285714,0.021,0.0337142857142857,1,1,1,0,0,0
2024-11-08,20,15-21d,0.029,0.0627142857142857,0.02484964285714285,0.0202928571428571,0.021,0.0337142857142857,1,1,1,0,0,0
2024-11-08,21,15-21d,0.028,0.0627142857142857,0.024992499999999994,0.0198357142857142,0.02,0.0347142857142857,1,1,1,0,0,0
2024-11-08,15,15-21d,0.036,0.03,0.020890459183673465,0.0268357142857142,0.0269999999999999,0.005999999999999998,1,1,1,0,0,0
2024-11-08,16,15-21d,0.035,0.03,0.020747602040816326,0.0260071428571428,0.027,0.0050000000000000044,1,1,1,0,0,0
2024-11-08,17,15-21d,0.035,0.03,0.020747602040816326,0.0265714285714285,0.027,0.0050000000000000044,1,1,1,0,0,0
2024-11-08,18,15-21d,0.034,0.03,0.020604744897959184,0.0259785714285714,0.027,0.0040000000000000036,1,1,1,0,0,0
2024-11-08,19,15-21d,0.033,0.03,0.02046188775510204,0.0255,0.026,0.0030000000000000027,1,1,1,0,0,0
2024-11-08,20,15-21d,0.032,0.03,0.0203190306122449,0.0248285714285714,0.025,0.0020000000000000018,1,1,1,0,0,0
2024-11-08,21,15-21d,0.032,0.03,0.0203190306122449,0.0249785714285714,0.026,0.0020000000000000018,1,1,1,0,0,0
2024-11-08,15,15-21d,0.492,0.508,0.022319030612244894,0.00665,0.008,0.016000000000000014,1,1,1,1,1,1
2024-11-08,16,15-21d,0.489,0.508,0.022747602040816325,0.0074142857142857,0.013,0.019000000000000017,1,1,1,1,1,1
2024-11-08,17,15-21d,0.485,0.508,0.023319030612244895,0.0079285714285714,0.016,0.02300000000000002,1,1,1,1,1,1
2024-11-08,18,15-21d,0.481,0.508,0.023890459183673468,0.0087142857142857,0.0189999999999999,0.027000000000000024,1,1,1,0,1,1
2024-11-08,19,15-21d,0.477,0.508,0.02446188775510204,0.0102571428571428,0.0229999999999999,0.031000000000000028,1,1,1,0,1,1
2024-11-08,20,15-21d,0.473,0.508,0.02503331632653061,0.0116571428571428,0.0259999999999999,0.03500000000000003,1,1,1,0,1,1
2024-11-08,21,15-21d,0.469,0.508,0.025604744897959185,0.0131499999999999,0.0299999999999999,0.039000000000000035,1,1,1,0,1,1
2024-11-08,15,15-21d,0.321,0.1572857142857142,0.08623331632653065,0.1045714285714285,0.134,0.1637142857142858,0,0,1,0,0,0
2024-11-08,16,15-21d,0.327,0.1572857142857142,0.09051903061224495,0.1076357142857142,0.137,0.16971428571428582,0,0,1,0,0,0
2024-11-08,17,15-21d,0.334,0.1572857142857142,0.09551903061224495,0.1096142857142856,0.1399999999999999,0.17671428571428582,0,0,1,0,0,0
2024-11-08,18,15-21d,0.34,0.1572857142857142,0.09980474489795924,0.1131571428571428,0.1439999999999999,0.18271428571428583,0,0,1,0,0,0
2024-11-08,19,15-21d,0.347,0.1572857142857142,0.10480474489795921,0.1156714285714285,0.147,0.18971428571428578,0,0,1,0,0,0
2024-11-08,20,15-21d,0.354,0.1572857142857142,0.1098047448979592,0.1179214285714286,0.15,0.19671428571428579,0,0,1,0,0,0
2024-11-08,21,15-21d,0.361,0.1572857142857142,0.11480474489795922,0.1203928571428571,0.153,0.2037142857142858,0,0,1,0,0,0
2024-11-08,15,15-21d,0.015,0.0662857142857142,0.0273598469387755,0.0035857142857142,0.005,0.0512857142857142,1,1,1,0,0,0
2024-11-08,16,15-21d,0.015,0.0662857142857142,0.0273598469387755,0.0025857142857142,0.004,0.0512857142857142,1,1,1,0,0,0
2024-11-08,17,15-21d,0.014,0.0662857142857142,0.02750270408163264,0.0031214285714285,0.0039999999999999,0.0522857142857142,1,1,1,0,0,0
2024-11-08,18,15-21d,0.014,0.0662857142857142,0.02750270408163264,0.0021285714285714,0.003,0.0522857142857142,1,1,1,0,0,0
2024-11-08,19,15-21d,0.013,0.0662857142857142,0.027645561224489783,0.0025857142857142,0.004,0.0532857142857142,1,1,1,0,0,0
2024-11-08,20,15-21d,0.013,0.0662857142857142,0.027645561224489783,0.0021214285714285,0.003,0.0532857142857142,1,1,1,0,0,0
2024-11-08,21,15-21d,0.012,0.0662857142857142,0.02778841836734693,0.0021214285714285,0.0029999999999999,0.0542857142857142,1,1,1,0,0,0
2024-11-08,15,15-21d,0.055,0.0964285714285714,0.025951683673469388,0.0327285714285714,0.035,0.041428571428571405,1,1,1,0,0,0
2024-11-08,16,15-21d,0.054,0.0964285714285714,0.02609454081632653,0.0325857142857142,0.034,0.042428571428571406,1,1,1,0,0,0
2024-11-08,17,15-21d,0.052,0.0964285714285714,0.026380255102040815,0.0315857142857142,0.033,0.04442857142857141,1,1,1,0,0,0
2024-11-08,18,15-21d,0.051,0.0964285714285714,0.026523112244897958,0.0315785714285714,0.033,0.04542857142857141,1,1,1,0,0,0
2024-11-08,19,15-21d,0.05,0.0964285714285714,0.0266659693877551,0.03155,0.033,0.0464285714285714,1,1,1,0,0,0
2024-11-08,20,15-21d,0.049,0.0964285714285714,0.026808826530612246,0.03155,0.033,0.0474285714285714,1,1,1,0,0,0
2024-11-08,21,15-21d,0.047,0.0964285714285714,0.02709454081632653,0.0298642857142857,0.031,0.049428571428571405,1,1,1,0,0,0
2024-11-08,15,15-21d,0.023,0.0,0.024584336734693867,0.0224642857142857,0.023,0.023,0,1,1,0,0,0
2024-11-08,16,15-21d,0.023,0.0,0.024584336734693867,0.0224642857142857,0.023,0.023,0,1,1,0,0,0
2024-11-08,17,15-21d,0.023,0.0,0.024584336734693867,0.0227214285714285,0.023,0.023,0,1,1,0,0,0
2024-11-08,18,15-21d,0.022,0.0,0.024155765306122436,0.0217214285714285,0.022,0.022,0,1,1,0,0,0
2024-11-08,19,15-21d,0.022,0.0,0.024155765306122436,0.022,0.022,0.022,0,1,1,0,0,0
2024-11-08,20,15-21d,0.022,0.0,0.024155765306122436,0.022,0.022,0.022,0,1,1,0,0,0
2024-11-08,21,15-21d,0.022,0.0,0.024155765306122436,0.022,0.022,0.022,0,1,1,0,0,0
2024-11-08,15,15-21d,0.022,0.0231428571428571,0.020196581632653053,0.0197214285714285,0.0199999999999999,0.0011428571428571017,1,1,1,0,0,0
2024-11-08,16,15-21d,0.022,0.0231428571428571,0.020196581632653053,0.0200071428571428,0.0199999999999999,0.0011428571428571017,1,1,1,0,0,0
2024-11-08,17,15-21d,0.021,0.0231428571428571,0.020339438775510196,0.0190071428571428,0.019,0.002142857142857099,1,1,1,0,0,0
2024-11-08,18,15-21d,0.02,0.0231428571428571,0.020482295918367338,0.0180357142857142,0.018,0.0031428571428571,1,1,1,0,0,0
2024-11-08,19,15-21d,0.02,0.0231428571428571,0.020482295918367338,0.0181071428571428,0.018,0.0031428571428571,1,1,1,0,0,0
2024-11-08,20,15-21d,0.019,0.0231428571428571,0.02062515306122448,0.0172499999999999,0.018,0.004142857142857101,1,1,1,0,0,0
2024-11-08,21,15-21d,0.019,0.0231428571428571,0.02062515306122448,0.0172499999999999,0.018,0.004142857142857101,1,1,1,0,0,0
2024-11-08,15,15-21d,0.408,0.4938571428571428,0.03280882653061225,0.0879714285714285,0.1169999999999999,0.0858571428571428,0,1,1,0,0,0
2024-11-08,16,15-21d,0.403,0.4938571428571428,0.03495168367346937,0.0909357142857143,0.12,0.09085714285714275,0,1,1,0,0,0
2024-11-08,17,15-21d,0.398,0.4938571428571428,0.037094540816326516,0.0929428571428571,0.122,0.09585714285714275,0,1,1,0,0,0
2024-11-08,18,15-21d,0.394,0.4938571428571428,0.03880882653061223,0.0964357142857143,0.125,0.09985714285714276,0,1,1,0,0,0
2024-11-08,19,15-21d,0.389,0.4938571428571428,0.04095168367346937,0.0984357142857143,0.127,0.10485714285714276,0,1,1,0,0,0
2024-11-08,20,15-21d,0.384,0.4938571428571428,0.04309454081632652,0.1004285714285714,0.129,0.10985714285714276,0,1,1,0,0,0
2024-11-08,21,15-21d,0.379,0.4938571428571428,0.04523739795918367,0.1024285714285714,0.131,0.11485714285714277,0,1,1,0,0,0
2024-11-08,15,15-21d,0.517,0.4445714285714285,0.045768010204081666,0.1555214285714285,0.1849999999999999,0.07242857142857151,0,1,1,0,0,0
2024-11-08,16,15-21d,0.523,0.4445714285714285,0.04833943877551024,0.1575142857142857,0.1869999999999999,0.07842857142857151,0,1,1,0,0,0
2024-11-08,17,15-21d,0.529,0.4445714285714285,0.050910867346938816,0.1594142857142857,0.1889999999999999,0.08442857142857152,0,1,1,0,0,0
2024-11-08,18,15-21d,0.535,0.4445714285714285,0.05348229591836739,0.1611499999999999,0.1909999999999999,0.09042857142857152,0,1,1,0,0,0
2024-11-08,19,15-21d,0.541,0.4445714285714285,0.05605372448979596,0.1624071428571428,0.1919999999999999,0.09642857142857153,0,1,1,0,0,0
2024-11-08,20,15-21d,0.547,0.4445714285714285,0.05862515306122453,0.1638999999999999,0.1929999999999999,0.10242857142857154,0,1,1,0,0,0
2024-11-08,21,15-21d,0.553,0.4445714285714285,0.06119658163265311,0.1649,0.1939999999999999,0.10842857142857154,0,1,1,0,0,0
2024-11-08,15,15-21d,0.003,0.0,0.02046188775510204,0.0020357142857142,0.002,0.003,1,1,1,0,0,0
2024-11-08,16,15-21d,0.003,0.0,0.02046188775510204,0.0020357142857142,0.002,0.003,1,1,1,0,0,0
2024-11-08,17,15-21d,0.003,0.0,0.02046188775510204,0.0021071428571428,0.002,0.003,1,1,1,0,0,0
2024-11-08,18,15-21d,0.003,0.0,0.02046188775510204,0.0021071428571428,0.002,0.003,1,1,1,0,0,0
2024-11-08,19,15-21d,0.003,0.0,0.02046188775510204,0.0021071428571428,0.002,0.003,1,1,1,0,0,0
2024-11-08,20,15-21d,0.003,0.0,0.02046188775510204,0.00225,0.003,0.003,1,1,1,0,0,0
2024-11-08,21,15-21d,0.003,0.0,0.02046188775510204,0.00225,0.003,0.003,1,1,1,0,0,0
2024-11-08,15,15-21d,0.035,0.0227142857142857,0.021788418367346934,0.0324642857142857,0.033,0.012285714285714303,1,1,1,0,0,0
2024-11-08,16,15-21d,0.035,0.0227142857142857,0.021788418367346934,0.0327285714285714,0.033,0.012285714285714303,1,1,1,0,0,0
2024-11-08,17,15-21d,0.035,0.0227142857142857,0.021788418367346934,0.0327285714285714,0.033,0.012285714285714303,1,1,1,0,0,0
2024-11-08,18,15-21d,0.034,0.0227142857142857,0.021645561224489792,0.0317285714285714,0.032,0.011285714285714302,1,1,1,0,0,0
2024-11-08,19,15-21d,0.034,0.0227142857142857,0.021645561224489792,0.0320357142857142,0.032,0.011285714285714302,1,1,1,0,0,0
2024-11-08,20,15-21d,0.034,0.0227142857142857,0.021645561224489792,0.0320357142857142,0.032,0.011285714285714302,1,1,1,0,0,0
2024-11-08,21,15-21d,0.033,0.0227142857142857,0.02150270408163265,0.0311071428571428,0.031,0.0102857142857143,1,1,1,0,0,0
2024-11-08,22,22-30d,0.019,0.0221428571428571,0.021039413265306117,0.0169714285714285,0.018,0.0031428571428571,1,1,1,0,0,0
2024-11-08,23,22-30d,0.019,0.0221428571428571,0.021039413265306117,0.0169714285714285,0.018,0.0031428571428571,1,1,1,0,0,0
2024-11-08,24,22-30d,0.019,0.0221428571428571,0.021039413265306117,0.0169714285714285,0.018,0.0031428571428571,1,1,1,0,0,0
2024-11-08,25,22-30d,0.018,0.0221428571428571,0.02118227040816326,0.0162499999999999,0.0169999999999999,0.004142857142857101,1,1,1,0,0,0
2024-11-08,26,22-30d,0.018,0.0221428571428571,0.02118227040816326,0.0164642857142857,0.0169999999999999,0.004142857142857101,1,1,1,0,0,0
2024-11-08,27,22-30d,0.018,0.0221428571428571,0.02118227040816326,0.0164642857142857,0.0169999999999999,0.004142857142857101,1,1,1,0,0,0
2024-11-08,28,22-30d,0.018,0.0221428571428571,0.02118227040816326,0.0164714285714285,0.0169999999999999,0.004142857142857101,1,1,1,0,0,0
2024-11-08,29,22-30d,0.018,0.0221428571428571,0.02118227040816326,0.0164714285714285,0.0169999999999999,0.004142857142857101,1,1,1,0,0,0
2024-11-08,30,22-30d,0.018,0.0221428571428571,0.02118227040816326,0.0164714285714285,0.0169999999999999,0.004142857142857101,1,1,1,0,0,0
2024-11-08,22,22-30d,0.008,0.0282857142857142,0.023488392857142847,0.0062499999999999,0.007,0.0202857142857142,1,1,1,0,0,0
2024-11-08,23,22-30d,0.008,0.0282857142857142,0.023488392857142847,0.0064642857142857,0.007,0.0202857142857142,1,1,1,0,0,0
2024-11-08,24,22-30d,0.008,0.0282857142857142,0.023488392857142847,0.0064642857142857,0.007,0.0202857142857142,1,1,1,0,0,0
2024-11-08,25,22-30d,0.008,0.0282857142857142,0.023488392857142847,0.0064642857142857,0.007,0.0202857142857142,1,1,1,0,0,0
2024-11-08,26,22-30d,0.007,0.0282857142857142,0.02363124999999999,0.0057214285714285,0.006,0.0212857142857142,1,1,1,0,0,0
2024-11-08,27,22-30d,0.007,0.0282857142857142,0.02363124999999999,0.0057285714285714,0.006,0.0212857142857142,1,1,1,0,0,0
2024-11-08,28,22-30d,0.007,0.0282857142857142,0.02363124999999999,0.0057285714285714,0.006,0.0212857142857142,1,1,1,0,0,0
2024-11-08,29,22-30d,0.007,0.0282857142857142,0.02363124999999999,0.0060071428571428,0.006,0.0212857142857142,1,1,1,0,0,0
2024-11-08,30,22-30d,0.007,0.0282857142857142,0.02363124999999999,0.0060071428571428,0.006,0.0212857142857142,1,1,1,0,0,0
2024-11-08,22,22-30d,0.44,0.6468571428571429,0.09277104591836745,0.1103857142857143,0.155,0.2068571428571429,0,0,0,0,0,0
2024-11-08,23,22-30d,0.436,0.6468571428571429,0.09677104591836745,0.1123857142857142,0.1569999999999999,0.2108571428571429,0,0,0,0,0,0
2024-11-08,24,22-30d,0.432,0.6468571428571429,0.10077104591836747,0.1138499999999999,0.1589999999999999,0.2148571428571429,0,0,0,0,0,0
2024-11-08,25,22-30d,0.428,0.6468571428571429,0.10477104591836747,0.1157499999999999,0.1609999999999999,0.21885714285714292,0,0,0,0,0,0
2024-11-08,26,22-30d,0.425,0.6468571428571429,0.10777104591836746,0.1187428571428571,0.1639999999999999,0.22185714285714292,0,0,0,0,0,0
2024-11-08,27,22-30d,0.421,0.6468571428571429,0.11177104591836746,0.1199642857142857,0.1659999999999999,0.22585714285714292,0,0,0,0,0,0
2024-11-08,28,22-30d,0.417,0.6468571428571429,0.11577104591836747,0.1218142857142856,0.1669999999999999,0.22985714285714293,0,0,0,0,0,0
2024-11-08,29,22-30d,0.413,0.6468571428571429,0.11977104591836747,0.1231714285714285,0.1689999999999999,0.23385714285714293,0,0,0,0,0,0
2024-11-08,30,22-30d,0.409,0.6468571428571429,0.12377104591836748,0.1249214285714285,0.1699999999999999,0.23785714285714293,0,0,0,0,0,0
2024-11-08,22,22-30d,0.52,0.199,0.21562104591836734,0.1237142857142857,0.1719999999999999,0.321,0,0,0,0,0,0
2024-11-08,23,22-30d,0.526,0.199,0.22162104591836732,0.1243642857142856,0.1729999999999999,0.327,0,0,0,0,0,0
2024-11-08,24,22-30d,0.531,0.199,0.22662104591836735,0.1257214285714285,0.1739999999999999,0.332,0,0,0,0,0,0
2024-11-08,25,22-30d,0.536,0.199,0.23162104591836735,0.1271785714285714,0.1759999999999999,0.337,0,0,0,0,0,0
2024-11-08,26,22-30d,0.542,0.199,0.23762104591836736,0.1277142857142857,0.1759999999999999,0.343,0,0,0,0,0,0
2024-11-08,27,22-30d,0.547,0.199,0.24262104591836736,0.1291499999999999,0.1779999999999999,0.34800000000000003,0,0,0,0,0,0
2024-11-08,28,22-30d,0.553,0.199,0.24862104591836734,0.1294285714285714,0.1779999999999999,0.35400000000000004,0,0,0,0,0,0
2024-11-08,29,22-30d,0.558,0.199,0.2536210459183673,0.1304285714285714,0.1789999999999999,0.35900000000000004,0,0,0,0,0,0
2024-11-08,30,22-30d,0.563,0.199,0.2586210459183672,0.1316357142857143,0.18,0.36399999999999993,0,0,0,0,0,0
2024-11-08,22,22-30d,0.011,0.0249999999999999,0.022590433673469374,0.0074428571428571,0.009,0.013999999999999901,1,1,1,0,0,0
2024-11-08,23,22-30d,0.011,0.0249999999999999,0.022590433673469374,0.0074714285714285,0.009,0.013999999999999901,1,1,1,0,0,0
2024-11-08,24,22-30d,0.011,0.0249999999999999,0.022590433673469374,0.0074714285714285,0.009,0.013999999999999901,1,1,1,0,0,0
2024-11-08,25,22-30d,0.011,0.0249999999999999,0.022590433673469374,0.0077285714285714,0.009,0.013999999999999901,1,1,1,0,0,0
2024-11-08,26,22-30d,0.011,0.0249999999999999,0.022590433673469374,0.0080071428571428,0.009,0.013999999999999901,1,1,1,0,0,0
2024-11-08,27,22-30d,0.01,0.0249999999999999,0.022733290816326517,0.0070071428571428,0.008,0.0149999999999999,1,1,1,0,0,0
2024-11-08,28,22-30d,0.01,0.0249999999999999,0.022733290816326517,0.0072214285714285,0.008,0.0149999999999999,1,1,1,0,0,0
2024-11-08,29,22-30d,0.01,0.0249999999999999,0.022733290816326517,0.0072928571428571,0.008,0.0149999999999999,1,1,1,0,0,0
2024-11-08,30,22-30d,0.01,0.0249999999999999,0.022733290816326517,0.0072928571428571,0.008,0.0149999999999999,1,1,1,0,0,0
2024-11-08,22,22-30d,0.045,0.0505714285714285,0.021386352040816316,0.0398,0.0409999999999999,0.005571428571428505,1,1,1,0,0,0
2024-11-08,23,22-30d,0.044,0.0505714285714285,0.02152920918367346,0.0392999999999999,0.0399999999999999,0.006571428571428506,1,1,1,0,0,0
2024-11-08,24,22-30d,0.044,0.0505714285714285,0.02152920918367346,0.0392999999999999,0.0399999999999999,0.006571428571428506,1,1,1,0,0,0
2024-11-08,25,22-30d,0.044,0.0505714285714285,0.02152920918367346,0.0394428571428571,0.0409999999999999,0.006571428571428506,1,1,1,0,0,0
2024-11-08,26,22-30d,0.043,0.0505714285714285,0.0216720663265306,0.0384714285714285,0.0399999999999999,0.007571428571428507,1,1,1,0,0,0
2024-11-08,27,22-30d,0.043,0.0505714285714285,0.0216720663265306,0.0390071428571428,0.0399999999999999,0.007571428571428507,1,1,1,0,0,0
2024-11-08,28,22-30d,0.043,0.0505714285714285,0.0216720663265306,0.0392214285714285,0.0399999999999999,0.007571428571428507,1,1,1,0,0,0
2024-11-08,29,22-30d,0.043,0.0505714285714285,0.0216720663265306,0.0392928571428571,0.0399999999999999,0.007571428571428507,1,1,1,0,0,0
2024-11-08,30,22-30d,0.043,0.0505714285714285,0.0216720663265306,0.0392928571428571,0.0399999999999999,0.007571428571428507,1,1,1,0,0,0
2024-11-08,22,22-30d,0.009,0.0,0.021876147959183672,0.0081071428571428,0.008,0.009,1,1,1,0,0,0
2024-11-08,23,22-30d,0.009,0.0,0.021876147959183672,0.0081071428571428,0.008,0.009,1,1,1,0,0,0
2024-11-08,24,22-30d,0.008,0.0,0.02173329081632653,0.0071071428571428,0.007,0.008,1,1,1,0,0,0
2024-11-08,25,22-30d,0.008,0.0,0.02173329081632653,0.0071071428571428,0.007,0.008,1,1,1,0,0,0
2024-11-08,26,22-30d,0.008,0.0,0.02173329081632653,0.0071071428571428,0.007,0.008,1,1,1,0,0,0
2024-11-08,27,22-30d,0.008,0.0,0.02173329081632653,0.0072499999999999,0.008,0.008,1,1,1,0,0,0
2024-11-08,28,22-30d,0.008,0.0,0.02173329081632653,0.0072499999999999,0.008,0.008,1,1,1,0,0,0
2024-11-08,29,22-30d,0.008,0.0,0.02173329081632653,0.0072499999999999,0.008,0.008,1,1,1,0,0,0
2024-11-08,30,22-30d,0.008,0.0,0.02173329081632653,0.0072499999999999,0.008,0.008,1,1,1,0,0,0
2024-11-08,22,22-30d,0.019,0.0144285714285714,0.021243494897959188,0.0159785714285714,0.017,0.0045714285714285995,1,1,1,0,0,0
2024-11-08,23,22-30d,0.019,0.0144285714285714,0.021243494897959188,0.0165,0.017,0.0045714285714285995,1,1,1,0,0,0
2024-11-08,24,22-30d,0.018,0.0144285714285714,0.021100637755102045,0.0155,0.016,0.0035714285714285986,1,1,1,0,0,0
2024-11-08,25,22-30d,0.018,0.0144285714285714,0.021100637755102045,0.0155,0.016,0.0035714285714285986,1,1,1,0,0,0
2024-11-08,26,22-30d,0.018,0.0144285714285714,0.021100637755102045,0.0155714285714285,0.016,0.0035714285714285986,1,1,1,0,0,0
2024-11-08,27,22-30d,0.017,0.0144285714285714,0.020957780612244903,0.0148285714285714,0.015,0.0025714285714286012,1,1,1,0,0,0
2024-11-08,28,22-30d,0.017,0.0144285714285714,0.020957780612244903,0.0148285714285714,0.015,0.0025714285714286012,1,1,1,0,0,0
2024-11-08,29,22-30d,0.017,0.0144285714285714,0.020957780612244903,0.0148285714285714,0.015,0.0025714285714286012,1,1,1,0,0,0
2024-11-08,30,22-30d,0.016,0.0144285714285714,0.02081492346938776,0.0139714285714285,0.015,0.0015714285714286003,1,1,1,0,0,0
2024-11-08,22,22-30d,0.325,0.6982857142857143,0.2591996173469388,0.0138285714285714,0.0309999999999999,0.3732857142857143,0,0,0,0,1,1
2024-11-08,23,22-30d,0.321,0.6982857142857143,0.2631996173469388,0.0138857142857142,0.0309999999999999,0.3772857142857143,0,0,0,0,1,1
2024-11-08,24,22-30d,0.318,0.6982857142857143,0.2661996173469388,0.0135428571428571,0.0299999999999999,0.3802857142857143,0,0,0,0,1,1
2024-11-08,25,22-30d,0.314,0.6982857142857143,0.2701996173469388,0.0135714285714285,0.0299999999999999,0.3842857142857143,0,0,0,0,1,1
2024-11-08,26,22-30d,0.311,0.6982857142857143,0.2731996173469388,0.0129642857142857,0.029,0.3872857142857143,0,0,0,0,1,1
2024-11-08,27,22-30d,0.307,0.6982857142857143,0.2771996173469388,0.0129928571428571,0.029,0.3912857142857143,0,0,0,0,1,1
2024-11-08,28,22-30d,0.304,0.6982857142857143,0.2801996173469388,0.0125928571428571,0.028,0.3942857142857143,0,0,0,0,1,1
2024-11-08,29,22-30d,0.301,0.6982857142857143,0.2831996173469388,0.0118428571428571,0.026,0.3972857142857143,0,0,0,0,1,1
2024-11-08,30,22-30d,0.297,0.6982857142857143,0.28719961734693883,0.0118428571428571,0.026,0.4012857142857143,0,0,0,0,1,1
2024-11-08,22,22-30d,0.58,0.2462857142857142,0.2283353316326531,0.0111071428571428,0.021,0.33371428571428574,0,0,0,1,1,1
2024-11-08,23,22-30d,0.585,0.2462857142857142,0.2333353316326531,0.0111214285714285,0.021,0.33871428571428575,0,0,0,1,1,1
2024-11-08,24,22-30d,0.589,0.2462857142857142,0.2373353316326531,0.0113714285714285,0.022,0.34271428571428575,0,0,0,1,1,1
2024-11-08,25,22-30d,0.592,0.2462857142857142,0.2403353316326531,0.0117357142857142,0.024,0.34571428571428575,0,0,0,1,1,1
2024-11-08,26,22-30d,0.596,0.2462857142857142,0.2443353316326531,0.0118428571428571,0.024,0.34971428571428576,0,0,0,1,1,1
2024-11-08,27,22-30d,0.6,0.2462857142857142,0.24833533163265312,0.0120142857142857,0.025,0.35371428571428576,0,0,0,1,1,1
2024-11-08,28,22-30d,0.604,0.2462857142857142,0.25233533163265315,0.0121642857142857,0.026,0.35771428571428576,0,0,0,1,1,1
2024-11-08,29,22-30d,0.608,0.2462857142857142,0.25633533163265315,0.0122714285714285,0.026,0.36171428571428577,0,0,0,1,1,1
2024-11-08,30,22-30d,0.612,0.2462857142857142,0.26033533163265316,0.0125214285714285,0.027,0.36571428571428577,0,0,0,1,1,1
2024-11-08,22,22-30d,0.004,0.0,0.02116186224489796,0.00075,0.002,0.004,1,1,1,0,1,1
2024-11-08,23,22-30d,0.004,0.0,0.02116186224489796,0.0010071428571428,0.002,0.004,1,1,1,0,0,1
2024-11-08,24,22-30d,0.004,0.0,0.02116186224489796,0.0010071428571428,0.002,0.004,1,1,1,0,0,1
2024-11-08,25,22-30d,0.004,0.0,0.02116186224489796,0.0010785714285714,0.002,0.004,1,1,1,0,0,1
2024-11-08,26,22-30d,0.004,0.0,0.02116186224489796,0.0010785714285714,0.002,0.004,1,1,1,0,0,1
2024-11-08,27,22-30d,0.004,0.0,0.02116186224489796,0.0010785714285714,0.002,0.004,1,1,1,0,0,1
2024-11-08,28,22-30d,0.004,0.0,0.02116186224489796,0.0012928571428571,0.002,0.004,1,1,1,0,0,1
2024-11-08,29,22-30d,0.003,0.0,0.021019005102040817,0.0005714285714285,0.001,0.003,1,1,1,0,1,1
2024-11-08,30,22-30d,0.003,0.0,0.021019005102040817,0.0005714285714285,0.001,0.003,1,1,1,0,1,1
2024-11-08,22,22-30d,0.041,0.0407142857142857,0.02063125,0.03455,0.036,0.00028571428571429885,1,1,1,0,0,0
2024-11-08,23,22-30d,0.041,0.0407142857142857,0.02063125,0.03455,0.036,0.00028571428571429885,1,1,1,0,0,0
2024-11-08,24,22-30d,0.04,0.0407142857142857,0.020692474489795918,0.03355,0.035,0.000714285714285702,1,1,1,0,0,0
2024-11-08,25,22-30d,0.04,0.0407142857142857,0.020692474489795918,0.0335785714285714,0.035,0.000714285714285702,1,1,1,0,0,0
2024-11-08,26,22-30d,0.04,0.0407142857142857,0.020692474489795918,0.0341142857142857,0.035,0.000714285714285702,1,1,1,0,0,0
2024-11-08,27,22-30d,0.04,0.0407142857142857,0.020692474489795918,0.0343285714285714,0.035,0.000714285714285702,1,1,1,0,0,0
2024-11-08,28,22-30d,0.039,0.0407142857142857,0.02083533163265306,0.0334714285714285,0.035,0.001714285714285703,1,1,1,0,0,0
2024-11-08,29,22-30d,0.039,0.0407142857142857,0.02083533163265306,0.03355,0.035,0.001714285714285703,1,1,1,0,0,0
2024-11-08,30,22-30d,0.039,0.0407142857142857,0.02083533163265306,0.0338285714285714,0.035,0.001714285714285703,1,1,1,0,0,0
2024-11-08,22,22-30d,0.027,0.0627142857142857,0.025692474489795915,0.0190071428571428,0.02,0.0357142857142857,1,1,1,0,0,0
2024-11-08,23,22-30d,0.026,0.0627142857142857,0.025835331632653058,0.0185714285714285,0.019,0.0367142857142857,1,1,1,0,0,0
2024-11-08,24,22-30d,0.026,0.0627142857142857,0.025835331632653058,0.0189785714285714,0.0199999999999999,0.0367142857142857,1,1,1,0,0,0
2024-11-08,25,22-30d,0.025,0.0627142857142857,0.0259781887755102,0.0180071428571428,0.019,0.03771428571428569,1,1,1,0,0,0
2024-11-08,26,22-30d,0.024,0.0627142857142857,0.026121045918367343,0.0175714285714285,0.018,0.038714285714285694,1,1,1,0,0,0
2024-11-08,27,22-30d,0.024,0.0627142857142857,0.026121045918367343,0.0178285714285714,0.018,0.038714285714285694,1,1,1,0,0,0
2024-11-08,28,22-30d,0.023,0.0627142857142857,0.026263903061224485,0.0169785714285714,0.018,0.039714285714285695,1,1,1,0,0,0
2024-11-08,29,22-30d,0.022,0.0627142857142857,0.02640676020408163,0.0164999999999999,0.0169999999999999,0.040714285714285696,1,1,1,0,0,0
2024-11-08,30,22-30d,0.022,0.0627142857142857,0.02640676020408163,0.0165714285714285,0.0169999999999999,0.040714285714285696,1,1,1,0,0,0
2024-11-08,22,22-30d,0.031,0.03,0.02073329081632653,0.0245,0.025,0.0010000000000000009,1,1,1,0,0,0
2024-11-08,23,22-30d,0.03,0.03,0.020590433673469386,0.0238285714285714,0.024,0.0,1,1,1,0,0,0
2024-11-08,24,22-30d,0.029,0.03,0.02073329081632653,0.0229714285714285,0.024,0.0009999999999999974,1,1,1,0,0,0
2024-11-08,25,22-30d,0.029,0.03,0.02073329081632653,0.0232571428571428,0.024,0.0009999999999999974,1,1,1,0,0,0
2024-11-08,26,22-30d,0.028,0.03,0.02087614795918367,0.0225,0.023,0.0019999999999999983,1,1,1,0,0,0
2024-11-08,27,22-30d,0.027,0.03,0.021019005102040817,0.0218285714285714,0.022,0.002999999999999999,1,1,1,0,0,0
2024-11-08,28,22-30d,0.027,0.03,0.021019005102040817,0.02225,0.023,0.002999999999999999,1,1,1,0,0,0
2024-11-08,29,22-30d,0.026,0.03,0.02116186224489796,0.0212571428571428,0.022,0.004,1,1,1,0,0,0
2024-11-08,30,22-30d,0.025,0.03,0.021304719387755102,0.0204999999999999,0.021,0.0049999999999999975,1,1,1,0,0,0
2024-11-08,22,22-30d,0.465,0.508,0.026733290816326527,0.0146571428571428,0.034,0.04299999999999998,1,1,1,0,1,1
2024-11-08,23,22-30d,0.461,0.508,0.0273047193877551,0.0162714285714285,0.037,0.046999999999999986,1,1,1,0,1,1
2024-11-08,24,22-30d,0.457,0.508,0.02787614795918367,0.0177428571428571,0.041,0.05099999999999999,1,1,1,0,1,1
2024-11-08,25,22-30d,0.452,0.508,0.028590433673469386,0.0190642857142857,0.044,0.055999999999999994,1,1,1,0,1,1
2024-11-08,26,22-30d,0.448,0.508,0.029161862244897956,0.0215714285714285,0.0469999999999999,0.06,1,1,1,0,0,1
2024-11-08,27,22-30d,0.443,0.508,0.029876147959183672,0.0234642857142857,0.0499999999999999,0.065,1,1,1,0,0,1
2024-11-08,28,22-30d,0.439,0.508,0.030447576530612246,0.0261142857142857,0.0539999999999999,0.069,1,1,1,0,0,1
2024-11-08,29,22-30d,0.434,0.508,0.031161862244897958,0.0277928571428571,0.0559999999999999,0.07400000000000001,1,1,1,0,0,1
2024-11-08,30,22-30d,0.43,0.508,0.03173329081632653,0.0301857142857142,0.06,0.07800000000000001,1,1,1,0,0,1
2024-11-08,22,22-30d,0.368,0.1572857142857142,0.12281084183673471,0.1225,0.155,0.2107142857142858,0,0,1,0,0,0
2024-11-08,23,22-30d,0.375,0.1572857142857142,0.1278108418367347,0.1250142857142857,0.158,0.2177142857142858,0,0,1,0,0,0
2024-11-08,24,22-30d,0.382,0.1572857142857142,0.13281084183673472,0.1274785714285714,0.161,0.2247142857142858,0,0,1,0,0,0
2024-11-08,25,22-30d,0.388,0.1572857142857142,0.137096556122449,0.1305142857142857,0.164,0.23071428571428582,0,0,1,0,0,0
2024-11-08,26,22-30d,0.395,0.1572857142857142,0.142096556122449,0.1329499999999999,0.167,0.23771428571428582,0,0,1,0,0,0
2024-11-08,27,22-30d,0.402,0.1572857142857142,0.14709655612244904,0.1350571428571428,0.1689999999999999,0.24471428571428583,0,0,1,0,0,0
2024-11-08,28,22-30d,0.409,0.1572857142857142,0.152096556122449,0.1372071428571429,0.172,0.2517142857142858,0,0,1,0,0,0
2024-11-08,29,22-30d,0.417,0.1572857142857142,0.15781084183673472,0.1387785714285714,0.173,0.2597142857142858,0,0,1,0,0,0
2024-11-08,30,22-30d,0.424,0.1572857142857142,0.16281084183673472,0.1405285714285714,0.175,0.2667142857142858,0,0,1,0,0,0
2024-11-08,22,22-30d,0.012,0.0662857142857142,0.0283455357142857,0.0018642857142857,0.0029999999999999,0.0542857142857142,1,1,1,0,0,0
2024-11-08,23,22-30d,0.011,0.0662857142857142,0.028488392857142848,0.0021214285714285,0.003,0.0552857142857142,1,1,1,0,0,0
2024-11-08,24,22-30d,0.011,0.0662857142857142,0.028488392857142848,0.00155,0.003,0.0552857142857142,1,1,1,0,0,1
2024-11-08,25,22-30d,0.011,0.0662857142857142,0.028488392857142848,0.0011214285714285,0.002,0.0552857142857142,1,1,1,0,0,1
2024-11-08,26,22-30d,0.01,0.0662857142857142,0.02863124999999999,0.0014785714285714,0.0029999999999999,0.056285714285714196,1,1,1,0,0,1
2024-11-08,27,22-30d,0.01,0.0662857142857142,0.02863124999999999,0.0011214285714285,0.002,0.056285714285714196,1,1,1,0,0,1
2024-11-08,28,22-30d,0.009,0.0662857142857142,0.028774107142857133,0.0013357142857142,0.002,0.0572857142857142,1,1,1,0,0,1
2024-11-08,29,22-30d,0.009,0.0662857142857142,0.028774107142857133,0.0010857142857142,0.002,0.0572857142857142,1,1,1,0,0,1
2024-11-08,30,22-30d,0.009,0.0662857142857142,0.028774107142857133,0.0006142857142857,0.001,0.0572857142857142,1,1,1,0,1,1
2024-11-08,22,22-30d,0.046,0.0964285714285714,0.02779451530612245,0.0295785714285714,0.031,0.050428571428571406,1,1,1,0,0,0
2024-11-08,23,22-30d,0.045,0.0964285714285714,0.02793737244897959,0.0295499999999999,0.031,0.05142857142857141,1,1,1,0,0,0
2024-11-08,24,22-30d,0.044,0.0964285714285714,0.028080229591836734,0.0294714285714285,0.031,0.05242857142857141,1,1,1,0,0,0
2024-11-08,25,22-30d,0.043,0.0964285714285714,0.028223086734693877,0.0288285714285714,0.03,0.05342857142857141,1,1,1,0,0,0
2024-11-08,26,22-30d,0.042,0.0964285714285714,0.028365943877551016,0.0284785714285714,0.03,0.0544285714285714,1,1,1,0,0,0
2024-11-08,27,22-30d,0.04,0.0964285714285714,0.028651658163265304,0.0271142857142857,0.028,0.056428571428571404,1,1,1,0,0,0
2024-11-08,28,22-30d,0.039,0.0964285714285714,0.028794515306122447,0.0265499999999999,0.028,0.057428571428571405,1,1,1,0,0,0
2024-11-08,29,22-30d,0.038,0.0964285714285714,0.02893737244897959,0.0263285714285714,0.027,0.058428571428571406,1,1,1,0,0,0
2024-11-08,30,22-30d,0.037,0.0964285714285714,0.02908022959183673,0.0258285714285714,0.0269999999999999,0.05942857142857141,1,1,1,0,0,0
2024-11-08,22,22-30d,0.021,0.0,0.024855739795918357,0.021,0.021,0.021,0,1,1,0,0,0
2024-11-08,23,22-30d,0.021,0.0,0.024855739795918357,0.021,0.021,0.021,0,1,1,0,0,0
2024-11-08,24,22-30d,0.021,0.0,0.024855739795918357,0.021,0.021,0.021,0,1,1,0,0,0
2024-11-08,25,22-30d,0.021,0.0,0.024855739795918357,0.021,0.021,0.021,0,1,1,0,0,0
2024-11-08,26,22-30d,0.021,0.0,0.024855739795918357,0.021,0.021,0.021,0,1,1,0,0,0
2024-11-08,27,22-30d,0.02,0.0,0.02442716836734693,0.02,0.02,0.02,0,1,1,0,0,0
2024-11-08,28,22-30d,0.02,0.0,0.02442716836734693,0.02,0.02,0.02,0,1,1,0,0,0
2024-11-08,29,22-30d,0.02,0.0,0.02442716836734693,0.02,0.02,0.02,0,1,1,0,0,0
2024-11-08,30,22-30d,0.02,0.0,0.02442716836734693,0.02,0.02,0.02,0,1,1,0,0,0
2024-11-08,22,22-30d,0.019,0.0231428571428571,0.02118227040816326,0.0174642857142857,0.018,0.004142857142857101,1,1,1,0,0,0
2024-11-08,23,22-30d,0.018,0.0231428571428571,0.021325127551020402,0.0167214285714285,0.0169999999999999,0.005142857142857102,1,1,1,0,0,0
2024-11-08,24,22-30d,0.018,0.0231428571428571,0.021325127551020402,0.0169999999999999,0.0169999999999999,0.005142857142857102,1,1,1,0,0,0
2024-11-08,25,22-30d,0.017,0.0231428571428571,0.021467984693877545,0.016,0.016,0.006142857142857099,1,1,1,0,0,0
2024-11-08,26,22-30d,0.017,0.0231428571428571,0.021467984693877545,0.016,0.016,0.006142857142857099,1,1,1,0,0,0
2024-11-08,27,22-30d,0.016,0.0231428571428571,0.02161084183673469,0.015,0.015,0.0071428571428571,1,1,1,0,0,0
2024-11-08,28,22-30d,0.016,0.0231428571428571,0.02161084183673469,0.015,0.015,0.0071428571428571,1,1,1,0,0,0
2024-11-08,29,22-30d,0.016,0.0231428571428571,0.02161084183673469,0.015,0.015,0.0071428571428571,1,1,1,0,0,0
2024-11-08,30,22-30d,0.015,0.0231428571428571,0.021753698979591833,0.0139999999999999,0.0139999999999999,0.008142857142857101,1,1,1,0,0,0
2024-11-08,22,22-30d,0.374,0.4938571428571428,0.04495778061224488,0.1043928571428571,0.133,0.11985714285714277,0,1,1,0,0,0
2024-11-08,23,22-30d,0.37,0.4938571428571428,0.0466720663265306,0.1071785714285714,0.135,0.12385714285714278,0,1,1,0,0,0
2024-11-08,24,22-30d,0.365,0.4938571428571428,0.04881492346938775,0.1088142857142857,0.1369999999999999,0.12885714285714278,0,1,1,0,0,0
2024-11-08,25,22-30d,0.36,0.4938571428571428,0.05095778061224489,0.1101428571428571,0.1379999999999999,0.13385714285714279,0,1,1,0,0,0
2024-11-08,26,22-30d,0.355,0.4938571428571428,0.053100637755102036,0.1117785714285714,0.1399999999999999,0.1388571428571428,0,1,1,0,0,0
2024-11-08,27,22-30d,0.35,0.4938571428571428,0.055243494897959176,0.1130285714285714,0.141,0.1438571428571428,0,1,1,0,0,0
2024-11-08,28,22-30d,0.346,0.4938571428571428,0.05695778061224489,0.1150285714285714,0.1429999999999999,0.1478571428571428,0,1,1,0,0,0
2024-11-08,29,22-30d,0.341,0.4938571428571428,0.05910063775510201,0.1162285714285714,0.144,0.15285714285714275,0,1,1,0,0,0
2024-11-08,30,22-30d,0.336,0.4938571428571428,0.06124349489795916,0.11705,0.144,0.15785714285714275,0,1,1,0,0,0
2024-11-08,22,22-30d,0.559,0.4445714285714285,0.06489655612244903,0.1658999999999999,0.1949999999999999,0.11442857142857155,0,1,1,0,0,0
2024-11-08,23,22-30d,0.565,0.4445714285714285,0.06746798469387756,0.1668928571428571,0.196,0.12042857142857144,0,1,1,0,0,0
2024-11-08,24,22-30d,0.571,0.4445714285714285,0.07003941326530613,0.1678642857142857,0.197,0.12642857142857145,0,1,1,0,0,0
2024-11-08,25,22-30d,0.577,0.4445714285714285,0.0726108418367347,0.1687857142857143,0.198,0.13242857142857145,0,1,1,0,0,0
2024-11-08,26,22-30d,0.583,0.4445714285714285,0.07518227040816328,0.1696071428571428,0.198,0.13842857142857146,0,1,1,0,0,0
2024-11-08,27,22-30d,0.589,0.4445714285714285,0.07775369897959185,0.16975,0.199,0.14442857142857146,0,1,1,0,0,0
2024-11-08,28,22-30d,0.595,0.4445714285714285,0.08032512755102042,0.1705,0.199,0.15042857142857147,0,1,1,0,0,0
2024-11-08,29,22-30d,0.601,0.4445714285714285,0.08403533163265302,0.1707714285714286,0.199,0.15642857142857147,0,0,1,0,0,0
2024-11-08,30,22-30d,0.606,0.4445714285714285,0.08760676020408162,0.1720214285714286,0.2,0.16142857142857148,0,0,1,0,0,0
2024-11-08,22,22-30d,0.002,0.0,0.02087614795918367,0.0014642857142857,0.002,0.002,1,1,1,0,0,0
2024-11-08,23,22-30d,0.002,0.0,0.02087614795918367,0.0014642857142857,0.002,0.002,1,1,1,0,0,0
2024-11-08,24,22-30d,0.002,0.0,0.02087614795918367,0.0014642857142857,0.002,0.002,1,1,1,0,0,0
2024-11-08,25,22-30d,0.002,0.0,0.02087614795918367,0.0017214285714285,0.002,0.002,1,1,1,0,0,0
2024-11-08,26,22-30d,0.002,0.0,0.02087614795918367,0.0017214285714285,0.002,0.002,1,1,1,0,0,0
2024-11-08,27,22-30d,0.002,0.0,0.02087614795918367,0.0017214285714285,0.002,0.002,1,1,1,0,0,0
2024-11-08,28,22-30d,0.002,0.0,0.02087614795918367,0.002,0.002,0.002,1,1,1,0,0,0
2024-11-08,29,22-30d,0.002,0.0,0.02087614795918367,0.002,0.002,0.002,1,1,1,0,0,0
2024-11-08,30,22-30d,0.002,0.0,0.02087614795918367,0.002,0.002,0.002,1,1,1,0,0,0
2024-11-08,22,22-30d,0.033,0.0227142857142857,0.022059821428571436,0.03125,0.032,0.0102857142857143,1,1,1,0,0,0
2024-11-08,23,22-30d,0.033,0.0227142857142857,0.022059821428571436,0.03125,0.032,0.0102857142857143,1,1,1,0,0,0
2024-11-08,24,22-30d,0.032,0.0227142857142857,0.021916964285714293,0.0304642857142857,0.031,0.0092857142857143,1,1,1,0,0,0
2024-11-08,25,22-30d,0.032,0.0227142857142857,0.021916964285714293,0.0307214285714285,0.031,0.0092857142857143,1,1,1,0,0,0
2024-11-08,26,22-30d,0.032,0.0227142857142857,0.021916964285714293,0.0307214285714285,0.031,0.0092857142857143,1,1,1,0,0,0
2024-11-08,27,22-30d,0.031,0.0227142857142857,0.02177410714285715,0.0297214285714285,0.03,0.008285714285714299,1,1,1,0,0,0
2024-11-08,28,22-30d,0.031,0.0227142857142857,0.02177410714285715,0.03,0.03,0.008285714285714299,1,1,1,0,0,0
2024-11-08,29,22-30d,0.031,0.0227142857142857,0.02177410714285715,0.03,0.03,0.008285714285714299,1,1,1,0,0,0
2024-11-08,30,22-30d,0.031,0.0227142857142857,0.02177410714285715,0.03,0.03,0.008285714285714299,1,1,1,0,0,0
2024-11-22,1,1-7d,0.019,0.0144285714285714,0.015759744897959192,0.0160071428571428,0.017,0.0045714285714285995,1,1,1,0,0,0
2024-11-22,2,1-7d,0.019,0.0144285714285714,0.015759744897959192,0.0160071428571428,0.017,0.0045714285714285995,1,1,1,0,0,0
2024-11-22,3,1-7d,0.019,0.0144285714285714,0.015759744897959192,0.0160785714285714,0.017,0.0045714285714285995,1,1,1,0,0,0
2024-11-22,4,1-7d,0.019,0.0144285714285714,0.015759744897959192,0.0163571428571428,0.017,0.0045714285714285995,1,1,1,0,0,0
2024-11-22,5,1-7d,0.019,0.0144285714285714,0.015759744897959192,0.0165714285714285,0.017,0.0045714285714285995,1,1,1,0,0,0
2024-11-22,6,1-7d,0.019,0.0144285714285714,0.015759744897959192,0.0165714285714285,0.017,0.0045714285714285995,1,1,1,0,0,0
2024-11-22,7,1-7d,0.019,0.0144285714285714,0.015759744897959192,0.0165714285714285,0.017,0.0045714285714285995,1,1,1,0,0,0
2024-11-22,1,1-7d,0.009,0.0188571428571428,0.016514846938775505,0.0058357142857142,0.0059999999999999,0.009857142857142802,1,1,1,0,0,0
2024-11-22,2,1-7d,0.009,0.0188571428571428,0.016514846938775505,0.0059785714285714,0.0069999999999999,0.009857142857142802,1,1,1,0,0,0
2024-11-22,3,1-7d,0.009,0.0188571428571428,0.016514846938775505,0.0059785714285714,0.0069999999999999,0.009857142857142802,1,1,1,0,0,0
2024-11-22,4,1-7d,0.009,0.0188571428571428,0.016514846938775505,0.0060071428571428,0.0069999999999999,0.009857142857142802,1,1,1,0,0,0
2024-11-22,5,1-7d,0.009,0.0188571428571428,0.016514846938775505,0.0065,0.0069999999999999,0.009857142857142802,1,1,1,0,0,0
2024-11-22,6,1-7d,0.008,0.0188571428571428,0.016657704081632647,0.0055,0.006,0.010857142857142801,1,1,1,0,0,0
2024-11-22,7,1-7d,0.008,0.0188571428571428,0.016657704081632647,0.0055,0.006,0.010857142857142801,1,1,1,0,0,0
2024-11-22,1,1-7d,0.464,0.6124285714285714,0.07167811224489797,0.0606785714285714,0.087,0.1484285714285714,0,0,1,0,0,0
2024-11-22,2,1-7d,0.46,0.6124285714285714,0.07453525510204083,0.0625357142857143,0.089,0.1524285714285714,0,0,1,0,0,0
2024-11-22,3,1-7d,0.457,0.6124285714285714,0.07667811224489797,0.0652571428571428,0.092,0.15542857142857142,0,0,1,0,0,0
2024-11-22,4,1-7d,0.454,0.6124285714285714,0.07882096938775511,0.0681428571428571,0.095,0.15842857142857142,0,0,1,0,0,0
2024-11-22,5,1-7d,0.451,0.6124285714285714,0.08096382653061227,0.0707214285714285,0.097,0.16142857142857142,0,0,1,0,0,0
2024-11-22,6,1-7d,0.447,0.6124285714285714,0.08382096938775511,0.07225,0.099,0.16542857142857142,0,0,1,0,0,0
2024-11-22,7,1-7d,0.443,0.6124285714285714,0.08667811224489798,0.07425,0.1009999999999999,0.16942857142857143,0,0,1,0,0,0
2024-11-22,1,1-7d,0.482,0.2432857142857143,0.14811076530612238,0.043,0.073,0.23871428571428568,0,0,1,0,0,0
2024-11-22,2,1-7d,0.487,0.2432857142857143,0.15241280612244892,0.0444785714285714,0.075,0.2437142857142857,0,0,0,0,0,0
2024-11-22,3,1-7d,0.493,0.2432857142857143,0.15841280612244893,0.0447285714285714,0.0759999999999999,0.2497142857142857,0,0,0,0,0,0
2024-11-22,4,1-7d,0.498,0.2432857142857143,0.1634128061224489,0.0458357142857143,0.0769999999999999,0.25471428571428567,0,0,0,0,0,0
2024-11-22,5,1-7d,0.504,0.2432857142857143,0.1694128061224489,0.0465571428571428,0.0779999999999999,0.2607142857142857,0,0,0,0,0,0
2024-11-22,6,1-7d,0.509,0.2432857142857143,0.17441280612244894,0.0476642857142857,0.0789999999999999,0.2657142857142857,0,0,0,0,0,0
2024-11-22,7,1-7d,0.515,0.2432857142857143,0.18041280612244895,0.0480571428571428,0.0799999999999999,0.2717142857142857,0,0,0,0,0,0
2024-11-22,1,1-7d,0.013,0.02,0.01610668367346939,0.0065785714285714,0.008,0.007000000000000001,1,1,1,0,0,0
2024-11-22,2,1-7d,0.013,0.02,0.01610668367346939,0.0067285714285714,0.009,0.007000000000000001,1,1,1,0,0,0
2024-11-22,3,1-7d,0.012,0.02,0.016249540816326534,0.0059428571428571,0.008,0.008,1,1,1,0,0,0
2024-11-22,4,1-7d,0.012,0.02,0.016249540816326534,0.0060142857142857,0.008,0.008,1,1,1,0,0,0
2024-11-22,5,1-7d,0.012,0.02,0.016249540816326534,0.00655,0.008,0.008,1,1,1,0,0,0
2024-11-22,6,1-7d,0.012,0.02,0.016249540816326534,0.00655,0.008,0.008,1,1,1,0,0,0
2024-11-22,7,1-7d,0.012,0.02,0.016249540816326534,0.00655,0.008,0.008,1,1,1,0,0,0
2024-11-22,1,1-7d,0.046,0.0404285714285714,0.015902602040816335,0.0375857142857142,0.039,0.005571428571428602,1,1,1,0,0,0
2024-11-22,2,1-7d,0.046,0.0404285714285714,0.015902602040816335,0.0375857142857142,0.039,0.005571428571428602,1,1,1,0,0,0
2024-11-22,3,1-7d,0.045,0.0404285714285714,0.015759744897959192,0.0369857142857142,0.039,0.004571428571428601,1,1,1,0,0,0
2024-11-22,4,1-7d,0.045,0.0404285714285714,0.015759744897959192,0.0375499999999999,0.039,0.004571428571428601,1,1,1,0,0,0
2024-11-22,5,1-7d,0.045,0.0404285714285714,0.015759744897959192,0.0375785714285714,0.039,0.004571428571428601,1,1,1,0,0,0
2024-11-22,6,1-7d,0.045,0.0404285714285714,0.015759744897959192,0.0378428571428571,0.039,0.004571428571428601,1,1,1,0,0,0
2024-11-22,7,1-7d,0.045,0.0404285714285714,0.015759744897959192,0.0381214285714285,0.039,0.004571428571428601,1,1,1,0,0,0
2024-11-22,1,1-7d,0.01,0.0095714285714285,0.015167908163265317,0.0084714285714285,0.009,0.0004285714285715003,1,1,1,0,0,0
2024-11-22,2,1-7d,0.009,0.0095714285714285,0.015188316326530603,0.0074714285714285,0.008,0.0005714285714285006,1,1,1,0,0,0
2024-11-22,3,1-7d,0.009,0.0095714285714285,0.015188316326530603,0.0077285714285714,0.008,0.0005714285714285006,1,1,1,0,0,0
2024-11-22,4,1-7d,0.009,0.0095714285714285,0.015188316326530603,0.0077285714285714,0.008,0.0005714285714285006,1,1,1,0,0,0
2024-11-22,5,1-7d,0.009,0.0095714285714285,0.015188316326530603,0.0077571428571428,0.008,0.0005714285714285006,1,1,1,0,0,0
2024-11-22,6,1-7d,0.009,0.0095714285714285,0.015188316326530603,0.0077571428571428,0.008,0.0005714285714285006,1,1,1,0,0,0
2024-11-22,7,1-7d,0.009,0.0095714285714285,0.015188316326530603,0.0077571428571428,0.008,0.0005714285714285006,1,1,1,0,0,0
2024-11-22,1,1-7d,0.021,0.0204285714285714,0.015188316326530619,0.0167285714285714,0.018,0.0005714285714286012,1,1,1,0,0,0
2024-11-22,2,1-7d,0.021,0.0204285714285714,0.015188316326530619,0.0170071428571428,0.018,0.0005714285714286012,1,1,1,0,0,0
2024-11-22,3,1-7d,0.02,0.0204285714285714,0.015167908163265307,0.0162928571428571,0.017,0.0004285714285713997,1,1,1,0,0,0
2024-11-22,4,1-7d,0.02,0.0204285714285714,0.015167908163265307,0.0162928571428571,0.017,0.0004285714285713997,1,1,1,0,0,0
2024-11-22,5,1-7d,0.02,0.0204285714285714,0.015167908163265307,0.0162928571428571,0.017,0.0004285714285713997,1,1,1,0,0,0
2024-11-22,6,1-7d,0.019,0.0204285714285714,0.015310765306122449,0.0153,0.016,0.0014285714285714006,1,1,1,0,0,0
2024-11-22,7,1-7d,0.019,0.0204285714285714,0.015310765306122449,0.0159785714285714,0.017,0.0014285714285714006,1,1,1,0,0,0
2024-11-22,1,1-7d,0.349,0.5231428571428571,0.09004545918367353,0.0064642857142857,0.009,0.17414285714285715,0,0,1,1,1,1
2024-11-22,2,1-7d,0.346,0.5231428571428571,0.09218831632653067,0.0062642857142857,0.008,0.17714285714285716,0,0,1,1,1,1
2024-11-22,3,1-7d,0.342,0.5231428571428571,0.09504545918367348,0.0061214285714285,0.0069999999999999,0.1811428571428571,0,0,1,1,1,1
2024-11-22,4,1-7d,0.339,0.5231428571428571,0.09718831632653062,0.0061142857142857,0.0059999999999999,0.1841428571428571,0,0,1,1,1,1
2024-11-22,5,1-7d,0.335,0.5231428571428571,0.10004545918367348,0.0061142857142857,0.006,0.1881428571428571,0,0,1,1,1,1
2024-11-22,6,1-7d,0.332,0.5231428571428571,0.10218831632653061,0.0059785714285714,0.005,0.19114285714285711,0,0,1,1,1,1
2024-11-22,7,1-7d,0.328,0.5231428571428571,0.10504545918367347,0.0059428571428571,0.004,0.19514285714285712,0,0,1,1,1,1
2024-11-22,1,1-7d,0.551,0.3557142857142857,0.11709035714285716,0.0076571428571428,0.0139999999999999,0.19528571428571434,0,0,1,1,1,1
2024-11-22,2,1-7d,0.555,0.3557142857142857,0.11994750000000001,0.0076857142857142,0.0139999999999999,0.19928571428571434,0,0,1,1,1,1
2024-11-22,3,1-7d,0.559,0.3557142857142857,0.12280464285714288,0.0078642857142856,0.0149999999999999,0.20328571428571435,0,0,1,1,1,1
2024-11-22,4,1-7d,0.563,0.3557142857142857,0.12566178571428563,0.0081142857142857,0.016,0.20728571428571424,0,0,1,1,1,1
2024-11-22,5,1-7d,0.568,0.3557142857142857,0.12923321428571424,0.0081571428571428,0.016,0.21228571428571424,0,0,1,1,1,1
2024-11-22,6,1-7d,0.572,0.3557142857142857,0.13209035714285708,0.0082357142857142,0.016,0.21628571428571425,0,0,1,1,1,1
2024-11-22,7,1-7d,0.576,0.3557142857142857,0.13494749999999994,0.0084142857142857,0.017,0.22028571428571425,0,0,1,1,1,1
2024-11-22,1,1-7d,0.005,0.0,0.015820969387755106,0.0007571428571428,0.002,0.005,1,1,1,0,1,1
2024-11-22,2,1-7d,0.005,0.0,0.015820969387755106,0.0008357142857142,0.002,0.005,1,1,1,0,1,1
2024-11-22,3,1-7d,0.005,0.0,0.015820969387755106,0.0008285714285714,0.002,0.005,1,1,1,0,1,1
2024-11-22,4,1-7d,0.005,0.0,0.015820969387755106,0.0010857142857142,0.002,0.005,1,1,1,0,0,1
2024-11-22,5,1-7d,0.004,0.0,0.015678112244897964,0.0003714285714285,0.001,0.004,1,1,1,1,1,1
2024-11-22,6,1-7d,0.004,0.0,0.015678112244897964,0.0005857142857142,0.001,0.004,1,1,1,0,1,1
2024-11-22,7,1-7d,0.004,0.0,0.015678112244897964,0.0005857142857142,0.001,0.004,1,1,1,0,1,1
2024-11-22,1,1-7d,0.043,0.0354285714285714,0.01618831632653062,0.0330499999999999,0.0349999999999999,0.007571428571428597,1,1,1,0,0,0
2024-11-22,2,1-7d,0.042,0.0354285714285714,0.016045459183673477,0.03245,0.035,0.006571428571428603,1,1,1,0,0,0
2024-11-22,3,1-7d,0.042,0.0354285714285714,0.016045459183673477,0.0328,0.035,0.006571428571428603,1,1,1,0,0,0
2024-11-22,4,1-7d,0.042,0.0354285714285714,0.016045459183673477,0.0330428571428571,0.035,0.006571428571428603,1,1,1,0,0,0
2024-11-22,5,1-7d,0.042,0.0354285714285714,0.016045459183673477,0.0333071428571428,0.035,0.006571428571428603,1,1,1,0,0,0
2024-11-22,6,1-7d,0.041,0.0354285714285714,0.015902602040816335,0.0327285714285714,0.035,0.005571428571428602,1,1,1,0,0,0
2024-11-22,7,1-7d,0.041,0.0354285714285714,0.015902602040816335,0.0330142857142857,0.035,0.005571428571428602,1,1,1,0,0,0
2024-11-22,1,1-7d,0.032,0.031,0.015249540816326535,0.0185785714285714,0.019,0.0010000000000000009,1,1,1,0,0,0
2024-11-22,2,1-7d,0.032,0.031,0.015249540816326535,0.0190071428571428,0.02,0.0010000000000000009,1,1,1,0,0,0
2024-11-22,3,1-7d,0.031,0.031,0.01510668367346939,0.0185785714285714,0.019,0.0,1,1,1,0,0,0
2024-11-22,4,1-7d,0.03,0.031,0.015249540816326535,0.0180071428571428,0.019,0.0010000000000000009,1,1,1,0,0,0
2024-11-22,5,1-7d,0.029,0.031,0.015392397959183677,0.0175785714285714,0.018,0.0019999999999999983,1,1,1,0,0,0
2024-11-22,6,1-7d,0.029,0.031,0.015392397959183677,0.0179785714285714,0.019,0.0019999999999999983,1,1,1,0,0,0
2024-11-22,7,1-7d,0.028,0.031,0.01553525510204082,0.0175714285714285,0.018,0.002999999999999999,1,1,1,0,0,0
2024-11-22,1,1-7d,0.036,0.0244285714285714,0.016759744897959193,0.0242857142857142,0.0249999999999999,0.011571428571428597,1,1,1,0,0,0
2024-11-22,2,1-7d,0.035,0.0244285714285714,0.01661688775510205,0.0235785714285714,0.024,0.010571428571428603,1,1,1,0,0,0
2024-11-22,3,1-7d,0.035,0.0244285714285714,0.01661688775510205,0.0240071428571428,0.025,0.010571428571428603,1,1,1,0,0,0
2024-11-22,4,1-7d,0.034,0.0244285714285714,0.016474030612244905,0.0235714285714285,0.024,0.009571428571428602,1,1,1,0,0,0
2024-11-22,5,1-7d,0.033,0.0244285714285714,0.016331173469387762,0.0229785714285714,0.024,0.008571428571428601,1,1,1,0,0,0
2024-11-22,6,1-7d,0.032,0.0244285714285714,0.01618831632653062,0.0225,0.023,0.0075714285714286005,1,1,1,0,0,0
2024-11-22,7,1-7d,0.032,0.0244285714285714,0.01618831632653062,0.0228357142857142,0.023,0.0075714285714286005,1,1,1,0,0,0
2024-11-22,1,1-7d,0.492,0.4925714285714285,0.015188316326530603,0.0096142857142857,0.022,0.0005714285714285006,1,1,1,0,0,1
2024-11-22,2,1-7d,0.489,0.4925714285714285,0.015616887755102032,0.0078428571428571,0.019,0.0035714285714285032,1,1,1,0,1,1
2024-11-22,3,1-7d,0.485,0.4925714285714285,0.016188316326530606,0.0072,0.018,0.007571428571428507,1,1,1,0,1,1
2024-11-22,4,1-7d,0.481,0.4925714285714285,0.016759744897959176,0.00645,0.016,0.01157142857142851,1,1,1,0,1,1
2024-11-22,5,1-7d,0.477,0.4925714285714285,0.01733117346938775,0.0054857142857142,0.013,0.015571428571428514,1,1,1,1,1,1
2024-11-22,6,1-7d,0.473,0.4925714285714285,0.01790260204081632,0.0053142857142857,0.011,0.019571428571428517,1,1,1,1,1,1
2024-11-22,7,1-7d,0.469,0.4925714285714285,0.018474030612244893,0.0050428571428571,0.009,0.02357142857142852,1,1,1,1,1,1
2024-11-22,1,1-7d,0.321,0.2521428571428571,0.039331173469387755,0.0542571428571428,0.071,0.0688571428571429,0,1,1,0,0,0
2024-11-22,2,1-7d,0.327,0.2521428571428571,0.04190260204081633,0.0564857142857142,0.074,0.0748571428571429,0,1,1,0,0,0
2024-11-22,3,1-7d,0.334,0.2521428571428571,0.04490260204081633,0.0578142857142856,0.0749999999999999,0.0818571428571429,0,1,1,0,0,0
2024-11-22,4,1-7d,0.34,0.2521428571428571,0.0474740306122449,0.0601357142857142,0.0779999999999999,0.08785714285714291,0,1,1,0,0,0
2024-11-22,5,1-7d,0.347,0.2521428571428571,0.05047403061224488,0.0616357142857143,0.08,0.09485714285714286,0,1,1,0,0,0
2024-11-22,6,1-7d,0.354,0.2521428571428571,0.053474030612244886,0.06315,0.082,0.10185714285714287,0,1,1,0,0,0
2024-11-22,7,1-7d,0.361,0.2521428571428571,0.05647403061224489,0.0646428571428571,0.084,0.10885714285714287,0,1,1,0,0,0
2024-11-22,1,1-7d,0.015,0.0105714285714285,0.01573933673469389,0.0035857142857142,0.005,0.004428571428571499,1,1,1,0,0,0
2024-11-22,2,1-7d,0.015,0.0105714285714285,0.01573933673469389,0.0030785714285714,0.004,0.004428571428571499,1,1,1,0,0,0
2024-11-22,3,1-7d,0.014,0.0105714285714285,0.015596479591836746,0.0035071428571428,0.0049999999999999,0.0034285714285714995,1,1,1,0,0,0
2024-11-22,4,1-7d,0.014,0.0105714285714285,0.015596479591836746,0.0028642857142857,0.0039999999999999,0.0034285714285714995,1,1,1,0,0,0
2024-11-22,5,1-7d,0.013,0.0105714285714285,0.015453622448979604,0.0033357142857142,0.004,0.0024285714285714986,1,1,1,0,0,0
2024-11-22,6,1-7d,0.013,0.0105714285714285,0.015453622448979604,0.0024785714285714,0.004,0.0024285714285714986,1,1,1,0,0,0
2024-11-22,7,1-7d,0.012,0.0105714285714285,0.015310765306122461,0.0028642857142857,0.004,0.0014285714285714995,1,1,1,0,0,0
2024-11-22,1,1-7d,0.055,0.1208571428571428,0.02816790816326531,0.0275857142857142,0.029,0.06585714285714281,0,1,1,0,0,0
2024-11-22,2,1-7d,0.054,0.1208571428571428,0.028596479591836737,0.0275857142857142,0.0289999999999999,0.06685714285714281,0,1,1,0,0,0
2024-11-22,3,1-7d,0.052,0.1208571428571428,0.029453622448979595,0.0265857142857142,0.0279999999999999,0.06885714285714281,0,1,1,0,0,0
2024-11-22,4,1-7d,0.051,0.1208571428571428,0.029882193877551026,0.0265857142857142,0.0279999999999999,0.06985714285714281,0,1,1,0,0,0
2024-11-22,5,1-7d,0.05,0.1208571428571428,0.030310765306122447,0.02655,0.028,0.0708571428571428,0,1,1,0,0,0
2024-11-22,6,1-7d,0.049,0.1208571428571428,0.030739336734693874,0.0265499999999999,0.028,0.0718571428571428,0,1,1,0,0,0
2024-11-22,7,1-7d,0.047,0.1208571428571428,0.031596479591836736,0.0253357142857142,0.026,0.0738571428571428,0,1,1,0,0,0
2024-11-22,1,1-7d,0.023,0.0087142857142857,0.017147500000000003,0.0211071428571428,0.0209999999999999,0.0142857142857143,1,1,1,0,0,0
2024-11-22,2,1-7d,0.023,0.0087142857142857,0.017147500000000003,0.0212499999999999,0.022,0.0142857142857143,1,1,1,0,0,0
2024-11-22,3,1-7d,0.023,0.0087142857142857,0.017147500000000003,0.0212499999999999,0.022,0.0142857142857143,1,1,1,0,0,0
2024-11-22,4,1-7d,0.022,0.0087142857142857,0.01700464285714286,0.0202499999999999,0.0209999999999999,0.013285714285714298,1,1,1,0,0,0
2024-11-22,5,1-7d,0.022,0.0087142857142857,0.01700464285714286,0.0204642857142857,0.0209999999999999,0.013285714285714298,1,1,1,0,0,0
2024-11-22,6,1-7d,0.022,0.0087142857142857,0.01700464285714286,0.0207214285714285,0.0209999999999999,0.013285714285714298,1,1,1,0,0,0
2024-11-22,7,1-7d,0.022,0.0087142857142857,0.01700464285714286,0.0207214285714285,0.0209999999999999,0.013285714285714298,1,1,1,0,0,0
2024-11-22,1,1-7d,0.022,0.0162857142857142,0.01592301020408165,0.0182499999999999,0.019,0.0057142857142858,1,1,1,0,0,0
2024-11-22,2,1-7d,0.022,0.0162857142857142,0.01592301020408165,0.0184714285714285,0.019,0.0057142857142858,1,1,1,0,0,0
2024-11-22,3,1-7d,0.021,0.0162857142857142,0.015780153061224506,0.0180357142857142,0.018,0.004714285714285803,1,1,1,0,0,0
2024-11-22,4,1-7d,0.02,0.0162857142857142,0.015637295918367364,0.0171071428571428,0.017,0.003714285714285802,1,1,1,0,0,0
2024-11-22,5,1-7d,0.02,0.0162857142857142,0.015637295918367364,0.0171071428571428,0.017,0.003714285714285802,1,1,1,0,0,0
2024-11-22,6,1-7d,0.019,0.0162857142857142,0.015494438775510221,0.0162499999999999,0.017,0.002714285714285801,1,1,1,0,0,0
2024-11-22,7,1-7d,0.019,0.0162857142857142,0.015494438775510221,0.0164642857142857,0.017,0.002714285714285801,1,1,1,0,0,0
2024-11-22,1,1-7d,0.408,0.6122857142857142,0.11157607142857141,0.0486499999999999,0.062,0.20428571428571424,0,0,1,0,0,0
2024-11-22,2,1-7d,0.403,0.6122857142857142,0.11514749999999994,0.0506571428571428,0.064,0.20928571428571419,0,0,1,0,0,0
2024-11-22,3,1-7d,0.398,0.6122857142857142,0.11871892857142853,0.0523785714285714,0.066,0.2142857142857142,0,0,1,0,0,0
2024-11-22,4,1-7d,0.394,0.6122857142857142,0.1215760714285714,0.0553785714285714,0.069,0.2182857142857142,0,0,1,0,0,0
2024-11-22,5,1-7d,0.389,0.6122857142857142,0.12514749999999994,0.0570285714285714,0.071,0.2232857142857142,0,0,1,0,0,0
2024-11-22,6,1-7d,0.384,0.6122857142857142,0.12909239795918365,0.0582785714285714,0.073,0.2282857142857142,0,0,0,0,0,0
2024-11-22,7,1-7d,0.379,0.6122857142857142,0.13409239795918362,0.0601357142857142,0.074,0.2332857142857142,0,0,0,0,0,0
2024-11-22,1,1-7d,0.517,0.3265714285714285,0.11362096938775512,0.0881357142857142,0.1029999999999999,0.1904285714285715,0,0,1,0,0,0
2024-11-22,2,1-7d,0.523,0.3265714285714285,0.11790668367346939,0.0898571428571428,0.1049999999999999,0.1964285714285715,0,0,1,0,0,0
2024-11-22,3,1-7d,0.529,0.3265714285714285,0.12219239795918369,0.0915785714285713,0.1069999999999999,0.2024285714285715,0,0,1,0,0,0
2024-11-22,4,1-7d,0.535,0.3265714285714285,0.126478112244898,0.0930785714285714,0.1079999999999999,0.20842857142857152,0,0,1,0,0,0
2024-11-22,5,1-7d,0.541,0.3265714285714285,0.13076382653061228,0.0945857142857142,0.1099999999999999,0.21442857142857152,0,0,1,0,0,0
2024-11-22,6,1-7d,0.547,0.3265714285714285,0.13504954081632656,0.0961071428571428,0.1109999999999999,0.22042857142857153,0,0,1,0,0,0
2024-11-22,7,1-7d,0.553,0.3265714285714285,0.13933525510204087,0.0975857142857142,0.1129999999999999,0.22642857142857153,0,0,1,0,0,0
2024-11-22,1,1-7d,0.003,0.0,0.01553525510204082,0.0014642857142857,0.002,0.003,1,1,1,0,0,0
2024-11-22,2,1-7d,0.003,0.0,0.01553525510204082,0.0014642857142857,0.002,0.003,1,1,1,0,0,0
2024-11-22,3,1-7d,0.003,0.0,0.01553525510204082,0.0014642857142857,0.002,0.003,1,1,1,0,0,0
2024-11-22,4,1-7d,0.003,0.0,0.01553525510204082,0.0017214285714285,0.002,0.003,1,1,1,0,0,0
2024-11-22,5,1-7d,0.003,0.0,0.01553525510204082,0.0017214285714285,0.002,0.003,1,1,1,0,0,0
2024-11-22,6,1-7d,0.003,0.0,0.01553525510204082,0.0017214285714285,0.002,0.003,1,1,1,0,0,0
2024-11-22,7,1-7d,0.003,0.0,0.01553525510204082,0.002,0.002,0.003,1,1,1,0,0,0
2024-11-22,1,1-7d,0.035,0.0087142857142857,0.02108627551020408,0.0299785714285714,0.031,0.0262857142857143,0,1,1,0,0,0
2024-11-22,2,1-7d,0.035,0.0087142857142857,0.02108627551020408,0.0302857142857142,0.031,0.0262857142857143,0,1,1,0,0,0
2024-11-22,3,1-7d,0.035,0.0087142857142857,0.02108627551020408,0.0305,0.031,0.0262857142857143,0,1,1,0,0,0
2024-11-22,4,1-7d,0.034,0.0087142857142857,0.020657704081632648,0.0298285714285714,0.03,0.0252857142857143,0,1,1,0,0,0
2024-11-22,5,1-7d,0.034,0.0087142857142857,0.020657704081632648,0.0298285714285714,0.03,0.0252857142857143,0,1,1,0,0,0
2024-11-22,6,1-7d,0.034,0.0087142857142857,0.020657704081632648,0.03025,0.031,0.0252857142857143,0,1,1,0,0,0
2024-11-22,7,1-7d,0.033,0.0087142857142857,0.02022913265306122,0.02925,0.03,0.0242857142857143,0,1,1,0,0,0
2024-11-22,8,8-14d,0.019,0.0144285714285714,0.017830408163265307,0.0165714285714285,0.017,0.0045714285714285995,1,1,1,0,0,0
2024-11-22,9,8-14d,0.019,0.0144285714285714,0.017830408163265307,0.0168285714285714,0.017,0.0045714285714285995,1,1,1,0,0,0
2024-11-22,10,8-14d,0.019,0.0144285714285714,0.017830408163265307,0.0169714285714285,0.018,0.0045714285714285995,1,1,1,0,0,0
2024-11-22,11,8-14d,0.018,0.0144285714285714,0.017687551020408164,0.0159714285714285,0.0169999999999999,0.0035714285714285986,1,1,1,0,0,0
2024-11-22,12,8-14d,0.018,0.0144285714285714,0.017687551020408164,0.0159714285714285,0.0169999999999999,0.0035714285714285986,1,1,1,0,0,0
2024-11-22,13,8-14d,0.018,0.0144285714285714,0.017687551020408164,0.0159714285714285,0.0169999999999999,0.0035714285714285986,1,1,1,0,0,0
2024-11-22,14,8-14d,0.018,0.0144285714285714,0.017687551020408164,0.0162499999999999,0.0169999999999999,0.0035714285714285986,1,1,1,0,0,0
2024-11-22,8,8-14d,0.008,0.0188571428571428,0.01872836734693876,0.0055,0.006,0.010857142857142801,1,1,1,0,0,0
2024-11-22,9,8-14d,0.008,0.0188571428571428,0.01872836734693876,0.0058285714285714,0.006,0.010857142857142801,1,1,1,0,0,0
2024-11-22,10,8-14d,0.008,0.0188571428571428,0.01872836734693876,0.0058285714285714,0.006,0.010857142857142801,1,1,1,0,0,0
2024-11-22,11,8-14d,0.008,0.0188571428571428,0.01872836734693876,0.0058285714285714,0.006,0.010857142857142801,1,1,1,0,0,0
2024-11-22,12,8-14d,0.007,0.0188571428571428,0.018871224489795908,0.0049714285714285,0.006,0.011857142857142802,1,1,1,0,0,0
2024-11-22,13,8-14d,0.007,0.0188571428571428,0.018871224489795908,0.00525,0.006,0.011857142857142802,1,1,1,0,0,0
2024-11-22,14,8-14d,0.007,0.0188571428571428,0.018871224489795908,0.00525,0.006,0.011857142857142802,1,1,1,0,0,0
2024-11-22,8,8-14d,0.44,0.6124285714285714,0.07851204081632655,0.0765357142857142,0.1029999999999999,0.17242857142857143,0,0,1,0,0,0
2024-11-22,9,8-14d,0.436,0.6124285714285714,0.08136918367346942,0.0785357142857142,0.1049999999999999,0.17642857142857143,0,0,1,0,0,0
2024-11-22,10,8-14d,0.432,0.6124285714285714,0.08422632653061227,0.0796428571428571,0.1059999999999999,0.18042857142857144,0,0,1,0,0,0
2024-11-22,11,8-14d,0.428,0.6124285714285714,0.08708346938775513,0.0816071428571428,0.1079999999999999,0.18442857142857144,0,0,1,0,0,0
2024-11-22,12,8-14d,0.425,0.6124285714285714,0.08922632653061227,0.0836428571428571,0.1099999999999999,0.18742857142857144,0,0,1,0,0,0
2024-11-22,13,8-14d,0.421,0.6124285714285714,0.09208346938775513,0.0848571428571428,0.1119999999999999,0.19142857142857145,0,0,1,0,0,0
2024-11-22,14,8-14d,0.417,0.6124285714285714,0.09494061224489798,0.0862428571428571,0.1139999999999999,0.19542857142857145,0,0,1,0,0,0
2024-11-22,8,8-14d,0.52,0.2432857142857143,0.17727122448979585,0.0488785714285714,0.0809999999999999,0.2767142857142857,0,0,0,0,0,0
2024-11-22,9,8-14d,0.526,0.2432857142857143,0.18327122448979585,0.0490571428571428,0.0819999999999999,0.2827142857142857,0,0,0,0,0,0
2024-11-22,10,8-14d,0.531,0.2432857142857143,0.18827122448979589,0.0501642857142856,0.0829999999999999,0.2877142857142857,0,0,0,0,0,0
2024-11-22,11,8-14d,0.536,0.2432857142857143,0.19327122448979586,0.0511928571428571,0.0839999999999999,0.2927142857142857,0,0,0,0,0,0
2024-11-22,12,8-14d,0.542,0.2432857142857143,0.19927122448979587,0.0512285714285713,0.0839999999999999,0.2987142857142857,0,0,0,0,0,0
2024-11-22,13,8-14d,0.547,0.2432857142857143,0.2042712244897959,0.0523285714285713,0.0849999999999999,0.3037142857142857,0,0,0,0,0,0
2024-11-22,14,8-14d,0.553,0.2432857142857143,0.21027122448979588,0.0520499999999999,0.0849999999999999,0.3097142857142857,0,0,0,0,0,0
2024-11-22,8,8-14d,0.011,0.02,0.018463061224489794,0.0055499999999999,0.0069999999999999,0.009000000000000001,1,1,1,0,0,0
2024-11-22,9,8-14d,0.011,0.02,0.018463061224489794,0.0055785714285714,0.0069999999999999,0.009000000000000001,1,1,1,0,0,0
2024-11-22,10,8-14d,0.011,0.02,0.018463061224489794,0.0062142857142857,0.008,0.009000000000000001,1,1,1,0,0,0
2024-11-22,11,8-14d,0.011,0.02,0.018463061224489794,0.0064714285714285,0.008,0.009000000000000001,1,1,1,0,0,0
2024-11-22,12,8-14d,0.011,0.02,0.018463061224489794,0.0064714285714285,0.008,0.009000000000000001,1,1,1,0,0,0
2024-11-22,13,8-14d,0.01,0.02,0.018605918367346937,0.0055428571428571,0.007,0.01,1,1,1,0,0,0
2024-11-22,14,8-14d,0.01,0.02,0.018605918367346937,0.0055428571428571,0.007,0.01,1,1,1,0,0,0
2024-11-22,8,8-14d,0.045,0.0404285714285714,0.017830408163265307,0.0384785714285714,0.04,0.004571428571428601,1,1,1,0,0,0
2024-11-22,9,8-14d,0.044,0.0404285714285714,0.017687551020408164,0.0375499999999999,0.039,0.0035714285714286004,1,1,1,0,0,0
2024-11-22,10,8-14d,0.044,0.0404285714285714,0.017687551020408164,0.0375499999999999,0.039,0.0035714285714286004,1,1,1,0,0,0
2024-11-22,11,8-14d,0.044,0.0404285714285714,0.017687551020408164,0.0381142857142857,0.039,0.0035714285714286004,1,1,1,0,0,0
2024-11-22,12,8-14d,0.043,0.0404285714285714,0.01754469387755102,0.0373285714285714,0.038,0.0025714285714285995,1,1,1,0,0,0
2024-11-22,13,8-14d,0.043,0.0404285714285714,0.01754469387755102,0.0374714285714285,0.0389999999999999,0.0025714285714285995,1,1,1,0,0,0
2024-11-22,14,8-14d,0.043,0.0404285714285714,0.01754469387755102,0.0374785714285714,0.0389999999999999,0.0025714285714285995,1,1,1,0,0,0
2024-11-22,8,8-14d,0.009,0.0095714285714285,0.017258979591836723,0.0077571428571428,0.008,0.0005714285714285006,1,1,1,0,0,0
2024-11-22,9,8-14d,0.009,0.0095714285714285,0.017258979591836723,0.0080357142857142,0.008,0.0005714285714285006,1,1,1,0,0,0
2024-11-22,10,8-14d,0.008,0.0095714285714285,0.01740183673469387,0.0071071428571428,0.007,0.0015714285714284997,1,1,1,0,0,0
2024-11-22,11,8-14d,0.008,0.0095714285714285,0.01740183673469387,0.0071071428571428,0.007,0.0015714285714284997,1,1,1,0,0,0
2024-11-22,12,8-14d,0.008,0.0095714285714285,0.01740183673469387,0.0071071428571428,0.007,0.0015714285714284997,1,1,1,0,0,0
2024-11-22,13,8-14d,0.008,0.0095714285714285,0.01740183673469387,0.0071071428571428,0.007,0.0015714285714284997,1,1,1,0,0,0
2024-11-22,14,8-14d,0.008,0.0095714285714285,0.01740183673469387,0.0071071428571428,0.007,0.0015714285714284997,1,1,1,0,0,0
2024-11-22,8,8-14d,0.019,0.0204285714285714,0.017381428571428565,0.0159785714285714,0.017,0.0014285714285714006,1,1,1,0,0,0
2024-11-22,9,8-14d,0.019,0.0204285714285714,0.017381428571428565,0.0160071428571428,0.017,0.0014285714285714006,1,1,1,0,0,0
2024-11-22,10,8-14d,0.018,0.0204285714285714,0.017524285714285708,0.0152214285714285,0.016,0.0024285714285714015,1,1,1,0,0,0
2024-11-22,11,8-14d,0.018,0.0204285714285714,0.017524285714285708,0.0152214285714285,0.016,0.0024285714285714015,1,1,1,0,0,0
2024-11-22,12,8-14d,0.018,0.0204285714285714,0.017524285714285708,0.0152214285714285,0.016,0.0024285714285714015,1,1,1,0,0,0
2024-11-22,13,8-14d,0.017,0.0204285714285714,0.01766714285714285,0.0145,0.015,0.003428571428571399,1,1,1,0,0,0
2024-11-22,14,8-14d,0.017,0.0204285714285714,0.01766714285714285,0.0145714285714285,0.015,0.003428571428571399,1,1,1,0,0,0
2024-11-22,8,8-14d,0.325,0.5231428571428571,0.09687938775510203,0.0057,0.003,0.19814285714285712,0,0,1,1,1,1
2024-11-22,9,8-14d,0.321,0.5231428571428571,0.09973653061224488,0.0057357142857142,0.003,0.20214285714285712,0,0,1,1,1,1
2024-11-22,10,8-14d,0.318,0.5231428571428571,0.10187938775510205,0.00545,0.001,0.20514285714285713,0,0,1,1,1,1
2024-11-22,11,8-14d,0.314,0.5231428571428571,0.10562632653061226,0.0054571428571428,0.001,0.20914285714285713,0,0,0,1,1,1
2024-11-22,12,8-14d,0.311,0.5231428571428571,0.10862632653061224,0.0053142857142857,0.0,0.21214285714285713,0,0,0,1,1,1
2024-11-22,13,8-14d,0.307,0.5231428571428571,0.11262632653061225,0.00545,0.0,0.21614285714285714,0,0,0,1,1,1
2024-11-22,14,8-14d,0.304,0.5231428571428571,0.11562632653061226,0.0057357142857142,0.002,0.21914285714285714,0,0,0,1,1,1
2024-11-22,8,8-14d,0.58,0.3557142857142857,0.13532428571428565,0.0085,0.017,0.22428571428571425,0,0,1,1,1,1
2024-11-22,9,8-14d,0.585,0.3557142857142857,0.13889571428571426,0.0086,0.017,0.22928571428571426,0,0,1,1,1,1
2024-11-22,10,8-14d,0.589,0.3557142857142857,0.1417528571428571,0.0087785714285714,0.018,0.23328571428571426,0,0,1,1,1,1
2024-11-22,11,8-14d,0.592,0.3557142857142857,0.14389571428571424,0.0089571428571428,0.019,0.23628571428571427,0,0,1,1,1,1
2024-11-22,12,8-14d,0.596,0.3557142857142857,0.14675285714285707,0.0091857142857142,0.02,0.24028571428571427,0,0,1,1,1,1
2024-11-22,13,8-14d,0.6,0.3557142857142857,0.14960999999999994,0.0092571428571428,0.02,0.24428571428571427,0,0,1,1,1,1
2024-11-22,14,8-14d,0.604,0.3557142857142857,0.15246714285714277,0.0095071428571428,0.021,0.24828571428571428,0,0,1,1,1,1
2024-11-22,8,8-14d,0.004,0.0,0.01774877551020408,0.0005857142857142,0.001,0.004,1,1,1,0,1,1
2024-11-22,9,8-14d,0.004,0.0,0.01774877551020408,0.0007214285714285,0.002,0.004,1,1,1,0,1,1
2024-11-22,10,8-14d,0.004,0.0,0.01774877551020408,0.00075,0.002,0.004,1,1,1,0,1,1
2024-11-22,11,8-14d,0.004,0.0,0.01774877551020408,0.00075,0.002,0.004,1,1,1,0,1,1
2024-11-22,12,8-14d,0.004,0.0,0.01774877551020408,0.0010071428571428,0.002,0.004,1,1,1,0,0,1
2024-11-22,13,8-14d,0.004,0.0,0.01774877551020408,0.0010071428571428,0.002,0.004,1,1,1,0,0,1
2024-11-22,14,8-14d,0.004,0.0,0.01774877551020408,0.0010071428571428,0.002,0.004,1,1,1,0,0,1
2024-11-22,8,8-14d,0.041,0.0354285714285714,0.017973265306122452,0.0332714285714285,0.035,0.005571428571428602,1,1,1,0,0,0
2024-11-22,9,8-14d,0.041,0.0354285714285714,0.017973265306122452,0.0335785714285714,0.035,0.005571428571428602,1,1,1,0,0,0
2024-11-22,10,8-14d,0.04,0.0354285714285714,0.017830408163265307,0.0325785714285714,0.034,0.004571428571428601,1,1,1,0,0,0
2024-11-22,11,8-14d,0.04,0.0354285714285714,0.017830408163265307,0.0327285714285714,0.035,0.004571428571428601,1,1,1,0,0,0
2024-11-22,12,8-14d,0.04,0.0354285714285714,0.017830408163265307,0.0334785714285714,0.035,0.004571428571428601,1,1,1,0,0,0
2024-11-22,13,8-14d,0.04,0.0354285714285714,0.017830408163265307,0.03355,0.035,0.004571428571428601,1,1,1,0,0,0
2024-11-22,14,8-14d,0.039,0.0354285714285714,0.017687551020408164,0.03255,0.034,0.0035714285714286004,1,1,1,0,0,0
2024-11-22,8,8-14d,0.027,0.031,0.01774877551020408,0.0169785714285714,0.018,0.004,1,1,1,0,0,0
2024-11-22,9,8-14d,0.026,0.031,0.017891632653061224,0.0165,0.017,0.005000000000000001,1,1,1,0,0,0
2024-11-22,10,8-14d,0.026,0.031,0.017891632653061224,0.0165714285714285,0.017,0.005000000000000001,1,1,1,0,0,0
2024-11-22,11,8-14d,0.025,0.031,0.018034489795918367,0.0159785714285714,0.017,0.005999999999999998,1,1,1,0,0,0
2024-11-22,12,8-14d,0.024,0.031,0.01817734693877551,0.0155,0.016,0.006999999999999999,1,1,1,0,0,0
2024-11-22,13,8-14d,0.024,0.031,0.01817734693877551,0.0159714285714285,0.017,0.006999999999999999,1,1,1,0,0,0
2024-11-22,14,8-14d,0.023,0.031,0.01832020408163265,0.0152571428571428,0.016,0.008,1,1,1,0,0,0
2024-11-22,8,8-14d,0.031,0.0244285714285714,0.018116122448979595,0.0222571428571428,0.023,0.0065714285714286,1,1,1,0,0,0
2024-11-22,9,8-14d,0.03,0.0244285714285714,0.017973265306122452,0.0215714285714285,0.022,0.005571428571428599,1,1,1,0,0,0
2024-11-22,10,8-14d,0.029,0.0244285714285714,0.01783040816326531,0.0209785714285714,0.022,0.004571428571428601,1,1,1,0,0,0
2024-11-22,11,8-14d,0.029,0.0244285714285714,0.01783040816326531,0.0212571428571428,0.022,0.004571428571428601,1,1,1,0,0,0
2024-11-22,12,8-14d,0.028,0.0244285714285714,0.017687551020408167,0.0205714285714285,0.021,0.0035714285714286004,1,1,1,0,0,0
2024-11-22,13,8-14d,0.027,0.0244285714285714,0.017544693877551025,0.0202571428571428,0.0209999999999999,0.0025714285714285995,1,1,1,0,0,0
2024-11-22,14,8-14d,0.027,0.0244285714285714,0.017544693877551025,0.0202571428571428,0.0209999999999999,0.0025714285714285995,1,1,1,0,0,0
2024-11-22,8,8-14d,0.465,0.4925714285714285,0.021116122448979573,0.0048999999999999,0.0069999999999999,0.02757142857142847,1,1,1,1,1,1
2024-11-22,9,8-14d,0.461,0.4925714285714285,0.021687551020408147,0.0046071428571428,0.004,0.03157142857142847,1,1,1,1,1,1
2024-11-22,10,8-14d,0.457,0.4925714285714285,0.02225897959183672,0.0043642857142857,0.002,0.035571428571428476,1,1,1,1,1,1
2024-11-22,11,8-14d,0.452,0.4925714285714285,0.022973265306122433,0.0040857142857142,0.0,0.04057142857142848,1,1,1,1,1,1
2024-11-22,12,8-14d,0.448,0.4925714285714285,0.023544693877551006,0.0046285714285714,0.003,0.044571428571428484,1,1,1,1,1,1
2024-11-22,13,8-14d,0.443,0.4925714285714285,0.024258979591836722,0.0048071428571428,0.004,0.04957142857142849,1,1,1,1,1,1
2024-11-22,14,8-14d,0.439,0.4925714285714285,0.024830408163265292,0.0052714285714285,0.007,0.05357142857142849,1,1,1,1,1,1
2024-11-22,8,8-14d,0.368,0.2521428571428571,0.06246306122448981,0.0663928571428571,0.086,0.11585714285714288,0,1,1,0,0,0
2024-11-22,9,8-14d,0.375,0.2521428571428571,0.06546306122448982,0.0679285714285714,0.088,0.12285714285714289,0,1,1,0,0,0
2024-11-22,10,8-14d,0.382,0.2521428571428571,0.06846306122448982,0.0697285714285714,0.0899999999999999,0.1298571428571429,0,1,1,0,0,0
2024-11-22,11,8-14d,0.388,0.2521428571428571,0.07216102040816327,0.0722,0.0929999999999999,0.1358571428571429,0,0,1,0,0,0
2024-11-22,12,8-14d,0.395,0.2521428571428571,0.07716102040816328,0.0737357142857142,0.0949999999999999,0.1428571428571429,0,0,1,0,0,0
2024-11-22,13,8-14d,0.402,0.2521428571428571,0.08216102040816328,0.0757428571428571,0.0969999999999999,0.1498571428571429,0,0,1,0,0,0
2024-11-22,14,8-14d,0.409,0.2521428571428571,0.08716102040816325,0.0772071428571428,0.099,0.15685714285714286,0,0,1,0,0,0
2024-11-22,8,8-14d,0.012,0.0105714285714285,0.017381428571428582,0.0023357142857142,0.0029999999999999,0.0014285714285714995,1,1,1,0,0,0
2024-11-22,9,8-14d,0.011,0.0105714285714285,0.01723857142857144,0.0028285714285714,0.004,0.0004285714285714986,1,1,1,0,0,0
2024-11-22,10,8-14d,0.011,0.0105714285714285,0.01723857142857144,0.0023357142857142,0.003,0.0004285714285714986,1,1,1,0,0,0
2024-11-22,11,8-14d,0.011,0.0105714285714285,0.01723857142857144,0.0018285714285714,0.003,0.0004285714285714986,1,1,1,0,0,0
2024-11-22,12,8-14d,0.01,0.0105714285714285,0.017258979591836723,0.0023285714285714,0.0029999999999999,0.0005714285714285006,1,1,1,0,0,0
2024-11-22,13,8-14d,0.01,0.0105714285714285,0.017258979591836723,0.0017571428571428,0.0029999999999999,0.0005714285714285006,1,1,1,0,0,0
2024-11-22,14,8-14d,0.009,0.0105714285714285,0.01740183673469387,0.0023285714285714,0.003,0.0015714285714285015,1,1,1,0,0,0
2024-11-22,8,8-14d,0.046,0.1208571428571428,0.030605918367346937,0.0251214285714285,0.026,0.0748571428571428,0,1,1,0,0,0
2024-11-22,9,8-14d,0.045,0.1208571428571428,0.031034489795918364,0.0251214285714285,0.026,0.0758571428571428,0,1,1,0,0,0
2024-11-22,10,8-14d,0.044,0.1208571428571428,0.031463061224489795,0.0245499999999999,0.026,0.0768571428571428,0,1,1,0,0,0
2024-11-22,11,8-14d,0.043,0.1208571428571428,0.031891632653061226,0.0244785714285714,0.0259999999999999,0.0778571428571428,0,1,1,0,0,0
2024-11-22,12,8-14d,0.042,0.1208571428571428,0.03232020408163265,0.0243357142857142,0.025,0.07885714285714279,0,1,1,0,0,0
2024-11-22,13,8-14d,0.04,0.1208571428571428,0.033177346938775505,0.0230857142857142,0.024,0.0808571428571428,0,1,1,0,0,0
2024-11-22,14,8-14d,0.039,0.1208571428571428,0.033605918367346936,0.02255,0.024,0.0818571428571428,0,1,1,0,0,0
2024-11-22,8,8-14d,0.021,0.0087142857142857,0.018932448979591836,0.02,0.02,0.0122857142857143,1,1,1,0,0,0
2024-11-22,9,8-14d,0.021,0.0087142857142857,0.018932448979591836,0.02,0.02,0.0122857142857143,1,1,1,0,0,0
2024-11-22,10,8-14d,0.021,0.0087142857142857,0.018932448979591836,0.02,0.02,0.0122857142857143,1,1,1,0,0,0
2024-11-22,11,8-14d,0.021,0.0087142857142857,0.018932448979591836,0.02,0.02,0.0122857142857143,1,1,1,0,0,0
2024-11-22,12,8-14d,0.021,0.0087142857142857,0.018932448979591836,0.02,0.02,0.0122857142857143,1,1,1,0,0,0
2024-11-22,13,8-14d,0.02,0.0087142857142857,0.018789591836734693,0.019,0.019,0.0112857142857143,1,1,1,0,0,0
2024-11-22,14,8-14d,0.02,0.0087142857142857,0.018789591836734693,0.019,0.019,0.0112857142857143,1,1,1,0,0,0
2024-11-22,8,8-14d,0.019,0.0162857142857142,0.01756510204081634,0.0167214285714285,0.017,0.002714285714285801,1,1,1,0,0,0
2024-11-22,9,8-14d,0.018,0.0162857142857142,0.017422244897959197,0.016,0.016,0.0017142857142858,1,1,1,0,0,0
2024-11-22,10,8-14d,0.018,0.0162857142857142,0.017422244897959197,0.0160071428571428,0.016,0.0017142857142858,1,1,1,0,0,0
2024-11-22,11,8-14d,0.017,0.0162857142857142,0.017279387755102054,0.0150071428571428,0.015,0.0007142857142858026,1,1,1,0,0,0
2024-11-22,12,8-14d,0.017,0.0162857142857142,0.017279387755102054,0.0150357142857142,0.015,0.0007142857142858026,1,1,1,0,0,0
2024-11-22,13,8-14d,0.016,0.0162857142857142,0.01721816326530611,0.0141071428571428,0.014,0.00028571428571419824,1,1,1,0,0,0
2024-11-22,14,8-14d,0.016,0.0162857142857142,0.01721816326530611,0.01425,0.015,0.00028571428571419824,1,1,1,0,0,0
2024-11-22,8,8-14d,0.374,0.6122857142857142,0.13476918367346932,0.0614999999999999,0.076,0.2382857142857142,0,0,0,0,0,0
2024-11-22,9,8-14d,0.37,0.6122857142857142,0.13876918367346933,0.0639999999999999,0.079,0.24228571428571422,0,0,0,0,0,0
2024-11-22,10,8-14d,0.365,0.6122857142857142,0.14376918367346936,0.0654999999999999,0.08,0.24728571428571422,0,0,0,0,0,0
2024-11-22,11,8-14d,0.36,0.6122857142857142,0.1487691836734694,0.0665714285714285,0.0809999999999999,0.2522857142857142,0,0,0,0,0,0
2024-11-22,12,8-14d,0.355,0.6122857142857142,0.15376918367346937,0.0677428571428571,0.0829999999999999,0.25728571428571423,0,0,0,0,0,0
2024-11-22,13,8-14d,0.35,0.6122857142857142,0.1587691836734694,0.0692142857142857,0.0839999999999999,0.26228571428571423,0,0,0,0,0,0
2024-11-22,14,8-14d,0.346,0.6122857142857142,0.1627691836734694,0.0712142857142856,0.0859999999999999,0.26628571428571424,0,0,0,0,0,0
2024-11-22,8,8-14d,0.559,0.3265714285714285,0.14114061224489802,0.0988285714285713,0.1139999999999999,0.23242857142857154,0,0,1,0,0,0
2024-11-22,9,8-14d,0.565,0.3265714285714285,0.14542632653061222,0.0998285714285715,0.1150000000000001,0.23842857142857143,0,0,1,0,0,0
2024-11-22,10,8-14d,0.571,0.3265714285714285,0.14971204081632652,0.1013071428571429,0.1169999999999999,0.24442857142857144,0,0,1,0,0,0
2024-11-22,11,8-14d,0.577,0.3265714285714285,0.1539977551020408,0.1023071428571429,0.118,0.25042857142857144,0,0,1,0,0,0
2024-11-22,12,8-14d,0.583,0.3265714285714285,0.1582834693877551,0.1033071428571428,0.119,0.25642857142857145,0,0,1,0,0,0
2024-11-22,13,8-14d,0.589,0.3265714285714285,0.1629855102040816,0.1042999999999999,0.12,0.26242857142857146,0,0,0,0,0,0
2024-11-22,14,8-14d,0.595,0.3265714285714285,0.16898551020408162,0.1048285714285714,0.12,0.26842857142857146,0,0,0,0,0,0
2024-11-22,8,8-14d,0.002,0.0,0.017463061224489797,0.001,0.001,0.002,1,1,1,0,0,0
2024-11-22,9,8-14d,0.002,0.0,0.017463061224489797,0.001,0.001,0.002,1,1,1,0,0,0
2024-11-22,10,8-14d,0.002,0.0,0.017463061224489797,0.001,0.001,0.002,1,1,1,0,0,0
2024-11-22,11,8-14d,0.002,0.0,0.017463061224489797,0.0010071428571428,0.001,0.002,1,1,1,0,0,0
2024-11-22,12,8-14d,0.002,0.0,0.017463061224489797,0.0010071428571428,0.001,0.002,1,1,1,0,0,0
2024-11-22,13,8-14d,0.002,0.0,0.017463061224489797,0.0010357142857142,0.001,0.002,1,1,1,0,0,0
2024-11-22,14,8-14d,0.002,0.0,0.017463061224489797,0.0010357142857142,0.001,0.002,1,1,1,0,0,0
2024-11-22,8,8-14d,0.033,0.0087142857142857,0.02321816326530612,0.0294714285714285,0.03,0.0242857142857143,0,1,1,0,0,0
2024-11-22,9,8-14d,0.033,0.0087142857142857,0.02321816326530612,0.0295,0.03,0.0242857142857143,0,1,1,0,0,0
2024-11-22,10,8-14d,0.032,0.0087142857142857,0.02278959183673469,0.0287571428571428,0.029,0.0232857142857143,0,1,1,0,0,0
2024-11-22,11,8-14d,0.032,0.0087142857142857,0.02278959183673469,0.0288285714285714,0.029,0.0232857142857143,0,1,1,0,0,0
2024-11-22,12,8-14d,0.032,0.0087142857142857,0.02278959183673469,0.0291071428571428,0.029,0.0232857142857143,0,1,1,0,0,0
2024-11-22,13,8-14d,0.031,0.0087142857142857,0.022361020408163262,0.0282499999999999,0.0289999999999999,0.022285714285714298,0,1,1,0,0,0
2024-11-22,14,8-14d,0.031,0.0087142857142857,0.022361020408163262,0.0282499999999999,0.0289999999999999,0.022285714285714298,0,1,1,0,0,0
2024-11-22,15,15-21d,0.018,0.0144285714285714,0.02013938775510204,0.0162571428571428,0.0169999999999999,0.0035714285714285986,1,1,1,0,0,0
2024-11-22,16,15-21d,0.018,0.0144285714285714,0.02013938775510204,0.0162571428571428,0.0169999999999999,0.0035714285714285986,1,1,1,0,0,0
2024-11-22,17,15-21d,0.018,0.0144285714285714,0.02013938775510204,0.0162571428571428,0.0169999999999999,0.0035714285714285986,1,1,1,0,0,0
2024-11-22,18,15-21d,0.018,0.0144285714285714,0.02013938775510204,0.0164714285714285,0.0169999999999999,0.0035714285714285986,1,1,1,0,0,0
2024-11-22,19,15-21d,0.018,0.0144285714285714,0.02013938775510204,0.0164714285714285,0.0169999999999999,0.0035714285714285986,1,1,1,0,0,0
2024-11-22,20,15-21d,0.018,0.0144285714285714,0.02013938775510204,0.0164999999999999,0.0169999999999999,0.0035714285714285986,1,1,1,0,0,0
2024-11-22,21,15-21d,0.017,0.0144285714285714,0.0199965306122449,0.0155,0.016,0.0025714285714286012,1,1,1,0,0,0
2024-11-22,15,15-21d,0.007,0.0188571428571428,0.021323061224489785,0.00525,0.006,0.011857142857142802,1,1,1,0,0,0
2024-11-22,16,15-21d,0.007,0.0188571428571428,0.021323061224489785,0.0054642857142857,0.006,0.011857142857142802,1,1,1,0,0,0
2024-11-22,17,15-21d,0.007,0.0188571428571428,0.021323061224489785,0.0054642857142857,0.006,0.011857142857142802,1,1,1,0,0,0
2024-11-22,18,15-21d,0.006,0.0188571428571428,0.021465918367346928,0.0044642857142857,0.005,0.012857142857142801,1,1,1,0,0,0
2024-11-22,19,15-21d,0.006,0.0188571428571428,0.021465918367346928,0.0044642857142857,0.005,0.012857142857142801,1,1,1,0,0,0
2024-11-22,20,15-21d,0.006,0.0188571428571428,0.021465918367346928,0.0047214285714285,0.005,0.012857142857142801,1,1,1,0,0,0
2024-11-22,21,15-21d,0.006,0.0188571428571428,0.021465918367346928,0.0047285714285714,0.005,0.012857142857142801,1,1,1,0,0,0
2024-11-22,15,15-21d,0.413,0.6124285714285714,0.09398020408163273,0.0875714285714285,0.1149999999999999,0.19942857142857146,0,0,1,0,0,0
2024-11-22,16,15-21d,0.409,0.6124285714285714,0.09683734693877558,0.0887428571428571,0.1169999999999999,0.20342857142857146,0,0,1,0,0,0
2024-11-22,17,15-21d,0.406,0.6124285714285714,0.09898020408163268,0.0907428571428571,0.119,0.2064285714285714,0,0,1,0,0,0
2024-11-22,18,15-21d,0.402,0.6124285714285714,0.10183734693877554,0.0921714285714285,0.121,0.2104285714285714,0,0,1,0,0,0
2024-11-22,19,15-21d,0.398,0.6124285714285714,0.1046944897959184,0.0932,0.122,0.2144285714285714,0,0,1,0,0,0
2024-11-22,20,15-21d,0.394,0.6124285714285714,0.1077567346938776,0.0943428571428571,0.124,0.21842857142857142,0,0,0,0,0,0
2024-11-22,21,15-21d,0.391,0.6124285714285714,0.11075673469387762,0.0963357142857143,0.126,0.22142857142857142,0,0,0,0,0,0
2024-11-22,15,15-21d,0.558,0.2432857142857143,0.19716081632653062,0.0530857142857142,0.0859999999999999,0.3147142857142857,0,0,0,0,0,0
2024-11-22,16,15-21d,0.563,0.2432857142857143,0.20216081632653052,0.0540571428571429,0.087,0.3197142857142856,0,0,0,0,0,0
2024-11-22,17,15-21d,0.568,0.2432857142857143,0.20716081632653052,0.0549214285714286,0.089,0.3247142857142856,0,0,0,0,0,0
2024-11-22,18,15-21d,0.573,0.2432857142857143,0.2121608163265305,0.0556785714285714,0.09,0.3297142857142856,0,0,0,0,0,0
2024-11-22,19,15-21d,0.578,0.2432857142857143,0.21716081632653056,0.0564,0.091,0.33471428571428563,0,0,0,0,0,0
2024-11-22,20,15-21d,0.583,0.2432857142857143,0.22216081632653056,0.0573928571428571,0.092,0.33971428571428564,0,0,0,0,0,0
2024-11-22,21,15-21d,0.588,0.2432857142857143,0.22716081632653054,0.058,0.092,0.34471428571428564,0,0,0,0,0,0
2024-11-22,15,15-21d,0.01,0.02,0.02105775510204081,0.0058285714285714,0.007,0.01,1,1,1,0,0,0
2024-11-22,16,15-21d,0.01,0.02,0.02105775510204081,0.0058285714285714,0.007,0.01,1,1,1,0,0,0
2024-11-22,17,15-21d,0.01,0.02,0.02105775510204081,0.0060428571428571,0.007,0.01,1,1,1,0,0,0
2024-11-22,18,15-21d,0.01,0.02,0.02105775510204081,0.0063,0.007,0.01,1,1,1,0,0,0
2024-11-22,19,15-21d,0.01,0.02,0.02105775510204081,0.0064428571428571,0.008,0.01,1,1,1,0,0,0
2024-11-22,20,15-21d,0.009,0.02,0.021200612244897953,0.0054428571428571,0.0069999999999999,0.011000000000000001,1,1,1,0,0,0
2024-11-22,21,15-21d,0.009,0.02,0.021200612244897953,0.0054428571428571,0.0069999999999999,0.011000000000000001,1,1,1,0,0,0
2024-11-22,15,15-21d,0.043,0.0404285714285714,0.0199965306122449,0.0378071428571428,0.0389999999999999,0.0025714285714285995,1,1,1,0,0,0
2024-11-22,16,15-21d,0.043,0.0404285714285714,0.0199965306122449,0.0380857142857142,0.0389999999999999,0.0025714285714285995,1,1,1,0,0,0
2024-11-22,17,15-21d,0.042,0.0404285714285714,0.019853673469387757,0.0370857142857142,0.038,0.0015714285714286055,1,1,1,0,0,0
2024-11-22,18,15-21d,0.042,0.0404285714285714,0.019853673469387757,0.0373,0.038,0.0015714285714286055,1,1,1,0,0,0
2024-11-22,19,15-21d,0.042,0.0404285714285714,0.019853673469387757,0.0373285714285714,0.038,0.0015714285714286055,1,1,1,0,0,0
2024-11-22,20,15-21d,0.042,0.0404285714285714,0.019853673469387757,0.0374714285714285,0.039,0.0015714285714286055,1,1,1,0,0,0
2024-11-22,21,15-21d,0.042,0.0404285714285714,0.019853673469387757,0.0380071428571428,0.039,0.0015714285714286055,1,1,1,0,0,0
2024-11-22,15,15-21d,0.008,0.0095714285714285,0.01985367346938774,0.0071071428571428,0.007,0.0015714285714284997,1,1,1,0,0,0
2024-11-22,16,15-21d,0.008,0.0095714285714285,0.01985367346938774,0.0071071428571428,0.007,0.0015714285714284997,1,1,1,0,0,0
2024-11-22,17,15-21d,0.007,0.0095714285714285,0.019996530612244882,0.0062499999999999,0.007,0.0025714285714284997,1,1,1,0,0,0
2024-11-22,18,15-21d,0.007,0.0095714285714285,0.019996530612244882,0.0062499999999999,0.007,0.0025714285714284997,1,1,1,0,0,0
2024-11-22,19,15-21d,0.007,0.0095714285714285,0.019996530612244882,0.0062499999999999,0.007,0.0025714285714284997,1,1,1,0,0,0
2024-11-22,20,15-21d,0.007,0.0095714285714285,0.019996530612244882,0.0062499999999999,0.007,0.0025714285714284997,1,1,1,0,0,0
2024-11-22,21,15-21d,0.007,0.0095714285714285,0.019996530612244882,0.0062499999999999,0.007,0.0025714285714284997,1,1,1,0,0,0
2024-11-22,15,15-21d,0.017,0.0204285714285714,0.020118979591836724,0.0148285714285714,0.015,0.003428571428571399,1,1,1,0,0,0
2024-11-22,16,15-21d,0.016,0.0204285714285714,0.020261836734693867,0.0138285714285714,0.014,0.0044285714285714,1,1,1,0,0,0
2024-11-22,17,15-21d,0.016,0.0204285714285714,0.020261836734693867,0.0138285714285714,0.014,0.0044285714285714,1,1,1,0,0,0
2024-11-22,18,15-21d,0.016,0.0204285714285714,0.020261836734693867,0.0139714285714285,0.015,0.0044285714285714,1,1,1,0,0,0
2024-11-22,19,15-21d,0.015,0.0204285714285714,0.02040469387755101,0.0129714285714285,0.0139999999999999,0.005428571428571401,1,1,1,0,0,0
2024-11-22,20,15-21d,0.015,0.0204285714285714,0.02040469387755101,0.0129714285714285,0.0139999999999999,0.005428571428571401,1,1,1,0,0,0
2024-11-22,21,15-21d,0.015,0.0204285714285714,0.02040469387755101,0.0132499999999999,0.0139999999999999,0.005428571428571401,1,1,1,0,0,0
2024-11-22,15,15-21d,0.301,0.5231428571428571,0.11147102040816333,0.0058785714285714,0.003,0.22214285714285714,0,0,0,1,1,1
2024-11-22,16,15-21d,0.297,0.5231428571428571,0.11547102040816334,0.0058785714285714,0.003,0.22614285714285715,0,0,0,1,1,1
2024-11-22,17,15-21d,0.294,0.5231428571428571,0.1184710204081633,0.0060214285714285,0.004,0.22914285714285715,0,0,0,1,1,1
2024-11-22,18,15-21d,0.29,0.5231428571428571,0.12247102040816331,0.0060285714285714,0.004,0.23314285714285715,0,0,0,1,1,1
2024-11-22,19,15-21d,0.287,0.5231428571428571,0.12547102040816333,0.0061714285714285,0.005,0.23614285714285715,0,0,0,1,1,1
2024-11-22,20,15-21d,0.284,0.5231428571428571,0.12847102040816333,0.0063142857142857,0.0059999999999999,0.23914285714285716,0,0,0,1,1,1
2024-11-22,21,15-21d,0.28,0.5231428571428571,0.1324710204081633,0.0063857142857142,0.006,0.2431428571428571,0,0,0,1,1,1
2024-11-22,15,15-21d,0.608,0.3557142857142857,0.14837000000000003,0.0094714285714285,0.021,0.2522857142857143,0,0,1,1,1,1
2024-11-22,16,15-21d,0.612,0.3557142857142857,0.15122714285714287,0.0097214285714285,0.022,0.2562857142857143,0,0,1,1,1,1
2024-11-22,17,15-21d,0.617,0.3557142857142857,0.15479857142857148,0.0096285714285714,0.021,0.2612857142857143,0,0,1,1,1,1
2024-11-22,18,15-21d,0.621,0.3557142857142857,0.15765571428571432,0.0096571428571428,0.021,0.2652857142857143,0,0,1,1,1,1
2024-11-22,19,15-21d,0.625,0.3557142857142857,0.16051285714285718,0.0097428571428571,0.021,0.2692857142857143,0,0,1,1,1,1
2024-11-22,20,15-21d,0.628,0.3557142857142857,0.16265571428571432,0.0101285714285714,0.023,0.2722857142857143,0,0,1,1,1,1
2024-11-22,21,15-21d,0.632,0.3557142857142857,0.16551285714285718,0.0102,0.023,0.2762857142857143,0,0,1,1,1,1
2024-11-22,15,15-21d,0.003,0.0,0.02005775510204081,0.0002928571428571,0.001,0.003,1,1,1,1,1,1
2024-11-22,16,15-21d,0.003,0.0,0.02005775510204081,0.0005785714285714,0.001,0.003,1,1,1,0,1,1
2024-11-22,17,15-21d,0.003,0.0,0.02005775510204081,0.0005785714285714,0.001,0.003,1,1,1,0,1,1
2024-11-22,18,15-21d,0.003,0.0,0.02005775510204081,0.0005714285714285,0.001,0.003,1,1,1,0,1,1
2024-11-22,19,15-21d,0.003,0.0,0.02005775510204081,0.0005714285714285,0.001,0.003,1,1,1,0,1,1
2024-11-22,20,15-21d,0.003,0.0,0.02005775510204081,0.0005714285714285,0.001,0.003,1,1,1,0,1,1
2024-11-22,21,15-21d,0.003,0.0,0.02005775510204081,0.0005714285714285,0.001,0.003,1,1,1,0,1,1
2024-11-22,15,15-21d,0.039,0.0354285714285714,0.02013938775510204,0.03255,0.034,0.0035714285714286004,1,1,1,0,0,0
2024-11-22,16,15-21d,0.039,0.0354285714285714,0.02013938775510204,0.0331142857142857,0.034,0.0035714285714286004,1,1,1,0,0,0
2024-11-22,17,15-21d,0.039,0.0354285714285714,0.02013938775510204,0.0334714285714285,0.035,0.0035714285714286004,1,1,1,0,0,0
2024-11-22,18,15-21d,0.038,0.0354285714285714,0.0199965306122449,0.0324714285714285,0.034,0.0025714285714285995,1,1,1,0,0,0
2024-11-22,19,15-21d,0.038,0.0354285714285714,0.0199965306122449,0.0324714285714285,0.034,0.0025714285714285995,1,1,1,0,0,0
2024-11-22,20,15-21d,0.038,0.0354285714285714,0.0199965306122449,0.03255,0.034,0.0025714285714285995,1,1,1,0,0,0
2024-11-22,21,15-21d,0.038,0.0354285714285714,0.0199965306122449,0.0328285714285714,0.034,0.0025714285714285995,1,1,1,0,0,0
2024-11-22,15,15-21d,0.022,0.031,0.020914897959183668,0.0144999999999999,0.015,0.009000000000000001,1,1,1,0,0,0
2024-11-22,16,15-21d,0.022,0.031,0.020914897959183668,0.0148285714285714,0.015,0.009000000000000001,1,1,1,0,0,0
2024-11-22,17,15-21d,0.021,0.031,0.02105775510204081,0.0142571428571428,0.015,0.009999999999999998,1,1,1,0,0,0
2024-11-22,18,15-21d,0.021,0.031,0.02105775510204081,0.0145,0.015,0.009999999999999998,1,1,1,0,0,0
2024-11-22,19,15-21d,0.02,0.031,0.021200612244897953,0.0138285714285714,0.014,0.011,1,1,1,0,0,0
2024-11-22,20,15-21d,0.019,0.031,0.0213434693877551,0.0132499999999999,0.0139999999999999,0.012,1,1,1,0,0,0
2024-11-22,21,15-21d,0.019,0.031,0.0213434693877551,0.0132571428571428,0.0139999999999999,0.012,1,1,1,0,0,0
2024-11-22,15,15-21d,0.026,0.0244285714285714,0.019853673469387757,0.0194999999999999,0.0199999999999999,0.0015714285714285986,1,1,1,0,0,0
2024-11-22,16,15-21d,0.025,0.0244285714285714,0.01971081632653061,0.0188285714285714,0.019,0.0005714285714286012,1,1,1,0,0,0
2024-11-22,17,15-21d,0.025,0.0244285714285714,0.01971081632653061,0.0192571428571428,0.02,0.0005714285714286012,1,1,1,0,0,0
2024-11-22,18,15-21d,0.024,0.0244285714285714,0.0196904081632653,0.0184714285714285,0.019,0.0004285714285713997,1,1,1,0,0,0
2024-11-22,19,15-21d,0.023,0.0244285714285714,0.019833265306122443,0.0177571428571428,0.018,0.0014285714285714006,1,1,1,0,0,0
2024-11-22,20,15-21d,0.023,0.0244285714285714,0.019833265306122443,0.0181071428571428,0.018,0.0014285714285714006,1,1,1,0,0,0
2024-11-22,21,15-21d,0.022,0.0244285714285714,0.019976122448979585,0.0172499999999999,0.018,0.0024285714285714015,1,1,1,0,0,0
2024-11-22,15,15-21d,0.434,0.4925714285714285,0.027996530612244885,0.0056642857142857,0.009,0.0585714285714285,1,1,1,1,1,1
2024-11-22,16,15-21d,0.43,0.4925714285714285,0.02856795918367346,0.0061,0.012,0.0625714285714285,1,1,1,1,1,1
2024-11-22,17,15-21d,0.425,0.4925714285714285,0.02928224489795917,0.0062857142857142,0.013,0.0675714285714285,1,1,1,1,1,1
2024-11-22,18,15-21d,0.42,0.4925714285714285,0.029996530612244887,0.0066428571428571,0.0149999999999999,0.07257142857142851,1,1,1,1,1,1
2024-11-22,19,15-21d,0.415,0.4925714285714285,0.031363877551020394,0.0075357142857142,0.0169999999999999,0.07757142857142851,0,1,1,0,1,1
2024-11-22,20,15-21d,0.411,0.4925714285714285,0.03307816326530611,0.0088642857142856,0.0199999999999999,0.08157142857142852,0,1,1,0,1,1
2024-11-22,21,15-21d,0.406,0.4925714285714285,0.03522102040816323,0.0097214285714285,0.022,0.08657142857142847,0,1,1,0,1,1
2024-11-22,15,15-21d,0.417,0.2521428571428571,0.08592102040816327,0.0779571428571428,0.1,0.16485714285714287,0,0,1,0,0,0
2024-11-22,16,15-21d,0.424,0.2521428571428571,0.09092102040816327,0.0795642857142857,0.102,0.17185714285714287,0,0,1,0,0,0
2024-11-22,17,15-21d,0.431,0.2521428571428571,0.09592102040816328,0.0811428571428571,0.103,0.17885714285714288,0,0,1,0,0,0
2024-11-22,18,15-21d,0.438,0.2521428571428571,0.10092102040816328,0.0826071428571428,0.105,0.1858571428571429,0,0,1,0,0,0
2024-11-22,19,15-21d,0.445,0.2521428571428571,0.10592102040816329,0.0843285714285714,0.107,0.1928571428571429,0,0,1,0,0,0
2024-11-22,20,15-21d,0.452,0.2521428571428571,0.1109210204081633,0.0858571428571428,0.109,0.1998571428571429,0,0,1,0,0,0
2024-11-22,21,15-21d,0.459,0.2521428571428571,0.1159210204081633,0.0873357142857142,0.1099999999999999,0.2068571428571429,0,0,1,0,0,0
2024-11-22,15,15-21d,0.009,0.0105714285714285,0.01985367346938774,0.0017571428571428,0.003,0.0015714285714285015,1,1,1,0,0,0
2024-11-22,16,15-21d,0.009,0.0105714285714285,0.01985367346938774,0.0016071428571428,0.002,0.0015714285714285015,1,1,1,0,0,0
2024-11-22,17,15-21d,0.008,0.0105714285714285,0.019996530612244882,0.0020142857142857,0.0029999999999999,0.0025714285714285006,1,1,1,0,0,0
2024-11-22,18,15-21d,0.008,0.0105714285714285,0.019996530612244882,0.0016071428571428,0.002,0.0025714285714285006,1,1,1,0,0,0
2024-11-22,19,15-21d,0.008,0.0105714285714285,0.019996530612244882,0.0010142857142857,0.002,0.0025714285714285006,1,1,1,0,0,1
2024-11-22,20,15-21d,0.008,0.0105714285714285,0.019996530612244882,0.0006071428571428,0.0009999999999999,0.0025714285714285006,1,1,1,0,1,1
2024-11-22,21,15-21d,0.007,0.0105714285714285,0.020139387755102024,0.0015785714285714,0.0019999999999999,0.0035714285714285006,1,1,1,0,0,0
2024-11-22,15,15-21d,0.038,0.1208571428571428,0.033629183673469384,0.0223357142857142,0.023,0.0828571428571428,0,1,1,0,0,0
2024-11-22,16,15-21d,0.037,0.1208571428571428,0.03405775510204081,0.0220857142857142,0.023,0.0838571428571428,0,1,1,0,0,0
2024-11-22,17,15-21d,0.036,0.1208571428571428,0.03448632653061224,0.0217571428571428,0.023,0.0848571428571428,0,1,1,0,0,0
2024-11-22,18,15-21d,0.035,0.1208571428571428,0.03491489795918366,0.0213,0.022,0.0858571428571428,0,1,1,0,0,0
2024-11-22,19,15-21d,0.034,0.1208571428571428,0.035343469387755094,0.0210142857142857,0.022,0.0868571428571428,0,1,1,0,0,0
2024-11-22,20,15-21d,0.033,0.1208571428571428,0.035772040816326525,0.0203,0.021,0.0878571428571428,0,1,1,0,0,0
2024-11-22,21,15-21d,0.032,0.1208571428571428,0.036200612244897956,0.0200142857142857,0.021,0.0888571428571428,0,1,1,0,0,0
2024-11-22,15,15-21d,0.02,0.0087142857142857,0.02124142857142857,0.0190071428571428,0.019,0.0112857142857143,1,1,1,0,0,0
2024-11-22,16,15-21d,0.02,0.0087142857142857,0.02124142857142857,0.0190071428571428,0.019,0.0112857142857143,1,1,1,0,0,0
2024-11-22,17,15-21d,0.02,0.0087142857142857,0.02124142857142857,0.0190357142857142,0.019,0.0112857142857143,1,1,1,0,0,0
2024-11-22,18,15-21d,0.019,0.0087142857142857,0.02109857142857143,0.0180357142857142,0.018,0.010285714285714299,1,1,1,0,0,0
2024-11-22,19,15-21d,0.019,0.0087142857142857,0.02109857142857143,0.0181071428571428,0.018,0.010285714285714299,1,1,1,0,0,0
2024-11-22,20,15-21d,0.019,0.0087142857142857,0.02109857142857143,0.0181071428571428,0.018,0.010285714285714299,1,1,1,0,0,0
2024-11-22,21,15-21d,0.019,0.0087142857142857,0.02109857142857143,0.0181071428571428,0.018,0.010285714285714299,1,1,1,0,0,0
2024-11-22,15,15-21d,0.016,0.0162857142857142,0.019669999999999983,0.01425,0.015,0.00028571428571419824,1,1,1,0,0,0
2024-11-22,16,15-21d,0.015,0.0162857142857142,0.019812857142857125,0.0134642857142857,0.0139999999999999,0.0012857142857141991,1,1,1,0,0,0
2024-11-22,17,15-21d,0.015,0.0162857142857142,0.019812857142857125,0.0137214285714285,0.0139999999999999,0.0012857142857141991,1,1,1,0,0,0
2024-11-22,18,15-21d,0.014,0.0162857142857142,0.019955714285714268,0.013,0.013,0.0022857142857141983,1,1,1,0,0,0
2024-11-22,19,15-21d,0.014,0.0162857142857142,0.019955714285714268,0.013,0.013,0.0022857142857141983,1,1,1,0,0,0
2024-11-22,20,15-21d,0.014,0.0162857142857142,0.019955714285714268,0.013,0.013,0.0022857142857141983,1,1,1,0,0,0
2024-11-22,21,15-21d,0.013,0.0162857142857142,0.02009857142857141,0.012,0.012,0.003285714285714199,1,1,1,0,0,0
2024-11-22,15,15-21d,0.341,0.6122857142857142,0.16061387755102036,0.0722142857142857,0.087,0.2712857142857142,0,0,0,0,0,0
2024-11-22,16,15-21d,0.336,0.6122857142857142,0.16561387755102036,0.0732142857142857,0.088,0.2762857142857142,0,0,0,0,0,0
2024-11-22,17,15-21d,0.332,0.6122857142857142,0.16961387755102036,0.0751857142857142,0.09,0.2802857142857142,0,0,0,0,0,0
2024-11-22,18,15-21d,0.327,0.6122857142857142,0.17461387755102037,0.0759,0.091,0.2852857142857142,0,0,0,0,0,0
2024-11-22,19,15-21d,0.323,0.6122857142857142,0.17861387755102037,0.0777285714285714,0.092,0.2892857142857142,0,0,0,0,0,0
2024-11-22,20,15-21d,0.318,0.6122857142857142,0.18361387755102038,0.0784357142857142,0.093,0.2942857142857142,0,0,0,0,0,0
2024-11-22,21,15-21d,0.314,0.6122857142857142,0.18761387755102038,0.0797214285714285,0.094,0.2982857142857142,0,0,0,0,0,0
2024-11-22,15,15-21d,0.601,0.3265714285714285,0.16418632653061227,0.1053071428571428,0.121,0.27442857142857147,0,0,1,0,0,0
2024-11-22,16,15-21d,0.606,0.3265714285714285,0.16775775510204083,0.1072999999999999,0.123,0.27942857142857147,0,0,1,0,0,0
2024-11-22,17,15-21d,0.612,0.3265714285714285,0.1720434693877551,0.1075142857142857,0.123,0.2854285714285715,0,0,1,0,0,0
2024-11-22,18,15-21d,0.618,0.3265714285714285,0.17632918367346942,0.1079357142857142,0.124,0.2914285714285715,0,0,1,0,0,0
2024-11-22,19,15-21d,0.623,0.3265714285714285,0.179900612244898,0.1091928571428571,0.125,0.2964285714285715,0,0,1,0,0,0
2024-11-22,20,15-21d,0.629,0.3265714285714285,0.1848751020408164,0.1095071428571428,0.125,0.3024285714285715,0,0,0,0,0,0
2024-11-22,21,15-21d,0.634,0.3265714285714285,0.1898751020408164,0.1107142857142857,0.126,0.3074285714285715,0,0,0,0,0,0
2024-11-22,15,15-21d,0.002,0.0,0.019914897959183667,0.0010357142857142,0.001,0.002,1,1,1,0,0,0
2024-11-22,16,15-21d,0.002,0.0,0.019914897959183667,0.0011071428571428,0.001,0.002,1,1,1,0,0,0
2024-11-22,17,15-21d,0.002,0.0,0.019914897959183667,0.0011071428571428,0.001,0.002,1,1,1,0,0,0
2024-11-22,18,15-21d,0.002,0.0,0.019914897959183667,0.0011071428571428,0.001,0.002,1,1,1,0,0,0
2024-11-22,19,15-21d,0.002,0.0,0.019914897959183667,0.00125,0.002,0.002,1,1,1,0,0,0
2024-11-22,20,15-21d,0.002,0.0,0.019914897959183667,0.00125,0.002,0.002,1,1,1,0,0,0
2024-11-22,21,15-21d,0.002,0.0,0.019914897959183667,0.00125,0.002,0.002,1,1,1,0,0,0
2024-11-22,15,15-21d,0.031,0.0087142857142857,0.024190408163265294,0.0284642857142857,0.0289999999999999,0.022285714285714298,0,1,1,0,0,0
2024-11-22,16,15-21d,0.031,0.0087142857142857,0.024190408163265294,0.0284642857142857,0.0289999999999999,0.022285714285714298,0,1,1,0,0,0
2024-11-22,17,15-21d,0.03,0.0087142857142857,0.023761836734693866,0.0277214285714285,0.0279999999999999,0.021285714285714297,0,1,1,0,0,0
2024-11-22,18,15-21d,0.03,0.0087142857142857,0.023761836734693866,0.0277285714285714,0.0279999999999999,0.021285714285714297,0,1,1,0,0,0
2024-11-22,19,15-21d,0.03,0.0087142857142857,0.023761836734693866,0.0280357142857142,0.0279999999999999,0.021285714285714297,0,1,1,0,0,0
2024-11-22,20,15-21d,0.029,0.0087142857142857,0.023333265306122442,0.0270357142857142,0.027,0.020285714285714303,0,1,1,0,0,0
2024-11-22,21,15-21d,0.029,0.0087142857142857,0.023333265306122442,0.0271071428571428,0.027,0.020285714285714303,0,1,1,0,0,0
2024-11-22,22,22-30d,0.017,0.0144285714285714,0.021264056122448992,0.0155,0.016,0.0025714285714286012,1,1,1,0,0,0
2024-11-22,23,22-30d,0.017,0.0144285714285714,0.021264056122448992,0.0157571428571428,0.016,0.0025714285714286012,1,1,1,0,0,0
2024-11-22,24,22-30d,0.017,0.0144285714285714,0.021264056122448992,0.0157571428571428,0.016,0.0025714285714286012,1,1,1,0,0,0
2024-11-22,25,22-30d,0.017,0.0144285714285714,0.021264056122448992,0.0157571428571428,0.016,0.0025714285714286012,1,1,1,0,0,0
2024-11-22,26,22-30d,0.017,0.0144285714285714,0.021264056122448992,0.0157571428571428,0.016,0.0025714285714286012,1,1,1,0,0,0
2024-11-22,27,22-30d,0.017,0.0144285714285714,0.021264056122448992,0.0157571428571428,0.016,0.0025714285714286012,1,1,1,0,0,0
2024-11-22,28,22-30d,0.016,0.0144285714285714,0.02112119897959185,0.0151071428571428,0.015,0.0015714285714286003,1,1,1,0,0,0
2024-11-22,29,22-30d,0.016,0.0144285714285714,0.02112119897959185,0.0151071428571428,0.015,0.0015714285714286003,1,1,1,0,0,0
2024-11-22,30,22-30d,0.016,0.0144285714285714,0.02112119897959185,0.0151071428571428,0.015,0.0015714285714286003,1,1,1,0,0,0
2024-11-22,22,22-30d,0.006,0.0188571428571428,0.02273344387755102,0.0047285714285714,0.005,0.012857142857142801,1,1,1,0,0,0
2024-11-22,23,22-30d,0.006,0.0188571428571428,0.02273344387755102,0.0047285714285714,0.005,0.012857142857142801,1,1,1,0,0,0
2024-11-22,24,22-30d,0.006,0.0188571428571428,0.02273344387755102,0.0047285714285714,0.005,0.012857142857142801,1,1,1,0,0,0
2024-11-22,25,22-30d,0.005,0.0188571428571428,0.022876301020408163,0.0040357142857142,0.004,0.0138571428571428,1,1,1,0,0,0
2024-11-22,26,22-30d,0.005,0.0188571428571428,0.022876301020408163,0.0040357142857142,0.004,0.0138571428571428,1,1,1,0,0,0
2024-11-22,27,22-30d,0.005,0.0188571428571428,0.022876301020408163,0.0040357142857142,0.004,0.0138571428571428,1,1,1,0,0,0
2024-11-22,28,22-30d,0.005,0.0188571428571428,0.022876301020408163,0.0040357142857142,0.004,0.0138571428571428,1,1,1,0,0,0
2024-11-22,29,22-30d,0.005,0.0188571428571428,0.022876301020408163,0.0040357142857142,0.004,0.0138571428571428,1,1,1,0,0,0
2024-11-22,30,22-30d,0.005,0.0188571428571428,0.022876301020408163,0.0041071428571428,0.004,0.0138571428571428,1,1,1,0,0,0
2024-11-22,22,22-30d,0.387,0.6124285714285714,0.10742323979591839,0.0973357142857143,0.127,0.22542857142857142,0,0,1,0,0,0
2024-11-22,23,22-30d,0.384,0.6124285714285714,0.10956609693877555,0.0993357142857142,0.129,0.22842857142857143,0,0,1,0,0,0
2024-11-22,24,22-30d,0.38,0.6124285714285714,0.11242323979591841,0.1003071428571428,0.13,0.23242857142857143,0,0,1,0,0,0
2024-11-22,25,22-30d,0.376,0.6124285714285714,0.11638650510204086,0.1013,0.131,0.23642857142857143,0,0,0,0,0,0
2024-11-22,26,22-30d,0.373,0.6124285714285714,0.11938650510204085,0.1026928571428571,0.133,0.23942857142857144,0,0,0,0,0,0
2024-11-22,27,22-30d,0.369,0.6124285714285714,0.12338650510204086,0.1036571428571428,0.134,0.24342857142857144,0,0,0,0,0,0
2024-11-22,28,22-30d,0.365,0.6124285714285714,0.12738650510204086,0.1042999999999999,0.1339999999999999,0.24742857142857144,0,0,0,0,0,0
2024-11-22,29,22-30d,0.361,0.6124285714285714,0.13138650510204086,0.1049142857142857,0.1349999999999999,0.25142857142857145,0,0,0,0,0,0
2024-11-22,30,22-30d,0.358,0.6124285714285714,0.1343865051020409,0.10665,0.1369999999999999,0.25442857142857145,0,0,0,0,0,0
2024-11-22,22,22-30d,0.592,0.2432857142857143,0.23557119897959175,0.0596714285714286,0.094,0.34871428571428564,0,0,0,0,0,0
2024-11-22,23,22-30d,0.597,0.2432857142857143,0.24057119897959175,0.0601714285714286,0.0949999999999999,0.35371428571428565,0,0,0,0,0,0
2024-11-22,24,22-30d,0.602,0.2432857142857143,0.24557119897959173,0.0603928571428571,0.0949999999999999,0.35871428571428565,0,0,0,0,0,0
2024-11-22,25,22-30d,0.607,0.2432857142857143,0.25057119897959174,0.0611,0.0959999999999999,0.36371428571428566,0,0,0,0,0,0
2024-11-22,26,22-30d,0.612,0.2432857142857143,0.2555711989795918,0.0616,0.0959999999999999,0.36871428571428566,0,0,0,0,0,0
2024-11-22,27,22-30d,0.616,0.2432857142857143,0.2595711989795918,0.0627428571428571,0.0979999999999999,0.37271428571428566,0,0,0,0,0,0
2024-11-22,28,22-30d,0.621,0.2432857142857143,0.26457119897959175,0.0627714285714285,0.0979999999999999,0.37771428571428567,0,0,0,0,0,0
2024-11-22,29,22-30d,0.625,0.2432857142857143,0.26857119897959175,0.0643857142857142,0.0999999999999999,0.3817142857142857,0,0,0,0,0,0
2024-11-22,30,22-30d,0.63,0.2432857142857143,0.27357119897959176,0.0643857142857142,0.0999999999999999,0.3867142857142857,0,0,0,0,0,0
2024-11-22,22,22-30d,0.009,0.02,0.022468137755102043,0.0057499999999999,0.0069999999999999,0.011000000000000001,1,1,1,0,0,0
2024-11-22,23,22-30d,0.009,0.02,0.022468137755102043,0.0057499999999999,0.0069999999999999,0.011000000000000001,1,1,1,0,0,0
2024-11-22,24,22-30d,0.009,0.02,0.022468137755102043,0.0057499999999999,0.0069999999999999,0.011000000000000001,1,1,1,0,0,0
2024-11-22,25,22-30d,0.009,0.02,0.022468137755102043,0.0060071428571428,0.0069999999999999,0.011000000000000001,1,1,1,0,0,0
2024-11-22,26,22-30d,0.009,0.02,0.022468137755102043,0.0060785714285714,0.0069999999999999,0.011000000000000001,1,1,1,0,0,0
2024-11-22,27,22-30d,0.009,0.02,0.022468137755102043,0.0062928571428571,0.0069999999999999,0.011000000000000001,1,1,1,0,0,0
2024-11-22,28,22-30d,0.008,0.02,0.022610994897959185,0.0052928571428571,0.006,0.012,1,1,1,0,0,0
2024-11-22,29,22-30d,0.008,0.02,0.022610994897959185,0.0052928571428571,0.006,0.012,1,1,1,0,0,0
2024-11-22,30,22-30d,0.008,0.02,0.022610994897959185,0.0055714285714285,0.006,0.012,1,1,1,0,0,0
2024-11-22,22,22-30d,0.041,0.0404285714285714,0.020978341836734703,0.0370071428571428,0.038,0.0005714285714286046,1,1,1,0,0,0
2024-11-22,23,22-30d,0.041,0.0404285714285714,0.020978341836734703,0.0370071428571428,0.038,0.0005714285714286046,1,1,1,0,0,0
2024-11-22,24,22-30d,0.041,0.0404285714285714,0.020978341836734703,0.0372928571428571,0.038,0.0005714285714286046,1,1,1,0,0,0
2024-11-22,25,22-30d,0.041,0.0404285714285714,0.020978341836734703,0.0372928571428571,0.038,0.0005714285714286046,1,1,1,0,0,0
2024-11-22,26,22-30d,0.04,0.0404285714285714,0.020957933673469386,0.0365785714285714,0.037,0.00042857142857139624,1,1,1,0,0,0
2024-11-22,27,22-30d,0.04,0.0404285714285714,0.020957933673469386,0.0365785714285714,0.037,0.00042857142857139624,1,1,1,0,0,0
2024-11-22,28,22-30d,0.04,0.0404285714285714,0.020957933673469386,0.0369785714285714,0.038,0.00042857142857139624,1,1,1,0,0,0
2024-11-22,29,22-30d,0.039,0.0404285714285714,0.021100790816326532,0.0359785714285714,0.037,0.0014285714285713971,1,1,1,0,0,0
2024-11-22,30,22-30d,0.039,0.0404285714285714,0.021100790816326532,0.0360071428571428,0.037,0.0014285714285713971,1,1,1,0,0,0
2024-11-22,22,22-30d,0.007,0.0095714285714285,0.021264056122448975,0.0062499999999999,0.007,0.0025714285714284997,1,1,1,0,0,0
2024-11-22,23,22-30d,0.007,0.0095714285714285,0.021264056122448975,0.0064642857142857,0.007,0.0025714285714284997,1,1,1,0,0,0
2024-11-22,24,22-30d,0.007,0.0095714285714285,0.021264056122448975,0.0064642857142857,0.007,0.0025714285714284997,1,1,1,0,0,0
2024-11-22,25,22-30d,0.007,0.0095714285714285,0.021264056122448975,0.0064642857142857,0.007,0.0025714285714284997,1,1,1,0,0,0
2024-11-22,26,22-30d,0.006,0.0095714285714285,0.021406913265306117,0.0054642857142857,0.006,0.0035714285714284998,1,1,1,0,0,0
2024-11-22,27,22-30d,0.006,0.0095714285714285,0.021406913265306117,0.0054642857142857,0.006,0.0035714285714284998,1,1,1,0,0,0
2024-11-22,28,22-30d,0.006,0.0095714285714285,0.021406913265306117,0.0057214285714285,0.006,0.0035714285714284998,1,1,1,0,0,0
2024-11-22,29,22-30d,0.006,0.0095714285714285,0.021406913265306117,0.0057214285714285,0.006,0.0035714285714284998,1,1,1,0,0,0
2024-11-22,30,22-30d,0.006,0.0095714285714285,0.021406913265306117,0.0057214285714285,0.006,0.0035714285714284998,1,1,1,0,0,0
2024-11-22,22,22-30d,0.015,0.0204285714285714,0.021672219387755102,0.0134642857142857,0.0139999999999999,0.005428571428571401,1,1,1,0,0,0
2024-11-22,23,22-30d,0.014,0.0204285714285714,0.021815076530612244,0.0124642857142857,0.013,0.0064285714285714,1,1,1,0,0,0
2024-11-22,24,22-30d,0.014,0.0204285714285714,0.021815076530612244,0.0124642857142857,0.013,0.0064285714285714,1,1,1,0,0,0
2024-11-22,25,22-30d,0.014,0.0204285714285714,0.021815076530612244,0.0124642857142857,0.013,0.0064285714285714,1,1,1,0,0,0
2024-11-22,26,22-30d,0.014,0.0204285714285714,0.021815076530612244,0.0127214285714285,0.013,0.0064285714285714,1,1,1,0,0,0
2024-11-22,27,22-30d,0.013,0.0204285714285714,0.021957933673469387,0.0117285714285714,0.012,0.007428571428571401,1,1,1,0,0,0
2024-11-22,28,22-30d,0.013,0.0204285714285714,0.021957933673469387,0.0117285714285714,0.012,0.007428571428571401,1,1,1,0,0,0
2024-11-22,29,22-30d,0.013,0.0204285714285714,0.021957933673469387,0.0117285714285714,0.012,0.007428571428571401,1,1,1,0,0,0
2024-11-22,30,22-30d,0.013,0.0204285714285714,0.021957933673469387,0.0117285714285714,0.012,0.007428571428571401,1,1,1,0,0,0
2024-11-22,22,22-30d,0.277,0.5231428571428571,0.12610079081632652,0.0065285714285714,0.007,0.2461428571428571,0,0,0,1,1,1
2024-11-22,23,22-30d,0.274,0.5231428571428571,0.12910079081632653,0.0066714285714285,0.008,0.2491428571428571,0,0,0,1,1,1
2024-11-22,24,22-30d,0.271,0.5231428571428571,0.13210079081632653,0.0068142857142857,0.009,0.2521428571428571,0,0,0,1,1,1
2024-11-22,25,22-30d,0.268,0.5231428571428571,0.13510079081632653,0.0068214285714285,0.009,0.2551428571428571,0,0,0,1,1,1
2024-11-22,26,22-30d,0.265,0.5231428571428571,0.13810079081632654,0.0070285714285714,0.01,0.2581428571428571,0,0,0,1,1,1
2024-11-22,27,22-30d,0.261,0.5231428571428571,0.14210079081632654,0.0069285714285714,0.01,0.2621428571428571,0,0,0,1,1,1
2024-11-22,28,22-30d,0.258,0.5231428571428571,0.14510079081632657,0.0070357142857142,0.01,0.2651428571428571,0,0,0,1,1,1
2024-11-22,29,22-30d,0.255,0.5231428571428571,0.14810079081632654,0.0071,0.011,0.2681428571428571,0,0,0,1,1,1
2024-11-22,30,22-30d,0.251,0.5231428571428571,0.15210079081632655,0.0069642857142857,0.01,0.27214285714285713,0,0,0,1,1,1
2024-11-22,22,22-30d,0.636,0.3557142857142857,0.1693660969387754,0.0102071428571428,0.023,0.2802857142857143,0,0,1,1,1,1
2024-11-22,23,22-30d,0.639,0.3557142857142857,0.17150895408163258,0.0104142857142857,0.024,0.2832857142857143,0,0,1,1,1,1
2024-11-22,24,22-30d,0.643,0.3557142857142857,0.17436609693877544,0.0104142857142857,0.024,0.2872857142857143,0,0,1,1,1,1
2024-11-22,25,22-30d,0.647,0.3557142857142857,0.17814262755102042,0.0104214285714285,0.024,0.2912857142857143,0,0,0,1,1,1
2024-11-22,26,22-30d,0.65,0.3557142857142857,0.1811426275510204,0.0107357142857142,0.026,0.2942857142857143,0,0,0,1,1,1
2024-11-22,27,22-30d,0.654,0.3557142857142857,0.1851426275510204,0.0108785714285714,0.026,0.2982857142857143,0,0,0,1,1,1
2024-11-22,28,22-30d,0.657,0.3557142857142857,0.18814262755102043,0.0110499999999999,0.027,0.3012857142857143,0,0,0,1,1,1
2024-11-22,29,22-30d,0.66,0.3557142857142857,0.1911426275510204,0.0112285714285714,0.0279999999999999,0.3042857142857143,0,0,0,1,1,1
2024-11-22,30,22-30d,0.664,0.3557142857142857,0.1951426275510204,0.0112999999999999,0.0279999999999999,0.30828571428571433,0,0,0,1,1,1
2024-11-22,22,22-30d,0.003,0.0,0.021325280612244903,0.0008285714285714,0.001,0.003,1,1,1,0,0,1
2024-11-22,23,22-30d,0.003,0.0,0.021325280612244903,0.0008285714285714,0.001,0.003,1,1,1,0,0,1
2024-11-22,24,22-30d,0.003,0.0,0.021325280612244903,0.0009714285714285,0.002,0.003,1,1,1,0,0,1
2024-11-22,25,22-30d,0.003,0.0,0.021325280612244903,0.0009714285714285,0.002,0.003,1,1,1,0,0,1
2024-11-22,26,22-30d,0.003,0.0,0.021325280612244903,0.0009714285714285,0.002,0.003,1,1,1,0,0,1
2024-11-22,27,22-30d,0.003,0.0,0.021325280612244903,0.0009714285714285,0.002,0.003,1,1,1,0,0,1
2024-11-22,28,22-30d,0.003,0.0,0.021325280612244903,0.00125,0.002,0.003,1,1,1,0,0,0
2024-11-22,29,22-30d,0.003,0.0,0.021325280612244903,0.0012571428571428,0.002,0.003,1,1,1,0,0,0
2024-11-22,30,22-30d,0.002,0.0,0.02118242346938776,0.0002571428571428,0.001,0.002,1,1,1,1,1,1
2024-11-22,22,22-30d,0.037,0.0354285714285714,0.02112119897959185,0.0323,0.033,0.0015714285714285986,1,1,1,0,0,0
2024-11-22,23,22-30d,0.037,0.0354285714285714,0.02112119897959185,0.0323,0.033,0.0015714285714285986,1,1,1,0,0,0
2024-11-22,24,22-30d,0.037,0.0354285714285714,0.02112119897959185,0.0324714285714285,0.0339999999999999,0.0015714285714285986,1,1,1,0,0,0
2024-11-22,25,22-30d,0.036,0.0354285714285714,0.020978341836734703,0.0314714285714285,0.0329999999999999,0.0005714285714285977,1,1,1,0,0,0
2024-11-22,26,22-30d,0.036,0.0354285714285714,0.020978341836734703,0.0317499999999999,0.0329999999999999,0.0005714285714285977,1,1,1,0,0,0
2024-11-22,27,22-30d,0.036,0.0354285714285714,0.020978341836734703,0.0317499999999999,0.0329999999999999,0.0005714285714285977,1,1,1,0,0,0
2024-11-22,28,22-30d,0.036,0.0354285714285714,0.020978341836734703,0.0320071428571428,0.0329999999999999,0.0005714285714285977,1,1,1,0,0,0
2024-11-22,29,22-30d,0.035,0.0354285714285714,0.020957933673469386,0.0310785714285714,0.032,0.00042857142857139624,1,1,1,0,0,0
2024-11-22,30,22-30d,0.035,0.0354285714285714,0.020957933673469386,0.0312928571428571,0.032,0.00042857142857139624,1,1,1,0,0,0
2024-11-22,22,22-30d,0.018,0.031,0.02275385204081633,0.0124999999999999,0.0129999999999999,0.013000000000000001,1,1,1,0,0,0
2024-11-22,23,22-30d,0.018,0.031,0.02275385204081633,0.0128285714285714,0.0129999999999999,0.013000000000000001,1,1,1,0,0,0
2024-11-22,24,22-30d,0.017,0.031,0.022896709183673473,0.01225,0.013,0.013999999999999999,1,1,1,0,0,0
2024-11-22,25,22-30d,0.017,0.031,0.022896709183673473,0.01225,0.013,0.013999999999999999,1,1,1,0,0,0
2024-11-22,26,22-30d,0.016,0.031,0.023039566326530616,0.0114714285714285,0.012,0.015,1,1,1,0,0,0
2024-11-22,27,22-30d,0.016,0.031,0.023039566326530616,0.0117571428571428,0.012,0.015,1,1,1,0,0,0
2024-11-22,28,22-30d,0.015,0.031,0.02318242346938776,0.0111071428571428,0.011,0.016,1,1,1,0,0,0
2024-11-22,29,22-30d,0.015,0.031,0.02318242346938776,0.01125,0.012,0.016,1,1,1,0,0,0
2024-11-22,30,22-30d,0.014,0.031,0.0233252806122449,0.0102499999999999,0.011,0.017,1,1,1,0,0,0
2024-11-22,22,22-30d,0.022,0.0244285714285714,0.021243647959183678,0.0172571428571428,0.018,0.0024285714285714015,1,1,1,0,0,0
2024-11-22,23,22-30d,0.021,0.0244285714285714,0.02138650510204082,0.0164714285714285,0.017,0.003428571428571399,1,1,1,0,0,0
2024-11-22,24,22-30d,0.02,0.0244285714285714,0.021529362244897963,0.0157571428571428,0.016,0.0044285714285714,1,1,1,0,0,0
2024-11-22,25,22-30d,0.02,0.0244285714285714,0.021529362244897963,0.0161071428571428,0.016,0.0044285714285714,1,1,1,0,0,0
2024-11-22,26,22-30d,0.019,0.0244285714285714,0.021672219387755105,0.0152499999999999,0.016,0.005428571428571401,1,1,1,0,0,0
2024-11-22,27,22-30d,0.019,0.0244285714285714,0.021672219387755105,0.0152499999999999,0.016,0.005428571428571401,1,1,1,0,0,0
2024-11-22,28,22-30d,0.018,0.0244285714285714,0.021815076530612248,0.0144642857142857,0.015,0.006428571428571402,1,1,1,0,0,0
2024-11-22,29,22-30d,0.018,0.0244285714285714,0.021815076530612248,0.0147285714285714,0.015,0.006428571428571402,1,1,1,0,0,0
2024-11-22,30,22-30d,0.017,0.0244285714285714,0.021957933673469394,0.0140071428571428,0.014,0.007428571428571399,1,1,1,0,0,0
2024-11-22,22,22-30d,0.401,0.4925714285714285,0.03422323979591834,0.0104285714285714,0.024,0.09157142857142847,0,1,1,0,1,1
2024-11-22,23,22-30d,0.396,0.4925714285714285,0.03636609693877548,0.0112857142857142,0.026,0.09657142857142847,0,1,1,0,1,1
2024-11-22,24,22-30d,0.391,0.4925714285714285,0.03850895408163263,0.0120142857142857,0.027,0.10157142857142848,0,1,1,0,1,1
2024-11-22,25,22-30d,0.386,0.4925714285714285,0.04065181122448978,0.0131857142857142,0.029,0.10657142857142848,0,1,1,0,0,1
2024-11-22,26,22-30d,0.381,0.4925714285714285,0.04279466836734692,0.0146142857142857,0.031,0.11157142857142849,0,1,1,0,0,1
2024-11-22,27,22-30d,0.376,0.4925714285714285,0.044937525510204065,0.0160214285714285,0.0329999999999999,0.11657142857142849,0,1,1,0,0,1
2024-11-22,28,22-30d,0.371,0.4925714285714285,0.047080382653061206,0.0169785714285714,0.0349999999999999,0.1215714285714285,0,1,1,0,0,1
2024-11-22,29,22-30d,0.366,0.4925714285714285,0.049223239795918354,0.0183428571428571,0.0369999999999999,0.1265714285714285,0,1,1,0,0,1
2024-11-22,30,22-30d,0.361,0.4925714285714285,0.051366096938775495,0.0196214285714285,0.0379999999999999,0.1315714285714285,0,1,1,0,0,1
2024-11-22,22,22-30d,0.466,0.2521428571428571,0.12191711734693875,0.0885857142857142,0.1119999999999999,0.2138571428571429,0,0,1,0,0,0
2024-11-22,23,22-30d,0.473,0.2521428571428571,0.1269171173469387,0.0899,0.1129999999999999,0.22085714285714286,0,0,1,0,0,0
2024-11-22,24,22-30d,0.48,0.2521428571428571,0.1319171173469387,0.0913785714285714,0.1149999999999999,0.22785714285714287,0,0,1,0,0,0
2024-11-22,25,22-30d,0.487,0.2521428571428571,0.1369171173469387,0.0926928571428571,0.1159999999999999,0.23485714285714288,0,0,1,0,0,0
2024-11-22,26,22-30d,0.494,0.2521428571428571,0.1419171173469387,0.0936928571428571,0.1169999999999999,0.24185714285714288,0,0,1,0,0,0
2024-11-22,27,22-30d,0.501,0.2521428571428571,0.1469171173469387,0.0951499999999999,0.119,0.2488571428571429,0,0,1,0,0,0
2024-11-22,28,22-30d,0.508,0.2521428571428571,0.15191711734693872,0.0961499999999999,0.12,0.2558571428571429,0,0,1,0,0,0
2024-11-22,29,22-30d,0.515,0.2521428571428571,0.15691711734693872,0.0971499999999999,0.121,0.2628571428571429,0,0,1,0,0,0
2024-11-22,30,22-30d,0.522,0.2521428571428571,0.1619171173469387,0.0981499999999999,0.122,0.2698571428571429,0,0,1,0,0,0
2024-11-22,22,22-30d,0.007,0.0105714285714285,0.021406913265306117,0.0010142857142857,0.0019999999999999,0.0035714285714285006,1,1,1,0,0,1
2024-11-22,23,22-30d,0.007,0.0105714285714285,0.021406913265306117,0.0006071428571428,0.001,0.0035714285714285006,1,1,1,0,1,1
2024-11-22,24,22-30d,0.006,0.0105714285714285,0.02154977040816326,0.0015071428571428,0.002,0.004571428571428501,1,1,1,0,0,0
2024-11-22,25,22-30d,0.006,0.0105714285714285,0.02154977040816326,0.0010071428571428,0.002,0.004571428571428501,1,1,1,0,0,1
2024-11-22,26,22-30d,0.006,0.0105714285714285,0.02154977040816326,0.0005785714285714,0.001,0.004571428571428501,1,1,1,0,1,1
2024-11-22,27,22-30d,0.006,0.0105714285714285,0.02154977040816326,0.0005071428571428,0.001,0.004571428571428501,1,1,1,0,1,1
2024-11-22,28,22-30d,0.005,0.0105714285714285,0.021692627551020405,0.0010071428571428,0.002,0.005571428571428501,1,1,1,0,0,1
2024-11-22,29,22-30d,0.005,0.0105714285714285,0.021692627551020405,0.0008357142857142,0.001,0.005571428571428501,1,1,1,0,0,1
2024-11-22,30,22-30d,0.005,0.0105714285714285,0.021692627551020405,0.0005785714285714,0.001,0.005571428571428501,1,1,1,0,1,1
2024-11-22,22,22-30d,0.031,0.1208571428571428,0.03373344387755102,0.0195785714285714,0.02,0.0898571428571428,1,1,1,0,0,0
2024-11-22,23,22-30d,0.03,0.1208571428571428,0.033917117346938766,0.0190142857142857,0.0199999999999999,0.0908571428571428,0,1,1,0,0,0
2024-11-22,24,22-30d,0.03,0.1208571428571428,0.033917117346938766,0.0195785714285714,0.0199999999999999,0.0908571428571428,0,1,1,0,0,0
2024-11-22,25,22-30d,0.029,0.1208571428571428,0.03434568877551019,0.0190071428571428,0.02,0.0918571428571428,0,1,1,0,0,0
2024-11-22,26,22-30d,0.028,0.1208571428571428,0.03477426020408162,0.0185785714285714,0.019,0.0928571428571428,0,1,1,0,0,0
2024-11-22,27,22-30d,0.027,0.1208571428571428,0.03520283163265305,0.0179785714285714,0.019,0.0938571428571428,0,1,1,0,0,0
2024-11-22,28,22-30d,0.026,0.1208571428571428,0.03563140306122448,0.0170071428571428,0.018,0.0948571428571428,0,1,1,0,0,0
2024-11-22,29,22-30d,0.025,0.1208571428571428,0.036059974489795914,0.0165785714285714,0.017,0.09585714285714281,0,1,1,0,0,0
2024-11-22,30,22-30d,0.025,0.1208571428571428,0.036059974489795914,0.0170071428571428,0.018,0.09585714285714281,0,1,1,0,0,0
2024-11-22,22,22-30d,0.019,0.0087142857142857,0.02236609693877552,0.0182499999999999,0.019,0.010285714285714299,1,1,1,0,0,0
2024-11-22,23,22-30d,0.018,0.0087142857142857,0.022223239795918375,0.0172499999999999,0.018,0.009285714285714298,1,1,1,0,0,0
2024-11-22,24,22-30d,0.018,0.0087142857142857,0.022223239795918375,0.0172499999999999,0.018,0.009285714285714298,1,1,1,0,0,0
2024-11-22,25,22-30d,0.018,0.0087142857142857,0.022223239795918375,0.0174642857142857,0.018,0.009285714285714298,1,1,1,0,0,0
2024-11-22,26,22-30d,0.018,0.0087142857142857,0.022223239795918375,0.0177214285714285,0.018,0.009285714285714298,1,1,1,0,0,0
2024-11-22,27,22-30d,0.017,0.0087142857142857,0.022080382653061233,0.0167214285714285,0.017,0.0082857142857143,1,1,1,0,0,0
2024-11-22,28,22-30d,0.017,0.0087142857142857,0.022080382653061233,0.0167214285714285,0.017,0.0082857142857143,1,1,1,0,0,0
2024-11-22,29,22-30d,0.017,0.0087142857142857,0.022080382653061233,0.017,0.017,0.0082857142857143,1,1,1,0,0,0
2024-11-22,30,22-30d,0.017,0.0087142857142857,0.022080382653061233,0.017,0.017,0.0082857142857143,1,1,1,0,0,0
2024-11-22,22,22-30d,0.013,0.0162857142857142,0.021366096938775503,0.012,0.012,0.003285714285714199,1,1,1,0,0,0
2024-11-22,23,22-30d,0.013,0.0162857142857142,0.021366096938775503,0.012,0.012,0.003285714285714199,1,1,1,0,0,0
2024-11-22,24,22-30d,0.012,0.0162857142857142,0.021508954081632645,0.011,0.011,0.004285714285714198,1,1,1,0,0,0
2024-11-22,25,22-30d,0.012,0.0162857142857142,0.021508954081632645,0.011,0.011,0.004285714285714198,1,1,1,0,0,0
2024-11-22,26,22-30d,0.012,0.0162857142857142,0.021508954081632645,0.011,0.011,0.004285714285714198,1,1,1,0,0,0
2024-11-22,27,22-30d,0.011,0.0162857142857142,0.021651811224489788,0.0100071428571428,0.0099999999999999,0.005285714285714199,1,1,1,0,0,0
2024-11-22,28,22-30d,0.011,0.0162857142857142,0.021651811224489788,0.0100071428571428,0.0099999999999999,0.005285714285714199,1,1,1,0,0,0
2024-11-22,29,22-30d,0.011,0.0162857142857142,0.021651811224489788,0.0100357142857142,0.0099999999999999,0.005285714285714199,1,1,1,0,0,0
2024-11-22,30,22-30d,0.011,0.0162857142857142,0.021651811224489788,0.0101071428571428,0.0099999999999999,0.005285714285714199,1,1,1,0,0,0
2024-11-22,22,22-30d,0.309,0.6122857142857142,0.18324364795918363,0.0806142857142857,0.095,0.3032857142857142,0,0,0,0,0,0
2024-11-22,23,22-30d,0.305,0.6122857142857142,0.18724364795918363,0.0819642857142857,0.096,0.3072857142857142,0,0,0,0,0,0
2024-11-22,24,22-30d,0.3,0.6122857142857142,0.19224364795918364,0.0822071428571428,0.096,0.3122857142857142,0,0,0,0,0,0
2024-11-22,25,22-30d,0.296,0.6122857142857142,0.19624364795918364,0.0838857142857142,0.0979999999999999,0.3162857142857142,0,0,0,0,0,0
2024-11-22,26,22-30d,0.292,0.6122857142857142,0.20024364795918365,0.0848571428571428,0.0989999999999999,0.32028571428571423,0,0,0,0,0,0
2024-11-22,27,22-30d,0.287,0.6122857142857142,0.20524364795918365,0.0848571428571428,0.0989999999999999,0.32528571428571423,0,0,0,0,0,0
2024-11-22,28,22-30d,0.283,0.6122857142857142,0.20924364795918365,0.0859142857142856,0.0989999999999999,0.32928571428571424,0,0,0,0,0,0
2024-11-22,29,22-30d,0.279,0.6122857142857142,0.21324364795918363,0.0866285714285714,0.1,0.3332857142857142,0,0,0,0,0,0
2024-11-22,30,22-30d,0.275,0.6122857142857142,0.21724364795918363,0.08755,0.101,0.3372857142857142,0,0,0,0,0,0
2024-11-22,22,22-30d,0.64,0.3265714285714285,0.20028548469387758,0.1106857142857142,0.126,0.3134285714285715,0,0,0,0,0,0
2024-11-22,23,22-30d,0.645,0.3265714285714285,0.20528548469387758,0.1116785714285714,0.127,0.3184285714285715,0,0,0,0,0,0
2024-11-22,24,22-30d,0.65,0.3265714285714285,0.2102854846938776,0.1123714285714285,0.128,0.3234285714285715,0,0,0,0,0,0
2024-11-22,25,22-30d,0.656,0.3265714285714285,0.21628548469387757,0.1118928571428571,0.127,0.3294285714285715,0,0,0,0,0,0
2024-11-22,26,22-30d,0.661,0.3265714285714285,0.2212854846938776,0.1126428571428571,0.128,0.3344285714285715,0,0,0,0,0,0
2024-11-22,27,22-30d,0.666,0.3265714285714285,0.2262854846938776,0.1131357142857142,0.128,0.3394285714285715,0,0,0,0,0,0
2024-11-22,28,22-30d,0.671,0.3265714285714285,0.23128548469387764,0.1135357142857142,0.129,0.34442857142857153,0,0,0,0,0,0
2024-11-22,29,22-30d,0.676,0.3265714285714285,0.23628548469387758,0.1138142857142856,0.129,0.34942857142857153,0,0,0,0,0,0
2024-11-22,30,22-30d,0.682,0.3265714285714285,0.24228548469387762,0.1132857142857142,0.128,0.35542857142857154,0,0,0,0,0,0
2024-11-22,22,22-30d,0.002,0.0,0.02118242346938776,0.0014642857142857,0.002,0.002,1,1,1,0,0,0
2024-11-22,23,22-30d,0.002,0.0,0.02118242346938776,0.0014642857142857,0.002,0.002,1,1,1,0,0,0
2024-11-22,24,22-30d,0.001,0.0,0.021039566326530618,0.0004642857142857,0.001,0.001,1,1,1,0,1,1
2024-11-22,25,22-30d,0.001,0.0,0.021039566326530618,0.0004642857142857,0.001,0.001,1,1,1,0,1,1
2024-11-22,26,22-30d,0.001,0.0,0.021039566326530618,0.0007214285714285,0.001,0.001,1,1,1,0,0,1
2024-11-22,27,22-30d,0.001,0.0,0.021039566326530618,0.0007214285714285,0.001,0.001,1,1,1,0,0,1
2024-11-22,28,22-30d,0.001,0.0,0.021039566326530618,0.0007214285714285,0.001,0.001,1,1,1,0,0,1
2024-11-22,29,22-30d,0.001,0.0,0.021039566326530618,0.001,0.001,0.001,1,1,1,0,0,0
2024-11-22,30,22-30d,0.001,0.0,0.021039566326530618,0.001,0.001,0.001,1,1,1,0,0,0
2024-11-22,22,22-30d,0.029,0.0087142857142857,0.025141607142857143,0.0271071428571428,0.027,0.020285714285714303,0,1,1,0,0,0
2024-11-22,23,22-30d,0.029,0.0087142857142857,0.025141607142857143,0.02725,0.028,0.020285714285714303,0,1,1,0,0,0
2024-11-22,24,22-30d,0.028,0.0087142857142857,0.024713035714285715,0.02625,0.027,0.019285714285714302,0,1,1,0,0,0
2024-11-22,25,22-30d,0.028,0.0087142857142857,0.024713035714285715,0.0264642857142857,0.027,0.019285714285714302,0,1,1,0,0,0
2024-11-22,26,22-30d,0.028,0.0087142857142857,0.024713035714285715,0.0264642857142857,0.027,0.019285714285714302,0,1,1,0,0,0
2024-11-22,27,22-30d,0.027,0.0087142857142857,0.024284464285714288,0.0257214285714285,0.026,0.0182857142857143,0,1,1,0,0,0
2024-11-22,28,22-30d,0.027,0.0087142857142857,0.024284464285714288,0.0257214285714285,0.026,0.0182857142857143,0,1,1,0,0,0
2024-11-22,29,22-30d,0.027,0.0087142857142857,0.024284464285714288,0.0257214285714285,0.026,0.0182857142857143,0,1,1,0,0,0
2024-11-22,30,22-30d,0.027,0.0087142857142857,0.024284464285714288,0.026,0.026,0.0182857142857143,0,1,1,0,0,0
2024-12-06,1,1-7d,0.018,0.0134285714285714,0.015659897959183683,0.0135499999999999,0.015,0.004571428571428598,1,1,1,0,0,0
2024-12-06,2,1-7d,0.018,0.0134285714285714,0.015659897959183683,0.0138285714285714,0.015,0.004571428571428598,1,1,1,0,0,0
2024-12-06,3,1-7d,0.018,0.0134285714285714,0.015659897959183683,0.0140857142857142,0.015,0.004571428571428598,1,1,1,0,0,0
2024-12-06,4,1-7d,0.018,0.0134285714285714,0.015659897959183683,0.0140857142857142,0.015,0.004571428571428598,1,1,1,0,0,0
2024-12-06,5,1-7d,0.018,0.0134285714285714,0.015659897959183683,0.0140857142857142,0.015,0.004571428571428598,1,1,1,0,0,0
2024-12-06,6,1-7d,0.018,0.0134285714285714,0.015659897959183683,0.0143285714285714,0.015,0.004571428571428598,1,1,1,0,0,0
2024-12-06,7,1-7d,0.017,0.0134285714285714,0.01551704081632654,0.0133285714285714,0.014,0.0035714285714286004,1,1,1,0,0,0
2024-12-06,1,1-7d,0.007,0.013,0.01586397959183674,0.00525,0.006,0.005999999999999999,1,1,1,0,0,0
2024-12-06,2,1-7d,0.007,0.013,0.01586397959183674,0.00525,0.006,0.005999999999999999,1,1,1,0,0,0
2024-12-06,3,1-7d,0.007,0.013,0.01586397959183674,0.0054642857142857,0.006,0.005999999999999999,1,1,1,0,0,0
2024-12-06,4,1-7d,0.006,0.013,0.016006836734693882,0.0044642857142857,0.005,0.006999999999999999,1,1,1,0,0,0
2024-12-06,5,1-7d,0.006,0.013,0.016006836734693882,0.0044642857142857,0.005,0.006999999999999999,1,1,1,0,0,0
2024-12-06,6,1-7d,0.006,0.013,0.016006836734693882,0.0044642857142857,0.005,0.006999999999999999,1,1,1,0,0,0
2024-12-06,7,1-7d,0.006,0.013,0.016006836734693882,0.0047285714285714,0.005,0.006999999999999999,1,1,1,0,0,0
2024-12-06,1,1-7d,0.413,0.5625714285714286,0.07157010204081637,0.0566428571428571,0.0819999999999999,0.14957142857142863,0,0,1,0,0,0
2024-12-06,2,1-7d,0.409,0.5625714285714286,0.07442724489795924,0.0573857142857142,0.0829999999999999,0.15357142857142864,0,0,1,0,0,0
2024-12-06,3,1-7d,0.406,0.5625714285714286,0.07657010204081635,0.0591071428571428,0.085,0.15657142857142858,0,0,1,0,0,0
2024-12-06,4,1-7d,0.402,0.5625714285714286,0.0794272448979592,0.0601071428571428,0.086,0.1605714285714286,0,0,1,0,0,0
2024-12-06,5,1-7d,0.398,0.5625714285714286,0.08228438775510206,0.0611142857142857,0.087,0.1645714285714286,0,0,1,0,0,0
2024-12-06,6,1-7d,0.394,0.5625714285714286,0.08514153061224493,0.0618857142857143,0.088,0.1685714285714286,0,0,1,0,0,0
2024-12-06,7,1-7d,0.391,0.5625714285714286,0.08728438775510207,0.0636714285714285,0.09,0.1715714285714286,0,0,1,0,0,0
2024-12-06,1,1-7d,0.558,0.298,0.16728438775510215,0.0140714285714285,0.0329999999999999,0.26000000000000006,0,0,0,0,1,1
2024-12-06,2,1-7d,0.563,0.298,0.172284387755102,0.0141785714285714,0.033,0.26499999999999996,0,0,0,0,1,1
2024-12-06,3,1-7d,0.568,0.298,0.17728438775510202,0.0145642857142857,0.034,0.26999999999999996,0,0,0,0,1,1
2024-12-06,4,1-7d,0.573,0.298,0.18228438775510197,0.015,0.035,0.27499999999999997,0,0,0,0,1,1
2024-12-06,5,1-7d,0.578,0.298,0.18728438775510206,0.0153214285714285,0.035,0.27999999999999997,0,0,0,0,1,1
2024-12-06,6,1-7d,0.583,0.298,0.192284387755102,0.0153928571428571,0.035,0.285,0,0,0,0,1,1
2024-12-06,7,1-7d,0.588,0.298,0.19728438775510201,0.0157857142857143,0.036,0.29,0,0,0,0,1,1
2024-12-06,1,1-7d,0.01,0.0148571428571428,0.015700714285714283,0.0054714285714285,0.007,0.0048571428571427995,1,1,1,0,0,0
2024-12-06,2,1-7d,0.01,0.0148571428571428,0.015700714285714283,0.0054714285714285,0.007,0.0048571428571427995,1,1,1,0,0,0
2024-12-06,3,1-7d,0.01,0.0148571428571428,0.015700714285714283,0.0054714285714285,0.007,0.0048571428571427995,1,1,1,0,0,0
2024-12-06,4,1-7d,0.01,0.0148571428571428,0.015700714285714283,0.00555,0.007,0.0048571428571427995,1,1,1,0,0,0
2024-12-06,5,1-7d,0.01,0.0148571428571428,0.015700714285714283,0.00555,0.007,0.0048571428571427995,1,1,1,0,0,0
2024-12-06,6,1-7d,0.009,0.0148571428571428,0.015843571428571426,0.0050857142857142,0.0059999999999999,0.0058571428571428,1,1,1,0,0,0
2024-12-06,7,1-7d,0.009,0.0148571428571428,0.015843571428571426,0.0050857142857142,0.0059999999999999,0.0058571428571428,1,1,1,0,0,0
2024-12-06,1,1-7d,0.043,0.042,0.015149693877551024,0.0325571428571428,0.0349999999999999,0.000999999999999994,1,1,1,0,0,0
2024-12-06,2,1-7d,0.043,0.042,0.015149693877551024,0.0327714285714285,0.0349999999999999,0.000999999999999994,1,1,1,0,0,0
2024-12-06,3,1-7d,0.042,0.042,0.015006836734693881,0.03205,0.034,0.0,1,1,1,0,0,0
2024-12-06,4,1-7d,0.042,0.042,0.015006836734693881,0.0323071428571428,0.034,0.0,1,1,1,0,0,0
2024-12-06,5,1-7d,0.042,0.042,0.015006836734693881,0.0324071428571428,0.034,0.0,1,1,1,0,0,0
2024-12-06,6,1-7d,0.042,0.042,0.015006836734693881,0.0330428571428571,0.035,0.0,1,1,1,0,0,0
2024-12-06,7,1-7d,0.042,0.042,0.015006836734693881,0.03305,0.035,0.0,1,1,1,0,0,0
2024-12-06,1,1-7d,0.008,0.0045714285714285,0.015496632653061239,0.0067571428571428,0.007,0.0034285714285715004,1,1,1,0,0,0
2024-12-06,2,1-7d,0.008,0.0045714285714285,0.015496632653061239,0.0067571428571428,0.007,0.0034285714285715004,1,1,1,0,0,0
2024-12-06,3,1-7d,0.007,0.0045714285714285,0.015353775510204096,0.0057571428571428,0.006,0.0024285714285715004,1,1,1,0,0,0
2024-12-06,4,1-7d,0.007,0.0045714285714285,0.015353775510204096,0.0058285714285714,0.006,0.0024285714285715004,1,1,1,0,0,0
2024-12-06,5,1-7d,0.007,0.0045714285714285,0.015353775510204096,0.0058285714285714,0.006,0.0024285714285715004,1,1,1,0,0,0
2024-12-06,6,1-7d,0.007,0.0045714285714285,0.015353775510204096,0.0061071428571428,0.006,0.0024285714285715004,1,1,1,0,0,0
2024-12-06,7,1-7d,0.007,0.0045714285714285,0.015353775510204096,0.0061071428571428,0.006,0.0024285714285715004,1,1,1,0,0,0
2024-12-06,1,1-7d,0.017,0.0274285714285714,0.016496632653061224,0.0123285714285714,0.013,0.010428571428571398,1,1,1,0,0,0
2024-12-06,2,1-7d,0.016,0.0274285714285714,0.016639489795918366,0.0114714285714285,0.013,0.011428571428571399,1,1,1,0,0,0
2024-12-06,3,1-7d,0.016,0.0274285714285714,0.016639489795918366,0.0120071428571428,0.013,0.011428571428571399,1,1,1,0,0,0
2024-12-06,4,1-7d,0.016,0.0274285714285714,0.016639489795918366,0.0120071428571428,0.013,0.011428571428571399,1,1,1,0,0,0
2024-12-06,5,1-7d,0.015,0.0274285714285714,0.01678234693877551,0.0110785714285714,0.012,0.0124285714285714,1,1,1,0,0,0
2024-12-06,6,1-7d,0.015,0.0274285714285714,0.01678234693877551,0.0112928571428571,0.012,0.0124285714285714,1,1,1,0,0,0
2024-12-06,7,1-7d,0.015,0.0274285714285714,0.01678234693877551,0.0112928571428571,0.012,0.0124285714285714,1,1,1,0,0,0
2024-12-06,1,1-7d,0.301,0.2022857142857143,0.05239459183673467,0.0171642857142857,0.0379999999999999,0.0987142857142857,0,1,1,0,0,1
2024-12-06,2,1-7d,0.297,0.2022857142857143,0.050680306122448955,0.0171714285714285,0.0379999999999999,0.0947142857142857,0,1,1,0,0,1
2024-12-06,3,1-7d,0.294,0.2022857142857143,0.04939459183673467,0.0178571428571428,0.0389999999999999,0.09171428571428569,0,1,1,0,0,1
2024-12-06,4,1-7d,0.29,0.2022857142857143,0.04768030612244895,0.0178571428571428,0.0389999999999999,0.08771428571428569,0,1,1,0,0,1
2024-12-06,5,1-7d,0.287,0.2022857142857143,0.04639459183673467,0.0185642857142856,0.0399999999999999,0.08471428571428569,0,1,1,0,0,1
2024-12-06,6,1-7d,0.284,0.2022857142857143,0.04510887755102038,0.0190285714285714,0.0409999999999999,0.08171428571428568,0,1,1,0,0,1
2024-12-06,7,1-7d,0.28,0.2022857142857143,0.0433945918367347,0.0189571428571428,0.041,0.07771428571428574,0,1,1,0,0,1
2024-12-06,1,1-7d,0.608,0.538,0.04008846938775507,0.0077142857142857,0.015,0.06999999999999995,0,1,1,1,1,1
2024-12-06,2,1-7d,0.612,0.538,0.04180275510204079,0.0078571428571428,0.015,0.07399999999999995,0,1,1,1,1,1
2024-12-06,3,1-7d,0.617,0.538,0.04394561224489794,0.0077785714285714,0.014,0.07899999999999996,0,1,1,1,1,1
2024-12-06,4,1-7d,0.621,0.538,0.04565989795918365,0.0077428571428571,0.013,0.08299999999999996,0,1,1,1,1,1
2024-12-06,5,1-7d,0.625,0.538,0.047374183673469364,0.00785,0.013,0.08699999999999997,0,1,1,1,1,1
2024-12-06,6,1-7d,0.628,0.538,0.04865989795918365,0.0080571428571428,0.014,0.08999999999999997,0,1,1,1,1,1
2024-12-06,7,1-7d,0.632,0.538,0.05037418367346937,0.00795,0.013,0.09399999999999997,0,1,1,1,1,1
2024-12-06,1,1-7d,0.003,0.0,0.01543540816326531,0.0005785714285714,0.001,0.003,1,1,1,0,1,1
2024-12-06,2,1-7d,0.003,0.0,0.01543540816326531,0.0005785714285714,0.001,0.003,1,1,1,0,1,1
2024-12-06,3,1-7d,0.003,0.0,0.01543540816326531,0.0005785714285714,0.001,0.003,1,1,1,0,1,1
2024-12-06,4,1-7d,0.003,0.0,0.01543540816326531,0.0005714285714285,0.001,0.003,1,1,1,0,1,1
2024-12-06,5,1-7d,0.003,0.0,0.01543540816326531,0.0005714285714285,0.001,0.003,1,1,1,0,1,1
2024-12-06,6,1-7d,0.003,0.0,0.01543540816326531,0.0008285714285714,0.001,0.003,1,1,1,0,0,1
2024-12-06,7,1-7d,0.003,0.0,0.01543540816326531,0.0009714285714285,0.002,0.003,1,1,1,0,0,1
2024-12-06,1,1-7d,0.039,0.011,0.022088469387755095,0.0305785714285714,0.032,0.028,0,1,1,0,0,0
2024-12-06,2,1-7d,0.039,0.011,0.022088469387755095,0.0305857142857142,0.032,0.028,0,1,1,0,0,0
2024-12-06,3,1-7d,0.039,0.011,0.022088469387755095,0.0312714285714285,0.033,0.028,0,1,1,0,0,0
2024-12-06,4,1-7d,0.038,0.011,0.021659897959183664,0.0305499999999999,0.032,0.027,0,1,1,0,0,0
2024-12-06,5,1-7d,0.038,0.011,0.021659897959183664,0.0305785714285714,0.032,0.027,0,1,1,0,0,0
2024-12-06,6,1-7d,0.038,0.011,0.021659897959183664,0.0305785714285714,0.032,0.027,0,1,1,0,0,0
2024-12-06,7,1-7d,0.038,0.011,0.021659897959183664,0.03105,0.032,0.027,0,1,1,0,0,0
2024-12-06,1,1-7d,0.022,0.0478571428571428,0.018700714285714286,0.0130071428571428,0.0139999999999999,0.0258571428571428,1,1,1,0,0,0
2024-12-06,2,1-7d,0.022,0.0478571428571428,0.018700714285714286,0.0135714285714285,0.0139999999999999,0.0258571428571428,1,1,1,0,0,0
2024-12-06,3,1-7d,0.021,0.0478571428571428,0.01884357142857143,0.0129785714285714,0.014,0.026857142857142798,1,1,1,0,0,0
2024-12-06,4,1-7d,0.021,0.0478571428571428,0.01884357142857143,0.0132857142857142,0.014,0.026857142857142798,1,1,1,0,0,0
2024-12-06,5,1-7d,0.02,0.0478571428571428,0.01898642857142857,0.0125714285714285,0.013,0.0278571428571428,1,1,1,0,0,0
2024-12-06,6,1-7d,0.019,0.0478571428571428,0.019129285714285713,0.0119785714285714,0.013,0.0288571428571428,1,1,1,0,0,0
2024-12-06,7,1-7d,0.019,0.0478571428571428,0.019129285714285713,0.0122571428571428,0.013,0.0288571428571428,1,1,1,0,0,0
2024-12-06,1,1-7d,0.026,0.006,0.018659897959183665,0.0182857142857142,0.019,0.019999999999999997,0,1,1,0,0,0
2024-12-06,2,1-7d,0.025,0.006,0.018231326530612237,0.0175714285714285,0.018,0.019000000000000003,0,1,1,0,0,0
2024-12-06,3,1-7d,0.025,0.006,0.018231326530612237,0.0179714285714285,0.019,0.019000000000000003,0,1,1,0,0,0
2024-12-06,4,1-7d,0.024,0.006,0.017802755102040806,0.0172571428571428,0.018,0.018000000000000002,0,1,1,0,0,0
2024-12-06,5,1-7d,0.023,0.006,0.01743540816326531,0.0165,0.017,0.017,1,1,1,0,0,0
2024-12-06,6,1-7d,0.023,0.006,0.01743540816326531,0.0168285714285714,0.017,0.017,1,1,1,0,0,0
2024-12-06,7,1-7d,0.022,0.006,0.017292551020408168,0.0162499999999999,0.0169999999999999,0.016,1,1,1,0,0,0
2024-12-06,1,1-7d,0.434,0.4324285714285714,0.015231326530612254,0.0049285714285714,0.012,0.0015714285714286125,1,1,1,1,1,1
2024-12-06,2,1-7d,0.43,0.4324285714285714,0.015353775510204079,0.0058214285714285,0.014,0.002428571428571391,1,1,1,0,1,1
2024-12-06,3,1-7d,0.425,0.4324285714285714,0.016068061224489793,0.0065,0.016,0.0074285714285713955,1,1,1,0,1,1
2024-12-06,4,1-7d,0.42,0.4324285714285714,0.01678234693877551,0.0072142857142857,0.0169999999999999,0.0124285714285714,1,1,1,0,1,1
2024-12-06,5,1-7d,0.415,0.4324285714285714,0.017496632653061225,0.0077928571428571,0.0189999999999999,0.017428571428571404,1,1,1,0,1,1
2024-12-06,6,1-7d,0.411,0.4324285714285714,0.018068061224489795,0.0089714285714285,0.0209999999999999,0.021428571428571408,1,1,1,0,1,1
2024-12-06,7,1-7d,0.406,0.4324285714285714,0.018782346938775504,0.0096214285714285,0.023,0.026428571428571357,1,1,1,0,1,1
2024-12-06,1,1-7d,0.417,0.3915714285714285,0.020986428571428583,0.0635642857142857,0.081,0.025428571428571467,0,1,1,0,0,0
2024-12-06,2,1-7d,0.424,0.3915714285714285,0.023986428571428586,0.0646785714285714,0.082,0.03242857142857147,0,1,1,0,0,0
2024-12-06,3,1-7d,0.431,0.3915714285714285,0.02698642857142859,0.0663428571428571,0.084,0.03942857142857148,0,1,1,0,0,0
2024-12-06,4,1-7d,0.438,0.3915714285714285,0.02998642857142859,0.06785,0.086,0.046428571428571486,0,1,1,0,0,0
2024-12-06,5,1-7d,0.445,0.3915714285714285,0.0329864285714286,0.0691714285714285,0.087,0.05342857142857149,0,1,1,0,0,0
2024-12-06,6,1-7d,0.452,0.3915714285714285,0.03598642857142859,0.0706071428571428,0.089,0.0604285714285715,0,1,1,0,0,0
2024-12-06,7,1-7d,0.459,0.3915714285714285,0.038986428571428595,0.0720428571428571,0.091,0.0674285714285715,0,1,1,0,0,0
2024-12-06,1,1-7d,0.009,0.0061428571428571,0.01541500000000001,0.0005785714285714,0.001,0.002857142857142899,1,1,1,0,1,1
2024-12-06,2,1-7d,0.009,0.0061428571428571,0.01541500000000001,0.0002928571428571,0.001,0.002857142857142899,1,1,1,1,1,1
2024-12-06,3,1-7d,0.008,0.0061428571428571,0.015272142857142868,0.0005785714285714,0.0009999999999999,0.0018571428571429,1,1,1,0,1,1
2024-12-06,4,1-7d,0.008,0.0061428571428571,0.015272142857142868,0.0002928571428571,0.0009999999999999,0.0018571428571429,1,1,1,1,1,1
2024-12-06,5,1-7d,0.008,0.0061428571428571,0.015272142857142868,0.0001499999999999,0.0,0.0018571428571429,1,1,1,1,1,1
2024-12-06,6,1-7d,0.008,0.0061428571428571,0.015272142857142868,0.0001499999999999,0.0,0.0018571428571429,1,1,1,1,1,1
2024-12-06,7,1-7d,0.007,0.0061428571428571,0.015129285714285725,0.0002928571428571,0.001,0.0008571428571429,1,1,1,1,1,1
2024-12-06,1,1-7d,0.038,0.063,0.018578265306122454,0.0183357142857142,0.019,0.025,1,1,1,0,0,0
2024-12-06,2,1-7d,0.037,0.063,0.0187211224489796,0.0181142857142857,0.019,0.026000000000000002,1,1,1,0,0,0
2024-12-06,3,1-7d,0.036,0.063,0.018863979591836742,0.0178285714285714,0.0189999999999999,0.027000000000000003,1,1,1,0,0,0
2024-12-06,4,1-7d,0.035,0.063,0.01900683673469388,0.01755,0.019,0.027999999999999997,1,1,1,0,0,0
2024-12-06,5,1-7d,0.034,0.063,0.019149693877551024,0.0173285714285714,0.018,0.028999999999999998,1,1,1,0,0,0
2024-12-06,6,1-7d,0.033,0.063,0.019292551020408166,0.0168285714285714,0.018,0.03,1,1,1,0,0,0
2024-12-06,7,1-7d,0.032,0.063,0.01943540816326531,0.0164714285714285,0.018,0.031,1,1,1,0,0,0
2024-12-06,1,1-7d,0.02,0.0,0.018659897959183665,0.01825,0.019,0.02,0,1,1,0,0,0
2024-12-06,2,1-7d,0.02,0.0,0.018659897959183665,0.0184642857142857,0.019,0.02,0,1,1,0,0,0
2024-12-06,3,1-7d,0.02,0.0,0.018659897959183665,0.0184642857142857,0.019,0.02,0,1,1,0,0,0
2024-12-06,4,1-7d,0.019,0.0,0.018231326530612237,0.0174642857142857,0.018,0.019,0,1,1,0,0,0
2024-12-06,5,1-7d,0.019,0.0,0.018231326530612237,0.0177214285714285,0.018,0.019,0,1,1,0,0,0
2024-12-06,6,1-7d,0.019,0.0,0.018231326530612237,0.0177214285714285,0.018,0.019,0,1,1,0,0,0
2024-12-06,7,1-7d,0.019,0.0,0.018231326530612237,0.018,0.018,0.019,0,1,1,0,0,0
2024-12-06,1,1-7d,0.016,0.0,0.017292551020408168,0.01325,0.014,0.016,1,1,1,0,0,0
2024-12-06,2,1-7d,0.015,0.0,0.017149693877551025,0.0122499999999999,0.013,0.015,1,1,1,0,0,0
2024-12-06,3,1-7d,0.015,0.0,0.017149693877551025,0.0124642857142857,0.013,0.015,1,1,1,0,0,0
2024-12-06,4,1-7d,0.014,0.0,0.017006836734693883,0.0114642857142857,0.012,0.014,1,1,1,0,0,0
2024-12-06,5,1-7d,0.014,0.0,0.017006836734693883,0.0117285714285714,0.012,0.014,1,1,1,0,0,0
2024-12-06,6,1-7d,0.014,0.0,0.017006836734693883,0.0120071428571428,0.012,0.014,1,1,1,0,0,0
2024-12-06,7,1-7d,0.013,0.0,0.01686397959183674,0.0110357142857142,0.011,0.013,1,1,1,0,0,0
2024-12-06,1,1-7d,0.341,0.3925714285714286,0.023047653061224523,0.06075,0.077,0.0515714285714286,0,1,1,0,0,0
2024-12-06,2,1-7d,0.336,0.3925714285714286,0.025190510204081668,0.0616071428571428,0.077,0.056571428571428606,0,1,1,0,0,0
2024-12-06,3,1-7d,0.332,0.3925714285714286,0.026904795918367384,0.0627857142857143,0.079,0.06057142857142861,0,1,1,0,0,0
2024-12-06,4,1-7d,0.327,0.3925714285714286,0.02904765306122453,0.0636071428571428,0.079,0.06557142857142861,0,1,1,0,0,0
2024-12-06,5,1-7d,0.323,0.3925714285714286,0.030761938775510245,0.0650357142857143,0.081,0.06957142857142862,0,1,1,0,0,0
2024-12-06,6,1-7d,0.318,0.3925714285714286,0.03290479591836739,0.0656071428571428,0.081,0.07457142857142862,0,1,1,0,0,0
2024-12-06,7,1-7d,0.314,0.3925714285714286,0.034619081632653106,0.0667499999999999,0.0829999999999999,0.07857142857142863,0,1,1,0,0,0
2024-12-06,1,1-7d,0.601,0.5288571428571428,0.04100683673469389,0.05165,0.071,0.07214285714285718,0,1,1,0,0,0
2024-12-06,2,1-7d,0.606,0.5288571428571428,0.04314969387755103,0.0532642857142857,0.073,0.07714285714285718,0,1,1,0,0,0
2024-12-06,3,1-7d,0.612,0.5288571428571428,0.0457211224489796,0.0533,0.073,0.08314285714285718,0,1,1,0,0,0
2024-12-06,4,1-7d,0.618,0.5288571428571428,0.04829255102040818,0.0533,0.0729999999999999,0.08914285714285719,0,1,1,0,0,0
2024-12-06,5,1-7d,0.623,0.5288571428571428,0.05043540816326532,0.0543,0.0739999999999999,0.0941428571428572,0,1,1,0,0,0
2024-12-06,6,1-7d,0.629,0.5288571428571428,0.0530068367346939,0.0543714285714285,0.0739999999999999,0.1001428571428572,0,1,1,0,0,0
2024-12-06,7,1-7d,0.634,0.5288571428571428,0.05514969387755104,0.0552999999999999,0.0749999999999999,0.1051428571428572,0,1,1,0,0,0
2024-12-06,1,1-7d,0.002,0.0,0.015292551020408166,0.0010357142857142,0.001,0.002,1,1,1,0,0,0
2024-12-06,2,1-7d,0.002,0.0,0.015292551020408166,0.0010357142857142,0.001,0.002,1,1,1,0,0,0
2024-12-06,3,1-7d,0.002,0.0,0.015292551020408166,0.0010357142857142,0.001,0.002,1,1,1,0,0,0
2024-12-06,4,1-7d,0.002,0.0,0.015292551020408166,0.0011071428571428,0.001,0.002,1,1,1,0,0,0
2024-12-06,5,1-7d,0.002,0.0,0.015292551020408166,0.0011071428571428,0.001,0.002,1,1,1,0,0,0
2024-12-06,6,1-7d,0.002,0.0,0.015292551020408166,0.0011071428571428,0.001,0.002,1,1,1,0,0,0
2024-12-06,7,1-7d,0.002,0.0,0.015292551020408166,0.00125,0.002,0.002,1,1,1,0,0,0
2024-12-06,1,1-7d,0.031,0.0158571428571428,0.01717010204081634,0.0243,0.025,0.015142857142857201,1,1,1,0,0,0
2024-12-06,2,1-7d,0.031,0.0158571428571428,0.01717010204081634,0.0245785714285714,0.025,0.015142857142857201,1,1,1,0,0,0
2024-12-06,3,1-7d,0.03,0.0158571428571428,0.017027244897959197,0.0237499999999999,0.0249999999999999,0.0141428571428572,1,1,1,0,0,0
2024-12-06,4,1-7d,0.03,0.0158571428571428,0.017027244897959197,0.0240071428571428,0.0249999999999999,0.0141428571428572,1,1,1,0,0,0
2024-12-06,5,1-7d,0.03,0.0158571428571428,0.017027244897959197,0.0242928571428571,0.0249999999999999,0.0141428571428572,1,1,1,0,0,0
2024-12-06,6,1-7d,0.029,0.0158571428571428,0.016884387755102055,0.0235785714285714,0.024,0.013142857142857203,1,1,1,0,0,0
2024-12-06,7,1-7d,0.029,0.0158571428571428,0.016884387755102055,0.0235785714285714,0.024,0.013142857142857203,1,1,1,0,0,0
2024-12-06,8,8-14d,0.017,0.0134285714285714,0.01763551020408163,0.0133285714285714,0.014,0.0035714285714286004,1,1,1,0,0,0
2024-12-06,9,8-14d,0.017,0.0134285714285714,0.01763551020408163,0.0134714285714285,0.015,0.0035714285714286004,1,1,1,0,0,0
2024-12-06,10,8-14d,0.017,0.0134285714285714,0.01763551020408163,0.01375,0.015,0.0035714285714286004,1,1,1,0,0,0
2024-12-06,11,8-14d,0.017,0.0134285714285714,0.01763551020408163,0.01375,0.015,0.0035714285714286004,1,1,1,0,0,0
2024-12-06,12,8-14d,0.017,0.0134285714285714,0.01763551020408163,0.01375,0.015,0.0035714285714286004,1,1,1,0,0,0
2024-12-06,13,8-14d,0.017,0.0134285714285714,0.01763551020408163,0.0140071428571428,0.015,0.0035714285714286004,1,1,1,0,0,0
2024-12-06,14,8-14d,0.016,0.0134285714285714,0.017492653061224488,0.0130071428571428,0.014,0.0025714285714285995,1,1,1,0,0,0
2024-12-06,8,8-14d,0.006,0.013,0.018125306122448972,0.0047285714285714,0.005,0.006999999999999999,1,1,1,0,0,0
2024-12-06,9,8-14d,0.006,0.013,0.018125306122448972,0.0047285714285714,0.005,0.006999999999999999,1,1,1,0,0,0
2024-12-06,10,8-14d,0.006,0.013,0.018125306122448972,0.0047285714285714,0.005,0.006999999999999999,1,1,1,0,0,0
2024-12-06,11,8-14d,0.005,0.013,0.018268163265306114,0.0037285714285714,0.004,0.008,1,1,1,0,0,0
2024-12-06,12,8-14d,0.005,0.013,0.018268163265306114,0.0040357142857142,0.004,0.008,1,1,1,0,0,0
2024-12-06,13,8-14d,0.005,0.013,0.018268163265306114,0.0040357142857142,0.004,0.008,1,1,1,0,0,0
2024-12-06,14,8-14d,0.005,0.013,0.018268163265306114,0.0041071428571428,0.004,0.008,1,1,1,0,0,0
2024-12-06,8,8-14d,0.387,0.5625714285714286,0.08139061224489803,0.0646714285714285,0.091,0.1755714285714286,0,0,1,0,0,0
2024-12-06,9,8-14d,0.384,0.5625714285714286,0.08353346938775517,0.0661642857142857,0.093,0.1785714285714286,0,0,1,0,0,0
2024-12-06,10,8-14d,0.38,0.5625714285714286,0.08639061224489804,0.0671642857142857,0.094,0.1825714285714286,0,0,1,0,0,0
2024-12-06,11,8-14d,0.376,0.5625714285714286,0.08924775510204089,0.0679428571428571,0.0949999999999999,0.1865714285714286,0,0,1,0,0,0
2024-12-06,12,8-14d,0.373,0.5625714285714286,0.09139061224489804,0.0695428571428571,0.0959999999999999,0.1895714285714286,0,0,1,0,0,0
2024-12-06,13,8-14d,0.369,0.5625714285714286,0.09424775510204089,0.0701928571428571,0.0969999999999999,0.19357142857142862,0,0,1,0,0,0
2024-12-06,14,8-14d,0.365,0.5625714285714286,0.09710489795918376,0.0709285714285714,0.0979999999999999,0.19757142857142862,0,0,1,0,0,0
2024-12-06,8,8-14d,0.592,0.298,0.1911008163265307,0.0162928571428571,0.037,0.294,0,0,0,0,1,1
2024-12-06,9,8-14d,0.597,0.298,0.1961008163265307,0.0165357142857143,0.037,0.299,0,0,0,0,1,1
2024-12-06,10,8-14d,0.602,0.298,0.2011008163265307,0.0167857142857143,0.038,0.304,0,0,0,0,1,1
2024-12-06,11,8-14d,0.607,0.298,0.2061008163265307,0.0167928571428571,0.038,0.309,0,0,0,0,1,1
2024-12-06,12,8-14d,0.612,0.298,0.21110081632653072,0.0170071428571428,0.038,0.314,0,0,0,0,1,1
2024-12-06,13,8-14d,0.616,0.298,0.21510081632653072,0.0175428571428571,0.039,0.318,0,0,0,0,1,1
2024-12-06,14,8-14d,0.621,0.298,0.22010081632653072,0.0176785714285714,0.04,0.323,0,0,0,0,1,1
2024-12-06,8,8-14d,0.009,0.0148571428571428,0.017962040816326515,0.0052999999999999,0.0059999999999999,0.0058571428571428,1,1,1,0,0,0
2024-12-06,9,8-14d,0.009,0.0148571428571428,0.017962040816326515,0.0052999999999999,0.0059999999999999,0.0058571428571428,1,1,1,0,0,0
2024-12-06,10,8-14d,0.009,0.0148571428571428,0.017962040816326515,0.0052999999999999,0.0059999999999999,0.0058571428571428,1,1,1,0,0,0
2024-12-06,11,8-14d,0.009,0.0148571428571428,0.017962040816326515,0.0054714285714285,0.0069999999999999,0.0058571428571428,1,1,1,0,0,0
2024-12-06,12,8-14d,0.009,0.0148571428571428,0.017962040816326515,0.0054714285714285,0.0069999999999999,0.0058571428571428,1,1,1,0,0,0
2024-12-06,13,8-14d,0.009,0.0148571428571428,0.017962040816326515,0.0057499999999999,0.0069999999999999,0.0058571428571428,1,1,1,0,0,0
2024-12-06,14,8-14d,0.008,0.0148571428571428,0.018104897959183658,0.0050071428571428,0.006,0.0068571428571427995,1,1,1,0,0,0
2024-12-06,8,8-14d,0.041,0.042,0.017268163265306113,0.0323071428571428,0.034,0.0010000000000000009,1,1,1,0,0,0
2024-12-06,9,8-14d,0.041,0.042,0.017268163265306113,0.0325857142857142,0.034,0.0010000000000000009,1,1,1,0,0,0
2024-12-06,10,8-14d,0.041,0.042,0.017268163265306113,0.0328714285714285,0.034,0.0010000000000000009,1,1,1,0,0,0
2024-12-06,11,8-14d,0.041,0.042,0.017268163265306113,0.0330428571428571,0.035,0.0010000000000000009,1,1,1,0,0,0
2024-12-06,12,8-14d,0.04,0.042,0.017411020408163256,0.0323,0.034,0.0020000000000000018,1,1,1,0,0,0
2024-12-06,13,8-14d,0.04,0.042,0.017411020408163256,0.0325785714285714,0.034,0.0020000000000000018,1,1,1,0,0,0
2024-12-06,14,8-14d,0.04,0.042,0.017411020408163256,0.0325785714285714,0.034,0.0020000000000000018,1,1,1,0,0,0
2024-12-06,8,8-14d,0.007,0.0045714285714285,0.017472244897959188,0.0061071428571428,0.006,0.0024285714285715004,1,1,1,0,0,0
2024-12-06,9,8-14d,0.007,0.0045714285714285,0.017472244897959188,0.0061071428571428,0.006,0.0024285714285715004,1,1,1,0,0,0
2024-12-06,10,8-14d,0.007,0.0045714285714285,0.017472244897959188,0.0061071428571428,0.006,0.0024285714285715004,1,1,1,0,0,0
2024-12-06,11,8-14d,0.007,0.0045714285714285,0.017472244897959188,0.0062499999999999,0.007,0.0024285714285715004,1,1,1,0,0,0
2024-12-06,12,8-14d,0.006,0.0045714285714285,0.017329387755102045,0.00525,0.006,0.0014285714285715003,1,1,1,0,0,0
2024-12-06,13,8-14d,0.006,0.0045714285714285,0.017329387755102045,0.00525,0.006,0.0014285714285715003,1,1,1,0,0,0
2024-12-06,14,8-14d,0.006,0.0045714285714285,0.017329387755102045,0.00525,0.006,0.0014285714285715003,1,1,1,0,0,0
2024-12-06,8,8-14d,0.015,0.0274285714285714,0.0189008163265306,0.0115714285714285,0.012,0.0124285714285714,1,1,1,0,0,0
2024-12-06,9,8-14d,0.014,0.0274285714285714,0.01904367346938774,0.0105785714285714,0.011,0.013428571428571399,1,1,1,0,0,0
2024-12-06,10,8-14d,0.014,0.0274285714285714,0.01904367346938774,0.0109785714285714,0.012,0.013428571428571399,1,1,1,0,0,0
2024-12-06,11,8-14d,0.014,0.0274285714285714,0.01904367346938774,0.0110071428571428,0.012,0.013428571428571399,1,1,1,0,0,0
2024-12-06,12,8-14d,0.014,0.0274285714285714,0.01904367346938774,0.0110071428571428,0.012,0.013428571428571399,1,1,1,0,0,0
2024-12-06,13,8-14d,0.013,0.0274285714285714,0.019186530612244884,0.0100071428571428,0.011,0.0144285714285714,1,1,1,0,0,0
2024-12-06,14,8-14d,0.013,0.0274285714285714,0.019186530612244884,0.0102214285714285,0.011,0.0144285714285714,1,1,1,0,0,0
2024-12-06,8,8-14d,0.277,0.2022857142857143,0.04506408163265306,0.0196428571428571,0.042,0.07471428571428573,0,1,1,0,0,1
2024-12-06,9,8-14d,0.274,0.2022857142857143,0.043778367346938775,0.0201428571428571,0.042,0.07171428571428573,0,1,1,0,0,1
2024-12-06,10,8-14d,0.271,0.2022857142857143,0.04249265306122448,0.0206357142857142,0.043,0.06871428571428573,0,1,1,0,0,1
2024-12-06,11,8-14d,0.268,0.2022857142857143,0.041206938775510196,0.0211,0.044,0.06571428571428573,0,1,1,0,0,1
2024-12-06,12,8-14d,0.265,0.2022857142857143,0.03992122448979591,0.0214214285714285,0.044,0.06271428571428572,0,1,1,0,0,1
2024-12-06,13,8-14d,0.261,0.2022857142857143,0.038206938775510194,0.0213571428571428,0.044,0.05871428571428572,0,1,1,0,0,1
2024-12-06,14,8-14d,0.258,0.2022857142857143,0.03692122448979591,0.0216785714285714,0.044,0.055714285714285716,0,1,1,0,0,1
2024-12-06,8,8-14d,0.636,0.538,0.05504367346938772,0.0079857142857142,0.013,0.09799999999999998,0,1,1,1,1,1
2024-12-06,9,8-14d,0.639,0.538,0.056329387755102,0.0081642857142857,0.014,0.10099999999999998,0,1,1,1,1,1
2024-12-06,10,8-14d,0.643,0.538,0.05804367346938772,0.0083785714285714,0.014,0.10499999999999998,0,1,1,1,1,1
2024-12-06,11,8-14d,0.647,0.538,0.05975795918367344,0.0083428571428571,0.014,0.10899999999999999,0,1,1,1,1,1
2024-12-06,12,8-14d,0.65,0.538,0.06104367346938772,0.0085214285714285,0.015,0.11199999999999999,0,1,1,1,1,1
2024-12-06,13,8-14d,0.654,0.538,0.06275795918367344,0.0084928571428571,0.014,0.11599999999999999,0,1,1,1,1,1
2024-12-06,14,8-14d,0.657,0.538,0.06404367346938773,0.0087714285714285,0.015,0.119,0,1,1,1,1,1
2024-12-06,8,8-14d,0.003,0.0,0.0175538775510204,0.0009714285714285,0.002,0.003,1,1,1,0,0,1
2024-12-06,9,8-14d,0.003,0.0,0.0175538775510204,0.0009714285714285,0.002,0.003,1,1,1,0,0,1
2024-12-06,10,8-14d,0.003,0.0,0.0175538775510204,0.0009714285714285,0.002,0.003,1,1,1,0,0,1
2024-12-06,11,8-14d,0.003,0.0,0.0175538775510204,0.0009714285714285,0.002,0.003,1,1,1,0,0,1
2024-12-06,12,8-14d,0.003,0.0,0.0175538775510204,0.0009785714285714,0.002,0.003,1,1,1,0,0,1
2024-12-06,13,8-14d,0.003,0.0,0.0175538775510204,0.0009785714285714,0.002,0.003,1,1,1,0,0,1
2024-12-06,14,8-14d,0.003,0.0,0.0175538775510204,0.0011928571428571,0.002,0.003,1,1,1,0,0,1
2024-12-06,8,8-14d,0.037,0.011,0.024186530612244884,0.0304714285714285,0.032,0.026,0,1,1,0,0,0
2024-12-06,9,8-14d,0.037,0.011,0.024186530612244884,0.0305499999999999,0.032,0.026,0,1,1,0,0,0
2024-12-06,10,8-14d,0.037,0.011,0.024186530612244884,0.0305499999999999,0.032,0.026,0,1,1,0,0,0
2024-12-06,11,8-14d,0.036,0.011,0.023757959183673457,0.0295499999999999,0.0309999999999999,0.024999999999999998,0,1,1,0,0,0
2024-12-06,12,8-14d,0.036,0.011,0.023757959183673457,0.0300857142857142,0.0309999999999999,0.024999999999999998,0,1,1,0,0,0
2024-12-06,13,8-14d,0.036,0.011,0.023757959183673457,0.0303285714285714,0.0309999999999999,0.024999999999999998,0,1,1,0,0,0
2024-12-06,14,8-14d,0.036,0.011,0.023757959183673457,0.0304714285714285,0.032,0.024999999999999998,0,1,1,0,0,0
2024-12-06,8,8-14d,0.018,0.0478571428571428,0.021390612244897942,0.0114999999999999,0.0119999999999999,0.0298571428571428,1,1,1,0,0,0
2024-12-06,9,8-14d,0.018,0.0478571428571428,0.021390612244897942,0.0118285714285714,0.0119999999999999,0.0298571428571428,1,1,1,0,0,0
2024-12-06,10,8-14d,0.017,0.0478571428571428,0.021533469387755085,0.0109785714285714,0.012,0.0308571428571428,1,1,1,0,0,0
2024-12-06,11,8-14d,0.017,0.0478571428571428,0.021533469387755085,0.0114714285714285,0.012,0.0308571428571428,1,1,1,0,0,0
2024-12-06,12,8-14d,0.016,0.0478571428571428,0.021676326530612227,0.0107571428571428,0.011,0.0318571428571428,1,1,1,0,0,0
2024-12-06,13,8-14d,0.016,0.0478571428571428,0.021676326530612227,0.0108285714285714,0.011,0.0318571428571428,1,1,1,0,0,0
2024-12-06,14,8-14d,0.015,0.0478571428571428,0.021819183673469373,0.0102499999999999,0.011,0.0328571428571428,1,1,1,0,0,0
2024-12-06,8,8-14d,0.022,0.006,0.0199008163265306,0.0162571428571428,0.0169999999999999,0.016,0,1,1,0,0,0
2024-12-06,9,8-14d,0.021,0.006,0.019472244897959172,0.0155,0.016,0.015000000000000001,0,1,1,0,0,0
2024-12-06,10,8-14d,0.02,0.006,0.019125306122448973,0.0148285714285714,0.015,0.014,1,1,1,0,0,0
2024-12-06,11,8-14d,0.02,0.006,0.019125306122448973,0.0152499999999999,0.016,0.014,1,1,1,0,0,0
2024-12-06,12,8-14d,0.019,0.006,0.01898244897959183,0.0142499999999999,0.015,0.013,1,1,1,0,0,0
2024-12-06,13,8-14d,0.019,0.006,0.01898244897959183,0.0144714285714285,0.015,0.013,1,1,1,0,0,0
2024-12-06,14,8-14d,0.018,0.006,0.018839591836734688,0.0137571428571428,0.0139999999999999,0.011999999999999999,1,1,1,0,0,0
2024-12-06,8,8-14d,0.401,0.4324285714285714,0.02161510204081631,0.0110571428571428,0.025,0.03142857142857136,1,1,1,0,0,1
2024-12-06,9,8-14d,0.396,0.4324285714285714,0.02232938775510202,0.0118071428571428,0.026,0.036428571428571366,1,1,1,0,0,1
2024-12-06,10,8-14d,0.391,0.4324285714285714,0.023043673469387738,0.0129785714285714,0.028,0.04142857142857137,1,1,1,0,0,1
2024-12-06,11,8-14d,0.386,0.4324285714285714,0.023757959183673454,0.0141714285714285,0.03,0.046428571428571375,1,1,1,0,0,1
2024-12-06,12,8-14d,0.381,0.4324285714285714,0.024472244897959166,0.0151357142857142,0.031,0.05142857142857138,1,1,1,0,0,1
2024-12-06,13,8-14d,0.376,0.4324285714285714,0.025186530612244882,0.0160928571428571,0.0329999999999999,0.056428571428571384,1,1,1,0,0,1
2024-12-06,14,8-14d,0.371,0.4324285714285714,0.025900816326530598,0.0172785714285714,0.0339999999999999,0.06142857142857139,1,1,1,0,0,1
2024-12-06,8,8-14d,0.466,0.3915714285714285,0.044941632653061246,0.0733571428571428,0.092,0.07442857142857151,0,1,1,0,0,0
2024-12-06,9,8-14d,0.473,0.3915714285714285,0.04794163265306123,0.0745714285714286,0.0939999999999999,0.08142857142857146,0,1,1,0,0,0
2024-12-06,10,8-14d,0.48,0.3915714285714285,0.05094163265306123,0.0758214285714286,0.0949999999999999,0.08842857142857147,0,1,1,0,0,0
2024-12-06,11,8-14d,0.487,0.3915714285714285,0.05394163265306123,0.0770357142857143,0.0969999999999999,0.09542857142857147,0,1,1,0,0,0
2024-12-06,12,8-14d,0.494,0.3915714285714285,0.056941632653061236,0.0780428571428571,0.0979999999999999,0.10242857142857148,0,1,1,0,0,0
2024-12-06,13,8-14d,0.501,0.3915714285714285,0.05994163265306124,0.0790428571428571,0.0989999999999999,0.10942857142857149,0,1,1,0,0,0
2024-12-06,14,8-14d,0.508,0.3915714285714285,0.06294163265306124,0.0801428571428571,0.0999999999999999,0.11642857142857149,0,1,1,0,0,0
2024-12-06,8,8-14d,0.007,0.0061428571428571,0.017247755102040817,0.0001214285714285,0.0,0.0008571428571429,1,1,1,1,1,1
2024-12-06,9,8-14d,0.007,0.0061428571428571,0.017247755102040817,0.00015,0.0,0.0008571428571429,1,1,1,1,1,1
2024-12-06,10,8-14d,0.006,0.0061428571428571,0.01714571428571427,0.0002857142857142,0.001,0.0001428571428571,1,1,1,1,1,1
2024-12-06,11,8-14d,0.006,0.0061428571428571,0.01714571428571427,0.0001214285714285,0.0,0.0001428571428571,1,1,1,1,1,1
2024-12-06,12,8-14d,0.006,0.0061428571428571,0.01714571428571427,0.0001214285714285,0.0,0.0001428571428571,1,1,1,1,1,1
2024-12-06,13,8-14d,0.006,0.0061428571428571,0.01714571428571427,7.142857142857143e-05,0.0,0.0001428571428571,1,1,1,1,1,1
2024-12-06,14,8-14d,0.005,0.0061428571428571,0.017288571428571414,0.0002857142857142,0.001,0.0011428571428571,1,1,1,1,1,1
2024-12-06,8,8-14d,0.031,0.063,0.02169673469387754,0.0160857142857142,0.017,0.032,1,1,1,0,0,0
2024-12-06,9,8-14d,0.03,0.063,0.021839591836734683,0.01575,0.017,0.033,1,1,1,0,0,0
2024-12-06,10,8-14d,0.03,0.063,0.021839591836734683,0.0163285714285714,0.017,0.033,1,1,1,0,0,0
2024-12-06,11,8-14d,0.029,0.063,0.02198244897959183,0.0160785714285714,0.017,0.034,1,1,1,0,0,0
2024-12-06,12,8-14d,0.028,0.063,0.022125306122448972,0.0156071428571428,0.016,0.035,1,1,1,0,0,0
2024-12-06,13,8-14d,0.027,0.063,0.022268163265306114,0.0150785714285714,0.016,0.036000000000000004,1,1,1,0,0,0
2024-12-06,14,8-14d,0.026,0.063,0.022411020408163257,0.0145785714285714,0.015,0.037000000000000005,1,1,1,0,0,0
2024-12-06,8,8-14d,0.019,0.0,0.021186530612244885,0.018,0.018,0.019,0,1,1,0,0,0
2024-12-06,9,8-14d,0.018,0.0,0.020757959183673458,0.0169999999999999,0.0169999999999999,0.018,0,1,1,0,0,0
2024-12-06,10,8-14d,0.018,0.0,0.020757959183673458,0.0169999999999999,0.0169999999999999,0.018,0,1,1,0,0,0
2024-12-06,11,8-14d,0.018,0.0,0.020757959183673458,0.0169999999999999,0.0169999999999999,0.018,0,1,1,0,0,0
2024-12-06,12,8-14d,0.018,0.0,0.020757959183673458,0.0169999999999999,0.0169999999999999,0.018,0,1,1,0,0,0
2024-12-06,13,8-14d,0.017,0.0,0.02032938775510203,0.0160071428571428,0.016,0.017,0,1,1,0,0,0
2024-12-06,14,8-14d,0.017,0.0,0.02032938775510203,0.0160071428571428,0.016,0.017,0,1,1,0,0,0
2024-12-06,8,8-14d,0.013,0.0,0.01898244897959183,0.0111071428571428,0.011,0.013,1,1,1,0,0,0
2024-12-06,9,8-14d,0.013,0.0,0.01898244897959183,0.0111071428571428,0.011,0.013,1,1,1,0,0,0
2024-12-06,10,8-14d,0.012,0.0,0.018839591836734688,0.0102499999999999,0.011,0.012,1,1,1,0,0,0
2024-12-06,11,8-14d,0.012,0.0,0.018839591836734688,0.0102499999999999,0.011,0.012,1,1,1,0,0,0
2024-12-06,12,8-14d,0.012,0.0,0.018839591836734688,0.0102499999999999,0.011,0.012,1,1,1,0,0,0
2024-12-06,13,8-14d,0.011,0.0,0.018696734693877542,0.0094642857142857,0.0099999999999999,0.011,1,1,1,0,0,0
2024-12-06,14,8-14d,0.011,0.0,0.018696734693877542,0.0097214285714285,0.0099999999999999,0.011,1,1,1,0,0,0
2024-12-06,8,8-14d,0.309,0.3925714285714286,0.035268163265306164,0.0670285714285714,0.0829999999999999,0.08357142857142863,0,1,1,0,0,0
2024-12-06,9,8-14d,0.305,0.3925714285714286,0.036982448979591874,0.0685357142857142,0.0839999999999999,0.08757142857142863,0,1,1,0,0,0
2024-12-06,10,8-14d,0.3,0.3925714285714286,0.03912530612244902,0.0685285714285714,0.0839999999999999,0.09257142857142864,0,1,1,0,0,0
2024-12-06,11,8-14d,0.296,0.3925714285714286,0.04083959183673474,0.0697785714285714,0.0849999999999999,0.09657142857142864,0,1,1,0,0,0
2024-12-06,12,8-14d,0.292,0.3925714285714286,0.042553877551020455,0.0707785714285714,0.086,0.10057142857142864,0,1,1,0,0,0
2024-12-06,13,8-14d,0.287,0.3925714285714286,0.044696734693877596,0.0707785714285714,0.0859999999999999,0.10557142857142865,0,1,1,0,0,0
2024-12-06,14,8-14d,0.283,0.3925714285714286,0.04641102040816331,0.0717428571428571,0.0869999999999999,0.10957142857142865,0,1,1,0,0,0
2024-12-06,8,8-14d,0.64,0.5288571428571428,0.060676326530612244,0.0552999999999999,0.0749999999999999,0.11114285714285721,0,1,1,0,0,0
2024-12-06,9,8-14d,0.645,0.5288571428571428,0.06281918367346939,0.0560214285714285,0.0759999999999999,0.11614285714285721,0,1,1,0,0,0
2024-12-06,10,8-14d,0.65,0.5288571428571428,0.06496204081632653,0.0565428571428571,0.0769999999999999,0.12114285714285722,0,1,1,0,0,0
2024-12-06,11,8-14d,0.656,0.5288571428571428,0.0675334693877551,0.0562999999999999,0.0759999999999999,0.12714285714285722,0,1,1,0,0,0
2024-12-06,12,8-14d,0.661,0.5288571428571428,0.06967632653061226,0.056542857142857,0.0769999999999999,0.13214285714285723,0,1,1,0,0,0
2024-12-06,13,8-14d,0.666,0.5288571428571428,0.07216204081632653,0.0571142857142856,0.0769999999999999,0.13714285714285723,0,0,1,0,0,0
2024-12-06,14,8-14d,0.671,0.5288571428571428,0.07573346938775512,0.0575142857142856,0.0779999999999999,0.14214285714285724,0,0,1,0,0,0
2024-12-06,8,8-14d,0.002,0.0,0.017411020408163256,0.00125,0.002,0.002,1,1,1,0,0,0
2024-12-06,9,8-14d,0.002,0.0,0.017411020408163256,0.00125,0.002,0.002,1,1,1,0,0,0
2024-12-06,10,8-14d,0.001,0.0,0.017268163265306113,0.00025,0.001,0.001,1,1,1,1,1,1
2024-12-06,11,8-14d,0.001,0.0,0.017268163265306113,0.0004642857142857,0.001,0.001,1,1,1,0,1,1
2024-12-06,12,8-14d,0.001,0.0,0.017268163265306113,0.0004642857142857,0.001,0.001,1,1,1,0,1,1
2024-12-06,13,8-14d,0.001,0.0,0.017268163265306113,0.0004642857142857,0.001,0.001,1,1,1,0,1,1
2024-12-06,14,8-14d,0.001,0.0,0.017268163265306113,0.0004642857142857,0.001,0.001,1,1,1,0,1,1
2024-12-06,8,8-14d,0.029,0.0158571428571428,0.019002857142857144,0.0239785714285714,0.025,0.013142857142857203,1,1,1,0,0,0
2024-12-06,9,8-14d,0.029,0.0158571428571428,0.019002857142857144,0.0240071428571428,0.025,0.013142857142857203,1,1,1,0,0,0
2024-12-06,10,8-14d,0.028,0.0158571428571428,0.01886,0.0235,0.024,0.012142857142857202,1,1,1,0,0,0
2024-12-06,11,8-14d,0.028,0.0158571428571428,0.01886,0.0235714285714285,0.024,0.012142857142857202,1,1,1,0,0,0
2024-12-06,12,8-14d,0.028,0.0158571428571428,0.01886,0.0235714285714285,0.024,0.012142857142857202,1,1,1,0,0,0
2024-12-06,13,8-14d,0.027,0.0158571428571428,0.018717142857142856,0.0228285714285714,0.023,0.0111428571428572,1,1,1,0,0,0
2024-12-06,14,8-14d,0.027,0.0158571428571428,0.018717142857142856,0.0229785714285714,0.024,0.0111428571428572,1,1,1,0,0,0
2024-12-06,15,15-21d,0.016,0.0134285714285714,0.019916122448979594,0.0130785714285714,0.014,0.0025714285714285995,1,1,1,0,0,0
2024-12-06,16,15-21d,0.016,0.0134285714285714,0.019916122448979594,0.0130785714285714,0.014,0.0025714285714285995,1,1,1,0,0,0
2024-12-06,17,15-21d,0.016,0.0134285714285714,0.019916122448979594,0.0132928571428571,0.014,0.0025714285714285995,1,1,1,0,0,0
2024-12-06,18,15-21d,0.016,0.0134285714285714,0.019916122448979594,0.0132928571428571,0.014,0.0025714285714285995,1,1,1,0,0,0
2024-12-06,19,15-21d,0.016,0.0134285714285714,0.019916122448979594,0.0135714285714285,0.014,0.0025714285714285995,1,1,1,0,0,0
2024-12-06,20,15-21d,0.015,0.0134285714285714,0.019773265306122452,0.0125714285714285,0.013,0.0015714285714285986,1,1,1,0,0,0
2024-12-06,21,15-21d,0.015,0.0134285714285714,0.019773265306122452,0.0125714285714285,0.013,0.0015714285714285986,1,1,1,0,0,0
2024-12-06,15,15-21d,0.005,0.013,0.020691632653061228,0.0041071428571428,0.004,0.008,1,1,1,0,0,0
2024-12-06,16,15-21d,0.005,0.013,0.020691632653061228,0.0041071428571428,0.004,0.008,1,1,1,0,0,0
2024-12-06,17,15-21d,0.005,0.013,0.020691632653061228,0.0041071428571428,0.004,0.008,1,1,1,0,0,0
2024-12-06,18,15-21d,0.005,0.013,0.020691632653061228,0.0041071428571428,0.004,0.008,1,1,1,0,0,0
2024-12-06,19,15-21d,0.004,0.013,0.02083448979591837,0.0031071428571428,0.003,0.009,1,1,1,0,0,0
2024-12-06,20,15-21d,0.004,0.013,0.02083448979591837,0.00325,0.004,0.009,1,1,1,0,0,0
2024-12-06,21,15-21d,0.004,0.013,0.02083448979591837,0.00325,0.004,0.009,1,1,1,0,0,0
2024-12-06,15,15-21d,0.361,0.5625714285714286,0.09626918367346947,0.0714714285714285,0.0979999999999999,0.20157142857142862,0,0,1,0,0,0
2024-12-06,16,15-21d,0.358,0.5625714285714286,0.09841204081632661,0.0731928571428571,0.0999999999999999,0.20457142857142863,0,0,1,0,0,0
2024-12-06,17,15-21d,0.354,0.5625714285714286,0.10126918367346947,0.0736428571428571,0.1009999999999999,0.20857142857142863,0,0,1,0,0,0
2024-12-06,18,15-21d,0.351,0.5625714285714286,0.10341204081632661,0.0749285714285714,0.1019999999999999,0.21157142857142863,0,0,1,0,0,0
2024-12-06,19,15-21d,0.347,0.5625714285714286,0.10626918367346948,0.0754714285714285,0.1019999999999999,0.21557142857142864,0,0,1,0,0,0
2024-12-06,20,15-21d,0.344,0.5625714285714286,0.10841204081632662,0.0768285714285714,0.1039999999999999,0.21857142857142864,0,0,1,0,0,0
2024-12-06,21,15-21d,0.34,0.5625714285714286,0.11126918367346945,0.0773642857142857,0.104,0.2225714285714286,0,0,1,0,0,0
2024-12-06,15,15-21d,0.625,0.298,0.20665795918367344,0.0182142857142857,0.041,0.327,0,0,0,0,1,1
2024-12-06,16,15-21d,0.63,0.298,0.21165795918367344,0.018,0.041,0.332,0,0,0,0,1,1
2024-12-06,17,15-21d,0.635,0.298,0.21665795918367345,0.018,0.041,0.337,0,0,0,0,1,1
2024-12-06,18,15-21d,0.639,0.298,0.22065795918367345,0.0185,0.042,0.341,0,0,0,0,1,1
2024-12-06,19,15-21d,0.643,0.298,0.22465795918367346,0.0192142857142857,0.043,0.34500000000000003,0,0,0,0,0,1
2024-12-06,20,15-21d,0.648,0.298,0.22965795918367346,0.0192071428571428,0.0429999999999999,0.35000000000000003,0,0,0,0,0,1
2024-12-06,21,15-21d,0.652,0.298,0.23365795918367346,0.0199571428571428,0.0439999999999999,0.35400000000000004,0,0,0,0,0,1
2024-12-06,15,15-21d,0.008,0.0148571428571428,0.020528367346938768,0.0050071428571428,0.006,0.0068571428571427995,1,1,1,0,0,0
2024-12-06,16,15-21d,0.008,0.0148571428571428,0.020528367346938768,0.0050071428571428,0.006,0.0068571428571427995,1,1,1,0,0,0
2024-12-06,17,15-21d,0.008,0.0148571428571428,0.020528367346938768,0.0050071428571428,0.006,0.0068571428571427995,1,1,1,0,0,0
2024-12-06,18,15-21d,0.008,0.0148571428571428,0.020528367346938768,0.0050071428571428,0.006,0.0068571428571427995,1,1,1,0,0,0
2024-12-06,19,15-21d,0.008,0.0148571428571428,0.020528367346938768,0.0052928571428571,0.006,0.0068571428571427995,1,1,1,0,0,0
2024-12-06,20,15-21d,0.008,0.0148571428571428,0.020528367346938768,0.0052928571428571,0.006,0.0068571428571427995,1,1,1,0,0,0
2024-12-06,21,15-21d,0.007,0.0148571428571428,0.02067122448979591,0.0042928571428571,0.005,0.007857142857142799,1,1,1,0,0,0
2024-12-06,15,15-21d,0.039,0.042,0.019977346938775512,0.0318,0.033,0.0030000000000000027,1,1,1,0,0,0
2024-12-06,16,15-21d,0.039,0.042,0.019977346938775512,0.0322714285714285,0.034,0.0030000000000000027,1,1,1,0,0,0
2024-12-06,17,15-21d,0.039,0.042,0.019977346938775512,0.03255,0.034,0.0030000000000000027,1,1,1,0,0,0
2024-12-06,18,15-21d,0.039,0.042,0.019977346938775512,0.0325785714285714,0.034,0.0030000000000000027,1,1,1,0,0,0
2024-12-06,19,15-21d,0.038,0.042,0.020120204081632655,0.0315785714285714,0.033,0.0040000000000000036,1,1,1,0,0,0
2024-12-06,20,15-21d,0.038,0.042,0.020120204081632655,0.0317928571428571,0.033,0.0040000000000000036,1,1,1,0,0,0
2024-12-06,21,15-21d,0.038,0.042,0.020120204081632655,0.03205,0.033,0.0040000000000000036,1,1,1,0,0,0
2024-12-06,15,15-21d,0.006,0.0045714285714285,0.019752857142857155,0.00525,0.006,0.0014285714285715003,1,1,1,0,0,0
2024-12-06,16,15-21d,0.006,0.0045714285714285,0.019752857142857155,0.00525,0.006,0.0014285714285715003,1,1,1,0,0,0
2024-12-06,17,15-21d,0.006,0.0045714285714285,0.019752857142857155,0.00525,0.006,0.0014285714285715003,1,1,1,0,0,0
2024-12-06,18,15-21d,0.006,0.0045714285714285,0.019752857142857155,0.00525,0.006,0.0014285714285715003,1,1,1,0,0,0
2024-12-06,19,15-21d,0.006,0.0045714285714285,0.019752857142857155,0.0054642857142857,0.006,0.0014285714285715003,1,1,1,0,0,0
2024-12-06,20,15-21d,0.005,0.0045714285714285,0.019610000000000013,0.0044642857142857,0.005,0.0004285714285715003,1,1,1,0,0,0
2024-12-06,21,15-21d,0.005,0.0045714285714285,0.019610000000000013,0.0044642857142857,0.005,0.0004285714285715003,1,1,1,0,0,0
2024-12-06,15,15-21d,0.013,0.0274285714285714,0.021609999999999997,0.0104999999999999,0.011,0.0144285714285714,1,1,1,0,0,0
2024-12-06,16,15-21d,0.013,0.0274285714285714,0.021609999999999997,0.0105714285714285,0.011,0.0144285714285714,1,1,1,0,0,0
2024-12-06,17,15-21d,0.013,0.0274285714285714,0.021609999999999997,0.0105714285714285,0.011,0.0144285714285714,1,1,1,0,0,0
2024-12-06,18,15-21d,0.012,0.0274285714285714,0.02175285714285714,0.0095714285714285,0.01,0.0154285714285714,1,1,1,0,0,0
2024-12-06,19,15-21d,0.012,0.0274285714285714,0.02175285714285714,0.0098285714285714,0.01,0.0154285714285714,1,1,1,0,0,0
2024-12-06,20,15-21d,0.012,0.0274285714285714,0.02175285714285714,0.0098285714285714,0.01,0.0154285714285714,1,1,1,0,0,0
2024-12-06,21,15-21d,0.012,0.0274285714285714,0.02175285714285714,0.0098285714285714,0.01,0.0154285714285714,1,1,1,0,0,0
2024-12-06,15,15-21d,0.255,0.2022857142857143,0.03853857142857141,0.0220642857142857,0.045,0.052714285714285714,0,1,1,0,0,1
2024-12-06,16,15-21d,0.251,0.2022857142857143,0.03682428571428569,0.0218142857142857,0.045,0.04871428571428571,0,1,1,0,0,1
2024-12-06,17,15-21d,0.248,0.2022857142857143,0.035538571428571405,0.0220285714285714,0.0449999999999999,0.04571428571428571,0,1,1,0,0,1
2024-12-06,18,15-21d,0.245,0.2022857142857143,0.03425285714285712,0.0223214285714285,0.0449999999999999,0.042714285714285705,0,1,1,0,0,1
2024-12-06,19,15-21d,0.242,0.2022857142857143,0.032967142857142834,0.0230285714285714,0.0459999999999999,0.0397142857142857,0,1,1,0,0,0
2024-12-06,20,15-21d,0.239,0.2022857142857143,0.03168142857142855,0.0232857142857142,0.0459999999999999,0.0367142857142857,0,1,1,0,0,0
2024-12-06,21,15-21d,0.236,0.2022857142857143,0.03039571428571426,0.0235285714285714,0.0459999999999999,0.0337142857142857,0,1,1,0,0,0
2024-12-06,15,15-21d,0.66,0.538,0.06823244897959181,0.0087428571428571,0.015,0.122,0,1,1,1,1,1
2024-12-06,16,15-21d,0.664,0.538,0.06994673469387754,0.0086071428571428,0.014,0.126,0,1,1,1,1,1
2024-12-06,17,15-21d,0.667,0.538,0.07123244897959181,0.0085857142857142,0.014,0.129,0,1,1,1,1,1
2024-12-06,18,15-21d,0.67,0.538,0.07251816326530611,0.0088357142857142,0.015,0.132,0,1,1,1,1,1
2024-12-06,19,15-21d,0.673,0.538,0.07380387755102039,0.0089857142857142,0.0159999999999999,0.135,0,1,1,1,1,1
2024-12-06,20,15-21d,0.677,0.538,0.07551816326530612,0.0089571428571428,0.0149999999999999,0.139,0,1,1,1,1,1
2024-12-06,21,15-21d,0.68,0.538,0.07680387755102039,0.0091785714285714,0.0159999999999999,0.14200000000000002,0,1,1,1,1,1
2024-12-06,15,15-21d,0.003,0.0,0.019977346938775512,0.0014714285714285,0.002,0.003,1,1,1,0,0,0
2024-12-06,16,15-21d,0.002,0.0,0.01983448979591837,0.0004714285714285,0.001,0.002,1,1,1,0,1,1
2024-12-06,17,15-21d,0.002,0.0,0.01983448979591837,0.0004714285714285,0.001,0.002,1,1,1,0,1,1
2024-12-06,18,15-21d,0.002,0.0,0.01983448979591837,0.0004714285714285,0.001,0.002,1,1,1,0,1,1
2024-12-06,19,15-21d,0.002,0.0,0.01983448979591837,0.0004714285714285,0.001,0.002,1,1,1,0,1,1
2024-12-06,20,15-21d,0.002,0.0,0.01983448979591837,0.0005,0.001,0.002,1,1,1,0,1,1
2024-12-06,21,15-21d,0.002,0.0,0.01983448979591837,0.0007571428571428,0.001,0.002,1,1,1,0,0,1
2024-12-06,15,15-21d,0.035,0.011,0.02623244897959182,0.0294714285714285,0.031,0.024000000000000004,0,1,1,0,0,0
2024-12-06,16,15-21d,0.035,0.011,0.02623244897959182,0.0295428571428571,0.031,0.024000000000000004,0,1,1,0,0,0
2024-12-06,17,15-21d,0.035,0.011,0.02623244897959182,0.0300785714285714,0.031,0.024000000000000004,0,1,1,0,0,0
2024-12-06,18,15-21d,0.035,0.011,0.02623244897959182,0.0300857142857142,0.031,0.024000000000000004,0,1,1,0,0,0
2024-12-06,19,15-21d,0.034,0.011,0.025803877551020392,0.0293,0.03,0.023000000000000003,0,1,1,0,0,0
2024-12-06,20,15-21d,0.034,0.011,0.025803877551020392,0.0293,0.03,0.023000000000000003,0,1,1,0,0,0
2024-12-06,21,15-21d,0.034,0.011,0.025803877551020392,0.0293,0.03,0.023000000000000003,0,1,1,0,0,0
2024-12-06,15,15-21d,0.015,0.0478571428571428,0.024242653061224483,0.0102571428571428,0.011,0.0328571428571428,1,1,1,0,0,0
2024-12-06,16,15-21d,0.014,0.0478571428571428,0.02438551020408163,0.0094714285714285,0.01,0.0338571428571428,1,1,1,0,0,0
2024-12-06,17,15-21d,0.014,0.0478571428571428,0.02438551020408163,0.0097571428571428,0.01,0.0338571428571428,1,1,1,0,0,0
2024-12-06,18,15-21d,0.013,0.0478571428571428,0.02452836734693877,0.0088285714285714,0.009,0.0348571428571428,1,1,1,0,0,0
2024-12-06,19,15-21d,0.013,0.0478571428571428,0.02452836734693877,0.0092499999999999,0.0099999999999999,0.0348571428571428,1,1,1,0,0,0
2024-12-06,20,15-21d,0.013,0.0478571428571428,0.02452836734693877,0.0092499999999999,0.0099999999999999,0.0348571428571428,1,1,1,0,0,0
2024-12-06,21,15-21d,0.012,0.0478571428571428,0.024671224489795914,0.0084642857142857,0.009,0.035857142857142796,1,1,1,0,0,0
2024-12-06,15,15-21d,0.018,0.006,0.021263061224489795,0.0141071428571428,0.0139999999999999,0.011999999999999999,1,1,1,0,0,0
2024-12-06,16,15-21d,0.017,0.006,0.021120204081632656,0.01325,0.014,0.011000000000000001,1,1,1,0,0,0
2024-12-06,17,15-21d,0.017,0.006,0.021120204081632656,0.01325,0.014,0.011000000000000001,1,1,1,0,0,0
2024-12-06,18,15-21d,0.016,0.006,0.020977346938775513,0.0124642857142857,0.013,0.01,1,1,1,0,0,0
2024-12-06,19,15-21d,0.016,0.006,0.020977346938775513,0.0127285714285714,0.013,0.01,1,1,1,0,0,0
2024-12-06,20,15-21d,0.015,0.006,0.02083448979591837,0.0117571428571428,0.012,0.009,1,1,1,0,0,0
2024-12-06,21,15-21d,0.015,0.006,0.02083448979591837,0.0120357142857142,0.012,0.009,1,1,1,0,0,0
2024-12-06,15,15-21d,0.366,0.4324285714285714,0.029038571428571424,0.0185,0.0359999999999999,0.06642857142857139,1,1,1,0,0,0
2024-12-06,16,15-21d,0.361,0.4324285714285714,0.02980387755102042,0.0200714285714285,0.0369999999999999,0.0714285714285714,0,1,1,0,0,0
2024-12-06,17,15-21d,0.356,0.4324285714285714,0.031946734693877564,0.0212214285714285,0.0389999999999999,0.0764285714285714,0,1,1,0,0,0
2024-12-06,18,15-21d,0.351,0.4324285714285714,0.034089591836734705,0.0225999999999999,0.0399999999999999,0.0814285714285714,0,1,1,0,0,0
2024-12-06,19,15-21d,0.346,0.4324285714285714,0.036232448979591846,0.0240785714285713,0.0409999999999999,0.08642857142857141,0,1,1,0,0,0
2024-12-06,20,15-21d,0.341,0.4324285714285714,0.03837530612244897,0.0252214285714285,0.043,0.09142857142857136,0,1,1,0,0,0
2024-12-06,21,15-21d,0.335,0.4324285714285714,0.040946734693877544,0.02525,0.043,0.09742857142857136,0,1,1,0,0,0
2024-12-06,15,15-21d,0.515,0.3915714285714285,0.06884469387755103,0.0811428571428571,0.1009999999999999,0.1234285714285715,0,1,1,0,0,0
2024-12-06,16,15-21d,0.522,0.3915714285714285,0.07184469387755103,0.0821428571428571,0.1019999999999999,0.1304285714285715,0,1,1,0,0,0
2024-12-06,17,15-21d,0.529,0.3915714285714285,0.07484469387755104,0.0831142857142856,0.1029999999999999,0.1374285714285715,0,1,1,0,0,0
2024-12-06,18,15-21d,0.536,0.3915714285714285,0.07784469387755104,0.0836214285714285,0.1039999999999999,0.14442857142857152,0,1,1,0,0,0
2024-12-06,19,15-21d,0.542,0.3915714285714285,0.08041612244897962,0.0855499999999999,0.1059999999999999,0.15042857142857152,0,1,1,0,0,0
2024-12-06,20,15-21d,0.549,0.3915714285714285,0.08341612244897963,0.0862857142857142,0.1069999999999999,0.15742857142857153,0,1,1,0,0,0
2024-12-06,21,15-21d,0.556,0.3915714285714285,0.08641612244897963,0.0866214285714285,0.1069999999999999,0.16442857142857153,0,1,1,0,0,0
2024-12-06,15,15-21d,0.005,0.0061428571428571,0.019712040816326524,0.0001214285714285,0.0,0.0011428571428571,1,1,1,1,1,1
2024-12-06,16,15-21d,0.005,0.0061428571428571,0.019712040816326524,0.0001142857142857,0.0,0.0011428571428571,1,1,1,1,1,1
2024-12-06,17,15-21d,0.005,0.0061428571428571,0.019712040816326524,7.142857142857143e-05,0.0,0.0011428571428571,1,1,1,1,1,1
2024-12-06,18,15-21d,0.005,0.0061428571428571,0.019712040816326524,0.0001428571428571,0.0,0.0011428571428571,1,1,1,1,1,1
2024-12-06,19,15-21d,0.004,0.0061428571428571,0.019854897959183666,0.0001142857142857,0.0,0.0021428571428571,1,1,1,1,1,1
2024-12-06,20,15-21d,0.004,0.0061428571428571,0.019854897959183666,0.0001142857142857,0.0,0.0021428571428571,1,1,1,1,1,1
2024-12-06,21,15-21d,0.004,0.0061428571428571,0.019854897959183666,4.285714285714286e-05,0.0,0.0021428571428571,1,1,1,1,1,1
2024-12-06,15,15-21d,0.025,0.063,0.024977346938775513,0.0140071428571428,0.015,0.038,1,1,1,0,0,0
2024-12-06,16,15-21d,0.025,0.063,0.024977346938775513,0.0145785714285714,0.015,0.038,1,1,1,0,0,0
2024-12-06,17,15-21d,0.024,0.063,0.025120204081632656,0.0140071428571428,0.015,0.039,1,1,1,0,0,0
2024-12-06,18,15-21d,0.023,0.063,0.025263061224489798,0.0135714285714285,0.014,0.04,1,1,1,0,0,0
2024-12-06,19,15-21d,0.022,0.063,0.02540591836734694,0.0127214285714285,0.0139999999999999,0.041,1,1,1,0,0,0
2024-12-06,20,15-21d,0.022,0.063,0.02540591836734694,0.0130071428571428,0.0139999999999999,0.041,1,1,1,0,0,0
2024-12-06,21,15-21d,0.021,0.063,0.02554877551020408,0.0125714285714285,0.013,0.041999999999999996,1,1,1,0,0,0
2024-12-06,15,15-21d,0.017,0.0,0.023232448979591817,0.0160357142857142,0.016,0.017,0,1,1,0,0,0
2024-12-06,16,15-21d,0.017,0.0,0.023232448979591817,0.0160357142857142,0.016,0.017,0,1,1,0,0,0
2024-12-06,17,15-21d,0.016,0.0,0.02280387755102039,0.0150357142857142,0.015,0.016,0,1,1,0,0,0
2024-12-06,18,15-21d,0.016,0.0,0.02280387755102039,0.0151071428571428,0.015,0.016,0,1,1,0,0,0
2024-12-06,19,15-21d,0.016,0.0,0.02280387755102039,0.0151071428571428,0.015,0.016,0,1,1,0,0,0
2024-12-06,20,15-21d,0.016,0.0,0.02280387755102039,0.0152499999999999,0.016,0.016,0,1,1,0,0,0
2024-12-06,21,15-21d,0.016,0.0,0.02280387755102039,0.0152499999999999,0.016,0.016,0,1,1,0,0,0
2024-12-06,15,15-21d,0.011,0.0,0.021120204081632652,0.0097214285714285,0.0099999999999999,0.011,1,1,1,0,0,0
2024-12-06,16,15-21d,0.011,0.0,0.021120204081632652,0.0099999999999999,0.0099999999999999,0.011,1,1,1,0,0,0
2024-12-06,17,15-21d,0.01,0.0,0.020977346938775513,0.009,0.009,0.01,1,1,1,0,0,0
2024-12-06,18,15-21d,0.01,0.0,0.020977346938775513,0.009,0.009,0.01,1,1,1,0,0,0
2024-12-06,19,15-21d,0.01,0.0,0.020977346938775513,0.009,0.009,0.01,1,1,1,0,0,0
2024-12-06,20,15-21d,0.009,0.0,0.02083448979591837,0.008,0.008,0.009,1,1,1,0,0,0
2024-12-06,21,15-21d,0.009,0.0,0.02083448979591837,0.008,0.008,0.009,1,1,1,0,0,0
2024-12-06,15,15-21d,0.279,0.3925714285714286,0.04786510204081636,0.0724571428571428,0.088,0.1135714285714286,0,1,1,0,0,0
2024-12-06,16,15-21d,0.275,0.3925714285714286,0.049579387755102074,0.0732785714285714,0.088,0.1175714285714286,0,1,1,0,0,0
2024-12-06,17,15-21d,0.27,0.3925714285714286,0.05172224489795922,0.0726714285714286,0.088,0.12257142857142861,0,1,1,0,0,0
2024-12-06,18,15-21d,0.266,0.3925714285714286,0.05343653061224494,0.0732785714285714,0.088,0.1265714285714286,0,1,1,0,0,0
2024-12-06,19,15-21d,0.262,0.3925714285714286,0.05515081632653065,0.0740285714285714,0.088,0.13057142857142862,0,1,1,0,0,0
2024-12-06,20,15-21d,0.258,0.3925714285714286,0.056865102040816365,0.0741714285714285,0.089,0.13457142857142862,0,1,1,0,0,0
2024-12-06,21,15-21d,0.254,0.3925714285714286,0.05857938775510208,0.0747071428571428,0.089,0.13857142857142862,0,1,1,0,0,0
2024-12-06,15,15-21d,0.676,0.5288571428571428,0.0790079591836735,0.057542857142857,0.0779999999999999,0.14714285714285724,0,1,1,0,0,0
2024-12-06,16,15-21d,0.682,0.5288571428571428,0.08157938775510207,0.0568214285714285,0.0769999999999999,0.15314285714285725,0,1,1,0,0,0
2024-12-06,17,15-21d,0.687,0.5288571428571428,0.08372224489795921,0.0568214285714285,0.0769999999999999,0.15814285714285725,0,1,1,0,0,0
2024-12-06,18,15-21d,0.692,0.5288571428571428,0.08586510204081631,0.0567928571428571,0.077,0.16314285714285715,0,1,1,0,0,0
2024-12-06,19,15-21d,0.697,0.5288571428571428,0.08800795918367345,0.0567857142857143,0.077,0.16814285714285715,0,1,1,0,0,0
2024-12-06,20,15-21d,0.702,0.5288571428571428,0.09048551020408162,0.0566428571428571,0.076,0.17314285714285715,0,0,1,0,0,0
2024-12-06,21,15-21d,0.707,0.5288571428571428,0.0940569387755102,0.0565714285714286,0.076,0.17814285714285716,0,0,1,0,0,0
2024-12-06,15,15-21d,0.001,0.0,0.019691632653061227,0.0007214285714285,0.001,0.001,1,1,1,0,0,1
2024-12-06,16,15-21d,0.001,0.0,0.019691632653061227,0.0007214285714285,0.001,0.001,1,1,1,0,0,1
2024-12-06,17,15-21d,0.001,0.0,0.019691632653061227,0.0007214285714285,0.001,0.001,1,1,1,0,0,1
2024-12-06,18,15-21d,0.001,0.0,0.019691632653061227,0.0007214285714285,0.001,0.001,1,1,1,0,0,1
2024-12-06,19,15-21d,0.001,0.0,0.019691632653061227,0.001,0.001,0.001,1,1,1,0,0,0
2024-12-06,20,15-21d,0.001,0.0,0.019691632653061227,0.001,0.001,0.001,1,1,1,0,0,0
2024-12-06,21,15-21d,0.001,0.0,0.019691632653061227,0.001,0.001,0.001,1,1,1,0,0,0
2024-12-06,15,15-21d,0.027,0.0158571428571428,0.02114061224489797,0.0232571428571428,0.024,0.0111428571428572,1,1,1,0,0,0
2024-12-06,16,15-21d,0.027,0.0158571428571428,0.02114061224489797,0.0232571428571428,0.024,0.0111428571428572,1,1,1,0,0,0
2024-12-06,17,15-21d,0.026,0.0158571428571428,0.020997755102040827,0.0225,0.023,0.0101428571428572,1,1,1,0,0,0
2024-12-06,18,15-21d,0.026,0.0158571428571428,0.020997755102040827,0.0225,0.023,0.0101428571428572,1,1,1,0,0,0
2024-12-06,19,15-21d,0.026,0.0158571428571428,0.020997755102040827,0.0225,0.023,0.0101428571428572,1,1,1,0,0,0
2024-12-06,20,15-21d,0.025,0.0158571428571428,0.020854897959183685,0.0218285714285714,0.022,0.009142857142857203,1,1,1,0,0,0
2024-12-06,21,15-21d,0.025,0.0158571428571428,0.020854897959183685,0.0218285714285714,0.022,0.009142857142857203,1,1,1,0,0,0
2024-12-06,22,22-30d,0.015,0.0134285714285714,0.022041377551020407,0.0125714285714285,0.013,0.0015714285714285986,1,1,1,0,0,0
2024-12-06,23,22-30d,0.015,0.0134285714285714,0.022041377551020407,0.0125714285714285,0.013,0.0015714285714285986,1,1,1,0,0,0
2024-12-06,24,22-30d,0.015,0.0134285714285714,0.022041377551020407,0.0129785714285714,0.0139999999999999,0.0015714285714285986,1,1,1,0,0,0
2024-12-06,25,22-30d,0.015,0.0134285714285714,0.022041377551020407,0.0129785714285714,0.0139999999999999,0.0015714285714285986,1,1,1,0,0,0
2024-12-06,26,22-30d,0.015,0.0134285714285714,0.022041377551020407,0.0129785714285714,0.0139999999999999,0.0015714285714285986,1,1,1,0,0,0
2024-12-06,22,22-30d,0.004,0.013,0.023102602040816322,0.00325,0.004,0.009,1,1,1,0,0,0
2024-12-06,23,22-30d,0.004,0.013,0.023102602040816322,0.00325,0.004,0.009,1,1,1,0,0,0
2024-12-06,24,22-30d,0.004,0.013,0.023102602040816322,0.00325,0.004,0.009,1,1,1,0,0,0
2024-12-06,25,22-30d,0.004,0.013,0.023102602040816322,0.00325,0.004,0.009,1,1,1,0,0,0
2024-12-06,26,22-30d,0.004,0.013,0.023102602040816322,0.0034642857142857,0.004,0.009,1,1,1,0,0,0
2024-12-06,22,22-30d,0.337,0.5625714285714286,0.10887811224489799,0.07875,0.106,0.2255714285714286,0,0,1,0,0,0
2024-12-06,23,22-30d,0.334,0.5625714285714286,0.11102096938775514,0.0798214285714285,0.107,0.2285714285714286,0,0,1,0,0,0
2024-12-06,24,22-30d,0.33,0.5625714285714286,0.113878112244898,0.0800785714285714,0.107,0.2325714285714286,0,0,1,0,0,0
2024-12-06,25,22-30d,0.326,0.5625714285714286,0.11673525510204086,0.0800785714285714,0.107,0.2365714285714286,0,0,1,0,0,0
2024-12-06,26,22-30d,0.323,0.5625714285714286,0.118878112244898,0.08125,0.109,0.2395714285714286,0,0,1,0,0,0
2024-12-06,22,22-30d,0.657,0.298,0.2269679081632654,0.0194857142857142,0.0439999999999999,0.35900000000000004,0,0,0,0,0,1
2024-12-06,23,22-30d,0.661,0.298,0.2309679081632654,0.0201642857142857,0.0449999999999999,0.36300000000000004,0,0,0,0,0,1
2024-12-06,24,22-30d,0.665,0.298,0.2349679081632654,0.0206642857142856,0.0459999999999999,0.36700000000000005,0,0,0,0,0,1
2024-12-06,25,22-30d,0.669,0.298,0.2389679081632654,0.0211642857142856,0.0459999999999999,0.37100000000000005,0,0,0,0,0,1
2024-12-06,26,22-30d,0.674,0.298,0.24396790816326538,0.0209499999999999,0.0459999999999999,0.37600000000000006,0,0,0,0,0,1
2024-12-06,22,22-30d,0.007,0.0148571428571428,0.022939336734693866,0.0045714285714285,0.005,0.007857142857142799,1,1,1,0,0,0
2024-12-06,23,22-30d,0.007,0.0148571428571428,0.022939336734693866,0.0045714285714285,0.005,0.007857142857142799,1,1,1,0,0,0
2024-12-06,24,22-30d,0.007,0.0148571428571428,0.022939336734693866,0.0045714285714285,0.005,0.007857142857142799,1,1,1,0,0,0
2024-12-06,25,22-30d,0.007,0.0148571428571428,0.022939336734693866,0.0045714285714285,0.005,0.007857142857142799,1,1,1,0,0,0
2024-12-06,26,22-30d,0.007,0.0148571428571428,0.022939336734693866,0.0049714285714285,0.006,0.007857142857142799,1,1,1,0,0,0
2024-12-06,22,22-30d,0.038,0.042,0.02238831632653061,0.0324714285714285,0.034,0.0040000000000000036,1,1,1,0,0,0
2024-12-06,23,22-30d,0.038,0.042,0.02238831632653061,0.0325428571428571,0.034,0.0040000000000000036,1,1,1,0,0,0
2024-12-06,24,22-30d,0.037,0.042,0.022531173469387756,0.03155,0.033,0.0050000000000000044,1,1,1,0,0,0
2024-12-06,25,22-30d,0.037,0.042,0.022531173469387756,0.03155,0.033,0.0050000000000000044,1,1,1,0,0,0
2024-12-06,26,22-30d,0.037,0.042,0.022531173469387756,0.0317642857142857,0.033,0.0050000000000000044,1,1,1,0,0,0
2024-12-06,22,22-30d,0.005,0.0045714285714285,0.021878112244897965,0.0044642857142857,0.005,0.0004285714285715003,1,1,1,0,0,0
2024-12-06,23,22-30d,0.005,0.0045714285714285,0.021878112244897965,0.0044642857142857,0.005,0.0004285714285715003,1,1,1,0,0,0
2024-12-06,24,22-30d,0.005,0.0045714285714285,0.021878112244897965,0.0044642857142857,0.005,0.0004285714285715003,1,1,1,0,0,0
2024-12-06,25,22-30d,0.005,0.0045714285714285,0.021878112244897965,0.0044642857142857,0.005,0.0004285714285715003,1,1,1,0,0,0
2024-12-06,26,22-30d,0.005,0.0045714285714285,0.021878112244897965,0.0044642857142857,0.005,0.0004285714285715003,1,1,1,0,0,0
2024-12-06,22,22-30d,0.011,0.0274285714285714,0.02416382653061224,0.0089714285714285,0.0099999999999999,0.0164285714285714,1,1,1,0,0,0
2024-12-06,23,22-30d,0.011,0.0274285714285714,0.02416382653061224,0.0089714285714285,0.0099999999999999,0.0164285714285714,1,1,1,0,0,0
2024-12-06,24,22-30d,0.011,0.0274285714285714,0.02416382653061224,0.0092499999999999,0.0099999999999999,0.0164285714285714,1,1,1,0,0,0
2024-12-06,25,22-30d,0.011,0.0274285714285714,0.02416382653061224,0.0092499999999999,0.0099999999999999,0.0164285714285714,1,1,1,0,0,0
2024-12-06,26,22-30d,0.011,0.0274285714285714,0.02416382653061224,0.0094642857142857,0.0099999999999999,0.0164285714285714,1,1,1,0,0,0
2024-12-06,22,22-30d,0.233,0.2022857142857143,0.031541377551020405,0.0242071428571428,0.047,0.030714285714285722,0,1,1,0,0,0
2024-12-06,23,22-30d,0.231,0.2022857142857143,0.030684234693877547,0.0252071428571428,0.048,0.02871428571428572,0,1,1,0,0,0
2024-12-06,24,22-30d,0.228,0.2022857142857143,0.02939852040816326,0.0252,0.048,0.025714285714285717,0,1,1,0,0,0
2024-12-06,25,22-30d,0.225,0.2022857142857143,0.028112806122448975,0.0256714285714285,0.048,0.022714285714285715,0,1,1,0,0,0
2024-12-06,26,22-30d,0.223,0.2022857142857143,0.027255663265306117,0.02695,0.049,0.020714285714285713,0,1,1,0,0,0
2024-12-06,22,22-30d,0.683,0.538,0.08052096938775512,0.0092642857142856,0.0159999999999999,0.14500000000000002,0,1,1,1,1,1
2024-12-06,23,22-30d,0.686,0.538,0.08180668367346941,0.0093142857142856,0.0159999999999999,0.14800000000000002,0,1,1,1,1,1
2024-12-06,24,22-30d,0.689,0.538,0.08309239795918365,0.0093785714285714,0.016,0.1509999999999999,0,1,1,1,1,1
2024-12-06,25,22-30d,0.692,0.538,0.08437811224489793,0.0093214285714285,0.016,0.15399999999999991,0,1,1,1,1,1
2024-12-06,26,22-30d,0.695,0.538,0.08566382653061222,0.0094285714285714,0.016,0.15699999999999992,0,1,1,1,1,1
2024-12-06,22,22-30d,0.002,0.0,0.02210260204081632,0.0007571428571428,0.001,0.002,1,1,1,0,0,1
2024-12-06,23,22-30d,0.002,0.0,0.02210260204081632,0.0007571428571428,0.001,0.002,1,1,1,0,0,1
2024-12-06,24,22-30d,0.002,0.0,0.02210260204081632,0.0007571428571428,0.001,0.002,1,1,1,0,0,1
2024-12-06,25,22-30d,0.002,0.0,0.02210260204081632,0.0007571428571428,0.001,0.002,1,1,1,0,0,1
2024-12-06,26,22-30d,0.002,0.0,0.02210260204081632,0.0007571428571428,0.001,0.002,1,1,1,0,0,1
2024-12-06,22,22-30d,0.033,0.011,0.027806683673469387,0.0284714285714285,0.03,0.022000000000000002,0,1,1,0,0,0
2024-12-06,23,22-30d,0.033,0.011,0.027806683673469387,0.0290071428571428,0.03,0.022000000000000002,0,1,1,0,0,0
2024-12-06,24,22-30d,0.033,0.011,0.027806683673469387,0.0290071428571428,0.03,0.022000000000000002,0,1,1,0,0,0
2024-12-06,25,22-30d,0.033,0.011,0.027806683673469387,0.0290071428571428,0.03,0.022000000000000002,0,1,1,0,0,0
2024-12-06,26,22-30d,0.032,0.011,0.027378112244897956,0.0280785714285714,0.029,0.021,0,1,1,0,0,0
2024-12-06,22,22-30d,0.012,0.0478571428571428,0.026939336734693866,0.0087285714285714,0.009,0.035857142857142796,1,1,1,0,0,0
2024-12-06,23,22-30d,0.011,0.0478571428571428,0.02708219387755101,0.0077571428571428,0.008,0.0368571428571428,1,1,1,0,0,0
2024-12-06,24,22-30d,0.011,0.0478571428571428,0.02708219387755101,0.0080357142857142,0.008,0.0368571428571428,1,1,1,0,0,0
2024-12-06,25,22-30d,0.011,0.0478571428571428,0.02708219387755101,0.0081071428571428,0.008,0.0368571428571428,1,1,1,0,0,0
2024-12-06,26,22-30d,0.01,0.0478571428571428,0.02722505102040815,0.0072499999999999,0.008,0.0378571428571428,1,1,1,0,0,0
2024-12-06,22,22-30d,0.014,0.006,0.02295974489795918,0.0111071428571428,0.011,0.008,1,1,1,0,0,0
2024-12-06,23,22-30d,0.014,0.006,0.02295974489795918,0.01125,0.012,0.008,1,1,1,0,0,0
2024-12-06,24,22-30d,0.014,0.006,0.02295974489795918,0.01125,0.012,0.008,1,1,1,0,0,0
2024-12-06,25,22-30d,0.013,0.006,0.022816887755102037,0.0104642857142857,0.011,0.006999999999999999,1,1,1,0,0,0
2024-12-06,26,22-30d,0.013,0.006,0.022816887755102037,0.0107214285714285,0.011,0.006999999999999999,1,1,1,0,0,0
2024-12-06,22,22-30d,0.33,0.4324285714285714,0.040592397959183665,0.0265357142857143,0.044,0.10242857142857137,0,1,1,0,0,0
2024-12-06,23,22-30d,0.325,0.4324285714285714,0.042735255102040806,0.0277928571428571,0.0449999999999999,0.10742857142857137,0,1,1,0,0,0
2024-12-06,24,22-30d,0.32,0.4324285714285714,0.044878112244897954,0.0287928571428571,0.0459999999999999,0.11242857142857138,0,1,1,0,0,0
2024-12-06,25,22-30d,0.315,0.4324285714285714,0.047020969387755095,0.0297928571428571,0.0469999999999999,0.11742857142857138,0,1,1,0,0,0
2024-12-06,26,22-30d,0.31,0.4324285714285714,0.04916382653061224,0.0307928571428571,0.0479999999999999,0.12242857142857139,0,1,1,0,0,0
2024-12-06,22,22-30d,0.562,0.3915714285714285,0.09141892857142862,0.0882857142857142,0.1089999999999999,0.17042857142857154,0,1,1,0,0,0
2024-12-06,23,22-30d,0.569,0.3915714285714285,0.09441892857142857,0.0885428571428572,0.1090000000000001,0.17742857142857144,0,1,1,0,0,0
2024-12-06,24,22-30d,0.575,0.3915714285714285,0.09699035714285716,0.0900071428571429,0.1110000000000001,0.18342857142857144,0,1,1,0,0,0
2024-12-06,25,22-30d,0.582,0.3915714285714285,0.09999035714285717,0.0900071428571429,0.1109999999999999,0.19042857142857145,0,1,1,0,0,0
2024-12-06,26,22-30d,0.588,0.3915714285714285,0.10402709183673466,0.0912642857142857,0.1119999999999999,0.19642857142857145,0,0,1,0,0,0
2024-12-06,22,22-30d,0.004,0.0061428571428571,0.02212301020408162,7.142857142857143e-05,0.0,0.0021428571428571,1,1,1,1,1,1
2024-12-06,23,22-30d,0.004,0.0061428571428571,0.02212301020408162,4.285714285714286e-05,0.0,0.0021428571428571,1,1,1,1,1,1
2024-12-06,24,22-30d,0.004,0.0061428571428571,0.02212301020408162,0.0001071428571428,0.0,0.0021428571428571,1,1,1,1,1,1
2024-12-06,25,22-30d,0.003,0.0061428571428571,0.022265867346938768,0.0001071428571428,0.0,0.0031428571428571,1,1,1,1,1,1
2024-12-06,26,22-30d,0.003,0.0061428571428571,0.022265867346938768,0.0001071428571428,0.0,0.0031428571428571,1,1,1,1,1,1
2024-12-06,22,22-30d,0.02,0.063,0.02795974489795918,0.0119785714285714,0.013,0.043,1,1,1,0,0,0
2024-12-06,23,22-30d,0.02,0.063,0.02795974489795918,0.0122857142857142,0.013,0.043,1,1,1,0,0,0
2024-12-06,24,22-30d,0.019,0.063,0.028102602040816323,0.0115714285714285,0.012,0.044,1,1,1,0,0,0
2024-12-06,25,22-30d,0.018,0.063,0.028245459183673466,0.0109785714285714,0.0119999999999999,0.045,1,1,1,0,0,0
2024-12-06,26,22-30d,0.018,0.063,0.028245459183673466,0.0112857142857142,0.0119999999999999,0.045,1,1,1,0,0,0
2024-12-06,22,22-30d,0.015,0.0,0.024806683673469384,0.0142499999999999,0.015,0.015,0,1,1,0,0,0
2024-12-06,23,22-30d,0.015,0.0,0.024806683673469384,0.0142499999999999,0.015,0.015,0,1,1,0,0,0
2024-12-06,24,22-30d,0.015,0.0,0.024806683673469384,0.0142499999999999,0.015,0.015,0,1,1,0,0,0
2024-12-06,25,22-30d,0.015,0.0,0.024806683673469384,0.0144642857142857,0.015,0.015,0,1,1,0,0,0
2024-12-06,26,22-30d,0.015,0.0,0.024806683673469384,0.0144642857142857,0.015,0.015,0,1,1,0,0,0
2024-12-06,22,22-30d,0.009,0.0,0.023102602040816322,0.008,0.008,0.009,1,1,1,0,0,0
2024-12-06,23,22-30d,0.009,0.0,0.023102602040816322,0.008,0.008,0.009,1,1,1,0,0,0
2024-12-06,24,22-30d,0.008,0.0,0.02295974489795918,0.0070071428571428,0.007,0.008,1,1,1,0,0,0
2024-12-06,25,22-30d,0.008,0.0,0.02295974489795918,0.0070357142857142,0.007,0.008,1,1,1,0,0,0
2024-12-06,26,22-30d,0.008,0.0,0.02295974489795918,0.0070357142857142,0.007,0.008,1,1,1,0,0,0
2024-12-06,22,22-30d,0.25,0.3925714285714286,0.05779647959183677,0.0749214285714285,0.089,0.14257142857142863,0,1,1,0,0,0
2024-12-06,23,22-30d,0.246,0.3925714285714286,0.05951076530612249,0.0751714285714285,0.089,0.14657142857142863,0,1,1,0,0,0
2024-12-06,24,22-30d,0.242,0.3925714285714286,0.061225051020408205,0.0751642857142857,0.089,0.15057142857142863,0,1,1,0,0,0
2024-12-06,25,22-30d,0.238,0.3925714285714286,0.06293933673469392,0.0751642857142857,0.089,0.15457142857142864,0,1,1,0,0,0
2024-12-06,26,22-30d,0.234,0.3925714285714286,0.06465362244897964,0.0749857142857143,0.088,0.1585714285714286,0,1,1,0,0,0
2024-12-06,22,22-30d,0.711,0.5288571428571428,0.09643933673469388,0.0570428571428571,0.077,0.18214285714285716,0,1,1,0,0,0
2024-12-06,23,22-30d,0.716,0.5288571428571428,0.09858219387755104,0.0568,0.076,0.18714285714285717,0,1,1,0,0,0
2024-12-06,24,22-30d,0.721,0.5288571428571428,0.10096586734693876,0.0559714285714286,0.076,0.19214285714285717,0,0,1,0,0,0
2024-12-06,25,22-30d,0.725,0.5288571428571428,0.1038230102040816,0.0567928571428571,0.076,0.19614285714285717,0,0,1,0,0,0
2024-12-06,26,22-30d,0.729,0.5288571428571428,0.10668015306122447,0.0569357142857143,0.077,0.20014285714285718,0,0,1,0,0,0
2024-12-06,22,22-30d,0.001,0.0,0.02195974489795918,0.001,0.001,0.001,1,1,1,0,0,0
2024-12-06,23,22-30d,0.001,0.0,0.02195974489795918,0.001,0.001,0.001,1,1,1,0,0,0
2024-12-06,24,22-30d,0.001,0.0,0.02195974489795918,0.001,0.001,0.001,1,1,1,0,0,0
2024-12-06,25,22-30d,0.001,0.0,0.02195974489795918,0.001,0.001,0.001,1,1,1,0,0,0
2024-12-06,26,22-30d,0.001,0.0,0.02195974489795918,0.001,0.001,0.001,1,1,1,0,0,0
2024-12-06,22,22-30d,0.025,0.0158571428571428,0.023123010204081636,0.02225,0.023,0.009142857142857203,1,1,1,0,0,0
2024-12-06,23,22-30d,0.024,0.0158571428571428,0.022980153061224494,0.0212499999999999,0.022,0.008142857142857202,1,1,1,0,0,0
2024-12-06,24,22-30d,0.024,0.0158571428571428,0.022980153061224494,0.0212499999999999,0.022,0.008142857142857202,1,1,1,0,0,0
2024-12-06,25,22-30d,0.024,0.0158571428571428,0.022980153061224494,0.0214642857142857,0.022,0.008142857142857202,1,1,1,0,0,0
2024-12-06,26,22-30d,0.023,0.0158571428571428,0.02283729591836735,0.0204714285714285,0.0209999999999999,0.007142857142857201,1,1,1,0,0,0
2024-12-20,1,1-7d,0.016,0.0124285714285714,0.014923673469387758,0.01155,0.013,0.0035714285714286004,1,1,1,0,0,0
2024-12-20,2,1-7d,0.016,0.0124285714285714,0.014923673469387758,0.01155,0.013,0.0035714285714286004,1,1,1,0,0,0
2024-12-20,3,1-7d,0.016,0.0124285714285714,0.014923673469387758,0.01155,0.013,0.0035714285714286004,1,1,1,0,0,0
2024-12-20,4,1-7d,0.016,0.0124285714285714,0.014923673469387758,0.01155,0.013,0.0035714285714286004,1,1,1,0,0,0
2024-12-20,5,1-7d,0.016,0.0124285714285714,0.014923673469387758,0.01155,0.013,0.0035714285714286004,1,1,1,0,0,0
2024-12-20,6,1-7d,0.015,0.0124285714285714,0.014780816326530614,0.01055,0.012,0.0025714285714285995,1,1,1,0,0,0
2024-12-20,7,1-7d,0.015,0.0124285714285714,0.014780816326530614,0.0108071428571428,0.012,0.0025714285714285995,1,1,1,0,0,0
2024-12-20,1,1-7d,0.005,0.0101428571428571,0.015148163265306118,0.0034714285714285,0.004,0.005142857142857099,1,1,1,0,0,0
2024-12-20,2,1-7d,0.005,0.0101428571428571,0.015148163265306118,0.0034714285714285,0.004,0.005142857142857099,1,1,1,0,0,0
2024-12-20,3,1-7d,0.005,0.0101428571428571,0.015148163265306118,0.0034714285714285,0.004,0.005142857142857099,1,1,1,0,0,0
2024-12-20,4,1-7d,0.005,0.0101428571428571,0.015148163265306118,0.0034714285714285,0.004,0.005142857142857099,1,1,1,0,0,0
2024-12-20,5,1-7d,0.004,0.0101428571428571,0.01529102040816326,0.0027571428571428,0.003,0.006142857142857099,1,1,1,0,0,0
2024-12-20,6,1-7d,0.004,0.0101428571428571,0.01529102040816326,0.0027571428571428,0.003,0.006142857142857099,1,1,1,0,0,0
2024-12-20,7,1-7d,0.004,0.0101428571428571,0.01529102040816326,0.0027571428571428,0.003,0.006142857142857099,1,1,1,0,0,0
2024-12-20,1,1-7d,0.361,0.4952857142857143,0.06325428571428571,0.0544571428571428,0.076,0.13428571428571429,0,0,1,0,0,0
2024-12-20,2,1-7d,0.358,0.4952857142857143,0.06539714285714285,0.0559285714285714,0.0779999999999999,0.1372857142857143,0,0,1,0,0,0
2024-12-20,3,1-7d,0.354,0.4952857142857143,0.06825428571428571,0.0561714285714285,0.0779999999999999,0.1412857142857143,0,0,1,0,0,0
2024-12-20,4,1-7d,0.351,0.4952857142857143,0.07039714285714285,0.0574499999999999,0.0789999999999999,0.1442857142857143,0,0,1,0,0,0
2024-12-20,5,1-7d,0.347,0.4952857142857143,0.07325428571428572,0.0577785714285714,0.0789999999999999,0.1482857142857143,0,0,1,0,0,0
2024-12-20,6,1-7d,0.344,0.4952857142857143,0.07539714285714287,0.0587785714285714,0.0799999999999999,0.1512857142857143,0,0,1,0,0,0
2024-12-20,7,1-7d,0.34,0.4952857142857143,0.07825428571428569,0.0589214285714286,0.081,0.15528571428571425,0,0,1,0,0,0
2024-12-20,1,1-7d,0.625,0.3504285714285714,0.1806277551020409,0.0083357142857142,0.014,0.2745714285714286,0,0,0,1,1,1
2024-12-20,2,1-7d,0.63,0.3504285714285714,0.1856277551020409,0.0085,0.015,0.2795714285714286,0,0,0,1,1,1
2024-12-20,3,1-7d,0.635,0.3504285714285714,0.1906277551020409,0.0084357142857142,0.015,0.2845714285714286,0,0,0,1,1,1
2024-12-20,4,1-7d,0.639,0.3504285714285714,0.19462775510204092,0.0085357142857142,0.015,0.2885714285714286,0,0,0,1,1,1
2024-12-20,5,1-7d,0.643,0.3504285714285714,0.19862775510204092,0.0084357142857142,0.014,0.2925714285714286,0,0,0,1,1,1
2024-12-20,6,1-7d,0.648,0.3504285714285714,0.2036277551020409,0.0085428571428571,0.015,0.2975714285714286,0,0,0,1,1,1
2024-12-20,7,1-7d,0.652,0.3504285714285714,0.2076277551020409,0.0085071428571428,0.014,0.3015714285714286,0,0,0,1,1,1
2024-12-20,1,1-7d,0.008,0.0081428571428571,0.014433877551020399,0.0052928571428571,0.006,0.00014285714285709912,1,1,1,0,0,0
2024-12-20,2,1-7d,0.008,0.0081428571428571,0.014433877551020399,0.0052928571428571,0.006,0.00014285714285709912,1,1,1,0,0,0
2024-12-20,3,1-7d,0.008,0.0081428571428571,0.014433877551020399,0.0052928571428571,0.006,0.00014285714285709912,1,1,1,0,0,0
2024-12-20,4,1-7d,0.008,0.0081428571428571,0.014433877551020399,0.0052928571428571,0.006,0.00014285714285709912,1,1,1,0,0,0
2024-12-20,5,1-7d,0.008,0.0081428571428571,0.014433877551020399,0.0052928571428571,0.006,0.00014285714285709912,1,1,1,0,0,0
2024-12-20,6,1-7d,0.008,0.0081428571428571,0.014433877551020399,0.0052928571428571,0.006,0.00014285714285709912,1,1,1,0,0,0
2024-12-20,7,1-7d,0.007,0.0081428571428571,0.014576734693877543,0.0047142857142857,0.006,0.0011428571428570991,1,1,1,0,0,0
2024-12-20,1,1-7d,0.039,0.0504285714285714,0.016046122448979586,0.0256071428571428,0.028,0.011428571428571399,1,1,1,0,0,0
2024-12-20,2,1-7d,0.039,0.0504285714285714,0.016046122448979586,0.0256357142857142,0.028,0.011428571428571399,1,1,1,0,0,0
2024-12-20,3,1-7d,0.039,0.0504285714285714,0.016046122448979586,0.0260571428571428,0.0289999999999999,0.011428571428571399,1,1,1,0,0,0
2024-12-20,4,1-7d,0.039,0.0504285714285714,0.016046122448979586,0.0263857142857142,0.0289999999999999,0.011428571428571399,1,1,1,0,0,0
2024-12-20,5,1-7d,0.038,0.0504285714285714,0.016188979591836728,0.0255999999999999,0.0279999999999999,0.0124285714285714,1,1,1,0,0,0
2024-12-20,6,1-7d,0.038,0.0504285714285714,0.016188979591836728,0.0258857142857142,0.0279999999999999,0.0124285714285714,1,1,1,0,0,0
2024-12-20,7,1-7d,0.038,0.0504285714285714,0.016188979591836728,0.0260285714285714,0.0289999999999999,0.0124285714285714,1,1,1,0,0,0
2024-12-20,1,1-7d,0.006,0.0262857142857142,0.017311428571428557,0.0032928571428571,0.004,0.0202857142857142,1,1,1,0,0,0
2024-12-20,2,1-7d,0.006,0.0262857142857142,0.017311428571428557,0.0036928571428571,0.005,0.0202857142857142,1,1,1,0,0,0
2024-12-20,3,1-7d,0.006,0.0262857142857142,0.017311428571428557,0.0036928571428571,0.005,0.0202857142857142,1,1,1,0,0,0
2024-12-20,4,1-7d,0.006,0.0262857142857142,0.017311428571428557,0.0036928571428571,0.005,0.0202857142857142,1,1,1,0,0,0
2024-12-20,5,1-7d,0.006,0.0262857142857142,0.017311428571428557,0.0036928571428571,0.005,0.0202857142857142,1,1,1,0,0,0
2024-12-20,6,1-7d,0.005,0.0262857142857142,0.0174542857142857,0.0029714285714285,0.004,0.0212857142857142,1,1,1,0,0,0
2024-12-20,7,1-7d,0.005,0.0262857142857142,0.0174542857142857,0.0029785714285714,0.004,0.0212857142857142,1,1,1,0,0,0
2024-12-20,1,1-7d,0.013,0.0,0.016270612244897956,0.0090785714285714,0.0099999999999999,0.013,1,1,1,0,0,0
2024-12-20,2,1-7d,0.013,0.0,0.016270612244897956,0.0090785714285714,0.0099999999999999,0.013,1,1,1,0,0,0
2024-12-20,3,1-7d,0.013,0.0,0.016270612244897956,0.0092928571428571,0.0099999999999999,0.013,1,1,1,0,0,0
2024-12-20,4,1-7d,0.012,0.0,0.016127755102040814,0.0082928571428571,0.009,0.012,1,1,1,0,0,0
2024-12-20,5,1-7d,0.012,0.0,0.016127755102040814,0.0082928571428571,0.009,0.012,1,1,1,0,0,0
2024-12-20,6,1-7d,0.012,0.0,0.016127755102040814,0.0084428571428571,0.01,0.012,1,1,1,0,0,0
2024-12-20,7,1-7d,0.012,0.0,0.016127755102040814,0.0089785714285714,0.01,0.012,1,1,1,0,0,0
2024-12-20,1,1-7d,0.255,0.3122857142857143,0.025821632653061224,0.0364714285714285,0.0539999999999999,0.05728571428571427,0,1,1,0,0,0
2024-12-20,2,1-7d,0.251,0.3122857142857143,0.02753591836734694,0.0359,0.0539999999999999,0.06128571428571428,0,1,1,0,0,0
2024-12-20,3,1-7d,0.248,0.3122857142857143,0.028821632653061226,0.0362071428571428,0.0539999999999999,0.06428571428571428,0,1,1,0,0,0
2024-12-20,4,1-7d,0.245,0.3122857142857143,0.030107346938775512,0.0366785714285714,0.0539999999999999,0.06728571428571428,0,1,1,0,0,0
2024-12-20,5,1-7d,0.242,0.3122857142857143,0.0313930612244898,0.0368928571428571,0.0549999999999999,0.07028571428571428,0,1,1,0,0,0
2024-12-20,6,1-7d,0.239,0.3122857142857143,0.03267877551020409,0.0371071428571428,0.0549999999999999,0.07328571428571429,0,1,1,0,0,0
2024-12-20,7,1-7d,0.236,0.3122857142857143,0.03396448979591837,0.0376428571428571,0.0549999999999999,0.07628571428571429,0,1,1,0,0,0
2024-12-20,1,1-7d,0.66,0.5881428571428572,0.0397808163265306,0.0056214285714285,0.002,0.07185714285714284,0,1,1,1,1,1
2024-12-20,2,1-7d,0.664,0.5881428571428572,0.041495102040816315,0.0055571428571428,0.001,0.07585714285714285,0,1,1,1,1,1
2024-12-20,3,1-7d,0.667,0.5881428571428572,0.0427808163265306,0.0055857142857142,0.001,0.07885714285714285,0,1,1,1,1,1
2024-12-20,4,1-7d,0.67,0.5881428571428572,0.04406653061224489,0.0056571428571428,0.001,0.08185714285714285,0,1,1,1,1,1
2024-12-20,5,1-7d,0.673,0.5881428571428572,0.04535224489795918,0.0056999999999999,0.001,0.08485714285714285,0,1,1,1,1,1
2024-12-20,6,1-7d,0.677,0.5881428571428572,0.047066530612244896,0.0056571428571428,0.0,0.08885714285714286,0,1,1,1,1,1
2024-12-20,7,1-7d,0.68,0.5881428571428572,0.04835224489795918,0.0056642857142857,0.0,0.09185714285714286,0,1,1,1,1,1
2024-12-20,1,1-7d,0.003,0.0,0.01484204081632653,0.0014999999999999,0.002,0.003,1,1,1,0,0,0
2024-12-20,2,1-7d,0.002,0.0,0.014699183673469386,0.0005,0.001,0.002,1,1,1,0,1,1
2024-12-20,3,1-7d,0.002,0.0,0.014699183673469386,0.0007571428571428,0.001,0.002,1,1,1,0,0,1
2024-12-20,4,1-7d,0.002,0.0,0.014699183673469386,0.0007571428571428,0.001,0.002,1,1,1,0,0,1
2024-12-20,5,1-7d,0.002,0.0,0.014699183673469386,0.0007571428571428,0.001,0.002,1,1,1,0,0,1
2024-12-20,6,1-7d,0.002,0.0,0.014699183673469386,0.0008285714285714,0.001,0.002,1,1,1,0,0,1
2024-12-20,7,1-7d,0.002,0.0,0.014699183673469386,0.0008285714285714,0.001,0.002,1,1,1,0,0,1
2024-12-20,1,1-7d,0.035,0.0355714285714285,0.014495102040816315,0.0243,0.027,0.0005714285714284936,1,1,1,0,0,0
2024-12-20,2,1-7d,0.035,0.0355714285714285,0.014495102040816315,0.0243,0.027,0.0005714285714284936,1,1,1,0,0,0
2024-12-20,3,1-7d,0.035,0.0355714285714285,0.014495102040816315,0.0247714285714285,0.027,0.0005714285714284936,1,1,1,0,0,0
2024-12-20,4,1-7d,0.035,0.0355714285714285,0.014495102040816315,0.0248428571428571,0.027,0.0005714285714284936,1,1,1,0,0,0
2024-12-20,5,1-7d,0.034,0.0355714285714285,0.014637959183673457,0.0242928571428571,0.027,0.0015714285714284945,1,1,1,0,0,0
2024-12-20,6,1-7d,0.034,0.0355714285714285,0.014637959183673457,0.02455,0.027,0.0015714285714284945,1,1,1,0,0,0
2024-12-20,7,1-7d,0.034,0.0355714285714285,0.014637959183673457,0.0245571428571428,0.027,0.0015714285714284945,1,1,1,0,0,0
2024-12-20,1,1-7d,0.015,0.0275714285714285,0.01620938775510203,0.0087571428571428,0.009,0.0125714285714285,1,1,1,0,0,0
2024-12-20,2,1-7d,0.014,0.0275714285714285,0.016352244897959174,0.0078285714285714,0.008,0.0135714285714285,1,1,1,0,0,0
2024-12-20,3,1-7d,0.014,0.0275714285714285,0.016352244897959174,0.0079714285714285,0.009,0.0135714285714285,1,1,1,0,0,0
2024-12-20,4,1-7d,0.013,0.0275714285714285,0.016495102040816317,0.0074714285714285,0.008,0.0145714285714285,1,1,1,0,0,0
2024-12-20,5,1-7d,0.013,0.0275714285714285,0.016495102040816317,0.0077571428571428,0.008,0.0145714285714285,1,1,1,0,0,0
2024-12-20,6,1-7d,0.013,0.0275714285714285,0.016495102040816317,0.0078285714285714,0.008,0.0145714285714285,1,1,1,0,0,0
2024-12-20,7,1-7d,0.012,0.0275714285714285,0.016637959183673463,0.0069714285714285,0.008,0.0155714285714285,1,1,1,0,0,0
2024-12-20,1,1-7d,0.018,0.0224285714285714,0.015046122448979585,0.0104999999999999,0.011,0.0044285714285714,1,1,1,0,0,0
2024-12-20,2,1-7d,0.017,0.0224285714285714,0.015188979591836727,0.0098285714285714,0.01,0.005428571428571397,1,1,1,0,0,0
2024-12-20,3,1-7d,0.017,0.0224285714285714,0.015188979591836727,0.0102571428571428,0.011,0.005428571428571397,1,1,1,0,0,0
2024-12-20,4,1-7d,0.016,0.0224285714285714,0.015331836734693871,0.0095,0.01,0.006428571428571398,1,1,1,0,0,0
2024-12-20,5,1-7d,0.016,0.0224285714285714,0.015331836734693871,0.0095,0.01,0.006428571428571398,1,1,1,0,0,0
2024-12-20,6,1-7d,0.015,0.0224285714285714,0.015474693877551014,0.0088285714285714,0.009,0.007428571428571399,1,1,1,0,0,0
2024-12-20,7,1-7d,0.015,0.0224285714285714,0.015474693877551014,0.0092571428571428,0.0099999999999999,0.007428571428571399,1,1,1,0,0,0
2024-12-20,1,1-7d,0.366,0.4744285714285715,0.047740000000000025,0.0058285714285714,0.014,0.10842857142857149,0,1,1,0,1,1
2024-12-20,2,1-7d,0.361,0.4744285714285715,0.04988285714285717,0.0059,0.014,0.11342857142857149,0,1,1,0,1,1
2024-12-20,3,1-7d,0.356,0.4744285714285715,0.05202571428571432,0.0063642857142857,0.0149999999999999,0.1184285714285715,0,1,1,0,1,1
2024-12-20,4,1-7d,0.351,0.4744285714285715,0.05549918367346944,0.0070785714285714,0.0159999999999999,0.1234285714285715,0,0,1,0,0,1
2024-12-20,5,1-7d,0.346,0.4744285714285715,0.05907061224489801,0.0077999999999999,0.0169999999999999,0.1284285714285715,0,0,1,0,0,1
2024-12-20,6,1-7d,0.341,0.4744285714285715,0.06264204081632654,0.0080428571428571,0.017,0.13342857142857145,0,0,1,0,0,1
2024-12-20,7,1-7d,0.335,0.4744285714285715,0.06692775510204083,0.0078285714285714,0.017,0.13942857142857146,0,0,1,0,0,1
2024-12-20,1,1-7d,0.515,0.368,0.0827930612244898,0.0243,0.037,0.14700000000000002,0,0,1,0,0,0
2024-12-20,2,1-7d,0.522,0.368,0.08779306122448981,0.0246142857142857,0.037,0.15400000000000003,0,0,1,0,0,0
2024-12-20,3,1-7d,0.529,0.368,0.09279306122448981,0.0247928571428571,0.0379999999999999,0.16100000000000003,0,0,1,0,0,0
2024-12-20,4,1-7d,0.536,0.368,0.09779306122448982,0.0251499999999999,0.0379999999999999,0.16800000000000004,0,0,1,0,0,0
2024-12-20,5,1-7d,0.542,0.368,0.1020787755102041,0.0262999999999999,0.0399999999999999,0.17400000000000004,0,0,1,0,0,0
2024-12-20,6,1-7d,0.549,0.368,0.1070787755102041,0.0266142857142856,0.0399999999999999,0.18100000000000005,0,0,1,0,0,0
2024-12-20,7,1-7d,0.556,0.368,0.1120787755102041,0.0266142857142856,0.0399999999999999,0.18800000000000006,0,0,1,0,0,0
2024-12-20,1,1-7d,0.005,0.0101428571428571,0.015148163265306118,7.142857142857143e-05,0.0,0.005142857142857099,1,1,1,1,1,1
2024-12-20,2,1-7d,0.005,0.0101428571428571,0.015148163265306118,0.0001142857142857,0.0,0.005142857142857099,1,1,1,1,1,1
2024-12-20,3,1-7d,0.005,0.0101428571428571,0.015148163265306118,0.0001071428571428,0.0,0.005142857142857099,1,1,1,1,1,1
2024-12-20,4,1-7d,0.005,0.0101428571428571,0.015148163265306118,0.00025,0.001,0.005142857142857099,1,1,1,1,1,1
2024-12-20,5,1-7d,0.004,0.0101428571428571,0.01529102040816326,4.285714285714286e-05,0.0,0.006142857142857099,1,1,1,1,1,1
2024-12-20,6,1-7d,0.004,0.0101428571428571,0.01529102040816326,4.285714285714286e-05,0.0,0.006142857142857099,1,1,1,1,1,1
2024-12-20,7,1-7d,0.004,0.0101428571428571,0.01529102040816326,4.285714285714286e-05,0.0,0.006142857142857099,1,1,1,1,1,1
2024-12-20,1,1-7d,0.025,0.0217142857142857,0.014882857142857144,0.00975,0.011,0.0032857142857143015,1,1,1,0,0,0
2024-12-20,2,1-7d,0.025,0.0217142857142857,0.014882857142857144,0.0100857142857142,0.011,0.0032857142857143015,1,1,1,0,0,0
2024-12-20,3,1-7d,0.024,0.0217142857142857,0.014740000000000001,0.00975,0.011,0.0022857142857143006,1,1,1,0,0,0
2024-12-20,4,1-7d,0.023,0.0217142857142857,0.014597142857142859,0.0093,0.01,0.0012857142857142997,1,1,1,0,0,0
2024-12-20,5,1-7d,0.022,0.0217142857142857,0.014454285714285715,0.0087499999999999,0.0099999999999999,0.00028571428571429885,1,1,1,0,0,0
2024-12-20,6,1-7d,0.022,0.0217142857142857,0.014454285714285715,0.0093,0.0099999999999999,0.00028571428571429885,1,1,1,0,0,0
2024-12-20,7,1-7d,0.021,0.0217142857142857,0.014515510204081627,0.00875,0.01,0.0007142857142856986,1,1,1,0,0,0
2024-12-20,1,1-7d,0.017,0.0238571428571428,0.015393061224489786,0.01525,0.016,0.006857142857142798,1,1,1,0,0,0
2024-12-20,2,1-7d,0.017,0.0238571428571428,0.015393061224489786,0.0154642857142857,0.016,0.006857142857142798,1,1,1,0,0,0
2024-12-20,3,1-7d,0.016,0.0238571428571428,0.015535918367346928,0.0144642857142857,0.015,0.007857142857142799,1,1,1,0,0,0
2024-12-20,4,1-7d,0.016,0.0238571428571428,0.015535918367346928,0.0144642857142857,0.015,0.007857142857142799,1,1,1,0,0,0
2024-12-20,5,1-7d,0.016,0.0238571428571428,0.015535918367346928,0.0147214285714285,0.015,0.007857142857142799,1,1,1,0,0,0
2024-12-20,6,1-7d,0.016,0.0238571428571428,0.015535918367346928,0.0147214285714285,0.015,0.007857142857142799,1,1,1,0,0,0
2024-12-20,7,1-7d,0.016,0.0238571428571428,0.015535918367346928,0.0147214285714285,0.015,0.007857142857142799,1,1,1,0,0,0
2024-12-20,1,1-7d,0.011,0.0,0.01598489795918367,0.0087571428571428,0.009,0.011,1,1,1,0,0,0
2024-12-20,2,1-7d,0.011,0.0,0.01598489795918367,0.0090357142857142,0.009,0.011,1,1,1,0,0,0
2024-12-20,3,1-7d,0.01,0.0,0.01584204081632653,0.0081071428571428,0.008,0.01,1,1,1,0,0,0
2024-12-20,4,1-7d,0.01,0.0,0.01584204081632653,0.0081071428571428,0.008,0.01,1,1,1,0,0,0
2024-12-20,5,1-7d,0.01,0.0,0.01584204081632653,0.00825,0.009,0.01,1,1,1,0,0,0
2024-12-20,6,1-7d,0.009,0.0,0.015699183673469386,0.0072499999999999,0.008,0.009,1,1,1,0,0,0
2024-12-20,7,1-7d,0.009,0.0,0.015699183673469386,0.0072499999999999,0.008,0.009,1,1,1,0,0,0
2024-12-20,1,1-7d,0.279,0.5204285714285714,0.15018285714285712,0.0444142857142857,0.058,0.24142857142857133,0,0,0,0,0,0
2024-12-20,2,1-7d,0.275,0.5204285714285714,0.15418285714285712,0.0449071428571428,0.059,0.24542857142857133,0,0,0,0,0,0
2024-12-20,3,1-7d,0.27,0.5204285714285714,0.1591828571428571,0.0445571428571428,0.059,0.25042857142857133,0,0,0,0,0,0
2024-12-20,4,1-7d,0.266,0.5204285714285714,0.1631828571428571,0.0453785714285714,0.059,0.25442857142857134,0,0,0,0,0,0
2024-12-20,5,1-7d,0.262,0.5204285714285714,0.1671828571428571,0.0458357142857143,0.06,0.25842857142857134,0,0,0,0,0,0
2024-12-20,6,1-7d,0.258,0.5204285714285714,0.1711828571428571,0.0463785714285714,0.06,0.26242857142857134,0,0,0,0,0,0
2024-12-20,7,1-7d,0.254,0.5204285714285714,0.1751828571428571,0.0468,0.061,0.26642857142857135,0,0,0,0,0,0
2024-12-20,1,1-7d,0.676,0.3552857142857143,0.22677061224489803,0.0155214285714285,0.0329999999999999,0.32071428571428573,0,0,0,0,0,1
2024-12-20,2,1-7d,0.682,0.3552857142857143,0.23277061224489803,0.0145571428571428,0.0319999999999999,0.32671428571428573,0,0,0,0,0,1
2024-12-20,3,1-7d,0.687,0.3552857142857143,0.23777061224489807,0.0145571428571427,0.0319999999999999,0.33171428571428574,0,0,0,0,0,1
2024-12-20,4,1-7d,0.692,0.3552857142857143,0.24277061224489796,0.01455,0.032,0.33671428571428563,0,0,0,0,0,1
2024-12-20,5,1-7d,0.697,0.3552857142857143,0.24777061224489794,0.0145571428571428,0.032,0.34171428571428564,0,0,0,0,0,1
2024-12-20,6,1-7d,0.702,0.3552857142857143,0.252770612244898,0.0142928571428571,0.032,0.34671428571428564,0,0,0,0,0,1
2024-12-20,7,1-7d,0.707,0.3552857142857143,0.257770612244898,0.01415,0.031,0.35171428571428565,0,0,0,0,0,1
2024-12-20,1,1-7d,0.001,0.0,0.014556326530612243,0.0001071428571428,0.0,0.001,1,1,1,1,1,1
2024-12-20,2,1-7d,0.001,0.0,0.014556326530612243,0.0001071428571428,0.0,0.001,1,1,1,1,1,1
2024-12-20,3,1-7d,0.001,0.0,0.014556326530612243,0.0001071428571428,0.0,0.001,1,1,1,1,1,1
2024-12-20,4,1-7d,0.001,0.0,0.014556326530612243,0.0001071428571428,0.0,0.001,1,1,1,1,1,1
2024-12-20,5,1-7d,0.001,0.0,0.014556326530612243,0.0001071428571428,0.0,0.001,1,1,1,1,1,1
2024-12-20,6,1-7d,0.001,0.0,0.014556326530612243,0.0001071428571428,0.0,0.001,1,1,1,1,1,1
2024-12-20,7,1-7d,0.001,0.0,0.014556326530612243,0.00025,0.001,0.001,1,1,1,1,1,1
2024-12-20,1,1-7d,0.027,0.0204285714285714,0.015352244897959185,0.0193285714285714,0.02,0.0065714285714286,1,1,1,0,0,0
2024-12-20,2,1-7d,0.027,0.0204285714285714,0.015352244897959185,0.0194785714285714,0.0209999999999999,0.0065714285714286,1,1,1,0,0,0
2024-12-20,3,1-7d,0.026,0.0204285714285714,0.015209387755102043,0.0184785714285714,0.0199999999999999,0.005571428571428599,1,1,1,0,0,0
2024-12-20,4,1-7d,0.026,0.0204285714285714,0.015209387755102043,0.0190857142857142,0.0199999999999999,0.005571428571428599,1,1,1,0,0,0
2024-12-20,5,1-7d,0.026,0.0204285714285714,0.015209387755102043,0.0193,0.0199999999999999,0.005571428571428599,1,1,1,0,0,0
2024-12-20,6,1-7d,0.025,0.0204285714285714,0.0150665306122449,0.0183,0.019,0.004571428571428601,1,1,1,0,0,0
2024-12-20,7,1-7d,0.025,0.0204285714285714,0.0150665306122449,0.0184714285714285,0.02,0.004571428571428601,1,1,1,0,0,0
2024-12-20,8,8-14d,0.015,0.0124285714285714,0.016879387755102053,0.01105,0.012,0.0025714285714285995,1,1,1,0,0,0
2024-12-20,9,8-14d,0.015,0.0124285714285714,0.016879387755102053,0.0113285714285714,0.012,0.0025714285714285995,1,1,1,0,0,0
2024-12-20,10,8-14d,0.015,0.0124285714285714,0.016879387755102053,0.0114714285714285,0.013,0.0025714285714285995,1,1,1,0,0,0
2024-12-20,11,8-14d,0.015,0.0124285714285714,0.016879387755102053,0.0114714285714285,0.013,0.0025714285714285995,1,1,1,0,0,0
2024-12-20,12,8-14d,0.015,0.0124285714285714,0.016879387755102053,0.0114714285714285,0.013,0.0025714285714285995,1,1,1,0,0,0
2024-12-20,8,8-14d,0.004,0.0101428571428571,0.017389591836734695,0.0027571428571428,0.003,0.006142857142857099,1,1,1,0,0,0
2024-12-20,9,8-14d,0.004,0.0101428571428571,0.017389591836734695,0.0027571428571428,0.003,0.006142857142857099,1,1,1,0,0,0
2024-12-20,10,8-14d,0.004,0.0101428571428571,0.017389591836734695,0.0027571428571428,0.003,0.006142857142857099,1,1,1,0,0,0
2024-12-20,11,8-14d,0.004,0.0101428571428571,0.017389591836734695,0.0027571428571428,0.003,0.006142857142857099,1,1,1,0,0,0
2024-12-20,12,8-14d,0.004,0.0101428571428571,0.017389591836734695,0.0031071428571428,0.003,0.006142857142857099,1,1,1,0,0,0
2024-12-20,8,8-14d,0.337,0.4952857142857143,0.07186714285714281,0.0599214285714286,0.082,0.15828571428571425,0,0,1,0,0,0
2024-12-20,9,8-14d,0.334,0.4952857142857143,0.07400999999999998,0.0609214285714285,0.083,0.16128571428571425,0,0,1,0,0,0
2024-12-20,10,8-14d,0.33,0.4952857142857143,0.07686714285714281,0.0606428571428571,0.083,0.16528571428571426,0,0,1,0,0,0
2024-12-20,11,8-14d,0.326,0.4952857142857143,0.07972428571428568,0.0606428571428571,0.083,0.16928571428571426,0,0,1,0,0,0
2024-12-20,12,8-14d,0.323,0.4952857142857143,0.08186714285714282,0.0615,0.083,0.17228571428571426,0,0,1,0,0,0
2024-12-20,8,8-14d,0.657,0.3504285714285714,0.20174469387755103,0.00865,0.015,0.3065714285714286,0,0,0,1,1,1
2024-12-20,9,8-14d,0.661,0.3504285714285714,0.20574469387755104,0.0086142857142857,0.014,0.3105714285714286,0,0,0,1,1,1
2024-12-20,10,8-14d,0.665,0.3504285714285714,0.20974469387755104,0.00865,0.014,0.3145714285714286,0,0,0,1,1,1
2024-12-20,11,8-14d,0.669,0.3504285714285714,0.21374469387755105,0.0084428571428571,0.013,0.3185714285714286,0,0,0,1,1,1
2024-12-20,12,8-14d,0.674,0.3504285714285714,0.21874469387755105,0.0086928571428571,0.014,0.3235714285714286,0,0,0,1,1,1
2024-12-20,8,8-14d,0.007,0.0081428571428571,0.01667530612244898,0.0047142857142857,0.006,0.0011428571428570991,1,1,1,0,0,0
2024-12-20,9,8-14d,0.007,0.0081428571428571,0.01667530612244898,0.0047142857142857,0.006,0.0011428571428570991,1,1,1,0,0,0
2024-12-20,10,8-14d,0.007,0.0081428571428571,0.01667530612244898,0.0049714285714285,0.006,0.0011428571428570991,1,1,1,0,0,0
2024-12-20,11,8-14d,0.007,0.0081428571428571,0.01667530612244898,0.0049714285714285,0.006,0.0011428571428570991,1,1,1,0,0,0
2024-12-20,12,8-14d,0.007,0.0081428571428571,0.01667530612244898,0.0049714285714285,0.006,0.0011428571428570991,1,1,1,0,0,0
2024-12-20,8,8-14d,0.038,0.0504285714285714,0.018287551020408164,0.0265285714285714,0.0289999999999999,0.0124285714285714,1,1,1,0,0,0
2024-12-20,9,8-14d,0.038,0.0504285714285714,0.018287551020408164,0.0268785714285714,0.0289999999999999,0.0124285714285714,1,1,1,0,0,0
2024-12-20,10,8-14d,0.037,0.0504285714285714,0.018430408163265306,0.0258785714285714,0.0279999999999999,0.0134285714285714,1,1,1,0,0,0
2024-12-20,11,8-14d,0.037,0.0504285714285714,0.018430408163265306,0.0262785714285714,0.0289999999999999,0.0134285714285714,1,1,1,0,0,0
2024-12-20,12,8-14d,0.037,0.0504285714285714,0.018430408163265306,0.0262857142857142,0.0289999999999999,0.0134285714285714,1,1,1,0,0,0
2024-12-20,8,8-14d,0.005,0.0262857142857142,0.01955285714285714,0.0029785714285714,0.004,0.0212857142857142,1,1,1,0,0,0
2024-12-20,9,8-14d,0.005,0.0262857142857142,0.01955285714285714,0.0029785714285714,0.004,0.0212857142857142,1,1,1,0,0,0
2024-12-20,10,8-14d,0.005,0.0262857142857142,0.01955285714285714,0.0031928571428571,0.004,0.0212857142857142,1,1,1,0,0,0
2024-12-20,11,8-14d,0.005,0.0262857142857142,0.01955285714285714,0.0031928571428571,0.004,0.0212857142857142,1,1,1,0,0,0
2024-12-20,12,8-14d,0.005,0.0262857142857142,0.01955285714285714,0.0031928571428571,0.004,0.0212857142857142,1,1,1,0,0,0
2024-12-20,8,8-14d,0.011,0.0,0.018083469387755107,0.0079785714285714,0.009,0.011,1,1,1,0,0,0
2024-12-20,9,8-14d,0.011,0.0,0.018083469387755107,0.0080071428571428,0.009,0.011,1,1,1,0,0,0
2024-12-20,10,8-14d,0.011,0.0,0.018083469387755107,0.0080071428571428,0.009,0.011,1,1,1,0,0,0
2024-12-20,11,8-14d,0.011,0.0,0.018083469387755107,0.0080071428571428,0.009,0.011,1,1,1,0,0,0
2024-12-20,12,8-14d,0.011,0.0,0.018083469387755107,0.0082214285714285,0.009,0.011,1,1,1,0,0,0
2024-12-20,8,8-14d,0.233,0.3122857142857143,0.03473653061224491,0.0376428571428571,0.055,0.07928571428571426,0,1,1,0,0,0
2024-12-20,9,8-14d,0.231,0.3122857142857143,0.035593673469387764,0.0388571428571428,0.056,0.08128571428571427,0,1,1,0,0,0
2024-12-20,10,8-14d,0.228,0.3122857142857143,0.03687938775510206,0.0388571428571428,0.056,0.08428571428571427,0,1,1,0,0,0
2024-12-20,11,8-14d,0.225,0.3122857142857143,0.03816510204081634,0.0388571428571428,0.0559999999999999,0.08728571428571427,0,1,1,0,0,0
2024-12-20,12,8-14d,0.223,0.3122857142857143,0.0390222448979592,0.04,0.0579999999999999,0.08928571428571427,0,1,1,0,0,0
2024-12-20,8,8-14d,0.683,0.5881428571428572,0.05263448979591836,0.0056999999999999,0.0,0.09485714285714286,0,1,1,1,1,1
2024-12-20,9,8-14d,0.686,0.5881428571428572,0.05392020408163265,0.0057071428571428,0.0,0.09785714285714286,0,1,1,1,1,1
2024-12-20,10,8-14d,0.689,0.5881428571428572,0.05520591836734689,0.0057357142857142,0.0,0.10085714285714276,0,1,1,1,1,1
2024-12-20,11,8-14d,0.692,0.5881428571428572,0.056491632653061175,0.0057714285714285,0.0,0.10385714285714276,0,1,1,1,1,1
2024-12-20,12,8-14d,0.695,0.5881428571428572,0.05777734693877546,0.0057785714285714,0.0,0.10685714285714276,0,1,1,1,1,1
2024-12-20,8,8-14d,0.002,0.0,0.01679775510204082,0.0008285714285714,0.001,0.002,1,1,1,0,0,1
2024-12-20,9,8-14d,0.002,0.0,0.01679775510204082,0.0008285714285714,0.001,0.002,1,1,1,0,0,1
2024-12-20,10,8-14d,0.002,0.0,0.01679775510204082,0.0008285714285714,0.001,0.002,1,1,1,0,0,1
2024-12-20,11,8-14d,0.002,0.0,0.01679775510204082,0.0008285714285714,0.001,0.002,1,1,1,0,0,1
2024-12-20,12,8-14d,0.002,0.0,0.01679775510204082,0.0008285714285714,0.001,0.002,1,1,1,0,0,1
2024-12-20,8,8-14d,0.033,0.0355714285714285,0.016879387755102036,0.02405,0.026,0.0025714285714284954,1,1,1,0,0,0
2024-12-20,9,8-14d,0.033,0.0355714285714285,0.016879387755102036,0.02405,0.026,0.0025714285714284954,1,1,1,0,0,0
2024-12-20,10,8-14d,0.033,0.0355714285714285,0.016879387755102036,0.0243785714285714,0.026,0.0025714285714284954,1,1,1,0,0,0
2024-12-20,11,8-14d,0.033,0.0355714285714285,0.016879387755102036,0.0245214285714285,0.027,0.0025714285714284954,1,1,1,0,0,0
2024-12-20,12,8-14d,0.032,0.0355714285714285,0.017022244897959178,0.0238285714285714,0.026,0.0035714285714284963,1,1,1,0,0,0
2024-12-20,8,8-14d,0.012,0.0275714285714285,0.018736530612244895,0.0072499999999999,0.008,0.0155714285714285,1,1,1,0,0,0
2024-12-20,9,8-14d,0.011,0.0275714285714285,0.018879387755102037,0.0064714285714285,0.0069999999999999,0.0165714285714285,1,1,1,0,0,0
2024-12-20,10,8-14d,0.011,0.0275714285714285,0.018879387755102037,0.0067571428571428,0.0069999999999999,0.0165714285714285,1,1,1,0,0,0
2024-12-20,11,8-14d,0.011,0.0275714285714285,0.018879387755102037,0.0067571428571428,0.0069999999999999,0.0165714285714285,1,1,1,0,0,0
2024-12-20,12,8-14d,0.01,0.0275714285714285,0.01902224489795918,0.0061071428571428,0.006,0.017571428571428502,1,1,1,0,0,0
2024-12-20,8,8-14d,0.014,0.0224285714285714,0.017716122448979594,0.0084714285714285,0.009,0.008428571428571398,1,1,1,0,0,0
2024-12-20,9,8-14d,0.014,0.0224285714285714,0.017716122448979594,0.0085,0.009,0.008428571428571398,1,1,1,0,0,0
2024-12-20,10,8-14d,0.014,0.0224285714285714,0.017716122448979594,0.0088285714285714,0.009,0.008428571428571398,1,1,1,0,0,0
2024-12-20,11,8-14d,0.013,0.0224285714285714,0.017858979591836736,0.0081071428571428,0.008,0.009428571428571399,1,1,1,0,0,0
2024-12-20,12,8-14d,0.013,0.0224285714285714,0.017858979591836736,0.00825,0.009,0.009428571428571399,1,1,1,0,0,0
2024-12-20,8,8-14d,0.33,0.4744285714285715,0.0626548979591837,0.0082857142857142,0.018,0.14442857142857146,0,1,1,0,0,1
2024-12-20,9,8-14d,0.325,0.4744285714285715,0.06554061224489797,0.0089071428571428,0.019,0.14942857142857147,0,0,1,0,0,1
2024-12-20,10,8-14d,0.32,0.4744285714285715,0.06911204081632655,0.0092642857142857,0.019,0.15442857142857147,0,0,1,0,0,1
2024-12-20,11,8-14d,0.315,0.4744285714285715,0.07268346938775512,0.0097285714285714,0.02,0.15942857142857148,0,0,1,0,0,1
2024-12-20,12,8-14d,0.31,0.4744285714285715,0.07625489795918369,0.0103642857142857,0.021,0.16442857142857148,0,0,1,0,0,1
2024-12-20,8,8-14d,0.562,0.368,0.11280591836734696,0.0276499999999999,0.0409999999999999,0.19400000000000006,0,0,1,0,0,0
2024-12-20,9,8-14d,0.569,0.368,0.11780591836734688,0.0277928571428571,0.042,0.20099999999999996,0,0,1,0,0,0
2024-12-20,10,8-14d,0.575,0.368,0.12209163265306118,0.0288714285714285,0.043,0.20699999999999996,0,0,1,0,0,0
2024-12-20,11,8-14d,0.582,0.368,0.12709163265306117,0.0288714285714285,0.043,0.21399999999999997,0,0,1,0,0,0
2024-12-20,12,8-14d,0.588,0.368,0.13137734693877548,0.0295928571428571,0.044,0.21999999999999997,0,0,1,0,0,0
2024-12-20,8,8-14d,0.004,0.0101428571428571,0.017389591836734695,0.0001071428571428,0.0,0.006142857142857099,1,1,1,1,1,1
2024-12-20,9,8-14d,0.004,0.0101428571428571,0.017389591836734695,0.00025,0.001,0.006142857142857099,1,1,1,1,1,1
2024-12-20,10,8-14d,0.004,0.0101428571428571,0.017389591836734695,0.00025,0.001,0.006142857142857099,1,1,1,1,1,1
2024-12-20,11,8-14d,0.003,0.0101428571428571,0.017532448979591837,3.571428571428572e-05,0.0,0.007142857142857099,1,1,1,1,1,1
2024-12-20,12,8-14d,0.003,0.0101428571428571,0.017532448979591837,1.4285714285714296e-05,0.0,0.007142857142857099,1,1,1,1,1,1
2024-12-20,8,8-14d,0.02,0.0217142857142857,0.016756938775510207,0.0082285714285714,0.009,0.0017142857142856995,1,1,1,0,0,0
2024-12-20,9,8-14d,0.02,0.0217142857142857,0.016756938775510207,0.0087214285714285,0.01,0.0017142857142856995,1,1,1,0,0,0
2024-12-20,10,8-14d,0.019,0.0217142857142857,0.01689979591836735,0.0080071428571428,0.009,0.0027142857142857003,1,1,1,0,0,0
2024-12-20,11,8-14d,0.018,0.0217142857142857,0.017042653061224492,0.0075785714285714,0.0079999999999999,0.0037142857142857012,1,1,1,0,0,0
2024-12-20,12,8-14d,0.018,0.0217142857142857,0.017042653061224492,0.0080071428571428,0.009,0.0037142857142857012,1,1,1,0,0,0
2024-12-20,8,8-14d,0.015,0.0238571428571428,0.017777346938775508,0.0139999999999999,0.0139999999999999,0.0088571428571428,1,1,1,0,0,0
2024-12-20,9,8-14d,0.015,0.0238571428571428,0.017777346938775508,0.0139999999999999,0.0139999999999999,0.0088571428571428,1,1,1,0,0,0
2024-12-20,10,8-14d,0.015,0.0238571428571428,0.017777346938775508,0.0139999999999999,0.0139999999999999,0.0088571428571428,1,1,1,0,0,0
2024-12-20,11,8-14d,0.015,0.0238571428571428,0.017777346938775508,0.0140071428571428,0.0139999999999999,0.0088571428571428,1,1,1,0,0,0
2024-12-20,12,8-14d,0.015,0.0238571428571428,0.017777346938775508,0.0140071428571428,0.0139999999999999,0.0088571428571428,1,1,1,0,0,0
2024-12-20,8,8-14d,0.009,0.0,0.017797755102040822,0.0074642857142857,0.008,0.009,1,1,1,0,0,0
2024-12-20,9,8-14d,0.009,0.0,0.017797755102040822,0.0074642857142857,0.008,0.009,1,1,1,0,0,0
2024-12-20,10,8-14d,0.008,0.0,0.01765489795918368,0.0067214285714285,0.007,0.008,1,1,1,0,0,0
2024-12-20,11,8-14d,0.008,0.0,0.01765489795918368,0.0067214285714285,0.007,0.008,1,1,1,0,0,0
2024-12-20,12,8-14d,0.008,0.0,0.01765489795918368,0.0067214285714285,0.007,0.008,1,1,1,0,0,0
2024-12-20,8,8-14d,0.25,0.5204285714285714,0.1694630612244897,0.0468,0.061,0.27042857142857135,0,0,0,0,0,0
2024-12-20,9,8-14d,0.246,0.5204285714285714,0.1734630612244897,0.0472928571428571,0.061,0.27442857142857136,0,0,0,0,0,0
2024-12-20,10,8-14d,0.242,0.5204285714285714,0.1774630612244897,0.0475499999999999,0.061,0.27842857142857136,0,0,0,0,0,0
2024-12-20,11,8-14d,0.238,0.5204285714285714,0.1814630612244897,0.0478214285714285,0.061,0.28242857142857136,0,0,0,0,0,0
2024-12-20,12,8-14d,0.234,0.5204285714285714,0.18546306122448972,0.0479642857142857,0.062,0.28642857142857137,0,0,0,0,0,0
2024-12-20,8,8-14d,0.711,0.3552857142857143,0.25088755102040805,0.0146571428571428,0.032,0.35571428571428565,0,0,0,0,0,1
2024-12-20,9,8-14d,0.716,0.3552857142857143,0.25588755102040806,0.0146285714285714,0.032,0.36071428571428565,0,0,0,0,0,1
2024-12-20,10,8-14d,0.721,0.3552857142857143,0.2608875510204081,0.0142,0.031,0.36571428571428566,0,0,0,0,0,1
2024-12-20,11,8-14d,0.725,0.3552857142857143,0.2648875510204081,0.0148857142857142,0.032,0.36971428571428566,0,0,0,0,0,1
2024-12-20,12,8-14d,0.729,0.3552857142857143,0.2688875510204081,0.0149142857142857,0.032,0.37371428571428567,0,0,0,0,0,1
2024-12-20,8,8-14d,0.001,0.0,0.01665489795918368,0.00025,0.001,0.001,1,1,1,1,1,1
2024-12-20,9,8-14d,0.001,0.0,0.01665489795918368,0.00025,0.001,0.001,1,1,1,1,1,1
2024-12-20,10,8-14d,0.001,0.0,0.01665489795918368,0.00025,0.001,0.001,1,1,1,1,1,1
2024-12-20,11,8-14d,0.001,0.0,0.01665489795918368,0.00025,0.001,0.001,1,1,1,1,1,1
2024-12-20,12,8-14d,0.001,0.0,0.01665489795918368,0.00025,0.001,0.001,1,1,1,1,1,1
2024-12-20,8,8-14d,0.025,0.0204285714285714,0.017165102040816338,0.0190071428571428,0.02,0.004571428571428601,1,1,1,0,0,0
2024-12-20,9,8-14d,0.024,0.0204285714285714,0.017022244897959195,0.0180071428571428,0.019,0.0035714285714286004,1,1,1,0,0,0
2024-12-20,10,8-14d,0.024,0.0204285714285714,0.017022244897959195,0.0180857142857142,0.019,0.0035714285714286004,1,1,1,0,0,0
2024-12-20,11,8-14d,0.024,0.0204285714285714,0.017022244897959195,0.0183,0.019,0.0035714285714286004,1,1,1,0,0,0
2024-12-20,12,8-14d,0.023,0.0204285714285714,0.016879387755102053,0.0173,0.018,0.0025714285714285995,1,1,1,0,0,0
2025-11-16,1,1-7d,0.015,0.018,0.014786785714285712,0.0076,0.0099999999999999,0.002999999999999999,1,1,1,0,0,0
2025-11-16,2,1-7d,0.015,0.018,0.014786785714285712,0.0076,0.0099999999999999,0.002999999999999999,1,1,1,0,0,0
2025-11-16,3,1-7d,0.015,0.018,0.014786785714285712,0.0077428571428571,0.011,0.002999999999999999,1,1,1,0,0,0
2025-11-16,4,1-7d,0.015,0.018,0.014786785714285712,0.0077428571428571,0.011,0.002999999999999999,1,1,1,0,0,0
2025-11-16,5,1-7d,0.014,0.018,0.014929642857142855,0.0067428571428571,0.01,0.003999999999999998,1,1,1,0,0,0
2025-11-16,6,1-7d,0.014,0.018,0.014929642857142855,0.0067428571428571,0.01,0.003999999999999998,1,1,1,0,0,0
2025-11-16,7,1-7d,0.014,0.018,0.014929642857142855,0.0070214285714285,0.01,0.003999999999999998,1,1,1,0,0,0
2025-11-16,1,1-7d,0.01,0.0104285714285714,0.014419438775510201,0.0074428571428571,0.009,0.0004285714285713997,1,1,1,0,0,0
2025-11-16,2,1-7d,0.01,0.0104285714285714,0.014419438775510201,0.0074428571428571,0.009,0.0004285714285713997,1,1,1,0,0,0
2025-11-16,3,1-7d,0.01,0.0104285714285714,0.014419438775510201,0.0077,0.009,0.0004285714285713997,1,1,1,0,0,0
2025-11-16,4,1-7d,0.01,0.0104285714285714,0.014419438775510201,0.0079785714285714,0.009,0.0004285714285713997,1,1,1,0,0,0
2025-11-16,5,1-7d,0.01,0.0104285714285714,0.014419438775510201,0.0079785714285714,0.009,0.0004285714285713997,1,1,1,0,0,0
2025-11-16,6,1-7d,0.01,0.0104285714285714,0.014419438775510201,0.0079785714285714,0.009,0.0004285714285713997,1,1,1,0,0,0
2025-11-16,7,1-7d,0.01,0.0104285714285714,0.014419438775510201,0.0079785714285714,0.009,0.0004285714285713997,1,1,1,0,0,0
2025-11-16,1,1-7d,0.285,0.1754285714285714,0.05646025510204082,0.1665214285714285,0.1869999999999999,0.10957142857142857,0,1,1,0,0,0
2025-11-16,2,1-7d,0.286,0.1754285714285714,0.056888826530612245,0.1685214285714285,0.1889999999999999,0.11057142857142857,0,1,1,0,0,0
2025-11-16,3,1-7d,0.287,0.1754285714285714,0.05744801020408163,0.1707357142857142,0.1909999999999999,0.11157142857142857,0,0,1,0,0,0
2025-11-16,4,1-7d,0.289,0.1754285714285714,0.05887658163265306,0.1737357142857142,0.1939999999999999,0.11357142857142857,0,0,1,0,0,0
2025-11-16,5,1-7d,0.29,0.1754285714285714,0.05959086734693877,0.1756214285714285,0.1969999999999999,0.11457142857142857,0,0,1,0,0,0
2025-11-16,6,1-7d,0.292,0.1754285714285714,0.0610194387755102,0.1783428571428571,0.1999999999999999,0.11657142857142858,0,0,1,0,0,0
2025-11-16,7,1-7d,0.293,0.1754285714285714,0.061733724489795916,0.1803428571428571,0.2019999999999999,0.11757142857142858,0,0,1,0,0,0
2025-11-16,1,1-7d,0.726,0.7787142857142858,0.0245418877551021,0.1398642857142857,0.161,0.052714285714285825,0,1,1,0,0,0
2025-11-16,2,1-7d,0.726,0.7787142857142858,0.0245418877551021,0.1408928571428571,0.162,0.052714285714285825,0,1,1,0,0,0
2025-11-16,3,1-7d,0.726,0.7787142857142858,0.0245418877551021,0.14225,0.164,0.052714285714285825,0,1,1,0,0,0
2025-11-16,4,1-7d,0.725,0.7787142857142858,0.024970459183673528,0.1445785714285714,0.166,0.053714285714285825,0,1,1,0,0,0
2025-11-16,5,1-7d,0.724,0.7787142857142858,0.02539903061224496,0.1465857142857143,0.168,0.054714285714285826,0,1,1,0,0,0
2025-11-16,6,1-7d,0.722,0.7787142857142858,0.026256173469387818,0.1498,0.171,0.05671428571428583,0,1,1,0,0,0
2025-11-16,7,1-7d,0.721,0.7787142857142858,0.026684744897959245,0.1519714285714286,0.174,0.05771428571428583,0,1,1,0,0,0
2025-11-16,1,1-7d,0.018,0.0,0.017215357142857143,0.0055071428571428,0.0099999999999999,0.018,0,1,1,0,0,1
2025-11-16,2,1-7d,0.018,0.0,0.017215357142857143,0.0055071428571428,0.0099999999999999,0.018,0,1,1,0,0,1
2025-11-16,3,1-7d,0.018,0.0,0.017215357142857143,0.0056571428571428,0.011,0.018,0,1,1,0,0,1
2025-11-16,4,1-7d,0.018,0.0,0.017215357142857143,0.0059071428571428,0.011,0.018,0,1,1,0,0,1
2025-11-16,5,1-7d,0.018,0.0,0.017215357142857143,0.0059357142857142,0.011,0.018,0,1,1,0,0,1
2025-11-16,6,1-7d,0.018,0.0,0.017215357142857143,0.0062214285714285,0.011,0.018,0,1,1,0,0,1
2025-11-16,7,1-7d,0.018,0.0,0.017215357142857143,0.0062214285714285,0.011,0.018,0,1,1,0,0,1
2025-11-16,1,1-7d,0.007,0.0277142857142857,0.01731739795918367,0.0007214285714285,0.002,0.020714285714285702,1,1,1,1,1,1
2025-11-16,2,1-7d,0.007,0.0277142857142857,0.01731739795918367,0.0007285714285714,0.002,0.020714285714285702,1,1,1,1,1,1
2025-11-16,3,1-7d,0.006,0.0277142857142857,0.017460255102040814,0.0005857142857142,0.001,0.0217142857142857,1,1,1,1,1,1
2025-11-16,4,1-7d,0.006,0.0277142857142857,0.017460255102040814,0.0005571428571428,0.001,0.0217142857142857,1,1,1,1,1,1
2025-11-16,5,1-7d,0.006,0.0277142857142857,0.017460255102040814,0.0007642857142857,0.002,0.0217142857142857,1,1,1,1,1,1
2025-11-16,6,1-7d,0.006,0.0277142857142857,0.017460255102040814,0.0006928571428571,0.002,0.0217142857142857,1,1,1,1,1,1
2025-11-16,7,1-7d,0.006,0.0277142857142857,0.017460255102040814,0.0006928571428571,0.002,0.0217142857142857,1,1,1,1,1,1
2025-11-16,1,1-7d,0.274,0.1855714285714285,0.04739903061224493,0.1502714285714286,0.169,0.08842857142857152,0,1,1,0,0,0
2025-11-16,2,1-7d,0.275,0.1855714285714285,0.04782760204081636,0.1520142857142857,0.171,0.08942857142857152,0,1,1,0,0,0
2025-11-16,3,1-7d,0.277,0.1855714285714285,0.048684744897959216,0.1550142857142857,0.174,0.09142857142857153,0,1,1,0,0,0
2025-11-16,4,1-7d,0.278,0.1855714285714285,0.04911331632653065,0.1570142857142857,0.176,0.09242857142857153,0,1,1,0,0,0
2025-11-16,5,1-7d,0.28,0.1855714285714285,0.0499704591836735,0.1600142857142857,0.179,0.09442857142857153,0,1,1,0,0,0
2025-11-16,6,1-7d,0.281,0.1855714285714285,0.05039903061224493,0.1620142857142857,0.181,0.09542857142857153,0,1,1,0,0,0
2025-11-16,7,1-7d,0.283,0.1855714285714285,0.05125617346938777,0.1650142857142857,0.1839999999999999,0.09742857142857148,0,1,1,0,0,0
2025-11-16,1,1-7d,0.622,0.734,0.04995005102040817,0.2213285714285714,0.243,0.11199999999999999,0,1,1,0,0,0
2025-11-16,2,1-7d,0.618,0.734,0.05166433673469389,0.2267999999999999,0.248,0.11599999999999999,0,1,1,0,0,0
2025-11-16,3,1-7d,0.614,0.734,0.05343576530612245,0.2318714285714285,0.253,0.12,0,0,1,0,0,0
2025-11-16,4,1-7d,0.61,0.734,0.056292908163265314,0.2373285714285714,0.259,0.124,0,0,1,0,0,0
2025-11-16,5,1-7d,0.606,0.734,0.05915005102040817,0.2426142857142857,0.264,0.128,0,0,1,0,0,0
2025-11-16,6,1-7d,0.602,0.734,0.062007193877551034,0.2478714285714285,0.269,0.132,0,0,1,0,0,0
2025-11-16,7,1-7d,0.598,0.734,0.0648643367346939,0.2528785714285714,0.274,0.136,0,0,1,0,0,0
2025-11-16,1,1-7d,0.004,0.0,0.014929642857142855,0.0007,0.002,0.004,1,1,1,1,1,1
2025-11-16,2,1-7d,0.004,0.0,0.014929642857142855,0.0007,0.002,0.004,1,1,1,1,1,1
2025-11-16,3,1-7d,0.004,0.0,0.014929642857142855,0.0007,0.002,0.004,1,1,1,1,1,1
2025-11-16,4,1-7d,0.004,0.0,0.014929642857142855,0.0006714285714285,0.002,0.004,1,1,1,1,1,1
2025-11-16,5,1-7d,0.004,0.0,0.014929642857142855,0.0006714285714285,0.002,0.004,1,1,1,1,1,1
2025-11-16,6,1-7d,0.004,0.0,0.014929642857142855,0.0006714285714285,0.002,0.004,1,1,1,1,1,1
2025-11-16,7,1-7d,0.004,0.0,0.014929642857142855,0.0006714285714285,0.002,0.004,1,1,1,1,1,1
2025-11-16,1,1-7d,0.024,0.0595714285714285,0.019439846938775495,0.0179,0.021,0.0355714285714285,1,1,1,0,0,0
2025-11-16,2,1-7d,0.024,0.0595714285714285,0.019439846938775495,0.0179,0.021,0.0355714285714285,1,1,1,0,0,0
2025-11-16,3,1-7d,0.024,0.0595714285714285,0.019439846938775495,0.0181785714285714,0.021,0.0355714285714285,1,1,1,0,0,0
2025-11-16,4,1-7d,0.023,0.0595714285714285,0.01958270408163264,0.0171785714285714,0.02,0.0365714285714285,1,1,1,0,0,0
2025-11-16,5,1-7d,0.023,0.0595714285714285,0.01958270408163264,0.0172071428571428,0.02,0.0365714285714285,1,1,1,0,0,0
2025-11-16,6,1-7d,0.023,0.0595714285714285,0.01958270408163264,0.0172071428571428,0.02,0.0365714285714285,1,1,1,0,0,0
2025-11-16,7,1-7d,0.023,0.0595714285714285,0.01958270408163264,0.0172071428571428,0.02,0.0365714285714285,1,1,1,0,0,0
2025-11-16,1,1-7d,0.141,0.0715714285714285,0.03925617346938778,0.0715142857142857,0.0929999999999999,0.06942857142857149,0,1,1,0,0,0
2025-11-16,2,1-7d,0.141,0.0715714285714285,0.03925617346938778,0.0715928571428571,0.0929999999999999,0.06942857142857149,0,1,1,0,0,0
2025-11-16,3,1-7d,0.141,0.0715714285714285,0.03925617346938778,0.0725142857142857,0.0939999999999999,0.06942857142857149,0,1,1,0,0,0
2025-11-16,4,1-7d,0.14,0.0715714285714285,0.03882760204081636,0.0717285714285714,0.094,0.06842857142857152,0,1,1,0,0,0
2025-11-16,5,1-7d,0.14,0.0715714285714285,0.03882760204081636,0.0725142857142857,0.094,0.06842857142857152,0,1,1,0,0,0
2025-11-16,6,1-7d,0.14,0.0715714285714285,0.03882760204081636,0.0729428571428571,0.095,0.06842857142857152,0,1,1,0,0,0
2025-11-16,7,1-7d,0.14,0.0715714285714285,0.03882760204081636,0.0732071428571428,0.095,0.06842857142857152,0,1,1,0,0,0
2025-11-16,1,1-7d,0.977,0.8452857142857143,0.07183576530612241,0.0333714285714285,0.0479999999999999,0.13171428571428567,0,0,1,0,0,0
2025-11-16,2,1-7d,0.978,0.8452857142857143,0.07255005102040812,0.0338642857142857,0.0479999999999999,0.13271428571428567,0,0,1,0,0,0
2025-11-16,3,1-7d,0.978,0.8452857142857143,0.07255005102040812,0.0328357142857142,0.0469999999999999,0.13271428571428567,0,0,1,0,0,0
2025-11-16,4,1-7d,0.979,0.8452857142857143,0.07326433673469383,0.0331,0.0469999999999999,0.13371428571428567,0,0,1,0,0,0
2025-11-16,5,1-7d,0.979,0.8452857142857143,0.07326433673469383,0.0321,0.0459999999999999,0.13371428571428567,0,0,1,0,0,0
2025-11-16,6,1-7d,0.98,0.8452857142857143,0.07397862244897956,0.0325214285714285,0.0469999999999999,0.13471428571428568,0,0,1,0,0,0
2025-11-16,7,1-7d,0.98,0.8452857142857143,0.07397862244897956,0.03155,0.0459999999999999,0.13471428571428568,0,0,1,0,0,0
2025-11-16,1,1-7d,0.013,0.0,0.016215357142857142,0.0080071428571428,0.009,0.013,1,1,1,0,0,0
2025-11-16,2,1-7d,0.013,0.0,0.016215357142857142,0.0080785714285714,0.009,0.013,1,1,1,0,0,0
2025-11-16,3,1-7d,0.013,0.0,0.016215357142857142,0.0080785714285714,0.009,0.013,1,1,1,0,0,0
2025-11-16,4,1-7d,0.013,0.0,0.016215357142857142,0.0085714285714285,0.009,0.013,1,1,1,0,0,0
2025-11-16,5,1-7d,0.013,0.0,0.016215357142857142,0.0085714285714285,0.009,0.013,1,1,1,0,0,0
2025-11-16,6,1-7d,0.013,0.0,0.016215357142857142,0.0085714285714285,0.009,0.013,1,1,1,0,0,0
2025-11-16,7,1-7d,0.013,0.0,0.016215357142857142,0.0085785714285714,0.009,0.013,1,1,1,0,0,0
2025-11-16,1,1-7d,0.013,0.0,0.016215357142857142,0.0055714285714285,0.0059999999999999,0.013,1,1,1,0,0,0
2025-11-16,2,1-7d,0.012,0.0,0.0160725,0.0045785714285714,0.005,0.012,1,1,1,0,0,0
2025-11-16,3,1-7d,0.012,0.0,0.0160725,0.0049785714285714,0.006,0.012,1,1,1,0,0,0
2025-11-16,4,1-7d,0.012,0.0,0.0160725,0.0050071428571428,0.006,0.012,1,1,1,0,0,0
2025-11-16,5,1-7d,0.011,0.0,0.015929642857142857,0.0045714285714285,0.0049999999999999,0.011,1,1,1,0,0,0
2025-11-16,6,1-7d,0.011,0.0,0.015929642857142857,0.0045714285714285,0.0049999999999999,0.011,1,1,1,0,0,0
2025-11-16,7,1-7d,0.011,0.0,0.015929642857142857,0.0045714285714285,0.0049999999999999,0.011,1,1,1,0,0,0
2025-11-16,1,1-7d,0.087,0.0952857142857142,0.015541887755102027,0.0348928571428571,0.0389999999999999,0.008285714285714202,1,1,1,0,0,0
2025-11-16,2,1-7d,0.086,0.0952857142857142,0.01568474489795917,0.0344714285714285,0.0379999999999999,0.009285714285714203,1,1,1,0,0,0
2025-11-16,3,1-7d,0.086,0.0952857142857142,0.01568474489795917,0.0349642857142857,0.0389999999999999,0.009285714285714203,1,1,1,0,0,0
2025-11-16,4,1-7d,0.086,0.0952857142857142,0.01568474489795917,0.0358928571428571,0.0399999999999999,0.009285714285714203,1,1,1,0,0,0
2025-11-16,5,1-7d,0.085,0.0952857142857142,0.015827602040816312,0.0352071428571428,0.039,0.01028571428571419,1,1,1,0,0,0
2025-11-16,6,1-7d,0.085,0.0952857142857142,0.015827602040816312,0.0358928571428571,0.04,0.01028571428571419,1,1,1,0,0,0
2025-11-16,7,1-7d,0.084,0.0952857142857142,0.015970459183673454,0.0357428571428571,0.039,0.01128571428571419,1,1,1,0,0,0
2025-11-16,1,1-7d,0.855,0.8332857142857143,0.018807193877551,0.0560071428571429,0.061,0.021714285714285686,0,1,1,0,0,0
2025-11-16,2,1-7d,0.856,0.8332857142857143,0.019235765306122428,0.0560071428571429,0.061,0.022714285714285687,0,1,1,0,0,0
2025-11-16,3,1-7d,0.857,0.8332857142857143,0.01966433673469386,0.0560071428571429,0.061,0.023714285714285688,0,1,1,0,0,0
2025-11-16,4,1-7d,0.857,0.8332857142857143,0.01966433673469386,0.0573928571428572,0.063,0.023714285714285688,0,1,1,0,0,0
2025-11-16,5,1-7d,0.858,0.8332857142857143,0.020092908163265286,0.0574642857142857,0.063,0.02471428571428569,0,1,1,0,0,0
2025-11-16,6,1-7d,0.859,0.8332857142857143,0.020521479591836717,0.058,0.063,0.02571428571428569,0,1,1,0,0,0
2025-11-16,7,1-7d,0.86,0.8332857142857143,0.020950051020408145,0.058,0.063,0.02671428571428569,0,1,1,0,0,0
2025-11-16,1,1-7d,0.01,0.0,0.015786785714285715,0.0053,0.006,0.01,1,1,1,0,0,0
2025-11-16,2,1-7d,0.01,0.0,0.015786785714285715,0.0058357142857142,0.006,0.01,1,1,1,0,0,0
2025-11-16,3,1-7d,0.01,0.0,0.015786785714285715,0.0058357142857142,0.006,0.01,1,1,1,0,0,0
2025-11-16,4,1-7d,0.01,0.0,0.015786785714285715,0.0059785714285714,0.007,0.01,1,1,1,0,0,0
2025-11-16,5,1-7d,0.01,0.0,0.015786785714285715,0.0059785714285714,0.007,0.01,1,1,1,0,0,0
2025-11-16,6,1-7d,0.01,0.0,0.015786785714285715,0.0060071428571428,0.007,0.01,1,1,1,0,0,0
2025-11-16,7,1-7d,0.01,0.0,0.015786785714285715,0.0060071428571428,0.007,0.01,1,1,1,0,0,0
2025-11-16,1,1-7d,0.005,0.0,0.015072499999999999,0.0018285714285714,0.002,0.005,1,1,1,0,0,0
2025-11-16,2,1-7d,0.005,0.0,0.015072499999999999,0.0019714285714285,0.003,0.005,1,1,1,0,0,0
2025-11-16,3,1-7d,0.005,0.0,0.015072499999999999,0.0019714285714285,0.003,0.005,1,1,1,0,0,0
2025-11-16,4,1-7d,0.005,0.0,0.015072499999999999,0.0022571428571428,0.003,0.005,1,1,1,0,0,0
2025-11-16,5,1-7d,0.005,0.0,0.015072499999999999,0.0022571428571428,0.003,0.005,1,1,1,0,0,0
2025-11-16,6,1-7d,0.005,0.0,0.015072499999999999,0.0024714285714285,0.003,0.005,1,1,1,0,0,0
2025-11-16,7,1-7d,0.005,0.0,0.015072499999999999,0.0024714285714285,0.003,0.005,1,1,1,0,0,0
2025-11-16,1,1-7d,0.182,0.1642857142857142,0.017092908163265336,0.0683214285714285,0.076,0.017714285714285793,0,1,1,0,0,0
2025-11-16,2,1-7d,0.182,0.1642857142857142,0.017092908163265336,0.0688285714285714,0.077,0.017714285714285793,0,1,1,0,0,0
2025-11-16,3,1-7d,0.182,0.1642857142857142,0.017092908163265336,0.0694285714285714,0.077,0.017714285714285793,0,1,1,0,0,0
2025-11-16,4,1-7d,0.183,0.1642857142857142,0.017521479591836763,0.0714285714285714,0.079,0.018714285714285794,0,1,1,0,0,0
2025-11-16,5,1-7d,0.183,0.1642857142857142,0.017521479591836763,0.0718285714285714,0.08,0.018714285714285794,0,1,1,0,0,0
2025-11-16,6,1-7d,0.183,0.1642857142857142,0.017521479591836763,0.0724285714285714,0.08,0.018714285714285794,0,1,1,0,0,0
2025-11-16,7,1-7d,0.184,0.1642857142857142,0.017950051020408194,0.0744285714285714,0.082,0.019714285714285795,0,1,1,0,0,0
2025-11-16,1,1-7d,0.774,0.8357142857142856,0.028399030612244865,0.0837642857142856,0.0909999999999999,0.06171428571428561,0,1,1,0,0,0
2025-11-16,2,1-7d,0.774,0.8357142857142856,0.028399030612244865,0.0847642857142856,0.0919999999999999,0.06171428571428561,0,1,1,0,0,0
2025-11-16,3,1-7d,0.773,0.8357142857142856,0.028827602040816296,0.0867642857142856,0.0939999999999999,0.06271428571428561,0,1,1,0,0,0
2025-11-16,4,1-7d,0.773,0.8357142857142856,0.028827602040816296,0.0881642857142856,0.0959999999999999,0.06271428571428561,0,1,1,0,0,0
2025-11-16,5,1-7d,0.773,0.8357142857142856,0.028827602040816296,0.0891999999999999,0.0969999999999999,0.06271428571428561,0,1,1,0,0,0
2025-11-16,6,1-7d,0.773,0.8357142857142856,0.028827602040816296,0.0904142857142856,0.0979999999999999,0.06271428571428561,0,1,1,0,0,0
2025-11-16,7,1-7d,0.773,0.8357142857142856,0.028827602040816296,0.0914142857142856,0.0989999999999999,0.06271428571428561,0,1,1,0,0,0
2025-11-16,8,8-14d,0.014,0.018,0.017016122448979595,0.0072785714285714,0.01,0.003999999999999998,1,1,1,0,0,0
2025-11-16,9,8-14d,0.014,0.018,0.017016122448979595,0.0074928571428571,0.01,0.003999999999999998,1,1,1,0,0,0
2025-11-16,10,8-14d,0.014,0.018,0.017016122448979595,0.0074928571428571,0.01,0.003999999999999998,1,1,1,0,0,0
2025-11-16,11,8-14d,0.014,0.018,0.017016122448979595,0.0074928571428571,0.01,0.003999999999999998,1,1,1,0,0,0
2025-11-16,12,8-14d,0.014,0.018,0.017016122448979595,0.0074928571428571,0.01,0.003999999999999998,1,1,1,0,0,0
2025-11-16,13,8-14d,0.014,0.018,0.017016122448979595,0.0074928571428571,0.01,0.003999999999999998,1,1,1,0,0,0
2025-11-16,14,8-14d,0.014,0.018,0.017016122448979595,0.0074928571428571,0.01,0.003999999999999998,1,1,1,0,0,0
2025-11-16,8,8-14d,0.01,0.0104285714285714,0.016505918367346942,0.0079785714285714,0.009,0.0004285714285713997,1,1,1,0,0,0
2025-11-16,9,8-14d,0.01,0.0104285714285714,0.016505918367346942,0.0079785714285714,0.009,0.0004285714285713997,1,1,1,0,0,0
2025-11-16,10,8-14d,0.01,0.0104285714285714,0.016505918367346942,0.0079785714285714,0.009,0.0004285714285713997,1,1,1,0,0,0
2025-11-16,11,8-14d,0.01,0.0104285714285714,0.016505918367346942,0.0081928571428571,0.009,0.0004285714285713997,1,1,1,0,0,0
2025-11-16,12,8-14d,0.01,0.0104285714285714,0.016505918367346942,0.0082214285714285,0.009,0.0004285714285713997,1,1,1,0,0,0
2025-11-16,13,8-14d,0.01,0.0104285714285714,0.016505918367346942,0.0082214285714285,0.009,0.0004285714285713997,1,1,1,0,0,0
2025-11-16,14,8-14d,0.01,0.0104285714285714,0.016505918367346942,0.0082214285714285,0.009,0.0004285714285713997,1,1,1,0,0,0
2025-11-16,8,8-14d,0.295,0.1754285714285714,0.06360795918367347,0.1833428571428571,0.205,0.11957142857142858,0,1,1,0,0,0
2025-11-16,9,8-14d,0.296,0.1754285714285714,0.0640365306122449,0.1853428571428571,0.207,0.12057142857142858,0,1,1,0,0,0
2025-11-16,10,8-14d,0.297,0.1754285714285714,0.06446510204081633,0.1873142857142857,0.209,0.12157142857142858,0,1,1,0,0,0
2025-11-16,11,8-14d,0.299,0.1754285714285714,0.0653222448979592,0.1902428571428571,0.212,0.12357142857142858,0,1,1,0,0,0
2025-11-16,12,8-14d,0.3,0.1754285714285714,0.06575081632653061,0.1922428571428571,0.214,0.12457142857142858,0,1,1,0,0,0
2025-11-16,13,8-14d,0.301,0.1754285714285714,0.06617938775510204,0.1942428571428571,0.2159999999999999,0.12557142857142858,0,1,1,0,0,0
2025-11-16,14,8-14d,0.303,0.1754285714285714,0.0670365306122449,0.1972428571428571,0.2189999999999999,0.12757142857142859,0,1,1,0,0,0
2025-11-16,8,8-14d,0.72,0.7787142857142858,0.026465102040816372,0.1542285714285714,0.176,0.05871428571428583,0,1,1,0,0,0
2025-11-16,9,8-14d,0.719,0.7787142857142858,0.026893673469387803,0.1565142857142857,0.178,0.05971428571428583,0,1,1,0,0,0
2025-11-16,10,8-14d,0.717,0.7787142857142858,0.027750816326530658,0.1595142857142857,0.181,0.06171428571428583,0,1,1,0,0,0
2025-11-16,11,8-14d,0.715,0.7787142857142858,0.028607959183673516,0.1625142857142857,0.184,0.06371428571428583,0,1,1,0,0,0
2025-11-16,12,8-14d,0.714,0.7787142857142858,0.029036530612244947,0.1648714285714286,0.187,0.06471428571428584,0,1,1,0,0,0
2025-11-16,13,8-14d,0.712,0.7787142857142858,0.029893673469387805,0.1684071428571429,0.19,0.06671428571428584,0,1,1,0,0,0
2025-11-16,14,8-14d,0.71,0.7787142857142858,0.03075081632653066,0.1714071428571429,0.193,0.06871428571428584,0,1,1,0,0,0
2025-11-16,8,8-14d,0.018,0.0,0.020077346938775515,0.0062214285714285,0.011,0.018,0,1,1,0,0,1
2025-11-16,9,8-14d,0.018,0.0,0.020077346938775515,0.0062214285714285,0.011,0.018,0,1,1,0,0,1
2025-11-16,10,8-14d,0.018,0.0,0.020077346938775515,0.0062214285714285,0.011,0.018,0,1,1,0,0,1
2025-11-16,11,8-14d,0.018,0.0,0.020077346938775515,0.0064785714285714,0.011,0.018,0,1,1,0,0,1
2025-11-16,12,8-14d,0.017,0.0,0.019648775510204084,0.0057642857142857,0.01,0.017,0,1,1,0,0,1
2025-11-16,13,8-14d,0.017,0.0,0.019648775510204084,0.0059071428571428,0.011,0.017,0,1,1,0,0,1
2025-11-16,14,8-14d,0.017,0.0,0.019648775510204084,0.0059071428571428,0.011,0.017,0,1,1,0,0,1
2025-11-16,8,8-14d,0.005,0.0277142857142857,0.019689591836734695,0.00055,0.001,0.0227142857142857,1,1,1,1,1,1
2025-11-16,9,8-14d,0.005,0.0277142857142857,0.019689591836734695,0.00055,0.001,0.0227142857142857,1,1,1,1,1,1
2025-11-16,10,8-14d,0.005,0.0277142857142857,0.019689591836734695,0.00055,0.001,0.0227142857142857,1,1,1,1,1,1
2025-11-16,11,8-14d,0.005,0.0277142857142857,0.019689591836734695,0.0005428571428571,0.001,0.0227142857142857,1,1,1,1,1,1
2025-11-16,12,8-14d,0.005,0.0277142857142857,0.019689591836734695,0.0004714285714285,0.001,0.0227142857142857,1,1,1,1,1,1
2025-11-16,13,8-14d,0.005,0.0277142857142857,0.019689591836734695,0.0004714285714285,0.001,0.0227142857142857,1,1,1,1,1,1
2025-11-16,14,8-14d,0.005,0.0277142857142857,0.019689591836734695,0.0004714285714285,0.001,0.0227142857142857,1,1,1,1,1,1
2025-11-16,8,8-14d,0.284,0.1855714285714285,0.05454673469387757,0.1670142857142857,0.1859999999999999,0.09842857142857148,0,1,1,0,0,0
2025-11-16,9,8-14d,0.285,0.1855714285714285,0.054975306122449004,0.1690142857142857,0.1879999999999999,0.09942857142857148,0,1,1,0,0,0
2025-11-16,10,8-14d,0.286,0.1855714285714285,0.055403877551020435,0.1710142857142857,0.1899999999999999,0.10042857142857148,0,1,1,0,0,0
2025-11-16,11,8-14d,0.287,0.1855714285714285,0.055832448979591866,0.1728714285714285,0.1909999999999999,0.10142857142857148,0,1,1,0,0,0
2025-11-16,12,8-14d,0.288,0.1855714285714285,0.05626102040816329,0.1746142857142856,0.1929999999999999,0.10242857142857148,0,1,1,0,0,0
2025-11-16,13,8-14d,0.289,0.1855714285714285,0.05668959183673472,0.1763285714285714,0.1949999999999999,0.10342857142857148,0,1,1,0,0,0
2025-11-16,14,8-14d,0.29,0.1855714285714285,0.05711816326530615,0.1782928571428571,0.1969999999999999,0.10442857142857148,0,1,1,0,0,0
2025-11-16,8,8-14d,0.593,0.734,0.06173040816326531,0.2596142857142857,0.281,0.14100000000000001,0,1,1,0,0,0
2025-11-16,9,8-14d,0.589,0.734,0.06344469387755103,0.2648714285714286,0.286,0.14500000000000002,0,1,1,0,0,0
2025-11-16,10,8-14d,0.585,0.734,0.06515897959183674,0.2700142857142857,0.292,0.14900000000000002,0,1,1,0,0,0
2025-11-16,11,8-14d,0.58,0.734,0.06864877551020408,0.2765642857142857,0.298,0.15400000000000003,0,0,1,0,0,0
2025-11-16,12,8-14d,0.575,0.734,0.07222020408163266,0.2828714285714286,0.304,0.15900000000000003,0,0,1,0,0,0
2025-11-16,13,8-14d,0.571,0.734,0.07507734693877552,0.2882285714285714,0.31,0.16300000000000003,0,0,1,0,0,0
2025-11-16,14,8-14d,0.566,0.734,0.07864877551020409,0.2943,0.316,0.16800000000000004,0,0,1,0,0,0
2025-11-16,8,8-14d,0.013,0.0,0.018301836734693884,0.0085785714285714,0.009,0.013,1,1,1,0,0,0
2025-11-16,9,8-14d,0.013,0.0,0.018301836734693884,0.0087214285714285,0.0099999999999999,0.013,1,1,1,0,0,0
2025-11-16,10,8-14d,0.013,0.0,0.018301836734693884,0.0089785714285714,0.0099999999999999,0.013,1,1,1,0,0,0
2025-11-16,11,8-14d,0.013,0.0,0.018301836734693884,0.0089785714285714,0.0099999999999999,0.013,1,1,1,0,0,0
2025-11-16,12,8-14d,0.013,0.0,0.018301836734693884,0.0090071428571428,0.0099999999999999,0.013,1,1,1,0,0,0
2025-11-16,13,8-14d,0.013,0.0,0.018301836734693884,0.0090071428571428,0.0099999999999999,0.013,1,1,1,0,0,0
2025-11-16,14,8-14d,0.013,0.0,0.018301836734693884,0.0090071428571428,0.0099999999999999,0.013,1,1,1,0,0,0
2025-11-16,8,8-14d,0.011,0.0,0.0180161224489796,0.0049785714285714,0.0059999999999999,0.011,1,1,1,0,0,0
2025-11-16,9,8-14d,0.011,0.0,0.0180161224489796,0.0049785714285714,0.0059999999999999,0.011,1,1,1,0,0,0
2025-11-16,10,8-14d,0.01,0.0,0.017873265306122457,0.0045,0.005,0.01,1,1,1,0,0,0
2025-11-16,11,8-14d,0.01,0.0,0.017873265306122457,0.0045,0.005,0.01,1,1,1,0,0,0
2025-11-16,12,8-14d,0.01,0.0,0.017873265306122457,0.0045714285714285,0.005,0.01,1,1,1,0,0,0
2025-11-16,13,8-14d,0.01,0.0,0.017873265306122457,0.0048285714285714,0.005,0.01,1,1,1,0,0,0
2025-11-16,14,8-14d,0.009,0.0,0.017730408163265314,0.0038285714285714,0.0039999999999999,0.009,1,1,1,0,0,0
2025-11-16,8,8-14d,0.084,0.0952857142857142,0.018056938775510196,0.0359642857142857,0.04,0.01128571428571419,1,1,1,0,0,0
2025-11-16,9,8-14d,0.084,0.0952857142857142,0.018056938775510196,0.0368928571428571,0.041,0.01128571428571419,1,1,1,0,0,0
2025-11-16,10,8-14d,0.083,0.0952857142857142,0.01819979591836734,0.0364642857142857,0.04,0.012285714285714192,1,1,1,0,0,0
2025-11-16,11,8-14d,0.083,0.0952857142857142,0.01819979591836734,0.0368928571428571,0.041,0.012285714285714192,1,1,1,0,0,0
2025-11-16,12,8-14d,0.082,0.0952857142857142,0.01834265306122448,0.0367428571428571,0.04,0.013285714285714192,1,1,1,0,0,0
2025-11-16,13,8-14d,0.082,0.0952857142857142,0.01834265306122448,0.0368928571428571,0.041,0.013285714285714192,1,1,1,0,0,0
2025-11-16,14,8-14d,0.082,0.0952857142857142,0.01834265306122448,0.0377428571428571,0.041,0.013285714285714192,1,1,1,0,0,0
2025-11-16,8,8-14d,0.86,0.8332857142857143,0.023812040816326513,0.059,0.064,0.02671428571428569,0,1,1,0,0,0
2025-11-16,9,8-14d,0.861,0.8332857142857143,0.02424061224489794,0.059,0.064,0.02771428571428569,0,1,1,0,0,0
2025-11-16,10,8-14d,0.862,0.8332857142857143,0.02466918367346937,0.059,0.064,0.028714285714285692,0,1,1,0,0,0
2025-11-16,11,8-14d,0.862,0.8332857142857143,0.02466918367346937,0.0602142857142857,0.065,0.028714285714285692,0,1,1,0,0,0
2025-11-16,12,8-14d,0.863,0.8332857142857143,0.0250977551020408,0.0602142857142857,0.065,0.029714285714285693,0,1,1,0,0,0
2025-11-16,13,8-14d,0.864,0.8332857142857143,0.02552632653061223,0.0602142857142857,0.065,0.030714285714285694,0,1,1,0,0,0
2025-11-16,14,8-14d,0.865,0.8332857142857143,0.025954897959183657,0.0602142857142857,0.065,0.031714285714285695,0,1,1,0,0,0
2025-11-16,8,8-14d,0.01,0.0,0.017873265306122457,0.0060071428571428,0.007,0.01,1,1,1,0,0,0
2025-11-16,9,8-14d,0.009,0.0,0.017730408163265314,0.0050071428571428,0.0059999999999999,0.009,1,1,1,0,0,0
2025-11-16,10,8-14d,0.009,0.0,0.017730408163265314,0.0050071428571428,0.0059999999999999,0.009,1,1,1,0,0,0
2025-11-16,11,8-14d,0.009,0.0,0.017730408163265314,0.0052928571428571,0.0059999999999999,0.009,1,1,1,0,0,0
2025-11-16,12,8-14d,0.009,0.0,0.017730408163265314,0.0052928571428571,0.0059999999999999,0.009,1,1,1,0,0,0
2025-11-16,13,8-14d,0.009,0.0,0.017730408163265314,0.0052928571428571,0.0059999999999999,0.009,1,1,1,0,0,0
2025-11-16,14,8-14d,0.009,0.0,0.017730408163265314,0.0055714285714285,0.0059999999999999,0.009,1,1,1,0,0,0
2025-11-16,8,8-14d,0.005,0.0,0.01715897959183674,0.0025,0.003,0.005,1,1,1,0,0,0
2025-11-16,9,8-14d,0.005,0.0,0.01715897959183674,0.0025,0.003,0.005,1,1,1,0,0,0
2025-11-16,10,8-14d,0.005,0.0,0.01715897959183674,0.0027571428571428,0.003,0.005,1,1,1,0,0,0
2025-11-16,11,8-14d,0.004,0.0,0.0170161224489796,0.0017571428571428,0.002,0.004,1,1,1,0,0,0
2025-11-16,12,8-14d,0.004,0.0,0.0170161224489796,0.0018285714285714,0.002,0.004,1,1,1,0,0,0
2025-11-16,13,8-14d,0.004,0.0,0.0170161224489796,0.0018285714285714,0.002,0.004,1,1,1,0,0,0
2025-11-16,14,8-14d,0.004,0.0,0.0170161224489796,0.0018285714285714,0.002,0.004,1,1,1,0,0,0
2025-11-16,8,8-14d,0.184,0.1642857142857142,0.02081204081632657,0.07515,0.0829999999999999,0.019714285714285795,0,1,1,0,0,0
2025-11-16,9,8-14d,0.184,0.1642857142857142,0.02081204081632657,0.0755999999999999,0.0839999999999999,0.019714285714285795,0,1,1,0,0,0
2025-11-16,10,8-14d,0.185,0.1642857142857142,0.021240612244898,0.0774285714285714,0.0849999999999999,0.020714285714285796,0,1,1,0,0,0
2025-11-16,11,8-14d,0.185,0.1642857142857142,0.021240612244898,0.0781499999999999,0.086,0.020714285714285796,0,1,1,0,0,0
2025-11-16,12,8-14d,0.185,0.1642857142857142,0.021240612244898,0.0789357142857142,0.087,0.020714285714285796,0,1,1,0,0,0
2025-11-16,13,8-14d,0.186,0.1642857142857142,0.021669183673469428,0.0805999999999999,0.089,0.021714285714285797,0,1,1,0,0,0
2025-11-16,14,8-14d,0.186,0.1642857142857142,0.021669183673469428,0.0811499999999999,0.089,0.021714285714285797,0,1,1,0,0,0
2025-11-16,8,8-14d,0.773,0.8357142857142856,0.028179387755102,0.0924142857142856,0.0999999999999999,0.06271428571428561,0,1,1,0,0,0
2025-11-16,9,8-14d,0.772,0.8357142857142856,0.028607959183673426,0.0944142857142856,0.1019999999999999,0.06371428571428561,0,1,1,0,0,0
2025-11-16,10,8-14d,0.772,0.8357142857142856,0.028607959183673426,0.0954857142857142,0.1029999999999999,0.06371428571428561,0,1,1,0,0,0
2025-11-16,11,8-14d,0.772,0.8357142857142856,0.028607959183673426,0.0964857142857142,0.1039999999999999,0.06371428571428561,0,1,1,0,0,0
2025-11-16,12,8-14d,0.772,0.8357142857142856,0.028607959183673426,0.0974857142857142,0.1049999999999999,0.06371428571428561,0,1,1,0,0,0
2025-11-16,13,8-14d,0.772,0.8357142857142856,0.028607959183673426,0.0984857142857142,0.1059999999999999,0.06371428571428561,0,1,1,0,0,0
2025-11-16,14,8-14d,0.771,0.8357142857142856,0.029036530612244853,0.1006357142857142,0.1089999999999999,0.06471428571428561,0,1,1,0,0,0
2025-11-16,15,15-21d,0.014,0.018,0.019376683673469387,0.0075642857142857,0.01,0.003999999999999998,1,1,1,0,0,0
2025-11-16,16,15-21d,0.014,0.018,0.019376683673469387,0.0077357142857142,0.011,0.003999999999999998,1,1,1,0,0,0
2025-11-16,17,15-21d,0.014,0.018,0.019376683673469387,0.0077357142857142,0.011,0.003999999999999998,1,1,1,0,0,0
2025-11-16,18,15-21d,0.014,0.018,0.019376683673469387,0.0082714285714285,0.011,0.003999999999999998,1,1,1,0,0,0
2025-11-16,19,15-21d,0.014,0.018,0.019376683673469387,0.0082714285714285,0.011,0.003999999999999998,1,1,1,0,0,0
2025-11-16,20,15-21d,0.014,0.018,0.019376683673469387,0.0082714285714285,0.011,0.003999999999999998,1,1,1,0,0,0
2025-11-16,21,15-21d,0.014,0.018,0.019376683673469387,0.0084857142857142,0.011,0.003999999999999998,1,1,1,0,0,0
2025-11-16,15,15-21d,0.01,0.0104285714285714,0.018866479591836727,0.0082214285714285,0.009,0.0004285714285713997,1,1,1,0,0,0
2025-11-16,16,15-21d,0.01,0.0104285714285714,0.018866479591836727,0.0082214285714285,0.009,0.0004285714285713997,1,1,1,0,0,0
2025-11-16,17,15-21d,0.01,0.0104285714285714,0.018866479591836727,0.0082214285714285,0.009,0.0004285714285713997,1,1,1,0,0,0
2025-11-16,18,15-21d,0.01,0.0104285714285714,0.018866479591836727,0.0082214285714285,0.009,0.0004285714285713997,1,1,1,0,0,0
2025-11-16,19,15-21d,0.01,0.0104285714285714,0.018866479591836727,0.0085,0.009,0.0004285714285713997,1,1,1,0,0,0
2025-11-16,20,15-21d,0.01,0.0104285714285714,0.018866479591836727,0.0085,0.009,0.0004285714285713997,1,1,1,0,0,0
2025-11-16,21,15-21d,0.01,0.0104285714285714,0.018866479591836727,0.0085,0.009,0.0004285714285713997,1,1,1,0,0,0
2025-11-16,15,15-21d,0.304,0.1754285714285714,0.06933586734693878,0.1984928571428571,0.2209999999999999,0.1285714285714286,0,1,1,0,0,0
2025-11-16,16,15-21d,0.306,0.1754285714285714,0.07019301020408164,0.2014928571428571,0.2239999999999999,0.1305714285714286,0,1,1,0,0,0
2025-11-16,17,15-21d,0.307,0.1754285714285714,0.07062158163265307,0.2034928571428571,0.2259999999999999,0.1315714285714286,0,1,1,0,0,0
2025-11-16,18,15-21d,0.308,0.1754285714285714,0.0710501530612245,0.2054571428571428,0.2279999999999999,0.1325714285714286,0,1,1,0,0,0
2025-11-16,19,15-21d,0.31,0.1754285714285714,0.07190729591836735,0.2082428571428571,0.2299999999999999,0.1345714285714286,0,1,1,0,0,0
2025-11-16,20,15-21d,0.311,0.1754285714285714,0.07233586734693878,0.2102428571428571,0.2319999999999999,0.1355714285714286,0,1,1,0,0,0
2025-11-16,21,15-21d,0.312,0.1754285714285714,0.07276443877551021,0.2122428571428571,0.2339999999999999,0.1365714285714286,0,1,1,0,0,0
2025-11-16,15,15-21d,0.708,0.7787142857142858,0.03128484693877559,0.1744071428571429,0.196,0.07071428571428584,0,1,1,0,0,0
2025-11-16,16,15-21d,0.707,0.7787142857142858,0.03171341836734702,0.1764071428571429,0.198,0.07171428571428584,0,1,1,0,0,0
2025-11-16,17,15-21d,0.706,0.7787142857142858,0.032141989795918445,0.1784071428571429,0.2,0.07271428571428584,0,1,1,0,0,0
2025-11-16,18,15-21d,0.705,0.7787142857142858,0.032570561224489876,0.1808785714285714,0.202,0.07371428571428584,0,1,1,0,0,0
2025-11-16,19,15-21d,0.703,0.7787142857142858,0.03342770408163274,0.1838785714285715,0.205,0.07571428571428584,0,1,1,0,0,0
2025-11-16,20,15-21d,0.702,0.7787142857142858,0.03385627551020416,0.1858785714285714,0.207,0.07671428571428585,0,1,1,0,0,0
2025-11-16,21,15-21d,0.701,0.7787142857142858,0.03428484693877559,0.1880928571428572,0.21,0.07771428571428585,0,1,1,0,0,0
2025-11-16,15,15-21d,0.017,0.0,0.021519540816326527,0.0061142857142857,0.011,0.017,0,1,1,0,0,1
2025-11-16,16,15-21d,0.017,0.0,0.021519540816326527,0.0061142857142857,0.011,0.017,0,1,1,0,0,1
2025-11-16,17,15-21d,0.017,0.0,0.021519540816326527,0.0061142857142857,0.011,0.017,0,1,1,0,0,1
2025-11-16,18,15-21d,0.017,0.0,0.021519540816326527,0.0064785714285714,0.011,0.017,0,1,1,0,0,1
2025-11-16,19,15-21d,0.016,0.0,0.021090969387755096,0.0057642857142857,0.01,0.016,1,1,1,0,0,1
2025-11-16,20,15-21d,0.016,0.0,0.021090969387755096,0.0057642857142857,0.01,0.016,1,1,1,0,0,1
2025-11-16,21,15-21d,0.016,0.0,0.021090969387755096,0.0057642857142857,0.01,0.016,1,1,1,0,0,1
2025-11-16,15,15-21d,0.005,0.0277142857142857,0.022050153061224483,0.0006142857142857,0.002,0.0227142857142857,1,1,1,1,1,1
2025-11-16,16,15-21d,0.004,0.0277142857142857,0.022193010204081626,0.0004428571428571,0.001,0.0237142857142857,1,1,1,1,1,1
2025-11-16,17,15-21d,0.004,0.0277142857142857,0.022193010204081626,0.0005142857142857,0.001,0.0237142857142857,1,1,1,1,1,1
2025-11-16,18,15-21d,0.004,0.0277142857142857,0.022193010204081626,0.0005142857142857,0.001,0.0237142857142857,1,1,1,1,1,1
2025-11-16,19,15-21d,0.004,0.0277142857142857,0.022193010204081626,0.0005142857142857,0.001,0.0237142857142857,1,1,1,1,1,1
2025-11-16,20,15-21d,0.004,0.0277142857142857,0.022193010204081626,0.0004428571428571,0.001,0.0237142857142857,1,1,1,1,1,1
2025-11-16,21,15-21d,0.004,0.0277142857142857,0.022193010204081626,0.0004428571428571,0.001,0.0237142857142857,1,1,1,1,1,1
2025-11-16,15,15-21d,0.291,0.1855714285714285,0.05941750000000001,0.1800142857142856,0.1989999999999999,0.10542857142857148,0,1,1,0,0,0
2025-11-16,16,15-21d,0.292,0.1855714285714285,0.05984607142857144,0.1820142857142856,0.2009999999999999,0.10642857142857148,0,1,1,0,0,0
2025-11-16,17,15-21d,0.292,0.1855714285714285,0.05984607142857144,0.1830142857142857,0.2019999999999999,0.10642857142857148,0,1,1,0,0,0
2025-11-16,18,15-21d,0.293,0.1855714285714285,0.06027464285714287,0.1847571428571428,0.204,0.10742857142857148,0,1,1,0,0,0
2025-11-16,19,15-21d,0.294,0.1855714285714285,0.0607032142857143,0.18675,0.206,0.10842857142857149,0,1,1,0,0,0
2025-11-16,20,15-21d,0.294,0.1855714285714285,0.0607032142857143,0.18775,0.207,0.10842857142857149,0,1,1,0,0,0
2025-11-16,21,15-21d,0.295,0.1855714285714285,0.06113178571428573,0.1897214285714285,0.209,0.10942857142857149,0,1,1,0,0,0
2025-11-16,15,15-21d,0.561,0.734,0.07849709183673469,0.3005571428571428,0.3219999999999999,0.17299999999999993,0,0,1,0,0,0
2025-11-16,16,15-21d,0.556,0.734,0.08206852040816326,0.3065642857142857,0.3279999999999999,0.17799999999999994,0,0,1,0,0,0
2025-11-16,17,15-21d,0.552,0.734,0.08492566326530612,0.3119214285714285,0.3339999999999999,0.18199999999999994,0,0,1,0,0,0
2025-11-16,18,15-21d,0.547,0.734,0.0884970918367347,0.3179499999999999,0.3399999999999999,0.18699999999999994,0,0,1,0,0,0
2025-11-16,19,15-21d,0.543,0.734,0.09135423469387756,0.32295,0.345,0.19099999999999995,0,0,1,0,0,0
2025-11-16,20,15-21d,0.538,0.734,0.09492566326530613,0.3292999999999999,0.351,0.19599999999999995,0,0,1,0,0,0
2025-11-16,21,15-21d,0.534,0.734,0.09778280612244898,0.3342999999999999,0.356,0.19999999999999996,0,0,1,0,0,0
2025-11-16,15,15-21d,0.013,0.0,0.02066239795918367,0.0090071428571428,0.0099999999999999,0.013,1,1,1,0,0,0
2025-11-16,16,15-21d,0.012,0.0,0.020519540816326527,0.0082857142857142,0.009,0.012,1,1,1,0,0,0
2025-11-16,17,15-21d,0.012,0.0,0.020519540816326527,0.0085714285714285,0.009,0.012,1,1,1,0,0,0
2025-11-16,18,15-21d,0.012,0.0,0.020519540816326527,0.0085714285714285,0.009,0.012,1,1,1,0,0,0
2025-11-16,19,15-21d,0.012,0.0,0.020519540816326527,0.0085714285714285,0.009,0.012,1,1,1,0,0,0
2025-11-16,20,15-21d,0.012,0.0,0.020519540816326527,0.0085714285714285,0.009,0.012,1,1,1,0,0,0
2025-11-16,21,15-21d,0.012,0.0,0.020519540816326527,0.0085714285714285,0.009,0.012,1,1,1,0,0,0
2025-11-16,15,15-21d,0.009,0.0,0.020090969387755096,0.0039714285714285,0.0049999999999999,0.009,1,1,1,0,0,0
2025-11-16,16,15-21d,0.009,0.0,0.020090969387755096,0.0042571428571428,0.0049999999999999,0.009,1,1,1,0,0,0
2025-11-16,17,15-21d,0.009,0.0,0.020090969387755096,0.0044714285714285,0.0049999999999999,0.009,1,1,1,0,0,0
2025-11-16,18,15-21d,0.009,0.0,0.020090969387755096,0.0045,0.0049999999999999,0.009,1,1,1,0,0,0
2025-11-16,19,15-21d,0.008,0.0,0.019948112244897953,0.0035,0.004,0.008,1,1,1,0,0,0
2025-11-16,20,15-21d,0.008,0.0,0.019948112244897953,0.0038285714285714,0.004,0.008,1,1,1,0,0,0
2025-11-16,21,15-21d,0.008,0.0,0.019948112244897953,0.0038285714285714,0.004,0.008,1,1,1,0,0,0
2025-11-16,15,15-21d,0.081,0.0952857142857142,0.020846071428571412,0.0371071428571428,0.041,0.014285714285714193,1,1,1,0,0,0
2025-11-16,16,15-21d,0.081,0.0952857142857142,0.020846071428571412,0.0377428571428571,0.041,0.014285714285714193,1,1,1,0,0,0
2025-11-16,17,15-21d,0.08,0.0952857142857142,0.020988928571428554,0.0373642857142857,0.041,0.015285714285714194,1,1,1,0,0,0
2025-11-16,18,15-21d,0.08,0.0952857142857142,0.020988928571428554,0.0378857142857142,0.042,0.015285714285714194,1,1,1,0,0,0
2025-11-16,19,15-21d,0.08,0.0952857142857142,0.020988928571428554,0.0386428571428571,0.042,0.015285714285714194,1,1,1,0,0,0
2025-11-16,20,15-21d,0.079,0.0952857142857142,0.021131785714285697,0.0378857142857142,0.042,0.016285714285714195,1,1,1,0,0,0
2025-11-16,21,15-21d,0.079,0.0952857142857142,0.021131785714285697,0.0386428571428571,0.042,0.016285714285714195,1,1,1,0,0,0
2025-11-16,15,15-21d,0.865,0.8332857142857143,0.027825663265306104,0.0612142857142857,0.066,0.031714285714285695,0,1,1,0,0,0
2025-11-16,16,15-21d,0.866,0.8332857142857143,0.02825423469387753,0.0612142857142857,0.066,0.032714285714285696,0,1,1,0,0,0
2025-11-16,17,15-21d,0.867,0.8332857142857143,0.028682806122448962,0.0612142857142857,0.066,0.0337142857142857,0,1,1,0,0,0
2025-11-16,18,15-21d,0.867,0.8332857142857143,0.028682806122448962,0.0619357142857143,0.067,0.0337142857142857,0,1,1,0,0,0
2025-11-16,19,15-21d,0.868,0.8332857142857143,0.02911137755102039,0.0619357142857143,0.067,0.0347142857142857,0,1,1,0,0,0
2025-11-16,20,15-21d,0.869,0.8332857142857143,0.029539948979591817,0.0618642857142857,0.067,0.0357142857142857,0,1,1,0,0,0
2025-11-16,21,15-21d,0.87,0.8332857142857143,0.029968520408163248,0.06165,0.067,0.0367142857142857,0,1,1,0,0,0
2025-11-16,15,15-21d,0.009,0.0,0.020090969387755096,0.0055714285714285,0.0059999999999999,0.009,1,1,1,0,0,0
2025-11-16,16,15-21d,0.009,0.0,0.020090969387755096,0.0058285714285714,0.0059999999999999,0.009,1,1,1,0,0,0
2025-11-16,17,15-21d,0.009,0.0,0.020090969387755096,0.0058285714285714,0.0059999999999999,0.009,1,1,1,0,0,0
2025-11-16,18,15-21d,0.009,0.0,0.020090969387755096,0.0058285714285714,0.0059999999999999,0.009,1,1,1,0,0,0
2025-11-16,19,15-21d,0.009,0.0,0.020090969387755096,0.0058285714285714,0.0059999999999999,0.009,1,1,1,0,0,0
2025-11-16,20,15-21d,0.009,0.0,0.020090969387755096,0.0058357142857142,0.0059999999999999,0.009,1,1,1,0,0,0
2025-11-16,21,15-21d,0.009,0.0,0.020090969387755096,0.0059785714285714,0.0069999999999999,0.009,1,1,1,0,0,0
2025-11-16,15,15-21d,0.004,0.0,0.019376683673469387,0.0018285714285714,0.002,0.004,1,1,1,0,0,0
2025-11-16,16,15-21d,0.004,0.0,0.019376683673469387,0.0021071428571428,0.002,0.004,1,1,1,0,0,0
2025-11-16,17,15-21d,0.004,0.0,0.019376683673469387,0.0021071428571428,0.002,0.004,1,1,1,0,0,0
2025-11-16,18,15-21d,0.004,0.0,0.019376683673469387,0.00225,0.003,0.004,1,1,1,0,0,0
2025-11-16,19,15-21d,0.004,0.0,0.019376683673469387,0.00225,0.003,0.004,1,1,1,0,0,0
2025-11-16,20,15-21d,0.004,0.0,0.019376683673469387,0.00225,0.003,0.004,1,1,1,0,0,0
2025-11-16,21,15-21d,0.004,0.0,0.019376683673469387,0.00225,0.003,0.004,1,1,1,0,0,0
2025-11-16,15,15-21d,0.187,0.1642857142857142,0.023968520408163295,0.0826785714285714,0.091,0.022714285714285798,0,1,1,0,0,0
2025-11-16,16,15-21d,0.187,0.1642857142857142,0.023968520408163295,0.0836071428571428,0.092,0.022714285714285798,0,1,1,0,0,0
2025-11-16,17,15-21d,0.187,0.1642857142857142,0.023968520408163295,0.08415,0.092,0.022714285714285798,0,1,1,0,0,0
2025-11-16,18,15-21d,0.187,0.1642857142857142,0.023968520408163295,0.0846785714285714,0.093,0.022714285714285798,0,1,1,0,0,0
2025-11-16,19,15-21d,0.188,0.1642857142857142,0.024397091836734722,0.0866785714285714,0.095,0.0237142857142858,0,1,1,0,0,0
2025-11-16,20,15-21d,0.188,0.1642857142857142,0.024397091836734722,0.0871499999999999,0.095,0.0237142857142858,0,1,1,0,0,0
2025-11-16,21,15-21d,0.188,0.1642857142857142,0.024397091836734722,0.0876785714285714,0.096,0.0237142857142858,0,1,1,0,0,0
2025-11-16,15,15-21d,0.771,0.8357142857142856,0.028713418367346925,0.1016642857142857,0.1099999999999999,0.06471428571428561,0,1,1,0,0,0
2025-11-16,16,15-21d,0.771,0.8357142857142856,0.028713418367346925,0.1026642857142857,0.1109999999999999,0.06471428571428561,0,1,1,0,0,0
2025-11-16,17,15-21d,0.771,0.8357142857142856,0.028713418367346925,0.1036642857142857,0.1119999999999999,0.06471428571428561,0,1,1,0,0,0
2025-11-16,18,15-21d,0.771,0.8357142857142856,0.028713418367346925,0.1043857142857142,0.1129999999999999,0.06471428571428561,0,1,1,0,0,0
2025-11-16,19,15-21d,0.77,0.8357142857142856,0.029141989795918356,0.1063857142857142,0.1149999999999999,0.06571428571428561,0,1,1,0,0,0
2025-11-16,20,15-21d,0.77,0.8357142857142856,0.029141989795918356,0.1073857142857142,0.1159999999999999,0.06571428571428561,0,1,1,0,0,0
2025-11-16,21,15-21d,0.77,0.8357142857142856,0.029141989795918356,0.1083857142857142,0.1169999999999999,0.06571428571428561,0,1,1,0,0,0
2025-11-16,22,22-30d,0.014,0.018,0.02188869897959184,0.0084857142857142,0.011,0.003999999999999998,1,1,1,0,0,0
2025-11-16,23,22-30d,0.014,0.018,0.02188869897959184,0.0084857142857142,0.011,0.003999999999999998,1,1,1,0,0,0
2025-11-16,24,22-30d,0.014,0.018,0.02188869897959184,0.0084857142857142,0.011,0.003999999999999998,1,1,1,0,0,0
2025-11-16,25,22-30d,0.014,0.018,0.02188869897959184,0.0084857142857142,0.011,0.003999999999999998,1,1,1,0,0,0
2025-11-16,26,22-30d,0.014,0.018,0.02188869897959184,0.0084857142857142,0.011,0.003999999999999998,1,1,1,0,0,0
2025-11-16,27,22-30d,0.014,0.018,0.02188869897959184,0.0084857142857142,0.011,0.003999999999999998,1,1,1,0,0,0
2025-11-16,28,22-30d,0.014,0.018,0.02188869897959184,0.0084857142857142,0.011,0.003999999999999998,1,1,1,0,0,0
2025-11-16,29,22-30d,0.014,0.018,0.02188869897959184,0.0087642857142857,0.011,0.003999999999999998,1,1,1,0,0,0
2025-11-16,30,22-30d,0.014,0.018,0.02188869897959184,0.0087642857142857,0.011,0.003999999999999998,1,1,1,0,0,0
2025-11-16,22,22-30d,0.01,0.0104285714285714,0.021378494897959184,0.0088285714285714,0.009,0.0004285714285713997,1,1,1,0,0,0
2025-11-16,23,22-30d,0.01,0.0104285714285714,0.021378494897959184,0.0088285714285714,0.009,0.0004285714285713997,1,1,1,0,0,0
2025-11-16,24,22-30d,0.01,0.0104285714285714,0.021378494897959184,0.0088285714285714,0.009,0.0004285714285713997,1,1,1,0,0,0
2025-11-16,25,22-30d,0.01,0.0104285714285714,0.021378494897959184,0.0088285714285714,0.009,0.0004285714285713997,1,1,1,0,0,0
2025-11-16,26,22-30d,0.01,0.0104285714285714,0.021378494897959184,0.0088285714285714,0.009,0.0004285714285713997,1,1,1,0,0,0
2025-11-16,27,22-30d,0.01,0.0104285714285714,0.021378494897959184,0.0088285714285714,0.009,0.0004285714285713997,1,1,1,0,0,0
2025-11-16,28,22-30d,0.01,0.0104285714285714,0.021378494897959184,0.0088285714285714,0.009,0.0004285714285713997,1,1,1,0,0,0
2025-11-16,29,22-30d,0.01,0.0104285714285714,0.021378494897959184,0.0088285714285714,0.009,0.0004285714285713997,1,1,1,0,0,0
2025-11-16,30,22-30d,0.01,0.0104285714285714,0.021378494897959184,0.0088285714285714,0.009,0.0004285714285713997,1,1,1,0,0,0
2025-11-16,22,22-30d,0.314,0.1754285714285714,0.076500943877551,0.2149642857142857,0.237,0.1385714285714286,0,1,1,0,0,0
2025-11-16,23,22-30d,0.315,0.1754285714285714,0.07692951530612245,0.2169357142857143,0.239,0.1395714285714286,0,1,1,0,0,0
2025-11-16,24,22-30d,0.316,0.1754285714285714,0.07735808673469387,0.2189285714285714,0.241,0.1405714285714286,0,1,1,0,0,0
2025-11-16,25,22-30d,0.317,0.1754285714285714,0.07778665816326531,0.2209285714285714,0.243,0.1415714285714286,0,1,1,0,0,0
2025-11-16,26,22-30d,0.319,0.1754285714285714,0.07864380102040816,0.2237857142857142,0.245,0.1435714285714286,0,1,1,0,0,0
2025-11-16,27,22-30d,0.32,0.1754285714285714,0.07907237244897958,0.2255428571428571,0.247,0.1445714285714286,0,1,1,0,0,0
2025-11-16,28,22-30d,0.321,0.1754285714285714,0.07950094387755102,0.2271857142857143,0.249,0.1455714285714286,0,1,1,0,0,0
2025-11-16,29,22-30d,0.323,0.1754285714285714,0.08035808673469388,0.2301857142857142,0.252,0.1475714285714286,0,1,1,0,0,0
2025-11-16,30,22-30d,0.324,0.1754285714285714,0.08078665816326529,0.2320428571428571,0.253,0.1485714285714286,0,1,1,0,0,0
2025-11-16,22,22-30d,0.7,0.7787142857142858,0.03256216836734696,0.1900928571428572,0.212,0.07871428571428585,1,1,1,0,0,0
2025-11-16,23,22-30d,0.699,0.7787142857142858,0.03270502551020411,0.1920928571428571,0.214,0.07971428571428585,1,1,1,0,0,0
2025-11-16,24,22-30d,0.698,0.7787142857142858,0.03301114795918376,0.1938071428571429,0.216,0.08071428571428585,0,1,1,0,0,0
2025-11-16,25,22-30d,0.697,0.7787142857142858,0.03343971938775518,0.1958071428571428,0.218,0.08171428571428585,0,1,1,0,0,0
2025-11-16,26,22-30d,0.696,0.7787142857142858,0.03386829081632661,0.1978071428571429,0.22,0.08271428571428585,0,1,1,0,0,0
2025-11-16,27,22-30d,0.695,0.7787142857142858,0.034296862244898044,0.1997357142857143,0.2220000000000001,0.08371428571428585,0,1,1,0,0,0
2025-11-16,28,22-30d,0.694,0.7787142857142858,0.03472543367346947,0.2017357142857143,0.2240000000000001,0.08471428571428585,0,1,1,0,0,0
2025-11-16,29,22-30d,0.693,0.7787142857142858,0.0351540051020409,0.2037285714285715,0.2260000000000001,0.08571428571428585,0,1,1,0,0,0
2025-11-16,30,22-30d,0.692,0.7787142857142858,0.03558257653061233,0.2057285714285714,0.2280000000000001,0.08671428571428585,0,1,1,0,0,0
2025-11-16,22,22-30d,0.016,0.0,0.023970331632653042,0.0057642857142857,0.01,0.016,0,1,1,0,0,1
2025-11-16,23,22-30d,0.016,0.0,0.023970331632653042,0.0057642857142857,0.01,0.016,0,1,1,0,0,1
2025-11-16,24,22-30d,0.016,0.0,0.023970331632653042,0.0057642857142857,0.01,0.016,0,1,1,0,0,1
2025-11-16,25,22-30d,0.015,0.0,0.02354176020408161,0.0054071428571428,0.0099999999999999,0.015,0,1,1,0,0,1
2025-11-16,26,22-30d,0.015,0.0,0.02354176020408161,0.0054071428571428,0.0099999999999999,0.015,0,1,1,0,0,1
2025-11-16,27,22-30d,0.015,0.0,0.02354176020408161,0.0056571428571428,0.0099999999999999,0.015,0,1,1,0,0,1
2025-11-16,28,22-30d,0.015,0.0,0.02354176020408161,0.0056571428571428,0.0099999999999999,0.015,0,1,1,0,0,1
2025-11-16,29,22-30d,0.015,0.0,0.02354176020408161,0.0056571428571428,0.0099999999999999,0.015,0,1,1,0,0,1
2025-11-16,30,22-30d,0.014,0.0,0.02331727040816327,0.0049428571428571,0.009,0.014,1,1,1,0,0,1
2025-11-16,22,22-30d,0.004,0.0277142857142857,0.024705025510204086,0.0004428571428571,0.001,0.0237142857142857,1,1,1,1,1,1
2025-11-16,23,22-30d,0.004,0.0277142857142857,0.024705025510204086,0.0004428571428571,0.001,0.0237142857142857,1,1,1,1,1,1
2025-11-16,24,22-30d,0.004,0.0277142857142857,0.024705025510204086,0.0004142857142857,0.001,0.0237142857142857,1,1,1,1,1,1
2025-11-16,25,22-30d,0.003,0.0277142857142857,0.02484788265306123,0.0002714285714285,0.0,0.024714285714285703,1,1,1,1,1,1
2025-11-16,26,22-30d,0.003,0.0277142857142857,0.02484788265306123,0.0002928571428571,0.0,0.024714285714285703,1,1,1,1,1,1
2025-11-16,27,22-30d,0.003,0.0277142857142857,0.02484788265306123,0.0004357142857142,0.001,0.024714285714285703,1,1,1,1,1,1
2025-11-16,28,22-30d,0.003,0.0277142857142857,0.02484788265306123,0.0004357142857142,0.001,0.024714285714285703,1,1,1,1,1,1
2025-11-16,29,22-30d,0.003,0.0277142857142857,0.02484788265306123,0.0004357142857142,0.001,0.024714285714285703,1,1,1,1,1,1
2025-11-16,30,22-30d,0.003,0.0277142857142857,0.02484788265306123,0.0004357142857142,0.001,0.024714285714285703,1,1,1,1,1,1
2025-11-16,22,22-30d,0.296,0.1855714285714285,0.06443971938775511,0.1913642857142856,0.21,0.11042857142857149,0,1,1,0,0,0
2025-11-16,23,22-30d,0.297,0.1855714285714285,0.06486829081632654,0.1930142857142857,0.2119999999999999,0.11142857142857149,0,1,1,0,0,0
2025-11-16,24,22-30d,0.299,0.1855714285714285,0.0657254336734694,0.1957214285714285,0.2149999999999999,0.11342857142857149,0,1,1,0,0,0
2025-11-16,25,22-30d,0.3,0.1855714285714285,0.06615400510204082,0.1977214285714285,0.2169999999999999,0.11442857142857149,0,1,1,0,0,0
2025-11-16,26,22-30d,0.301,0.1855714285714285,0.06658257653061225,0.1997214285714285,0.2189999999999999,0.11542857142857149,0,1,1,0,0,0
2025-11-16,27,22-30d,0.301,0.1855714285714285,0.06658257653061225,0.2007142857142856,0.2199999999999999,0.11542857142857149,0,1,1,0,0,0
2025-11-16,28,22-30d,0.301,0.1855714285714285,0.06658257653061225,0.2013571428571428,0.2199999999999999,0.11542857142857149,0,1,1,0,0,0
2025-11-16,29,22-30d,0.3,0.1855714285714285,0.06615400510204082,0.2012857142857143,0.2199999999999999,0.11442857142857149,0,1,1,0,0,0
2025-11-16,30,22-30d,0.3,0.1855714285714285,0.06615400510204082,0.20175,0.2209999999999999,0.11442857142857149,0,1,1,0,0,0
2025-11-16,22,22-30d,0.529,0.734,0.09646829081632653,0.3406571428571427,0.363,0.20499999999999996,0,0,1,0,0,0
2025-11-16,23,22-30d,0.524,0.734,0.10003971938775509,0.3466571428571428,0.369,0.20999999999999996,0,0,1,0,0,0
2025-11-16,24,22-30d,0.52,0.734,0.10289686224489794,0.3516571428571428,0.374,0.21399999999999997,0,0,1,0,0,0
2025-11-16,25,22-30d,0.515,0.734,0.10646829081632654,0.3576571428571428,0.38,0.21899999999999997,0,0,1,0,0,0
2025-11-16,26,22-30d,0.51,0.734,0.1100397193877551,0.3636571428571428,0.386,0.22399999999999998,0,0,1,0,0,0
2025-11-16,27,22-30d,0.504,0.734,0.11432543367346938,0.3707999999999999,0.394,0.22999999999999998,0,0,1,0,0,0
2025-11-16,28,22-30d,0.499,0.734,0.11789686224489797,0.3770571428571428,0.4,0.235,0,0,1,0,0,0
2025-11-16,29,22-30d,0.493,0.734,0.12218257653061226,0.3840857142857143,0.407,0.241,0,0,1,0,0,0
2025-11-16,30,22-30d,0.487,0.734,0.12646829081632655,0.3910857142857143,0.414,0.247,0,0,1,0,0,0
2025-11-16,22,22-30d,0.012,0.0,0.023031556122448983,0.0085714285714285,0.009,0.012,1,1,1,0,0,0
2025-11-16,23,22-30d,0.012,0.0,0.023031556122448983,0.0085714285714285,0.009,0.012,1,1,1,0,0,0
2025-11-16,24,22-30d,0.012,0.0,0.023031556122448983,0.0088285714285714,0.009,0.012,1,1,1,0,0,0
2025-11-16,25,22-30d,0.012,0.0,0.023031556122448983,0.0089714285714285,0.01,0.012,1,1,1,0,0,0
2025-11-16,26,22-30d,0.012,0.0,0.023031556122448983,0.0089714285714285,0.01,0.012,1,1,1,0,0,0
2025-11-16,27,22-30d,0.012,0.0,0.023031556122448983,0.0089714285714285,0.01,0.012,1,1,1,0,0,0
2025-11-16,28,22-30d,0.012,0.0,0.023031556122448983,0.0089785714285714,0.01,0.012,1,1,1,0,0,0
2025-11-16,29,22-30d,0.012,0.0,0.023031556122448983,0.0089785714285714,0.01,0.012,1,1,1,0,0,0
2025-11-16,30,22-30d,0.012,0.0,0.023031556122448983,0.0092571428571428,0.01,0.012,1,1,1,0,0,0
2025-11-16,22,22-30d,0.008,0.0,0.022460127551020413,0.0038285714285714,0.004,0.008,1,1,1,0,0,0
2025-11-16,23,22-30d,0.008,0.0,0.022460127551020413,0.00425,0.005,0.008,1,1,1,0,0,0
2025-11-16,24,22-30d,0.008,0.0,0.022460127551020413,0.00425,0.005,0.008,1,1,1,0,0,0
2025-11-16,25,22-30d,0.007,0.0,0.02231727040816327,0.0034642857142857,0.004,0.007,1,1,1,0,0,0
2025-11-16,26,22-30d,0.007,0.0,0.02231727040816327,0.0034714285714285,0.004,0.007,1,1,1,0,0,0
2025-11-16,27,22-30d,0.007,0.0,0.02231727040816327,0.0034714285714285,0.004,0.007,1,1,1,0,0,0
2025-11-16,28,22-30d,0.007,0.0,0.02231727040816327,0.0034714285714285,0.004,0.007,1,1,1,0,0,0
2025-11-16,29,22-30d,0.007,0.0,0.02231727040816327,0.0037571428571428,0.004,0.007,1,1,1,0,0,0
2025-11-16,30,22-30d,0.007,0.0,0.02231727040816327,0.0037571428571428,0.004,0.007,1,1,1,0,0,0
2025-11-16,22,22-30d,0.078,0.0952857142857142,0.0237866581632653,0.0378857142857142,0.042,0.017285714285714196,1,1,1,0,0,0
2025-11-16,23,22-30d,0.078,0.0952857142857142,0.0237866581632653,0.0386428571428571,0.042,0.017285714285714196,1,1,1,0,0,0
2025-11-16,24,22-30d,0.078,0.0952857142857142,0.0237866581632653,0.0388857142857142,0.043,0.017285714285714196,1,1,1,0,0,0
2025-11-16,25,22-30d,0.077,0.0952857142857142,0.023929515306122442,0.0386357142857142,0.0419999999999999,0.018285714285714197,1,1,1,0,0,0
2025-11-16,26,22-30d,0.077,0.0952857142857142,0.023929515306122442,0.0388857142857142,0.043,0.018285714285714197,1,1,1,0,0,0
2025-11-16,27,22-30d,0.076,0.0952857142857142,0.024072372448979584,0.0386357142857142,0.0419999999999999,0.019285714285714198,1,1,1,0,0,0
2025-11-16,28,22-30d,0.076,0.0952857142857142,0.024072372448979584,0.0388857142857142,0.043,0.019285714285714198,1,1,1,0,0,0
2025-11-16,29,22-30d,0.076,0.0952857142857142,0.024072372448979584,0.0396357142857142,0.043,0.019285714285714198,1,1,1,0,0,0
2025-11-16,30,22-30d,0.075,0.0952857142857142,0.024215229591836727,0.0387142857142857,0.0419999999999999,0.0202857142857142,1,1,1,0,0,0
2025-11-16,22,22-30d,0.87,0.8332857142857143,0.0328478826530612,0.0624785714285714,0.067,0.0367142857142857,0,1,1,0,0,0
2025-11-16,23,22-30d,0.871,0.8332857142857143,0.03327645408163263,0.0624714285714285,0.0669999999999999,0.0377142857142857,0,1,1,0,0,0
2025-11-16,24,22-30d,0.872,0.8332857142857143,0.03370502551020406,0.0624714285714285,0.0669999999999999,0.0387142857142857,0,1,1,0,0,0
2025-11-16,25,22-30d,0.872,0.8332857142857143,0.03370502551020406,0.0632142857142857,0.0679999999999999,0.0387142857142857,0,1,1,0,0,0
2025-11-16,26,22-30d,0.873,0.8332857142857143,0.03413359693877548,0.0629357142857142,0.0679999999999999,0.0397142857142857,0,1,1,0,0,0
2025-11-16,27,22-30d,0.873,0.8332857142857143,0.03413359693877548,0.0638357142857143,0.0689999999999999,0.0397142857142857,0,1,1,0,0,0
2025-11-16,28,22-30d,0.874,0.8332857142857143,0.034562168367346914,0.0636857142857143,0.0679999999999999,0.0407142857142857,0,1,1,0,0,0
2025-11-16,29,22-30d,0.875,0.8332857142857143,0.034990739795918345,0.0634714285714285,0.0679999999999999,0.041714285714285704,0,1,1,0,0,0
2025-11-16,30,22-30d,0.875,0.8332857142857143,0.034990739795918345,0.0644714285714285,0.0689999999999999,0.041714285714285704,0,1,1,0,0,0
2025-11-16,22,22-30d,0.009,0.0,0.022602984693877556,0.0059785714285714,0.0069999999999999,0.009,1,1,1,0,0,0
2025-11-16,23,22-30d,0.009,0.0,0.022602984693877556,0.0059785714285714,0.0069999999999999,0.009,1,1,1,0,0,0
2025-11-16,24,22-30d,0.009,0.0,0.022602984693877556,0.0059785714285714,0.0069999999999999,0.009,1,1,1,0,0,0
2025-11-16,25,22-30d,0.009,0.0,0.022602984693877556,0.0059785714285714,0.0069999999999999,0.009,1,1,1,0,0,0
2025-11-16,26,22-30d,0.009,0.0,0.022602984693877556,0.0059785714285714,0.0069999999999999,0.009,1,1,1,0,0,0
2025-11-16,27,22-30d,0.009,0.0,0.022602984693877556,0.0059785714285714,0.0069999999999999,0.009,1,1,1,0,0,0
2025-11-16,28,22-30d,0.009,0.0,0.022602984693877556,0.0065,0.0069999999999999,0.009,1,1,1,0,0,0
2025-11-16,29,22-30d,0.008,0.0,0.022460127551020413,0.0055,0.006,0.008,1,1,1,0,0,0
2025-11-16,30,22-30d,0.008,0.0,0.022460127551020413,0.0055,0.006,0.008,1,1,1,0,0,0
2025-11-16,22,22-30d,0.004,0.0,0.021888698979591843,0.0024642857142857,0.003,0.004,1,1,1,0,0,0
2025-11-16,23,22-30d,0.003,0.0,0.0217458418367347,0.0014642857142857,0.002,0.003,1,1,1,0,0,0
2025-11-16,24,22-30d,0.003,0.0,0.0217458418367347,0.0014642857142857,0.002,0.003,1,1,1,0,0,0
2025-11-16,25,22-30d,0.003,0.0,0.0217458418367347,0.0014642857142857,0.002,0.003,1,1,1,0,0,0
2025-11-16,26,22-30d,0.003,0.0,0.0217458418367347,0.0017214285714285,0.002,0.003,1,1,1,0,0,0
2025-11-16,27,22-30d,0.003,0.0,0.0217458418367347,0.0017214285714285,0.002,0.003,1,1,1,0,0,0
2025-11-16,28,22-30d,0.003,0.0,0.0217458418367347,0.0017214285714285,0.002,0.003,1,1,1,0,0,0
2025-11-16,29,22-30d,0.003,0.0,0.0217458418367347,0.0017214285714285,0.002,0.003,1,1,1,0,0,0
2025-11-16,30,22-30d,0.003,0.0,0.0217458418367347,0.0017214285714285,0.002,0.003,1,1,1,0,0,0
2025-11-16,22,22-30d,0.189,0.1642857142857142,0.0277050255102041,0.0896785714285714,0.098,0.0247142857142858,0,1,1,0,0,0
2025-11-16,23,22-30d,0.189,0.1642857142857142,0.0277050255102041,0.0901571428571428,0.098,0.0247142857142858,0,1,1,0,0,0
2025-11-16,24,22-30d,0.189,0.1642857142857142,0.0277050255102041,0.0906785714285714,0.099,0.0247142857142858,0,1,1,0,0,0
2025-11-16,25,22-30d,0.19,0.1642857142857142,0.02813359693877553,0.0924,0.101,0.0257142857142858,0,1,1,0,0,0
2025-11-16,26,22-30d,0.19,0.1642857142857142,0.02813359693877553,0.0931571428571428,0.101,0.0257142857142858,0,1,1,0,0,0
2025-11-16,27,22-30d,0.191,0.1642857142857142,0.028562168367346957,0.0946785714285714,0.103,0.0267142857142858,0,1,1,0,0,0
2025-11-16,28,22-30d,0.191,0.1642857142857142,0.028562168367346957,0.0953285714285714,0.104,0.0267142857142858,0,1,1,0,0,0
2025-11-16,29,22-30d,0.191,0.1642857142857142,0.028562168367346957,0.0959,0.104,0.0267142857142858,0,1,1,0,0,0
2025-11-16,30,22-30d,0.192,0.1642857142857142,0.028990739795918385,0.0974,0.106,0.027714285714285802,0,1,1,0,0,0
2025-11-16,22,22-30d,0.77,0.8357142857142856,0.03070502551020407,0.1093857142857142,0.118,0.06571428571428561,1,1,1,0,0,0
2025-11-16,23,22-30d,0.77,0.8357142857142856,0.03070502551020407,0.1103857142857142,0.119,0.06571428571428561,1,1,1,0,0,0
2025-11-16,24,22-30d,0.769,0.8357142857142856,0.030847882653061213,0.1122428571428571,0.12,0.06671428571428561,1,1,1,0,0,0
2025-11-16,25,22-30d,0.769,0.8357142857142856,0.030847882653061213,0.1132428571428571,0.121,0.06671428571428561,1,1,1,0,0,0
2025-11-16,26,22-30d,0.769,0.8357142857142856,0.030847882653061213,0.1140285714285714,0.122,0.06671428571428561,1,1,1,0,0,0
2025-11-16,27,22-30d,0.769,0.8357142857142856,0.030847882653061213,0.1147714285714285,0.123,0.06671428571428561,1,1,1,0,0,0
2025-11-16,28,22-30d,0.768,0.8357142857142856,0.030990739795918355,0.1167,0.125,0.06771428571428562,1,1,1,0,0,0
2025-11-16,29,22-30d,0.768,0.8357142857142856,0.030990739795918355,0.1177,0.126,0.06771428571428562,1,1,1,0,0,0
2025-11-16,30,22-30d,0.768,0.8357142857142856,0.030990739795918355,0.1186928571428571,0.127,0.06771428571428562,1,1,1,0,0,0
2026-05-10,1,1-7d,0.013,0.0,0.01582724489795918,0.0084857142857142,0.013,0.013,1,1,1,0,0,1
2026-05-10,2,1-7d,0.013,0.0,0.01582724489795918,0.0084857142857142,0.013,0.013,1,1,1,0,0,1
2026-05-10,3,1-7d,0.014,0.0,0.015970102040816322,0.0092071428571428,0.014,0.014,1,1,1,0,0,1
2026-05-10,4,1-7d,0.014,0.0,0.015970102040816322,0.0092071428571428,0.014,0.014,1,1,1,0,0,1
2026-05-10,1,1-7d,0.101,0.0,0.05211295918367347,0.0660571428571428,0.101,0.101,0,1,1,0,0,1
2026-05-10,2,1-7d,0.104,0.0,0.05339867346938775,0.0682285714285714,0.104,0.104,0,1,1,0,0,1
2026-05-10,3,1-7d,0.108,0.0,0.05511295918367347,0.0711142857142857,0.108,0.108,0,1,1,0,0,1
2026-05-10,4,1-7d,0.111,0.0,0.05641499999999999,0.0732928571428571,0.111,0.111,0,0,1,0,0,1
2026-05-10,1,1-7d,0.933,0.8928571428571429,0.02603132653061224,0.0773928571428571,0.149,0.04014285714285715,0,1,1,0,0,1
2026-05-10,2,1-7d,0.933,0.8928571428571429,0.02603132653061224,0.0778928571428571,0.151,0.04014285714285715,0,1,1,0,0,1
2026-05-10,3,1-7d,0.934,0.8928571428571429,0.026459897959183666,0.0791571428571428,0.153,0.04114285714285715,0,1,1,0,0,1
2026-05-10,4,1-7d,0.934,0.8928571428571429,0.026459897959183666,0.0800642857142857,0.155,0.04114285714285715,0,1,1,0,0,1
2026-05-10,1,1-7d,0.87,0.7618571428571429,0.05517418367346936,0.0094071428571428,0.009,0.1081428571428571,0,1,1,1,1,1
2026-05-10,2,1-7d,0.871,0.7618571428571429,0.05560275510204078,0.0093714285714285,0.009,0.1091428571428571,0,1,1,1,1,1
2026-05-10,3,1-7d,0.873,0.7618571428571429,0.05651704081632649,0.0092714285714285,0.009,0.1111428571428571,0,0,1,1,1,1
2026-05-10,4,1-7d,0.875,0.7618571428571429,0.05794561224489792,0.0093,0.009,0.1131428571428571,0,0,1,1,1,1
2026-05-10,5,1-7d,0.876,0.7618571428571429,0.05865989795918364,0.0094214285714285,0.01,0.1141428571428571,0,0,1,1,1,1
2026-05-10,6,1-7d,0.878,0.7618571428571429,0.06008846938775507,0.0092785714285714,0.009,0.1161428571428571,0,0,1,1,1,1
2026-05-10,7,1-7d,0.88,0.7618571428571429,0.061517040816326495,0.0092785714285714,0.009,0.1181428571428571,0,0,1,1,1,1
2026-05-10,1,1-7d,0.241,0.0,0.14927214285714283,0.2281214285714285,0.235,0.241,0,0,1,0,0,0
2026-05-10,2,1-7d,0.244,0.0,0.151415,0.2311214285714285,0.238,0.244,0,0,1,0,0,0
2026-05-10,3,1-7d,0.248,0.0,0.15427214285714283,0.2356571428571428,0.242,0.248,0,0,1,0,0,0
2026-05-10,4,1-7d,0.252,0.0,0.1571292857142857,0.2398714285714285,0.247,0.252,0,0,1,0,0,0
2026-05-10,5,1-7d,0.255,0.0,0.15927214285714286,0.2430857142857143,0.25,0.255,0,0,1,0,0,0
2026-05-10,6,1-7d,0.259,0.0,0.16212928571428573,0.2476499999999999,0.254,0.259,0,0,1,0,0,0
2026-05-10,7,1-7d,0.262,0.0,0.16482520408163265,0.25065,0.257,0.262,0,0,0,0,0,0
2026-05-10,1,1-7d,0.271,0.1904285714285714,0.04335785714285717,0.1379428571428571,0.178,0.08057142857142863,0,1,1,0,0,0
2026-05-10,2,1-7d,0.27,0.1904285714285714,0.04292928571428574,0.1386928571428571,0.178,0.07957142857142863,0,1,1,0,0,0
2026-05-10,3,1-7d,0.269,0.1904285714285714,0.042500714285714315,0.1389142857142857,0.179,0.07857142857142863,0,1,1,0,0,0
2026-05-10,4,1-7d,0.268,0.1904285714285714,0.042072142857142884,0.1394785714285714,0.179,0.07757142857142862,0,1,1,0,0,0
2026-05-10,5,1-7d,0.267,0.1904285714285714,0.04164357142857145,0.1402285714285714,0.179,0.07657142857142862,0,1,1,0,0,0
2026-05-10,6,1-7d,0.266,0.1904285714285714,0.04121500000000002,0.1403714285714286,0.18,0.07557142857142862,0,1,1,0,0,0
2026-05-10,7,1-7d,0.265,0.1904285714285714,0.0407864285714286,0.1409071428571428,0.18,0.07457142857142862,0,1,1,0,0,0
2026-05-10,1,1-7d,0.18,0.1238571428571428,0.032888469387755116,0.0082071428571428,0.0179999999999999,0.05614285714285719,0,1,1,0,1,1
2026-05-10,2,1-7d,0.181,0.1238571428571428,0.03331704081632655,0.0086642857142857,0.0189999999999999,0.05714285714285719,0,1,1,0,1,1
2026-05-10,3,1-7d,0.181,0.1238571428571428,0.03331704081632655,0.0086714285714285,0.0189999999999999,0.05714285714285719,0,1,1,0,1,1
2026-05-10,4,1-7d,0.182,0.1238571428571428,0.03374561224489798,0.0091071428571428,0.0199999999999999,0.05814285714285719,0,1,1,0,1,1
2026-05-10,5,1-7d,0.182,0.1238571428571428,0.03374561224489798,0.0089214285714285,0.0199999999999999,0.05814285714285719,0,1,1,0,1,1
2026-05-10,6,1-7d,0.183,0.1238571428571428,0.0341741836734694,0.0093571428571428,0.0209999999999999,0.05914285714285719,0,1,1,0,1,1
2026-05-10,7,1-7d,0.183,0.1238571428571428,0.0341741836734694,0.0093857142857142,0.0209999999999999,0.05914285714285719,0,1,1,0,1,1
2026-05-10,1,1-7d,0.072,0.0999999999999999,0.017970102040816307,0.0710071428571428,0.093,0.0279999999999999,1,1,1,0,0,0
2026-05-10,2,1-7d,0.072,0.0999999999999999,0.017970102040816307,0.0738785714285714,0.096,0.0279999999999999,1,1,1,0,0,0
2026-05-10,3,1-7d,0.071,0.0999999999999999,0.01811295918367345,0.0776714285714285,0.1009999999999999,0.0289999999999999,1,1,1,0,0,0
2026-05-10,4,1-7d,0.07,0.0999999999999999,0.018255816326530592,0.0816785714285714,0.1059999999999999,0.029999999999999888,1,1,1,0,0,0
2026-05-10,5,1-7d,0.07,0.0999999999999999,0.018255816326530592,0.0842857142857142,0.1089999999999999,0.029999999999999888,1,1,1,0,0,0
2026-05-10,6,1-7d,0.069,0.0999999999999999,0.018398673469387734,0.0882714285714285,0.1139999999999999,0.03099999999999989,1,1,1,0,0,0
2026-05-10,7,1-7d,0.068,0.0999999999999999,0.018541530612244877,0.0923,0.119,0.03199999999999989,1,1,1,0,0,0
2026-05-10,1,1-7d,0.661,0.5690000000000001,0.04825581632653059,0.0524928571428571,0.077,0.09199999999999997,0,1,1,0,0,0
2026-05-10,2,1-7d,0.66,0.5690000000000001,0.047827244897959156,0.0542928571428571,0.079,0.09099999999999997,0,1,1,0,0,0
2026-05-10,3,1-7d,0.658,0.5690000000000001,0.0469701020408163,0.0549428571428571,0.081,0.08899999999999997,0,1,1,0,0,0
2026-05-10,4,1-7d,0.656,0.5690000000000001,0.04611295918367344,0.0557714285714286,0.082,0.08699999999999997,0,1,1,0,0,0
2026-05-10,5,1-7d,0.654,0.5690000000000001,0.045255816326530585,0.0562785714285714,0.083,0.08499999999999996,0,1,1,0,0,0
2026-05-10,6,1-7d,0.653,0.5690000000000001,0.044827244897959154,0.0581142857142857,0.085,0.08399999999999996,0,1,1,0,0,0
2026-05-10,7,1-7d,0.651,0.5690000000000001,0.0439701020408163,0.0589428571428571,0.086,0.08199999999999996,0,1,1,0,0,0
2026-05-10,1,1-7d,0.177,0.0837142857142857,0.04880683673469388,0.1284357142857143,0.1649999999999999,0.09328571428571429,0,1,1,0,0,0
2026-05-10,2,1-7d,0.178,0.0837142857142857,0.04923540816326531,0.13025,0.1659999999999999,0.09428571428571429,0,1,1,0,0,0
2026-05-10,3,1-7d,0.179,0.0837142857142857,0.049663979591836736,0.1320285714285714,0.1669999999999999,0.09528571428571429,0,1,1,0,0,0
2026-05-10,4,1-7d,0.18,0.0837142857142857,0.05009255102040817,0.1341999999999999,0.1689999999999999,0.0962857142857143,0,1,1,0,0,0
2026-05-10,5,1-7d,0.181,0.0837142857142857,0.0505211224489796,0.1360928571428571,0.1699999999999999,0.0972857142857143,0,1,1,0,0,0
2026-05-10,6,1-7d,0.181,0.0837142857142857,0.0505211224489796,0.1368428571428571,0.1699999999999999,0.0972857142857143,0,1,1,0,0,0
2026-05-10,7,1-7d,0.182,0.0837142857142857,0.05094969387755103,0.1390142857142857,0.172,0.0982857142857143,0,1,1,0,0,0
2026-05-10,1,1-7d,0.639,0.5144285714285715,0.06610887755102039,0.2237642857142857,0.3149999999999999,0.12457142857142856,0,0,1,0,0,0
2026-05-10,2,1-7d,0.639,0.5144285714285715,0.06610887755102039,0.2254857142857142,0.3159999999999999,0.12457142857142856,0,0,1,0,0,0
2026-05-10,3,1-7d,0.638,0.5144285714285715,0.06539459183673467,0.2279214285714285,0.3179999999999999,0.12357142857142855,0,0,1,0,0,0
2026-05-10,4,1-7d,0.636,0.5144285714285715,0.06396602040816325,0.2320714285714285,0.3219999999999999,0.12157142857142855,0,0,1,0,0,0
2026-05-10,5,1-7d,0.635,0.5144285714285715,0.06325173469387753,0.2343214285714285,0.3239999999999999,0.12057142857142855,0,0,1,0,0,0
2026-05-10,6,1-7d,0.633,0.5144285714285715,0.061823163265306104,0.2379428571428571,0.3269999999999999,0.11857142857142855,0,0,1,0,0,0
2026-05-10,7,1-7d,0.632,0.5144285714285715,0.06110887755102039,0.2404142857142856,0.3289999999999999,0.11757142857142855,0,0,1,0,0,0
2026-05-10,1,1-7d,0.402,0.2694285714285714,0.07182316326530615,0.3617285714285714,0.389,0.13257142857142862,0,0,1,0,0,0
2026-05-10,2,1-7d,0.406,0.2694285714285714,0.074680306122449,0.3669,0.394,0.13657142857142862,0,0,1,0,0,0
2026-05-10,3,1-7d,0.409,0.2694285714285714,0.07682316326530611,0.37065,0.3969999999999999,0.13957142857142857,0,0,1,0,0,0
2026-05-10,4,1-7d,0.412,0.2694285714285714,0.07896602040816325,0.3751499999999999,0.4009999999999999,0.14257142857142857,0,0,1,0,0,0
2026-05-10,5,1-7d,0.415,0.2694285714285714,0.08110887755102039,0.3789642857142857,0.4039999999999999,0.14557142857142857,0,0,1,0,0,0
2026-05-10,6,1-7d,0.419,0.2694285714285714,0.08396602040816326,0.3841357142857142,0.409,0.14957142857142858,0,0,1,0,0,0
2026-05-10,7,1-7d,0.422,0.2694285714285714,0.0861088775510204,0.3879142857142857,0.412,0.15257142857142858,0,0,1,0,0,0
2026-05-10,8,8-14d,0.881,0.7618571428571429,0.06265673469387752,0.00935,0.01,0.1191428571428571,0,1,1,1,1,1
2026-05-10,9,8-14d,0.883,0.7618571428571429,0.06351387755102036,0.0092071428571428,0.009,0.12114285714285711,0,1,1,1,1,1
2026-05-10,10,8-14d,0.884,0.7618571428571429,0.0639424489795918,0.0092857142857142,0.01,0.12214285714285711,0,1,1,1,1,1
2026-05-10,11,8-14d,0.886,0.7618571428571429,0.06479959183673466,0.0093357142857142,0.01,0.12414285714285711,0,1,1,1,1,1
2026-05-10,12,8-14d,0.887,0.7618571428571429,0.06522816326530609,0.0092928571428571,0.01,0.1251428571428571,0,1,1,1,1,1
2026-05-10,13,8-14d,0.889,0.7618571428571429,0.06608530612244894,0.0092928571428571,0.01,0.1271428571428571,0,1,1,1,1,1
2026-05-10,14,8-14d,0.89,0.7618571428571429,0.06651387755102037,0.0092642857142857,0.01,0.12814285714285711,0,1,1,1,1,1
2026-05-10,8,8-14d,0.265,0.0,0.16375469387755098,0.2539285714285714,0.26,0.265,0,0,1,0,0,0
2026-05-10,9,8-14d,0.268,0.0,0.16589755102040812,0.2574,0.263,0.268,0,0,1,0,0,0
2026-05-10,10,8-14d,0.271,0.0,0.1680404081632653,0.2604071428571428,0.266,0.271,0,0,1,0,0,0
2026-05-10,11,8-14d,0.274,0.0,0.1701832653061224,0.2638285714285714,0.27,0.274,0,0,1,0,0,0
2026-05-10,12,8-14d,0.277,0.0,0.17232612244897957,0.2668285714285714,0.273,0.277,0,0,1,0,0,0
2026-05-10,13,8-14d,0.281,0.0,0.17518326530612244,0.2710857142857143,0.277,0.281,0,0,1,0,0,0
2026-05-10,14,8-14d,0.284,0.0,0.1781016326530612,0.2744357142857142,0.2799999999999999,0.284,0,0,0,0,0,0
2026-05-10,8,8-14d,0.264,0.1904285714285714,0.043126122448979606,0.1414,0.18,0.07357142857142862,0,1,1,0,0,0
2026-05-10,9,8-14d,0.263,0.1904285714285714,0.042697551020408175,0.1414642857142857,0.18,0.07257142857142862,0,1,1,0,0,0
2026-05-10,10,8-14d,0.261,0.1904285714285714,0.04184040816326532,0.1411428571428571,0.18,0.07057142857142862,0,1,1,0,0,0
2026-05-10,11,8-14d,0.26,0.1904285714285714,0.04141183673469389,0.1411428571428571,0.18,0.06957142857142862,0,1,1,0,0,0
2026-05-10,12,8-14d,0.259,0.1904285714285714,0.04098326530612246,0.1411428571428571,0.18,0.06857142857142862,0,1,1,0,0,0
2026-05-10,13,8-14d,0.258,0.1904285714285714,0.04055469387755103,0.1413571428571428,0.18,0.06757142857142862,0,1,1,0,0,0
2026-05-10,14,8-14d,0.257,0.1904285714285714,0.040126122448979604,0.1420357142857143,0.181,0.06657142857142861,0,1,1,0,0,0
2026-05-10,8,8-14d,0.183,0.1238571428571428,0.036942448979591834,0.0092071428571428,0.0209999999999999,0.05914285714285719,0,1,1,0,1,1
2026-05-10,9,8-14d,0.183,0.1238571428571428,0.036942448979591834,0.0094285714285714,0.0209999999999999,0.05914285714285719,0,1,1,0,1,1
2026-05-10,10,8-14d,0.183,0.1238571428571428,0.036942448979591834,0.0095785714285714,0.0219999999999999,0.05914285714285719,0,1,1,0,1,1
2026-05-10,11,8-14d,0.183,0.1238571428571428,0.036942448979591834,0.0095928571428571,0.0219999999999999,0.05914285714285719,0,1,1,0,1,1
2026-05-10,12,8-14d,0.183,0.1238571428571428,0.036942448979591834,0.0093785714285714,0.0219999999999999,0.05914285714285719,0,1,1,0,1,1
2026-05-10,13,8-14d,0.183,0.1238571428571428,0.036942448979591834,0.0094142857142857,0.0219999999999999,0.05914285714285719,0,1,1,0,1,1
2026-05-10,14,8-14d,0.183,0.1238571428571428,0.036942448979591834,0.0096357142857142,0.0219999999999999,0.05914285714285719,0,1,1,0,1,1
2026-05-10,8,8-14d,0.068,0.0999999999999999,0.02049346938775509,0.0954571428571428,0.122,0.03199999999999989,1,1,1,0,0,0
2026-05-10,9,8-14d,0.067,0.0999999999999999,0.02063632653061223,0.0994642857142857,0.127,0.03299999999999989,1,1,1,0,0,0
2026-05-10,10,8-14d,0.066,0.0999999999999999,0.020779183673469374,0.1038285714285714,0.132,0.03399999999999989,1,1,1,0,0,0
2026-05-10,11,8-14d,0.066,0.0999999999999999,0.020779183673469374,0.1064428571428571,0.135,0.03399999999999989,1,1,1,0,0,0
2026-05-10,12,8-14d,0.065,0.0999999999999999,0.020922040816326516,0.1105285714285714,0.1399999999999999,0.03499999999999989,1,1,1,0,0,0
2026-05-10,13,8-14d,0.064,0.0999999999999999,0.02106489795918366,0.1151357142857142,0.145,0.03599999999999989,1,1,1,0,0,0
2026-05-10,14,8-14d,0.064,0.0999999999999999,0.02106489795918366,0.11815,0.149,0.03599999999999989,1,1,1,0,0,0
2026-05-10,8,8-14d,0.65,0.5690000000000001,0.04630979591836731,0.0607928571428571,0.0879999999999999,0.08099999999999996,0,1,1,0,0,0
2026-05-10,9,8-14d,0.648,0.5690000000000001,0.045452653061224445,0.0617642857142857,0.0899999999999999,0.07899999999999996,0,1,1,0,0,0
2026-05-10,10,8-14d,0.646,0.5690000000000001,0.04459551020408159,0.0625928571428571,0.0909999999999999,0.07699999999999996,0,1,1,0,0,0
2026-05-10,11,8-14d,0.644,0.5690000000000001,0.043738367346938735,0.0635714285714286,0.0929999999999999,0.07499999999999996,0,1,1,0,0,0
2026-05-10,12,8-14d,0.643,0.5690000000000001,0.043309795918367304,0.0653142857142857,0.0959999999999999,0.07399999999999995,0,1,1,0,0,0
2026-05-10,13,8-14d,0.641,0.5690000000000001,0.04245265306122444,0.0665642857142857,0.0979999999999999,0.07199999999999995,0,1,1,0,0,0
2026-05-10,14,8-14d,0.64,0.5690000000000001,0.04202408163265302,0.0683285714285714,0.0999999999999999,0.07099999999999995,0,1,1,0,0,0
2026-05-10,8,8-14d,0.183,0.0837142857142857,0.05414653061224489,0.1405499999999999,0.173,0.0992857142857143,0,1,1,0,0,0
2026-05-10,9,8-14d,0.184,0.0837142857142857,0.05457510204081632,0.14265,0.174,0.1002857142857143,0,1,1,0,0,0
2026-05-10,10,8-14d,0.185,0.0837142857142857,0.05500367346938775,0.1443285714285714,0.176,0.1012857142857143,0,1,1,0,0,0
2026-05-10,11,8-14d,0.186,0.0837142857142857,0.05543224489795918,0.1463857142857143,0.177,0.1022857142857143,0,1,1,0,0,0
2026-05-10,12,8-14d,0.187,0.0837142857142857,0.05586081632653061,0.1479214285714285,0.178,0.1032857142857143,0,1,1,0,0,0
2026-05-10,13,8-14d,0.188,0.0837142857142857,0.05628938775510204,0.1495571428571428,0.18,0.1042857142857143,0,1,1,0,0,0
2026-05-10,14,8-14d,0.19,0.0837142857142857,0.057146530612244895,0.1524428571428571,0.182,0.1062857142857143,0,1,1,0,0,0
2026-05-10,8,8-14d,0.63,0.5144285714285715,0.06112612244897956,0.2439928571428571,0.3329999999999999,0.11557142857142855,0,1,1,0,0,0
2026-05-10,9,8-14d,0.628,0.5144285714285715,0.0602689795918367,0.2477785714285714,0.3359999999999999,0.11357142857142855,0,1,1,0,0,0
2026-05-10,10,8-14d,0.627,0.5144285714285715,0.05984040816326527,0.2502214285714286,0.3379999999999999,0.11257142857142854,0,1,1,0,0,0
2026-05-10,11,8-14d,0.626,0.5144285714285715,0.05941183673469384,0.2531714285714285,0.3399999999999999,0.11157142857142854,0,1,1,0,0,0
2026-05-10,12,8-14d,0.625,0.5144285714285715,0.05898326530612241,0.2561642857142857,0.3419999999999999,0.11057142857142854,0,1,1,0,0,0
2026-05-10,13,8-14d,0.625,0.5144285714285715,0.05898326530612241,0.2581857142857143,0.3429999999999999,0.11057142857142854,0,1,1,0,0,0
2026-05-10,14,8-14d,0.624,0.5144285714285715,0.05855469387755098,0.2613928571428571,0.345,0.10957142857142854,0,1,1,0,0,0
2026-05-10,8,8-14d,0.425,0.2694285714285714,0.08559142857142853,0.3921642857142857,0.416,0.15557142857142858,0,0,1,0,0,0
2026-05-10,9,8-14d,0.428,0.2694285714285714,0.08773428571428567,0.3959785714285714,0.419,0.15857142857142859,0,0,1,0,0,0
2026-05-10,10,8-14d,0.431,0.2694285714285714,0.08987714285714281,0.3997285714285715,0.422,0.1615714285714286,0,0,1,0,0,0
2026-05-10,11,8-14d,0.434,0.2694285714285714,0.09201999999999996,0.4036857142857143,0.426,0.1645714285714286,0,0,1,0,0,0
2026-05-10,12,8-14d,0.436,0.2694285714285714,0.0934485714285714,0.4064357142857143,0.428,0.1665714285714286,0,0,1,0,0,0
2026-05-10,13,8-14d,0.439,0.2694285714285714,0.09559142857142854,0.4105357142857143,0.431,0.1695714285714286,0,0,1,0,0,0
2026-05-10,14,8-14d,0.441,0.2694285714285714,0.09701999999999997,0.4132142857142856,0.434,0.1715714285714286,0,0,1,0,0,0
2026-05-10,15,15-21d,0.891,0.7618571428571429,0.06874086734693875,0.0092928571428571,0.01,0.12914285714285711,0,1,1,1,1,1
2026-05-10,16,15-21d,0.893,0.7618571428571429,0.06959801020408161,0.0092,0.01,0.13114285714285712,0,1,1,1,1,1
2026-05-10,17,15-21d,0.894,0.7618571428571429,0.07002658163265305,0.0092,0.01,0.13214285714285712,0,1,1,1,1,1
2026-05-10,18,15-21d,0.895,0.7618571428571429,0.07045515306122448,0.00935,0.011,0.13314285714285712,0,1,1,1,1,1
2026-05-10,19,15-21d,0.897,0.7618571428571429,0.07131229591836732,0.0091428571428571,0.01,0.13514285714285712,0,1,1,1,1,1
2026-05-10,20,15-21d,0.898,0.7618571428571429,0.07174086734693876,0.0091714285714285,0.01,0.13614285714285712,0,1,1,1,1,1
2026-05-10,21,15-21d,0.899,0.7618571428571429,0.07216943877551019,0.0093214285714285,0.011,0.13714285714285712,0,1,1,1,1,1
2026-05-10,15,15-21d,0.287,0.0,0.17303474489795917,0.2776499999999999,0.283,0.287,0,0,1,0,0,0
2026-05-10,16,15-21d,0.29,0.0,0.1751776020408163,0.2806499999999999,0.286,0.29,0,0,1,0,0,0
2026-05-10,17,15-21d,0.294,0.0,0.17803474489795917,0.2851857142857142,0.29,0.294,0,0,1,0,0,0
2026-05-10,18,15-21d,0.297,0.0,0.18017760204081631,0.2881857142857142,0.293,0.297,0,0,1,0,0,0
2026-05-10,19,15-21d,0.301,0.0,0.18303474489795918,0.2923571428571428,0.298,0.301,0,0,1,0,0,0
2026-05-10,20,15-21d,0.305,0.0,0.18589188775510204,0.2966357142857142,0.302,0.305,0,0,1,0,0,0
2026-05-10,21,15-21d,0.309,0.0,0.18988066326530612,0.3011071428571428,0.306,0.309,0,0,0,0,0,0
2026-05-10,15,15-21d,0.256,0.1904285714285714,0.04149596938775511,0.1420357142857143,0.181,0.06557142857142861,0,1,1,0,0,0
2026-05-10,16,15-21d,0.254,0.1904285714285714,0.04063882653061225,0.1410357142857143,0.18,0.06357142857142861,0,1,1,0,0,0
2026-05-10,17,15-21d,0.253,0.1904285714285714,0.04021025510204083,0.1410285714285714,0.18,0.06257142857142861,0,1,1,0,0,0
2026-05-10,18,15-21d,0.252,0.1904285714285714,0.0397816836734694,0.1412428571428571,0.18,0.06157142857142861,0,1,1,0,0,0
2026-05-10,19,15-21d,0.251,0.1904285714285714,0.039353112244897966,0.1414714285714285,0.18,0.06057142857142861,0,1,1,0,0,0
2026-05-10,20,15-21d,0.25,0.1904285714285714,0.038924540816326535,0.14175,0.18,0.05957142857142861,0,1,1,0,0,0
2026-05-10,21,15-21d,0.248,0.1904285714285714,0.03806739795918368,0.1408928571428571,0.18,0.05757142857142861,0,1,1,0,0,0
2026-05-10,15,15-21d,0.183,0.1238571428571428,0.03874086734693879,0.0097428571428571,0.0219999999999999,0.05914285714285719,0,1,1,0,1,1
2026-05-10,16,15-21d,0.184,0.1238571428571428,0.03916943877551022,0.0101785714285714,0.0229999999999999,0.06014285714285719,0,1,1,0,1,1
2026-05-10,17,15-21d,0.184,0.1238571428571428,0.03916943877551022,0.0101428571428571,0.0239999999999999,0.06014285714285719,0,1,1,0,1,1
2026-05-10,18,15-21d,0.184,0.1238571428571428,0.03916943877551022,0.01015,0.0239999999999999,0.06014285714285719,0,1,1,0,1,1
2026-05-10,19,15-21d,0.185,0.1238571428571428,0.03959801020408165,0.0106857142857142,0.0249999999999999,0.06114285714285719,0,1,1,0,1,1
2026-05-10,20,15-21d,0.185,0.1238571428571428,0.03959801020408165,0.0106928571428571,0.0249999999999999,0.06114285714285719,0,1,1,0,1,1
2026-05-10,21,15-21d,0.185,0.1238571428571428,0.03959801020408165,0.0110857142857142,0.0259999999999999,0.06114285714285719,0,1,1,0,1,1
2026-05-10,15,15-21d,0.063,0.0999999999999999,0.023536785714285698,0.1227285714285714,0.154,0.036999999999999894,1,1,1,0,0,0
2026-05-10,16,15-21d,0.062,0.0999999999999999,0.02367964285714284,0.1270571428571428,0.159,0.037999999999999895,1,1,1,0,0,0
2026-05-10,17,15-21d,0.062,0.0999999999999999,0.02367964285714284,0.1305642857142857,0.164,0.037999999999999895,1,1,1,0,0,0
2026-05-10,18,15-21d,0.061,0.0999999999999999,0.023822499999999986,0.1351714285714285,0.169,0.038999999999999896,1,1,1,0,0,0
2026-05-10,19,15-21d,0.06,0.0999999999999999,0.02396535714285713,0.1396142857142857,0.175,0.0399999999999999,1,1,1,0,0,0
2026-05-10,20,15-21d,0.06,0.0999999999999999,0.02396535714285713,0.1435571428571428,0.179,0.0399999999999999,1,1,1,0,0,0
2026-05-10,21,15-21d,0.059,0.0999999999999999,0.02410821428571427,0.1483071428571428,0.185,0.0409999999999999,1,1,1,0,0,0
2026-05-10,15,15-21d,0.638,0.5690000000000001,0.04296535714285711,0.0693571428571428,0.1019999999999999,0.06899999999999995,0,1,1,0,0,0
2026-05-10,16,15-21d,0.637,0.5690000000000001,0.04253678571428569,0.0711928571428571,0.1039999999999999,0.06799999999999995,0,1,1,0,0,0
2026-05-10,17,15-21d,0.635,0.5690000000000001,0.041679642857142825,0.0724857142857142,0.1059999999999999,0.06599999999999995,0,1,1,0,0,0
2026-05-10,18,15-21d,0.633,0.5690000000000001,0.04082249999999997,0.0736071428571428,0.1069999999999999,0.06399999999999995,0,1,1,0,0,0
2026-05-10,19,15-21d,0.631,0.5690000000000001,0.03996535714285711,0.0748928571428571,0.1089999999999999,0.061999999999999944,0,1,1,0,0,0
2026-05-10,20,15-21d,0.63,0.5690000000000001,0.039536785714285684,0.0771571428571428,0.1119999999999999,0.06099999999999994,0,1,1,0,0,0
2026-05-10,21,15-21d,0.628,0.5690000000000001,0.03867964285714282,0.0789214285714285,0.1139999999999999,0.05899999999999994,0,1,1,0,0,0
2026-05-10,15,15-21d,0.191,0.0837142857142857,0.05937352040816327,0.1541928571428571,0.183,0.1072857142857143,0,1,1,0,0,0
2026-05-10,16,15-21d,0.193,0.0837142857142857,0.06023066326530613,0.15715,0.186,0.1092857142857143,0,1,1,0,0,0
2026-05-10,17,15-21d,0.194,0.0837142857142857,0.06065923469387756,0.1586428571428571,0.187,0.1102857142857143,0,1,1,0,0,0
2026-05-10,18,15-21d,0.196,0.0837142857142857,0.061516377551020414,0.1611785714285714,0.189,0.11228571428571431,0,1,1,0,0,0
2026-05-10,19,15-21d,0.197,0.0837142857142857,0.061944948979591845,0.1632071428571428,0.19,0.11328571428571431,0,1,1,0,0,0
2026-05-10,20,15-21d,0.199,0.0837142857142857,0.0628020918367347,0.1659571428571428,0.193,0.11528571428571431,0,1,1,0,0,0
2026-05-10,21,15-21d,0.2,0.0837142857142857,0.06323066326530613,0.1672357142857143,0.194,0.11628571428571431,0,1,1,0,0,0
2026-05-10,15,15-21d,0.623,0.5144285714285715,0.05992454081632651,0.2641714285714285,0.347,0.10857142857142854,0,1,1,0,0,0
2026-05-10,16,15-21d,0.622,0.5144285714285715,0.05949596938775508,0.2669071428571428,0.349,0.10757142857142854,0,1,1,0,0,0
2026-05-10,17,15-21d,0.621,0.5144285714285715,0.05906739795918365,0.2694285714285714,0.351,0.10657142857142854,0,1,1,0,0,0
2026-05-10,18,15-21d,0.62,0.5144285714285715,0.05863882653061222,0.2724214285714285,0.353,0.10557142857142854,0,1,1,0,0,0
2026-05-10,19,15-21d,0.619,0.5144285714285715,0.058210255102040795,0.2754071428571428,0.355,0.10457142857142854,0,1,1,0,0,0
2026-05-10,20,15-21d,0.618,0.5144285714285715,0.057781683673469364,0.2779642857142857,0.357,0.10357142857142854,0,1,1,0,0,0
2026-05-10,21,15-21d,0.617,0.5144285714285715,0.05735311224489793,0.2805285714285714,0.358,0.10257142857142854,0,1,1,0,0,0
2026-05-10,15,15-21d,0.444,0.2694285714285714,0.0927286224489796,0.4169642857142857,0.437,0.1745714285714286,0,0,1,0,0,0
2026-05-10,16,15-21d,0.447,0.2694285714285714,0.09487147959183674,0.4208071428571429,0.44,0.1775714285714286,0,0,1,0,0,0
2026-05-10,17,15-21d,0.45,0.2694285714285714,0.09701433673469388,0.4245571428571428,0.443,0.1805714285714286,0,0,1,0,0,0
2026-05-10,18,15-21d,0.453,0.2694285714285714,0.09915719387755104,0.4279785714285714,0.447,0.1835714285714286,0,0,1,0,0,0
2026-05-10,19,15-21d,0.456,0.2694285714285714,0.10130005102040818,0.4317285714285714,0.45,0.1865714285714286,0,0,1,0,0,0
2026-05-10,20,15-21d,0.458,0.2694285714285714,0.10272862244897961,0.4346142857142857,0.452,0.1885714285714286,0,0,1,0,0,0
2026-05-10,21,15-21d,0.461,0.2694285714285714,0.10487147959183675,0.4383642857142856,0.455,0.19157142857142861,0,0,1,0,0,0
2026-05-10,22,22-30d,0.901,0.7618571428571429,0.0755865051020408,0.00925,0.01,0.13914285714285712,0,1,1,1,1,1
2026-05-10,23,22-30d,0.902,0.7618571428571429,0.07601507653061225,0.0093928571428571,0.011,0.14014285714285712,0,1,1,1,1,1
2026-05-10,24,22-30d,0.903,0.7618571428571429,0.07644364795918368,0.0092928571428571,0.011,0.14114285714285713,0,1,1,1,1,1
2026-05-10,25,22-30d,0.904,0.7618571428571429,0.07687221938775511,0.0092642857142857,0.011,0.14214285714285713,0,1,1,1,1,1
2026-05-10,26,22-30d,0.906,0.7618571428571429,0.07772936224489797,0.0090214285714285,0.01,0.14414285714285713,0,1,1,1,1,1
2026-05-10,27,22-30d,0.907,0.7618571428571429,0.07815793367346939,0.0090285714285714,0.01,0.14514285714285713,0,1,1,1,1,1
2026-05-10,28,22-30d,0.908,0.7618571428571429,0.07858650510204082,0.0091285714285714,0.011,0.14614285714285713,0,1,1,1,1,1
2026-05-10,29,22-30d,0.909,0.7618571428571429,0.07901507653061225,0.0091285714285714,0.011,0.14714285714285713,0,1,1,1,1,1
2026-05-10,30,22-30d,0.91,0.7618571428571429,0.07944364795918368,0.0090571428571428,0.011,0.14814285714285713,0,1,1,1,1,1
2026-05-10,22,22-30d,0.313,0.0,0.18986813775510195,0.3051071428571428,0.31,0.313,0,0,1,0,0,0
2026-05-10,23,22-30d,0.317,0.0,0.1927252806122448,0.3091071428571428,0.314,0.317,0,0,1,0,0,0
2026-05-10,24,22-30d,0.322,0.0,0.1962967091836734,0.3143857142857143,0.319,0.322,0,0,1,0,0,0
2026-05-10,25,22-30d,0.325,0.0,0.19843956632653054,0.3173857142857143,0.322,0.325,0,0,1,0,0,0
2026-05-10,26,22-30d,0.328,0.0,0.20058242346938768,0.3206428571428571,0.325,0.328,0,0,1,0,0,0
2026-05-10,27,22-30d,0.331,0.0,0.20272528061224482,0.3236428571428572,0.328,0.331,0,0,1,0,0,0
2026-05-10,28,22-30d,0.335,0.0,0.2061089540816326,0.3279214285714286,0.332,0.335,0,0,0,0,0,0
2026-05-10,29,22-30d,0.338,0.0,0.20910895408163263,0.3312071428571428,0.335,0.338,0,0,0,0,0,0
2026-05-10,30,22-30d,0.341,0.0,0.2121089540816326,0.33435,0.339,0.341,0,0,0,0,0,0
2026-05-10,22,22-30d,0.247,0.1904285714285714,0.04019875000000001,0.1408857142857142,0.18,0.056571428571428606,0,1,1,0,0,0
2026-05-10,23,22-30d,0.246,0.1904285714285714,0.03977017857142858,0.1408857142857142,0.18,0.055571428571428605,0,1,1,0,0,0
2026-05-10,24,22-30d,0.244,0.1904285714285714,0.038913035714285726,0.1398857142857143,0.179,0.0535714285714286,0,1,1,0,0,0
2026-05-10,25,22-30d,0.243,0.1904285714285714,0.038484464285714295,0.1401071428571428,0.179,0.0525714285714286,0,1,1,0,0,0
2026-05-10,26,22-30d,0.243,0.1904285714285714,0.038484464285714295,0.1416,0.18,0.0525714285714286,0,1,1,0,0,0
2026-05-10,27,22-30d,0.242,0.1904285714285714,0.03805589285714287,0.1415285714285714,0.18,0.0515714285714286,0,1,1,0,0,0
2026-05-10,28,22-30d,0.242,0.1904285714285714,0.03805589285714287,0.1425214285714285,0.181,0.0515714285714286,0,1,1,0,0,0
2026-05-10,29,22-30d,0.241,0.1904285714285714,0.03762732142857144,0.1424928571428571,0.181,0.0505714285714286,0,1,1,0,0,0
2026-05-10,30,22-30d,0.24,0.1904285714285714,0.03719875000000001,0.1424928571428571,0.181,0.0495714285714286,0,1,1,0,0,0
2026-05-10,22,22-30d,0.186,0.1238571428571428,0.04258650510204084,0.0115214285714285,0.0269999999999999,0.062142857142857194,0,1,1,0,1,1
2026-05-10,23,22-30d,0.187,0.1238571428571428,0.04301507653061227,0.0123428571428571,0.0279999999999999,0.0631428571428572,0,1,1,0,0,1
2026-05-10,24,22-30d,0.188,0.1238571428571428,0.0434436479591837,0.0130642857142857,0.0289999999999999,0.0641428571428572,0,1,1,0,0,1
2026-05-10,25,22-30d,0.189,0.1238571428571428,0.04387221938775513,0.0140285714285714,0.031,0.0651428571428572,0,1,1,0,0,1
2026-05-10,26,22-30d,0.189,0.1238571428571428,0.04387221938775513,0.0142928571428571,0.031,0.0651428571428572,0,1,1,0,0,1
2026-05-10,27,22-30d,0.189,0.1238571428571428,0.04387221938775513,0.0145428571428571,0.032,0.0651428571428572,0,1,1,0,0,1
2026-05-10,28,22-30d,0.191,0.1238571428571428,0.044729362244897986,0.0161928571428571,0.034,0.0671428571428572,0,1,1,0,0,1
2026-05-10,29,22-30d,0.191,0.1238571428571428,0.044729362244897986,0.0160428571428571,0.034,0.0671428571428572,0,1,1,0,0,1
2026-05-10,30,22-30d,0.191,0.1238571428571428,0.044729362244897986,0.0160785714285714,0.034,0.0671428571428572,0,1,1,0,0,1
2026-05-10,22,22-30d,0.059,0.0999999999999999,0.026096709183673458,0.1517857142857142,0.19,0.0409999999999999,1,1,1,0,0,0
2026-05-10,23,22-30d,0.058,0.0999999999999999,0.0262395663265306,0.1564357142857143,0.195,0.04199999999999989,1,1,1,0,0,0
2026-05-10,24,22-30d,0.057,0.0999999999999999,0.026382423469387743,0.16145,0.201,0.04299999999999989,1,1,1,0,0,0
2026-05-10,25,22-30d,0.057,0.0999999999999999,0.026382423469387743,0.1652714285714285,0.206,0.04299999999999989,1,1,1,0,0,0
2026-05-10,26,22-30d,0.056,0.0999999999999999,0.026525280612244885,0.1702857142857143,0.212,0.04399999999999989,1,1,1,0,0,0
2026-05-10,27,22-30d,0.056,0.0999999999999999,0.026525280612244885,0.1741142857142857,0.217,0.04399999999999989,1,1,1,0,0,0
2026-05-10,28,22-30d,0.055,0.0999999999999999,0.026668137755102028,0.1792357142857143,0.223,0.044999999999999894,1,1,1,0,0,0
2026-05-10,29,22-30d,0.055,0.0999999999999999,0.026668137755102028,0.1832071428571428,0.2279999999999999,0.044999999999999894,1,1,1,0,0,0
2026-05-10,30,22-30d,0.054,0.0999999999999999,0.026810994897959173,0.1882928571428571,0.2339999999999999,0.045999999999999895,1,1,1,0,0,0
2026-05-10,22,22-30d,0.627,0.5690000000000001,0.04081099489795916,0.0814357142857142,0.1169999999999999,0.05799999999999994,0,1,1,0,0,0
2026-05-10,23,22-30d,0.625,0.5690000000000001,0.03995385204081631,0.0827214285714285,0.119,0.05599999999999994,0,1,1,0,0,0
2026-05-10,24,22-30d,0.624,0.5690000000000001,0.039525280612244876,0.0850499999999999,0.121,0.05499999999999994,0,1,1,0,0,0
2026-05-10,25,22-30d,0.622,0.5690000000000001,0.03866813775510202,0.0863071428571428,0.123,0.052999999999999936,0,1,1,0,0,0
2026-05-10,26,22-30d,0.621,0.5690000000000001,0.03823956632653059,0.0888499999999999,0.126,0.051999999999999935,0,1,1,0,0,0
2026-05-10,27,22-30d,0.619,0.5690000000000001,0.037382423469387735,0.0904214285714285,0.128,0.04999999999999993,0,1,1,0,0,0
2026-05-10,28,22-30d,0.617,0.5690000000000001,0.03652528061224487,0.0920785714285714,0.131,0.04799999999999993,0,1,1,0,0,0
2026-05-10,29,22-30d,0.616,0.5690000000000001,0.03609670918367345,0.0946571428571428,0.134,0.04699999999999993,0,1,1,0,0,0
2026-05-10,30,22-30d,0.614,0.5690000000000001,0.03523956632653059,0.0964142857142856,0.136,0.04499999999999993,0,1,1,0,0,0
2026-05-10,22,22-30d,0.201,0.0837142857142857,0.06621915816326532,0.1692928571428571,0.195,0.11728571428571431,0,1,1,0,0,0
2026-05-10,23,22-30d,0.203,0.0837142857142857,0.06707630102040818,0.1718285714285714,0.197,0.11928571428571431,0,1,1,0,0,0
2026-05-10,24,22-30d,0.204,0.0837142857142857,0.0675048724489796,0.1731071428571428,0.1979999999999999,0.12028571428571429,0,1,1,0,0,0
2026-05-10,25,22-30d,0.206,0.0837142857142857,0.06836201530612245,0.176,0.2009999999999999,0.12228571428571429,0,1,1,0,0,0
2026-05-10,26,22-30d,0.207,0.0837142857142857,0.06879058673469388,0.1778142857142856,0.2019999999999999,0.12328571428571429,0,1,1,0,0,0
2026-05-10,27,22-30d,0.209,0.0837142857142857,0.06964772959183674,0.1803142857142856,0.204,0.12528571428571428,0,1,1,0,0,0
2026-05-10,28,22-30d,0.21,0.0837142857142857,0.07007630102040817,0.1818499999999999,0.205,0.12628571428571428,0,1,1,0,0,0
2026-05-10,29,22-30d,0.212,0.0837142857142857,0.07093344387755103,0.1841999999999999,0.207,0.12828571428571428,0,1,1,0,0,0
2026-05-10,30,22-30d,0.213,0.0837142857142857,0.07136201530612245,0.1857357142857142,0.208,0.12928571428571428,0,1,1,0,0,0
2026-05-10,22,22-30d,0.617,0.5144285714285715,0.059913035714285696,0.2819785714285714,0.359,0.10257142857142854,0,1,1,0,0,0
2026-05-10,23,22-30d,0.616,0.5144285714285715,0.059484464285714266,0.2847571428571428,0.361,0.10157142857142853,0,1,1,0,0,0
2026-05-10,24,22-30d,0.614,0.5144285714285715,0.05862732142857141,0.2884928571428571,0.364,0.09957142857142853,0,1,1,0,0,0
2026-05-10,25,22-30d,0.612,0.5144285714285715,0.057770178571428556,0.2918714285714285,0.366,0.09757142857142853,0,1,1,0,0,0
2026-05-10,26,22-30d,0.61,0.5144285714285715,0.056913035714285694,0.2955857142857143,0.369,0.09557142857142853,0,1,1,0,0,0
2026-05-10,27,22-30d,0.609,0.5144285714285715,0.05648446428571426,0.29755,0.371,0.09457142857142853,0,1,1,0,0,0
2026-05-10,28,22-30d,0.607,0.5144285714285715,0.05562732142857141,0.3003285714285715,0.373,0.09257142857142853,0,1,1,0,0,0
2026-05-10,29,22-30d,0.605,0.5144285714285715,0.05477017857142855,0.3031999999999999,0.376,0.09057142857142852,0,1,1,0,0,0
2026-05-10,30,22-30d,0.603,0.5144285714285715,0.05391303571428569,0.3062071428571428,0.379,0.08857142857142852,0,1,1,0,0,0
2026-05-10,22,22-30d,0.464,0.2694285714285714,0.10527630102040815,0.4417857142857143,0.459,0.19457142857142862,0,0,1,0,0,0
2026-05-10,23,22-30d,0.467,0.2694285714285714,0.10741915816326529,0.4455357142857142,0.462,0.19757142857142862,0,0,1,0,0,0
2026-05-10,24,22-30d,0.469,0.2694285714285714,0.10884772959183665,0.4480714285714285,0.4639999999999999,0.19957142857142857,0,0,1,0,0,0
2026-05-10,25,22-30d,0.472,0.2694285714285714,0.11099058673469382,0.45135,0.4669999999999999,0.20257142857142857,0,0,1,0,0,0
2026-05-10,26,22-30d,0.475,0.2694285714285714,0.11313344387755095,0.4552428571428571,0.471,0.20557142857142857,0,0,1,0,0,0
2026-05-10,27,22-30d,0.477,0.2694285714285714,0.11456201530612238,0.4577857142857143,0.473,0.20757142857142857,0,0,1,0,0,0
2026-05-10,28,22-30d,0.48,0.2694285714285714,0.11670487244897954,0.4613428571428571,0.476,0.21057142857142858,0,0,1,0,0,0
2026-05-10,29,22-30d,0.483,0.2694285714285714,0.11884772959183666,0.4648142857142856,0.479,0.21357142857142858,0,0,1,0,0,0
2026-05-10,30,22-30d,0.485,0.2694285714285714,0.1202763010204081,0.4670928571428571,0.481,0.21557142857142858,0,0,1,0,0,0
